Name,Team,PA,IP,Bat WAR,Pit WAR,Total WAR,PlayerId
"Aaron Judge","NYY",696,,11.097879409790039,,11.097879409790039,15640
"Shohei Ohtani","LAA",666,166,3.614344596862793,5.593072414398193,9.207417011260986,19755
"Nolan Arenado","STL",620,,7.20879602432251,,7.20879602432251,9777
"Manny Machado","SDP",644,,7.128688335418701,,7.128688335418701,11493
"Jose Altuve","HOU",604,,6.861330032348633,,6.861330032348633,5417
"Paul Goldschmidt","STL",651,,6.829773902893066,,6.829773902893066,9218
"Freddie Freeman","LAD",708,,6.791798114776611,,6.791798114776611,5361
"J.T. Realmuto","PHI",562,,6.651820659637451,,6.651820659637451,11739
"Dansby Swanson","ATL",696,,6.639230728149414,,6.639230728149414,18314
"Trea Turner","LAD",708,,6.382048606872559,,6.382048606872559,16252
"Yordan Alvarez","HOU",561,,6.365225315093994,,6.365225315093994,19556
"Francisco Lindor","NYM",706,,6.35286808013916,,6.35286808013916,12916
"Aaron Nola","PHI",,205,0,6.295694828033447,6.295694828033447,16149
"Carlos Rodón","SFG",,178,0,6.229854583740234,6.229854583740234,16137
"Andrés Giménez","CLE",557,,6.1215715408325195,,6.1215715408325195,19950
"Justin Verlander","HOU",,175,0,6.053957462310791,6.053957462310791,8700
"Mike Trout","LAA",499,,6.0319318771362305,,6.0319318771362305,10155
"Xander Bogaerts","BOS",631,,6.000037670135498,,6.000037670135498,12161
"Mookie Betts","LAD",639,,5.989043235778809,,5.989043235778809,13611
"José Ramírez","CLE",685,,5.980726718902588,,5.980726718902588,13510
"Sandy Alcantara","MIA",,228.6666,0,5.915858745574951,5.915858745574951,18684
"Austin Riley","ATL",693,,5.853586673736572,,5.853586673736572,18360
"Julio Rodríguez","SEA",560,,5.740547180175781,,5.740547180175781,23697
"Kevin Gausman","TOR",,174.6666,0,5.543962001800537,5.543962001800537,14107
"Jeff McNeil","NYM",589,,5.504001140594482,,5.504001140594482,15362
"Brandon Nimmo","NYM",673,,5.479660987854004,,5.479660987854004,12927
"Alex Bregman","HOU",656,,5.401640892028809,,5.401640892028809,17678
"Tommy Edman","STL",630,,5.352108478546143,,5.352108478546143,19470
"Sean Murphy","OAK",612,,5.247961521148682,,5.247961521148682,19352
"Rafael Devers","BOS",614,,5.029933929443359,,5.029933929443359,17350
"Adley Rutschman","BAL",470,,4.982748985290527,,4.982748985290527,26288
"Max Fried","ATL",,185.3333,0,4.910165786743164,4.910165786743164,13743
"Kyle Tucker","HOU",609,,4.870406627655029,,4.870406627655029,18345
"Spencer Strider","ATL",,131.6666,0,4.860297679901123,4.860297679901123,27498
"Bo Bichette","TOR",697,,4.831056118011475,,4.831056118011475,19612
"Shane Bieber","CLE",,200,0,4.7666707038879395,4.7666707038879395,19427
"Michael Harris II","ATL",441,,4.748051166534424,,4.748051166534424,25931
"Steven Kwan","CLE",638,,4.676137924194336,,4.676137924194336,24610
"Corbin Burnes","MIL",,202,0,4.588112831115723,4.588112831115723,19361
"Carlos Correa","MIN",590,,4.578478813171387,,4.578478813171387,14162
"Max Scherzer","NYM",,145.3333,0,4.47998046875,4.47998046875,3137
"Willy Adames","MIL",617,,4.442654609680176,,4.442654609680176,15986
"Framber Valdez","HOU",,201.3333,0,4.39107608795166,4.39107608795166,17295
"Dylan Cease","CHW",,184,0,4.373386383056641,4.373386383056641,18525
"Marcus Semien","TEX",724,,4.367916107177734,,4.367916107177734,12533
"Corey Seager","TEX",663,,4.337349891662598,,4.337349891662598,13624
"Eugenio Suárez","SEA",629,,4.335519313812256,,4.335519313812256,12552
"Will Smith","LAD",578,,4.324189186096191,,4.324189186096191,19197
"Daulton Varsho","ARI",592,,4.29891300201416,,4.29891300201416,19918
"Alejandro Kirk","TOR",541,,4.2834320068359375,,4.2834320068359375,22581
"Nico Hoerner","CHC",517,,4.283368110656738,,4.283368110656738,21479
"Logan Webb","SFG",,192.3333,0,4.239881992340088,4.239881992340088,17995
"Cal Raleigh","SEA",415,,4.173153400421143,,4.173153400421143,21534
"Zac Gallen","ARI",,184,0,4.171514511108398,4.171514511108398,19291
"Yu Darvish","SDP",,194.6666,0,4.169244766235352,4.169244766235352,13074
"Zack Wheeler","PHI",,153,0,4.153820991516113,4.153820991516113,10310
"Tyler Anderson","LAD",1,178.6666,-0.00893457792699337,4.0553717613220215,4.046437183395028,12880
"George Springer","TOR",583,,4.023958206176758,,4.023958206176758,12856
"Jose Quintana","- - -",,165.66660000000002,0,3.9660669565200806,3.9660669565200806,11423
"Travis d'Arnaud","ATL",426,,3.9485108852386475,,3.9485108852386475,7739
"Christian Walker","ARI",667,,3.944993019104004,,3.944993019104004,13419
"Alek Manoah","TOR",,196.6666,0,3.9156315326690674,3.9156315326690674,26410
"Yandy Díaz","TBR",558,,3.8899991512298584,,3.8899991512298584,16578
"Martín Pérez","TEX",,196.3333,0,3.870988130569458,3.870988130569458,6902
"Matt Chapman","TOR",621,,3.870511531829834,,3.870511531829834,16505
"Clayton Kershaw","LAD",,126.3333,0,3.8588337898254395,3.8588337898254395,2036
"Jose Trevino","NYY",353,,3.8247575759887695,,3.8247575759887695,16725
"José Abreu","CHW",679,,3.80350399017334,,3.80350399017334,15676
"Pete Alonso","NYM",685,,3.7972400188446045,,3.7972400188446045,19251
"Nestor Cortes","NYY",,158.3333,0,3.742344617843628,3.742344617843628,17874
"Ian Happ","CHC",641,,3.72259783744812,,3.72259783744812,17919
"Taylor Ward","LAA",564,,3.7215664386749268,,3.7215664386749268,17548
"Cedric Mullins","BAL",672,,3.7180604934692383,,3.7180604934692383,17929
"Patrick Sandoval","LAA",,148.6666,0,3.705658197402954,3.705658197402954,19447
"Alex Cobb","SFG",,149.6666,0,3.6982948780059814,3.6982948780059814,6562
"Luis Castillo","- - -",,150.3333,0,3.696280598640442,3.696280598640442,15689
"Juan Soto","- - -",664,,3.668123722076416,,3.668123722076416,20123
"Ha-Seong Kim","SDP",582,,3.6440927982330322,,3.6440927982330322,27506
"Jake Cronenworth","SDP",684,,3.6380903720855713,,3.6380903720855713,18036
"Blake Snell","SDP",,128,0,3.6221392154693604,3.6221392154693604,13543
"Shane McClanahan","TBR",,166.3333,0,3.618752956390381,3.618752956390381,21483
"Brandon Woodruff","MIL",,153.3333,0,3.5608718395233154,3.5608718395233154,16162
"Starling Marte","NYM",505,,3.51023268699646,,3.51023268699646,9241
"Willson Contreras","CHC",487,,3.4963786602020264,,3.4963786602020264,11609
"Triston McKenzie","CLE",,191.3333,0,3.4392495155334473,3.4392495155334473,18000
"Elvis Andrus","- - -",577,,3.427528500556946,,3.427528500556946,8709
"Gerrit Cole","NYY",,200.6666,0,3.4227917194366455,3.4227917194366455,13125
"Joe Musgrove","SDP",,181,0,3.4183106422424316,3.4183106422424316,12970
"Byron Buxton","MIN",382,,3.413773775100708,,3.413773775100708,14161
"Cristian Javier","HOU",,148.6666,0,3.3603477478027344,3.3603477478027344,17606
"Vladimir Guerrero Jr.","TOR",706,,3.344420909881592,,3.344420909881592,19611
"Jeremy Peña","HOU",558,,3.3139023780822754,,3.3139023780822754,21636
"Julio Urías","LAD",,175,0,3.2258529663085938,3.2258529663085938,14765
"Adolis García","TEX",657,,3.201240301132202,,3.201240301132202,19287
"Merrill Kelly","ARI",,200.3333,0,3.1777098178863525,3.1777098178863525,11156
"Matt Olson","ATL",699,,3.128628730773926,,3.128628730773926,14344
"Brandon Drury","- - -",568,,3.118043839931488,,3.118043839931488,11615
"Ke'Bryan Hayes","PIT",560,,3.110196590423584,,3.110196590423584,18577
"Corey Kluber","TBR",,164,0,3.1035430431365967,3.1035430431365967,2429
"Nathaniel Lowe","TEX",645,,3.089153528213501,,3.089153528213501,19566
"DJ LeMahieu","NYY",541,,3.0625736713409424,,3.0625736713409424,9874
"Ryan McMahon","COL",597,,3.057610034942627,,3.057610034942627,15112
"Amed Rosario","CLE",670,,3.0565099716186523,,3.0565099716186523,15518
"Jeffrey Springs","TBR",,135.3333,0,3.0514180660247803,3.0514180660247803,17677
"Logan Gilbert","SEA",,185.6666,0,3.04080867767334,3.04080867767334,22250
"Teoscar Hernández","TOR",535,,3.0373501777648926,,3.0373501777648926,13066
"Ross Stripling","TOR",,134.3333,0,3.0034024715423584,3.0034024715423584,13273
"Edwin Díaz","NYM",,62,0,2.9991066455841064,2.9991066455841064,14710
"Pablo López","MIA",,180,0,2.9930121898651123,2.9930121898651123,17085
"Drew Rasmussen","TBR",,146,0,2.968792200088501,2.968792200088501,25385
"Brady Singer","KCR",,153.3333,0,2.9546592235565186,2.9546592235565186,25377
"George Kirby","SEA",,130,0,2.9372925758361816,2.9372925758361816,25436
"Bryan Reynolds","PIT",614,,2.9034061431884766,,2.9034061431884766,19326
"Adam Wainwright","STL",,191.6666,0,2.887493371963501,2.887493371963501,2233
"Tarik Skubal","DET",,117.6666,0,2.8733460903167725,2.8733460903167725,22267
"Chris Bassitt","NYM",,181.6666,0,2.8363144397735596,2.8363144397735596,12304
"Miles Mikolas","STL",,202.3333,0,2.821721076965332,2.821721076965332,9803
"Kyle Wright","ATL",,180.3333,0,2.8108794689178467,2.8108794689178467,19665
"Jordan Montgomery","- - -",,178.3332,0,2.7994470596313477,2.7994470596313477,16511
"Thairo Estrada","SFG",541,,2.7686140537261963,,2.7686140537261963,16426
"Jorge Mateo","BAL",533,,2.763749122619629,,2.763749122619629,17273
"Jonah Heim","TEX",450,,2.741938352584839,,2.741938352584839,16930
"Luis Arraez","MIN",603,,2.7325644493103027,,2.7325644493103027,18568
"Tony Gonsolin","LAD",,130.3333,0,2.719728469848633,2.719728469848633,19388
"Randy Arozarena","TBR",645,,2.703641653060913,,2.703641653060913,19290
"Gavin Lux","LAD",471,,2.6947524547576904,,2.6947524547576904,19955
"Taijuan Walker","NYM",,157.3333,0,2.671616792678833,2.671616792678833,11836
"Danny Jansen","TOR",248,,2.6621134281158447,,2.6621134281158447,16535
"Gleyber Torres","NYY",572,,2.653045654296875,,2.653045654296875,16997
"Bryce Harper","PHI",426,,2.6454663276672363,,2.6454663276672363,11579
"Ty France","SEA",613,,2.6408915519714355,,2.6408915519714355,17982
"Lars Nootbaar","STL",347,,2.6325650215148926,,2.6325650215148926,21454
"Ramón Urías","BAL",445,,2.6120166778564453,,2.6120166778564453,18795
"Brendan Donovan","STL",468,,2.5821967124938965,,2.5821967124938965,24679
"Gio Urshela","MIN",551,,2.573761224746704,,2.573761224746704,10681
"Trevor Story","BOS",396,,2.545825481414795,,2.545825481414795,12564
"Justin Steele","CHC",,119,0,2.5345754623413086,2.5345754623413086,17312
"Josh Rojas","ARI",510,,2.532302141189575,,2.532302141189575,19734
"Jurickson Profar","SDP",658,,2.5321550369262695,,2.5321550369262695,10815
"Jazz Chisholm Jr.","MIA",241,,2.523651123046875,,2.523651123046875,20454
"Mark Canha","NYM",542,,2.5182464122772217,,2.5182464122772217,11445
"Carlos Carrasco","NYM",,152,0,2.5065603256225586,2.5065603256225586,6632
"Kyle Freeland","COL",,174.6666,0,2.4819464683532715,2.4819464683532715,16256
"Anthony Rizzo","NYY",548,,2.475092887878418,,2.475092887878418,3473
"Sonny Gray","MIN",,119.6666,0,2.4168922901153564,2.4168922901153564,12768
"Hunter Renfroe","MIL",522,,2.4096059799194336,,2.4096059799194336,15464
"Jameson Taillon","NYY",,177.3333,0,2.4067060947418213,2.4067060947418213,11674
"Johnny Cueto","CHW",,158.3333,0,2.3859786987304688,2.3859786987304688,6893
"Luis Urías","MIL",472,,2.3826191425323486,,2.3826191425323486,16622
"Rhys Hoskins","PHI",672,,2.3825793266296387,,2.3825793266296387,16472
"Ronald Acuña Jr.","ATL",533,,2.3677074909210205,,2.3677074909210205,18401
"Santiago Espinal","TOR",491,,2.366701126098633,,2.366701126098633,19997
"Isaac Paredes","TBR",381,,2.3655998706817627,,2.3655998706817627,20036
"Matt Carpenter","NYY",154,,2.363875389099121,,2.363875389099121,8090
"Chas McCormick","HOU",407,,2.3631720542907715,,2.3631720542907715,19599
"Joc Pederson","SFG",433,,2.361626625061035,,2.361626625061035,11899
"Emmanuel Clase","CLE",,72.6666,0,2.343186140060425,2.343186140060425,21032
"Kolten Wong","MIL",497,,2.334163188934326,,2.334163188934326,12532
"Trayce Thompson","- - -",255,,2.3323705792427063,,2.3323705792427063,9952
"Anthony Santander","BAL",647,,2.330322265625,,2.330322265625,14551
"Ranger Suárez","PHI",,155.3333,0,2.329420804977417,2.329420804977417,17277
"Bobby Witt Jr.","KCR",632,,2.3270766735076904,,2.3270766735076904,25764
"Justin Turner","LAD",532,,2.296441078186035,,2.296441078186035,5235
"Jesús Luzardo","MIA",,100.3333,0,2.259343147277832,2.259343147277832,19959
"Wander Franco","TBR",344,,2.256340980529785,,2.256340980529785,23667
"Tim Anderson","CHW",351,,2.244060516357422,,2.244060516357422,15172
"Evan Phillips","LAD",1,63,0.048080988228321075,2.1886322498321533,2.2367132380604744,17734
"Jacob deGrom","NYM",,64.3333,0,2.231619358062744,2.231619358062744,10954
"Kyle Schwarber","PHI",669,,2.2292051315307617,,2.2292051315307617,16478
"J.P. Crawford","SEA",603,,2.2263824939727783,,2.2263824939727783,15491
"Noah Syndergaard","- - -",,134.66660000000002,0,2.2176252603530884,2.2176252603530884,11762
"Jake McCarthy","ARI",354,,2.2153849601745605,,2.2153849601745605,21622
"Devin Williams","MIL",,60.6666,0,2.2152068614959717,2.2152068614959717,15816
"Christian Yelich","MIL",671,,2.212752103805542,,2.212752103805542,11477
"Reid Detmers","LAA",,129,0,2.2122747898101807,2.2122747898101807,27468
"Tyler Mahle","- - -",,120.66659999999999,0,2.1797797828912735,2.1797797828912735,16358
"Joe Ryan","MIN",,147,0,2.1643407344818115,2.1643407344818115,21390
"Jon Berti","MIA",404,,2.1640522480010986,,2.1640522480010986,12037
"Luis Robert Jr.","CHW",401,,2.1488430500030518,,2.1488430500030518,20043
"Jace Peterson","MIL",328,1,2.1117916107177734,0.005601823795586824,2.1173934345133603,12325
"Josh Bell","- - -",647,,2.1086564660072327,,2.1086564660072327,13145
"Austin Slater","SFG",325,,2.107536792755127,,2.107536792755127,16153
"Jean Segura","PHI",387,,2.1008074283599854,,2.1008074283599854,5933
"Mitch Keller","PIT",,159,0,2.0901107788085938,2.0901107788085938,17594
"Tyrone Taylor","MIL",405,,2.073814630508423,,2.073814630508423,13675
"Cal Quantrill","CLE",,186.3333,0,2.0566859245300293,2.0566859245300293,19312
"Brandon Crawford","SFG",458,,2.04439115524292,,2.04439115524292,5343
"Max Muncy","LAD",565,,2.0384867191314697,,2.0384867191314697,13301
"A.J. Minter","ATL",,70,0,2.0370237827301025,2.0370237827301025,18655
"William Contreras","ATL",376,,2.036386251449585,,2.036386251449585,20503
"Luis Garcia","HOU",,157.3333,0,2.034414768218994,2.034414768218994,23735
"Frankie Montas","- - -",,144.3332,0,2.0233734995126724,2.0233734995126724,14309
"Reynaldo López","CHW",,65.3333,0,2.0215680599212646,2.0215680599212646,16400
"Andrew Benintendi","- - -",521,,2.0064359307289124,,2.0064359307289124,17901
"Seby Zavala","CHW",205,,2.004951000213623,,2.004951000213623,18887
"Ryan Helsley","STL",,64.6666,0,1.9951589107513428,1.9951589107513428,18138
"Dylan Moore","SEA",255,,1.9715982675552368,,1.9715982675552368,18042
"Javier Báez","DET",590,,1.9670692682266235,,1.9670692682266235,12979
"Freddy Peralta","MIL",,78,0,1.9639008045196533,1.9639008045196533,18679
"Seiya Suzuki","CHC",446,,1.9545135498046875,,1.9545135498046875,30116
"Marcus Stroman","CHC",,138.6666,0,1.953743577003479,1.953743577003479,13431
"Zack Greinke","KCR",,137,0,1.935570478439331,1.935570478439331,1943
"Christian Vázquez","- - -",426,,1.904541328549385,,1.904541328549385,9774
"Nick Lodolo","CIN",,103.3333,0,1.8893755674362183,1.8893755674362183,26378
"JT Brubaker","PIT",,144,0,1.8853179216384888,1.8853179216384888,17578
"Eduardo Escobar","NYM",542,,1.8794525861740112,,1.8794525861740112,6153
"Albert Pujols","STL",351,1,2.009467840194702,-0.13182251155376434,1.8776453286409378,1177
"Dylan Carlson","STL",488,,1.8735238313674927,,1.8735238313674927,20126
"Josh Naylor","CLE",498,,1.86196768283844,,1.86196768283844,18839
"Andrés Muñoz","SEA",,65,0,1.8544262647628784,1.8544262647628784,20373
"Kyle Gibson","PHI",,167.6666,0,1.8433825969696045,1.8433825969696045,10123
"Lance Lynn","CHW",,121.6666,0,1.8336423635482788,1.8336423635482788,2520
"Brendan Rodgers","COL",581,,1.829913854598999,,1.829913854598999,17907
"Dean Kremer","BAL",,125.3333,0,1.817609429359436,1.817609429359436,19350
"Jon Gray","TEX",,127.3333,0,1.8171664476394653,1.8171664476394653,14916
"Ketel Marte","ARI",558,,1.8039894104003906,,1.8039894104003906,13613
"Jose Siri","- - -",325,,1.802300214767456,,1.802300214767456,17452
"Austin Hays","BAL",582,,1.7939374446868896,,1.7939374446868896,19363
"Daniel Bard","COL",,60.3333,0,1.791419267654419,1.791419267654419,7115
"Rich Hill","BOS",,124.3333,0,1.7853145599365234,1.7853145599365234,4806
"Luis Guillorme","NYM",335,,1.7677762508392334,,1.7677762508392334,16451
"Lucas Giolito","CHW",,161.6666,0,1.7562777996063232,1.7562777996063232,15474
"John Schreiber","BOS",,65,0,1.750745177268982,1.750745177268982,20020
"Michael A. Taylor","KCR",456,2,1.809798240661621,-0.06961827725172043,1.7401799634099007,11489
"Joey Meneses","WSN",240,,1.7336264848709106,,1.7336264848709106,14366
"Alex Wood","SFG",,130.6666,0,1.729888677597046,1.729888677597046,13781
"Jorge Polanco","MIN",445,,1.7297694683074951,,1.7297694683074951,13152
"Trent Grisham","SDP",524,,1.7293617725372314,,1.7293617725372314,18564
"David Peralta","- - -",490,,1.727414458990097,,1.727414458990097,2136
"Erik Swanson","SEA",,53.6666,0,1.717310905456543,1.717310905456543,16587
"Ryan Mountcastle","BAL",609,,1.7138874530792236,,1.7138874530792236,18373
"Trevor Stephan","CLE",,63.6666,0,1.7022501230239868,1.7022501230239868,19932
"Michael King","NYY",,51,0,1.7021374702453613,1.7021374702453613,19853
"Christian Bethancourt","- - -",333,4,1.7266569137573242,-0.04255060292780399,1.6841063108295202,10028
"Christopher Morel","CHC",425,,1.671988844871521,,1.671988844871521,21897
"Luis Rengifo","LAA",511,,1.6703091859817505,,1.6703091859817505,19858
"Chris Taylor","LAD",454,,1.6523650884628296,,1.6523650884628296,13757
"Eloy Jiménez","CHW",327,,1.651310682296753,,1.651310682296753,17484
"José Alvarado","PHI",1,51,-0.009215377271175385,1.6540727615356445,1.6448573842644691,17780
"Hunter Greene","CIN",,125.6666,0,1.6384543180465698,1.6384543180465698,22182
"Max Kepler","MIN",446,,1.633894681930542,,1.633894681930542,12144
"Héctor Neris","HOU",,65.3333,0,1.631773829460144,1.631773829460144,11804
"Caleb Thielbar","MIN",,59.3333,0,1.6313908100128174,1.6313908100128174,10078
"Robbie Ray","SEA",,189,0,1.6291316747665405,1.6291316747665405,11486
"Josh Donaldson","NYY",546,,1.626205563545227,,1.626205563545227,5038
"Kyle Higashioka","NYY",248,,1.6020911931991577,,1.6020911931991577,5517
"Chris Martin","- - -",,55.9999,0,1.5964696407318115,1.5964696407318115,11847
"José Suarez","LAA",,109,0,1.5880903005599976,1.5880903005599976,19911
"Liam Hendriks","CHW",,57.6666,0,1.583147406578064,1.583147406578064,3548
"Luis García","SDP",,61,0,1.5758837461471558,1.5758837461471558,6984
"Jimmy Herget","LAA",,69,0,1.5743517875671387,1.5743517875671387,17556
"Keibert Ruiz","WSN",433,,1.5414016246795654,,1.5414016246795654,19610
"Tyler O'Neill","STL",383,,1.5411090850830078,,1.5411090850830078,15711
"Seth Brown","OAK",555,,1.5399119853973389,,1.5399119853973389,18171
"Kyle Farmer","CIN",583,,1.537779450416565,,1.537779450416565,14813
"Raisel Iglesias","- - -",,61.999900000000004,0,1.536499261856079,1.536499261856079,17130
"Braxton Garrett","MIA",,88,0,1.5355432033538818,1.5355432033538818,21844
"Nick Gordon","MIN",443,3.6666,1.7028379440307617,-0.17046621441841125,1.5323717296123505,16337
"Lourdes Gurriel Jr.","TOR",493,,1.5322561264038086,,1.5322561264038086,19238
"David Peterson","NYM",,105.6666,0,1.5315192937850952,1.5315192937850952,20302
"Michael Wacha","BOS",,127.3333,0,1.5306955575942993,1.5306955575942993,14078
"Jhoan Duran","MIN",,67.6666,0,1.5275050401687622,1.5275050401687622,21029
"Jordan Romano","TOR",,64,0,1.521399974822998,1.521399974822998,16122
"Tyler Stephenson","CIN",183,,1.5190860033035278,,1.5190860033035278,17988
"Jordan Lyles","BAL",,179,0,1.5153896808624268,1.5153896808624268,7593
"Nick Pivetta","BOS",,179.6666,0,1.5077621936798096,1.5077621936798096,15454
"Alex Vesia","LAD",,54.3333,0,1.5059555768966675,1.5059555768966675,25007
"Isiah Kiner-Falefa","NYY",531,,1.5020520687103271,,1.5020520687103271,16512
"Mike Yastrzemski","SFG",558,,1.501263976097107,,1.501263976097107,14854
"Rafael Montero","HOU",,68.3333,0,1.4939886331558228,1.4939886331558228,12760
"Myles Straw","CLE",596,,1.47364342212677,,1.47364342212677,17620
"Luis Severino","NYY",,102,0,1.470375418663025,1.470375418663025,15890
"Cody Bellinger","LAD",550,,1.4532709121704102,,1.4532709121704102,15998
"J.D. Martinez","BOS",596,,1.4485256671905518,,1.4485256671905518,6184
"David Bednar","PIT",,51.6666,0,1.4449574947357178,1.4449574947357178,19569
"Harrison Bader","- - -",313,,1.4423161689192057,,1.4423161689192057,18030
"Ildemaro Vargas","- - -",222,1,1.4366568643599749,0.005467369221150875,1.4421242335811257,13324
"Josh Harrison","CHW",425,3,1.5073323249816895,-0.06927590817213058,1.4380564168095589,8202
"Victor Caratini","MIL",314,1,1.4643418788909912,-0.028794368728995323,1.4355475101619959,14968
"Reese McGuire","- - -",274,1,1.4284232258796692,0.0051788873970508575,1.43360211327672,15674
"Bailey Ober","MIN",,56,0,1.4326262474060059,1.4326262474060059,21224
"Vinnie Pasquantino","KCR",298,,1.4293397665023804,,1.4293397665023804,27676
"Joe Jiménez","DET",,56.6666,0,1.4286236763000488,1.4286236763000488,15761
"Sam Haggerty","SEA",201,,1.4193235635757446,,1.4193235635757446,18054
"Oscar Gonzalez","CLE",382,,1.4190335273742676,,1.4190335273742676,20970
"Garrett Whitlock","BOS",,78.3333,0,1.4093302488327026,1.4093302488327026,20191
"Oneil Cruz","PIT",361,,1.4087028503417969,,1.4087028503417969,21711
"Evan Longoria","SFG",298,,1.407148838043213,,1.407148838043213,9368
"Charlie Morton","ATL",,172,0,1.4066632986068726,1.4066632986068726,4676
"Alec Bohm","PHI",631,,1.4066098928451538,,1.4066098928451538,21618
"Jose Miranda","MIN",483,,1.4032597541809082,,1.4032597541809082,20538
"Adrian Sampson","CHC",,104.3333,0,1.4000346660614014,1.4000346660614014,13339
"Félix Bautista","BAL",,65.6666,0,1.3966505527496338,1.3966505527496338,20666
"Zach Eflin","PHI",,75.6666,0,1.3882321119308472,1.3882321119308472,13774
"Gary Sánchez","MIN",471,,1.3846431970596313,,1.3846431970596313,11442
"Antonio Senzatela","COL",,92.3333,0,1.383301019668579,1.383301019668579,15488
"Graham Ashcraft","CIN",,105,0,1.3796929121017456,1.3796929121017456,27552
"Brandon Marsh","- - -",461,,1.3794326782226562,,1.3794326782226562,20202
"Bryan Abreu","HOU",,60.3333,0,1.3787962198257446,1.3787962198257446,16609
"Corbin Carroll","ARI",115,,1.3786286115646362,,1.3786286115646362,25878
"Ryan Pressly","HOU",,48.3333,0,1.3749297857284546,1.3749297857284546,7005
"Cole Irvin","OAK",,181,0,1.373667597770691,1.373667597770691,19244
"Collin McHugh","ATL",,69.3333,0,1.3731954097747803,1.3731954097747803,7531
"Bryan Baker","BAL",,69.6666,0,1.3721753358840942,1.3721753358840942,19804
"Tony Kemp","OAK",558,,1.3718684911727905,,1.3718684911727905,14894
"Lane Thomas","WSN",548,,1.3691632747650146,,1.3691632747650146,16939
"Tomás Nido","NYM",313,,1.3637861013412476,,1.3637861013412476,13755
"Giovanny Gallegos","STL",,59,0,1.3528701066970825,1.3528701066970825,14986
"Daniel Vogelbach","- - -",461,,1.351359635591507,,1.351359635591507,14130
"C.J. Cron","COL",632,,1.3495417833328247,,1.3495417833328247,12546
"Matt Moore","TEX",,74,0,1.3481073379516602,1.3481073379516602,1890
"Scott Effross","- - -",,56.6666,0,1.3395072370767593,1.3395072370767593,18384
"Manuel Margot","TBR",363,,1.3393347263336182,,1.3393347263336182,14712
"Austin Barnes","LAD",212,,1.337336778640747,,1.337336778640747,12158
"Jakob Junis","SFG",,112,0,1.3353402614593506,1.3353402614593506,13619
"Jose Iglesias","COL",467,,1.3298264741897583,,1.3298264741897583,10231
"Omar Narváez","MIL",296,,1.3159186840057373,,1.3159186840057373,13338
"Cavan Biggio","TOR",303,,1.3154889345169067,,1.3154889345169067,19252
"Bryson Stott","PHI",466,,1.299618124961853,,1.299618124961853,26294
"Germán Márquez","COL",,181.6666,0,1.2994123697280884,1.2994123697280884,15038
"Wilmer Flores","SFG",602,,1.2986308336257935,,1.2986308336257935,5827
"Jason Adam","TBR",,63.3333,0,1.2947064638137817,1.2947064638137817,11861
"Anthony Bass","- - -",,70.3332,0,1.2894828990101814,1.2894828990101814,7982
"Harold Ramírez","TBR",435,,1.2815017700195312,,1.2815017700195312,14387
"Oswaldo Cabrera","NYY",171,,1.2757503986358643,,1.2757503986358643,21707
"Jonathan Schoop","DET",510,,1.2633893489837646,,1.2633893489837646,11265
"Adam Frazier","SEA",602,,1.2633421421051025,,1.2633421421051025,15223
"Nick Fortes","MIA",240,,1.260799527168274,,1.260799527168274,21538
"Brayan Bello","BOS",,57.3333,0,1.2605429887771606,1.2605429887771606,23920
"Edmundo Sosa","- - -",190,,1.255615409463644,,1.255615409463644,17022
"Aaron Civale","CLE",,97,0,1.2523397207260132,1.2523397207260132,19479
"Mitch White","- - -",,99,0,1.2508971095085144,1.2508971095085144,19225
"Emmanuel Rivera","- - -",359,,1.2426575422286987,,1.2426575422286987,19890
"Pete Fairbanks","TBR",,24,0,1.231817603111267,1.231817603111267,17998
"Jake Odorizzi","- - -",,106.33330000000001,0,1.2311637103557587,1.2311637103557587,6397
"Kevin Newman","PIT",309,,1.22577965259552,,1.22577965259552,17696
"Camilo Doval","SFG",,67.6666,0,1.221306324005127,1.221306324005127,21992
"Leody Taveras","TEX",341,,1.2174617052078247,,1.2174617052078247,18900
"Patrick Wisdom","CHC",534,,1.2166738510131836,,1.2166738510131836,13602
"Drew Smyly","CHC",,106.3333,0,1.2150743007659912,1.2150743007659912,11760
"Garrett Cooper","MIA",469,,1.2132993936538696,,1.2132993936538696,15279
"Eric Haase","DET",351,,1.1822271347045898,,1.1822271347045898,14111
"J.D. Davis","- - -",365,,1.179109126329422,,1.179109126329422,16219
"Whit Merrifield","- - -",550,1,1.2559764981269836,-0.07893604785203934,1.1770404502749443,11281
"Clay Holmes","NYY",,63.6666,0,1.1599863767623901,1.1599863767623901,13649
"Jack Suwinski","PIT",372,,1.151576042175293,,1.151576042175293,22244
"Adam Ottavino","NYM",,65.6666,0,1.139663815498352,1.139663815498352,1247
"Andrew Heaney","LAD",,72.6666,0,1.138297438621521,1.138297438621521,15423
"Giancarlo Stanton","NYY",452,,1.1240816116333008,,1.1240816116333008,4949
"Dylan Lee","ATL",,50.6666,0,1.1188820600509644,1.1188820600509644,19996
"Joe Mantiply","ARI",,60,0,1.1161292791366577,1.1161292791366577,14857
"Michael Brantley","HOU",277,,1.096463918685913,,1.096463918685913,4106
"Miguel Rojas","MIA",507,,1.0915114879608154,,1.0915114879608154,7802
"Eric Lauer","MIL",,158.6666,0,1.0821400880813599,1.0821400880813599,19316
"Sean Manaea","SDP",,158,0,1.0792763233184814,1.0792763233184814,15873
"Alex Verdugo","BOS",644,,1.0755068063735962,,1.0755068063735962,17027
"Alexis Díaz","CIN",,63.6666,0,1.0668588876724243,1.0668588876724243,21132
"Dakota Hudson","STL",,139.6666,0,1.0658191442489624,1.0658191442489624,19206
"Ozzie Albies","ATL",269,,1.0628257989883423,,1.0628257989883423,16556
"Joey Wendle","MIA",371,,1.0587729215621948,,1.0587729215621948,13853
"Kenley Jansen","ATL",,64,0,1.0509777069091797,1.0509777069091797,3096
"Rob Refsnyder","BOS",177,,1.049603819847107,,1.049603819847107,13770
"Rowdy Tellez","MIL",599,,1.045511245727539,,1.045511245727539,15679
"Matt Manning","DET",,63,0,1.041953444480896,1.041953444480896,20369
"Ji Man Choi","TBR",419,,1.0358946323394775,,1.0358946323394775,5452
"Adrian Houser","MIL",,102.6666,0,1.0346306562423706,1.0346306562423706,12718
"Buck Farmer","CIN",,47,0,1.0324441194534302,1.0324441194534302,14814
"Nathan Eovaldi","BOS",,109.3333,0,1.0322743654251099,1.0322743654251099,9132
"Sam Hentges","CLE",,62,0,1.0320624113082886,1.0320624113082886,18548
"Michael Kopech","CHW",,119.3333,0,1.012022852897644,1.012022852897644,17282
"José Urquidy","HOU",,164.3333,0,1.008814811706543,1.008814811706543,18413
"Taylor Rogers","- - -",,64.33330000000001,0,1.0041411817073822,1.0041411817073822,13449
"Austin Voth","- - -",,101.6666,0,1.0016125328838825,1.0016125328838825,15047
"Andrew Bellatti","PHI",,54.3333,0,0.9951401948928833,0.9951401948928833,10657
"Nick Nelson","PHI",,68.6666,0,0.9951245784759521,0.9951245784759521,20153
"Wandy Peralta","NYY",,56.3333,0,0.9946818351745605,0.9946818351745605,14295
"Seranthony Domínguez","PHI",,51,0,0.99298495054245,0.99298495054245,19249
"Michael Lorenzen","LAA",,97.6666,0,0.9928428530693054,0.9928428530693054,14843
"Riley Greene","DET",418,,0.9910640716552734,,0.9910640716552734,25976
"Cionel Pérez","BAL",,57.6666,0,0.9907647371292114,0.9907647371292114,19614
"Walker Buehler","LAD",,65,0,0.9902245402336121,0.9902245402336121,19374
"Hunter Harvey","WSN",,39.3333,0,0.9875698685646057,0.9875698685646057,15507
"Trey Mancini","- - -",587,,0.9850691258907318,,0.9850691258907318,15149
"Wil Myers","SDP",286,3.6666,1.180740475654602,-0.20727790892124176,0.9734625667333603,10047
"Enyel De Los Santos","CLE",,53.3333,0,0.971623420715332,0.971623420715332,18403
"Brooks Raley","TBR",,53.6666,0,0.9683547616004944,0.9683547616004944,10061
"Kevin Kiermaier","TBR",221,,0.9664203524589539,,0.9664203524589539,11038
"James Karinchak","CLE",,39,0,0.9608947038650513,0.9608947038650513,20151
"Brock Burke","TEX",,82.3333,0,0.9602349400520325,0.9602349400520325,17968
"Tyler Wells","BAL",,103.6666,0,0.9597465395927429,0.9597465395927429,20000
"J.P. Feyereisen","TBR",,24.3333,-0.011342199519276619,0.96996009349823,0.9586178939789534,16610
"Spenser Watkins","BAL",,105.3333,0,0.9529849290847778,0.9529849290847778,17489
"Aaron Ashby","MIL",,107.3333,0,0.939689040184021,0.939689040184021,23550
"Mitch Haniger","SEA",247,,0.93680739402771,,0.93680739402771,14274
"Sean Bouchard","COL",97,,0.9310551881790161,,0.9310551881790161,21270
"Chris Paddack","MIN",,22.3333,0,0.9296601414680481,0.9296601414680481,20099
"Tyler Kinley","COL",,24,0,0.926900327205658,0.926900327205658,18297
"Ryne Stanek","HOU",,54.6666,0,0.9252970218658447,0.9252970218658447,15947
"Duane Underwood Jr.","PIT",,57.3333,0,0.9240837097167969,0.9240837097167969,14677
"Andrew Chafin","DET",,57.3333,0,0.9225255846977234,0.9225255846977234,12988
"Scott Barlow","KCR",,74.3333,0,0.9182941317558289,0.9182941317558289,14993
"Griffin Jax","MIN",,72.3333,0,0.9067773818969727,0.9067773818969727,20253
"Anthony Rendon","LAA",193,,0.905439555644989,,0.905439555644989,12861
"David Villar","SFG",181,,0.9052630066871643,,0.9052630066871643,24782
"John Brebbia","SFG",,68,0,0.9031023979187012,0.9031023979187012,12777
"Zach Jackson","OAK",,48,0,0.8990510106086731,0.8990510106086731,19493
"Lucas Luetge","NYY",,57.3333,0,0.8986632227897644,0.8986632227897644,8337
"Roansy Contreras","PIT",,95,0,0.8919106721878052,0.8919106721878052,22810
"Trevor Rogers","MIA",,107,0,0.8913559913635254,0.8913559913635254,22286
"Dane Dunning","TEX",,153.3333,0,0.8905361294746399,0.8905361294746399,19409
"Taylor Hearn","TEX",,100,0,0.8881641030311584,0.8881641030311584,18325
"José Berríos","TOR",,172,0,0.8830211758613586,0.8830211758613586,14168
"Craig Kimbrel","LAD",,60,0,0.8811497688293457,0.8811497688293457,6655
"Aaron Hicks","NYY",453,,0.8804518580436707,,0.8804518580436707,5297
"Ian Anderson","ATL",,111.6666,0,0.8783660531044006,0.8783660531044006,19951
"Rodolfo Castro","PIT",278,,0.8775728940963745,,0.8775728940963745,21987
"Jovani Morán","MIN",,40.6666,0,0.874706506729126,0.874706506729126,20422
"Carlos Santana","- - -",506,,0.8721887767314911,,0.8721887767314911,2396
"Zach McKinstry","- - -",185,,0.8708017785102129,,0.8708017785102129,19392
"Yonathan Daza","COL",408,,0.8676456809043884,,0.8676456809043884,15794
"Yan Gomes","CHC",293,,0.860000729560852,,0.860000729560852,9627
"Austin Gomber","COL",,124.6666,0,0.8579491972923279,0.8579491972923279,16561
"Jorge López","- - -",,70.9999,0,0.8553474619984627,0.8553474619984627,14527
"Adam Duvall","ATL",315,,0.8476589918136597,,0.8476589918136597,10950
"Brusdar Graterol","LAD",,49.6666,0,0.8434067964553833,0.8434067964553833,20367
"Yoán Moncada","CHW",433,,0.8258538246154785,,0.8258538246154785,17232
"Willi Castro","DET",392,,0.8240541219711304,,0.8240541219711304,17338
"Aledmys Díaz","HOU",327,,0.8208945393562317,,0.8208945393562317,15937
"Daniel Hudson","LAD",,24.3333,0,0.8138300776481628,0.8138300776481628,7146
"Gunnar Henderson","BAL",132,,0.8128048181533813,,0.8128048181533813,26289
"Jason Foley","DET",,60.3333,0,0.8118987083435059,0.8118987083435059,19531
"Zach Plesac","CLE",,131.6666,0,0.8079708218574524,0.8079708218574524,19979
"Adam Cimber","TOR",,70.6666,0,0.8056423664093018,0.8056423664093018,15288
"Daniel Lynch IV","KCR",,131.6666,0,0.8042570352554321,0.8042570352554321,21537
"Lance McCullers Jr.","HOU",,47.6666,0,0.8036592602729797,0.8036592602729797,14120
"Yimi García","TOR",,61,0,0.7983282208442688,0.7983282208442688,12095
"MacKenzie Gore","SDP",,70,0,0.7974720597267151,0.7974720597267151,22201
"Garrett Mitchell","MIL",68,,0.7963044047355652,,0.7963044047355652,27555
"Jake Fraley","CIN",247,,0.7939207553863525,,0.7939207553863525,19260
"Nate Eaton","KCR",122,,0.787799596786499,,0.787799596786499,25055
"Gabriel Moreno","TOR",73,,0.7877610921859741,,0.7877610921859741,22664
"Paul Blackburn","OAK",,111.3333,0,0.7845565676689148,0.7845565676689148,14739
"Brad Keller","KCR",,139.6666,0,0.7824442386627197,0.7824442386627197,15734
"Alek Thomas","ARI",411,,0.7802649736404419,,0.7802649736404419,23792
"Nicky Lopez","KCR",480,1,0.8991813659667969,-0.11916334927082062,0.7800180166959763,19339
"Kyle Bradish","BAL",,117.6666,0,0.773479163646698,0.773479163646698,24586
"Nabil Crismatt","SDP",,67.3333,0,0.7731946110725403,0.7731946110725403,17732
"Ryan Jeffers","MIN",236,,0.7695395350456238,,0.7695395350456238,24618
"Salvador Perez","KCR",473,,0.768850564956665,,0.768850564956665,7304
"David Fletcher","LAA",228,,0.7631946802139282,,0.7631946802139282,17992
"Jesse Winker","SEA",547,,0.762113094329834,,0.762113094329834,13590
"Keegan Thompson","CHC",,115,0,0.7614173889160156,0.7614173889160156,19795
"Martín Maldonado","HOU",379,,0.7591639757156372,,0.7591639757156372,6887
"Josh Hader","- - -",,50,0,0.7587151080369949,0.7587151080369949,14212
"Dylan Bundy","MIN",,140,0,0.7543882727622986,0.7543882727622986,12917
"Vaughn Grissom","ATL",156,,0.7525309324264526,,0.7525309324264526,26031
"Danny Mendick","CHW",106,,0.7521765828132629,,0.7521765828132629,18889
"Bryce Elder","ATL",,54,0,0.7517412900924683,0.7517412900924683,27779
"Brad Boxberger","MIL",,64,0,0.7458534836769104,0.7458534836769104,10133
"Alex Lange","DET",,63.3333,0,0.7344179153442383,0.7344179153442383,19883
"Dylan Floro","MIA",,53.6666,0,0.7305930852890015,0.7305930852890015,13394
"Tanner Houck","BOS",,60,0,0.7239605784416199,0.7239605784416199,19879
"Hoby Milner","MIL",,64.6666,0,0.722389280796051,0.722389280796051,13346
"Jesse Chavez","- - -",,69.3332,0,0.7201837673783302,0.7201837673783302,5448
"Chris Stratton","- - -",,63.333200000000005,0,0.7171356976032257,0.7171356976032257,13761
"Patrick Corbin","WSN",,152.6666,0,0.7165260314941406,0.7165260314941406,9323
"Rafael Ortega","CHC",371,,0.716149091720581,,0.716149091720581,10323
"Domingo Germán","NYY",,72.3333,0,0.7146021723747253,0.7146021723747253,17149
"Taylor Clarke","KCR",,49,0,0.7132958769798279,0.7132958769798279,17611
"José Ureña","- - -",,96.9999,0,0.7128320932388306,0.7128320932388306,11589
"Trevor Larnach","MIN",180,,0.7119700908660889,,0.7119700908660889,21501
"David Robertson","- - -",1,63.6666,-0.008830604143440723,0.7150088846683502,0.7061782805249095,8241
"Connor Overton","CIN",,33,0,0.6979964971542358,0.6979964971542358,18376
"TJ Friedl","CIN",258,,0.6975551843643188,,0.6975551843643188,19522
"Trevor Williams","NYM",,89.6666,0,0.6955206394195557,0.6955206394195557,16977
"Luke Maile","CLE",206,,0.6944981813430786,,0.6944981813430786,13355
"Livan Soto","LAA",59,,0.6825424432754517,,0.6825424432754517,22471
"Robert Suarez","SDP",,47.6666,-0.011342199519276619,0.6923115253448486,0.680969325825572,30115
"Johan Oviedo","- - -",,55.9999,0,0.6807801276445389,0.6807801276445389,22487
"Hayden Wesneski","CHC",,33,0,0.6803420782089233,0.6803420782089233,27581
"David Phelps","TOR",,63.6666,0,0.6802964806556702,0.6802964806556702,6316
"Michael Fulmer","- - -",,63.6666,0,0.6790215596556664,0.6790215596556664,13218
"Tyler Heineman","- - -",174,,0.6758666038513184,,0.6758666038513184,13897
"Dennis Santana","TEX",,58.6666,0,0.6739570498466492,0.6739570498466492,17878
"Tommy Pham","- - -",622,,0.673809140920639,,0.673809140920639,2967
"Kendall Graveman","CHW",,65,0,0.6714763045310974,0.6714763045310974,15514
"Steven Matz","STL",,48,0,0.6679133772850037,0.6679133772850037,13361
"Keston Hiura","MIL",266,,0.6640576124191284,,0.6640576124191284,20003
"Tylor Megill","NYM",,47.3333,0,0.6634386777877808,0.6634386777877808,21318
"Penn Murfee","SEA",,69.3333,0,0.6623826622962952,0.6623826622962952,25174
"Owen Miller","CLE",472,,0.6566269993782043,,0.6566269993782043,24655
"Orlando Arcia","ATL",234,1,0.6633349061012268,-0.01260928250849247,0.6507256235927343,13185
"José Azocar","SDP",216,,0.6408283114433289,,0.6408283114433289,18821
"Eduardo Rodriguez","DET",,91,0,0.6363037824630737,0.6363037824630737,13164
"Corey Dickerson","STL",297,1,0.645520806312561,-0.011944320984184742,0.6335764853283763,10762
"Charles Leblanc","MIA",169,,0.6325235366821289,,0.6325235366821289,19813
"Kris Bryant","COL",181,,0.6296347975730896,,0.6296347975730896,15429
"Matt Brash","SEA",,50.6666,0,0.6142663359642029,0.6142663359642029,25756
"Bailey Falter","PHI",,84,0,0.6142289638519287,0.6142289638519287,20070
"Ian Gibaut","- - -",,35.999900000000004,0,0.6132367634563707,0.6132367634563707,17871
"Andre Pallante","STL",,108,0,0.6121373772621155,0.6121373772621155,26108
"Eric Hosmer","- - -",419,,0.6117830611765385,,0.6117830611765385,3516
"Eli White","TEX",117,,0.6114239692687988,,0.6114239692687988,19346
"Tyler Rogers","SFG",,75.6666,0,0.6046031713485718,0.6046031713485718,15541
"Lucas Gilbreath","COL",,43,0,0.6022899746894836,0.6022899746894836,21290
"Hunter Brown","HOU",,20.3333,0,0.6001337170600891,0.6001337170600891,25880
"Jalen Beeks","TBR",,61,0,0.5994364619255066,0.5994364619255066,17192
"Brandon Lowe","TBR",266,,0.5979512929916382,,0.5979512929916382,18882
"Mike Brosseau","MIL",160,3,0.6005492210388184,-0.002859568689018488,0.5976896523497999,19683
"Roberto Pérez","PIT",69,,0.5927334427833557,,0.5927334427833557,2900
"Kris Bubic","KCR",,129,0,0.58907550573349,0.58907550573349,21455
"AJ Pollock","CHW",527,,0.5888170003890991,,0.5888170003890991,9256
"Kyle Finnegan","WSN",,66.6666,0,0.5878576636314392,0.5878576636314392,15009
"Ryan McKenna","BAL",172,1.3333,0.59847491979599,-0.011054961942136288,0.5874199578538537,19928
"Andrew McCutchen","MIL",580,,0.5868627429008484,,0.5868627429008484,9847
"Ramón Laureano","OAK",383,,0.5838914513587952,,0.5838914513587952,17128
"Chris Flexen","SEA",,137.6666,0,0.5831426382064819,0.5831426382064819,13896
"Davis Martin","CHW",,63.3333,0,0.5820928812026978,0.5820928812026978,21448
"Jake Woodford","STL",,48.3333,0,0.5807151198387146,0.5807151198387146,18674
"Ryan Feltner","COL",,97.3333,0,0.5772165060043335,0.5772165060043335,21446
"Oswald Peraza","NYY",57,,0.5740501284599304,,0.5740501284599304,22823
"Brian Serven","COL",205,1,0.5828665494918823,-0.010096671059727669,0.5727698784321547,19422
"Jonathan Davis","MIL",91,,0.5714613199234009,,0.5714613199234009,15104
"Eli Morgan","CLE",,66.6666,0,0.5703631043434143,0.5703631043434143,20203
"Mark Mathias","- - -",91,,0.5664865169674158,,0.5664865169674158,18032
"Amir Garrett","KCR",,45.3333,0,0.5629037022590637,0.5629037022590637,14375
"Conner Capel","- - -",59,,0.5619334522634745,,0.5619334522634745,19983
"Connor Brogdon","PHI",,44,0,0.5617341995239258,0.5617341995239258,21205
"Gregory Soto","DET",,60.3333,0,0.5605996251106262,0.5605996251106262,19677
"Nick Maton","PHI",85,1.3333,0.5497719645500183,0.009933609515428543,0.5597055740654469,21635
"Justin Lawrence","COL",,42.6666,0,0.5543334484100342,0.5543334484100342,17639
"José Leclerc","TEX",,47.6666,0,0.5523306131362915,0.5523306131362915,14524
"Chris Archer","MIN",,102.6666,0,0.5425195097923279,0.5425195097923279,6345
"Jason Vosler","SFG",111,,0.5402662754058838,,0.5402662754058838,16686
"Albert Almora Jr.","CIN",235,,0.5402647852897644,,0.5402647852897644,14109
"Odúbel Herrera","PHI",197,,0.5390620827674866,,0.5390620827674866,11476
"JP Sears","- - -",,70,0,0.5369818657636642,0.5369818657636642,23429
"Joey Wentz","DET",,32.6666,0,0.5347066521644592,0.5347066521644592,19962
"Donovan Solano","CIN",304,,0.5318250060081482,,0.5318250060081482,8623
"Stuart Fairchild","- - -",110,,0.5307192839682102,,0.5307192839682102,20321
"Nick Allen","OAK",326,,0.5291093587875366,,0.5291093587875366,22277
"Kevin Ginkel","ARI",,29.3333,0,0.5283539295196533,0.5283539295196533,19876
"Ryan Brasier","BOS",,62.3333,0,0.5276951789855957,0.5276951789855957,5615
"Drey Jameson","ARI",,24.3333,0,0.5243534445762634,0.5243534445762634,26260
"Tom Murphy","SEA",42,,0.5236594080924988,,0.5236594080924988,13499
"Kutter Crawford","BOS",,77.3333,0,0.5213354229927063,0.5213354229927063,20531
"David Bote","CHC",127,,0.5168266296386719,,0.5168266296386719,14593
"Austin Wynns","SFG",177,2,0.5954622626304626,-0.08183365315198898,0.5136286094784737,15271
"Yency Almonte","LAD",,35.3333,0,0.5124240517616272,0.5124240517616272,15068
"Clarke Schmidt","NYY",,57.6666,0,0.5111785531044006,0.5111785531044006,19899
"Wade Miley","CHC",,37,0,0.5081902146339417,0.5081902146339417,8779
"Dillon Tate","BAL",,73.6666,0,0.5081538558006287,0.5081538558006287,17796
"Jesús Sánchez","MIA",343,,0.5065323710441589,,0.5065323710441589,19913
"Luis González","SFG",350,6.3333,0.49564194679260254,0.010221575386822224,0.5058635221794248,20332
"Carson Kelly","ARI",354,4.6666,0.5803639888763428,-0.07466530799865723,0.5056986808776855,13620
"Raimel Tapia","TOR",433,,0.5037000775337219,,0.5037000775337219,14350
"Darick Hall","PHI",142,0.3333,0.4879007935523987,0.014357300475239754,0.5022580940276384,19717
"Alex Call","- - -",131,,0.5009307488799095,,0.5009307488799095,19296
"Keegan Akin","BAL",,81.6666,0,0.5007568001747131,0.5007568001747131,19362
"Adbert Alzolay","CHC",,13.3333,0,0.4985615313053131,0.4985615313053131,17859
"Richard Bleier","MIA",,50.6666,0,0.49839773774147034,0.49839773774147034,7803
"Joe Kelly","CHW",,37,0,0.49439653754234314,0.49439653754234314,9761
"Garrett Stubbs","PHI",121,3.6666,0.6788983941078186,-0.1901274174451828,0.4887709766626358,18067
"Kerry Carpenter","DET",113,,0.48788729310035706,,0.48788729310035706,25961
"Shawn Armstrong","- - -",,61.6666,0,0.4862365238368511,0.4862365238368511,12857
"Zach Pop","- - -",,39,0,0.4836413860321045,0.4836413860321045,20185
"Kyle Isbel","KCR",278,,0.48183202743530273,,0.48183202743530273,21614
"Bryan De La Cruz","MIA",355,,0.48081257939338684,,0.48081257939338684,19600
"Royce Lewis","MIN",41,,0.48027023673057556,,0.48027023673057556,20437
"Tyler Naquin","- - -",334,,0.47213374078273773,,0.47213374078273773,13359
"Stone Garrett","ARI",84,,0.4688451886177063,,0.4688451886177063,19273
"Tim Hill","SDP",,48,0,0.4644553065299988,0.4644553065299988,16814
"César Hernández","WSN",617,,0.46097975969314575,,0.46097975969314575,10556
"Tanner Scott","MIA",,62.6666,0,0.4601241946220398,0.4601241946220398,17586
"Caleb Ferguson","LAD",,34.6666,0,0.45989441871643066,0.45989441871643066,19349
"Daulton Jefferies","OAK",,39.3333,0,0.4582785367965698,0.4582785367965698,19345
"Randal Grichuk","COL",538,1,0.4508071541786194,0.006877299398183823,0.4576844535768032,10243
"Curt Casali","- - -",176,,0.45708976686000824,,0.45708976686000824,12510
"Luke Weaver","- - -",,35.6666,-0.011342199519276619,0.4639551341533661,0.45261293463408947,16918
"Ron Marinaccio","NYY",,44,0,0.4520939886569977,0.4520939886569977,23488
"Chad Kuhl","COL",,137,0,0.4478432536125183,0.4478432536125183,14975
"James Outman","LAD",16,,0.4467754364013672,,0.4467754364013672,24770
"Jonathan Loáisiga","NYY",,48,0,0.4461883008480072,0.4461883008480072,19753
"Packy Naughton","STL",,32,0,0.4458955228328705,0.4458955228328705,23292
"Peter Strzelecki","MIL",,35,0,0.4456416666507721,0.4456416666507721,21367
"Zach Davies","ARI",,134.3333,0,0.4433407485485077,0.4433407485485077,13183
"Jordan Luplow","ARI",234,,0.43919119238853455,,0.43919119238853455,16424
"José Quijada","LAA",,40.6666,0,0.4343734085559845,0.4343734085559845,19200
"Paul Sewald","SEA",,64,0,0.4325065016746521,0.4325065016746521,13892
"Will Vest","DET",,63,0,0.4303118586540222,0.4303118586540222,19769
"Taylor Trammell","SEA",117,,0.4274999797344208,,0.4274999797344208,19960
"Meibrys Viloria","TEX",75,,0.42710062861442566,,0.42710062861442566,17109
"Alan Trejo","COL",125,,0.4256893992424011,,0.4256893992424011,20056
"Trevor Megill","MIN",,45,0,0.424353688955307,0.424353688955307,17722
"Dylan Coleman","KCR",,68,0,0.4218376874923706,0.4218376874923706,22276
"DL Hall","BAL",,13.6666,0,0.421275794506073,0.421275794506073,22207
"Luke Voit","- - -",568,,0.4211151748895645,,0.4211151748895645,14811
"Nick Martinez","SDP",,106.3333,0,0.41974249482154846,0.41974249482154846,12730
"Ryan Thompson","TBR",,42.6666,0,0.417600154876709,0.417600154876709,16647
"Will Brennan","CLE",45,,0.41553306579589844,,0.41553306579589844,25660
"Drew Waters","KCR",109,,0.4153625965118408,,0.4153625965118408,20505
"Victor Robles","WSN",407,,0.4152567386627197,,0.4152567386627197,18363
"Seth Martinez","HOU",,38.6666,0,0.4150683283805847,0.4150683283805847,21045
"Triston Casas","BOS",95,,0.4147864580154419,,0.4147864580154419,22514
"Alex Young","- - -",,26.666600000000003,0,0.4124096445739269,0.4124096445739269,18333
"Joely Rodríguez","NYM",,50.3333,0,0.4120579957962036,0.4120579957962036,11487
"Mike Clevinger","SDP",,114.3333,0,0.4087643027305603,0.4087643027305603,12808
"Garrett Cleavinger","- - -",,22.9999,0,0.4058886095881462,0.4058886095881462,17897
"Dany Jiménez","OAK",,34.3333,0,0.4039732813835144,0.4039732813835144,21170
"Vince Velasquez","CHW",,75.3333,0,0.40304747223854065,0.40304747223854065,11189
"Jake Marisnick","PIT",82,,0.4000565707683563,,0.4000565707683563,11339
"Javier Assad","CHC",,37.6666,0,0.39000868797302246,0.39000868797302246,21741
"Jorge Soler","MIA",306,,0.38332095742225647,,0.38332095742225647,14221
"Shelby Miller","SFG",,7,0,0.3825482130050659,0.3825482130050659,10197
"Jorge Alfaro","SDP",274,,0.38152265548706055,,0.38152265548706055,12180
"Jackson Stephens","ATL",,53.6666,0,0.3805637061595917,0.3805637061595917,14420
"Edward Cabrera","MIA",,71.6666,0,0.37914973497390747,0.37914973497390747,21690
"Cody Stashak","MIN",,16.3333,0,0.3720475435256958,0.3720475435256958,18088
"Matt Reynolds","- - -",272,1.3333,0.38903121277689934,-0.02355838567018509,0.36547282710671425,13788
"Jake Meyers","HOU",160,,0.3652941882610321,,0.3652941882610321,20308
"Joey Bart","SFG",291,,0.36377444863319397,,0.36377444863319397,21524
"Madison Bumgarner","ARI",,158.6666,0,0.36330410838127136,0.36330410838127136,5524
"Jake Burger","CHW",183,,0.3592846095561981,,0.3592846095561981,22275
"Mike Baumann","BAL",,34.3333,0,0.35471096634864807,0.35471096634864807,20206
"Jake Cave","MIN",177,,0.35448557138442993,,0.35448557138442993,14477
"Kyle Nelson","ARI",,37,-0.011342199519276619,0.3645282983779907,0.3531860988587141,20515
"P.J. Higgins","CHC",229,,0.347804456949234,,0.347804456949234,18433
"Nick Ahmed","ARI",54,,0.3466292917728424,,0.3466292917728424,12147
"Joel Kuhnel","CIN",,58,0,0.34132319688796997,0.34132319688796997,19995
"Aaron Loup","LAA",,58.6666,0,0.34066465497016907,0.34066465497016907,10343
"Alex Faedo","DET",,53.6666,0,0.3403151035308838,0.3403151035308838,19874
"John Means","BAL",,8,0,0.33548054099082947,0.33548054099082947,16269
"Marwin Gonzalez","NYY",207,0.3333,0.33354225754737854,0.0018628580728545785,0.3354051156202331,5497
"Chad Green","NYY",,15,0,0.332588255405426,0.332588255405426,15552
"Colin Holderman","- - -",,28.333199999999998,0,0.3300291672348976,0.3300291672348976,22361
"Brett Martin","TEX",,50,0,0.3299586772918701,0.3299586772918701,17369
"Carlos Estévez","COL",,57,0,0.3263266384601593,0.3263266384601593,14542
"Matt Strahm","BOS",,44.6666,0,0.3247440755367279,0.3247440755367279,13799
"David Hensley","HOU",34,,0.3207370936870575,,0.3207370936870575,25111
"Jordan Hicks","STL",,61.3333,0,0.31934764981269836,0.31934764981269836,19618
"Connor Joe","COL",467,,0.3189943730831146,,0.3189943730831146,16572
"Erasmo Ramírez","WSN",,86.3333,0,0.31591328978538513,0.31591328978538513,10314
"Luis L. Ortiz","PIT",,16,0,0.31536629796028137,0.31536629796028137,27646
"James Kaprielian","OAK",,134,0,0.31250518560409546,0.31250518560409546,18331
"Jimmy Lambert","CHW",,47,0,0.31233036518096924,0.31233036518096924,19541
"Nick Madrigal","CHC",228,,0.3105882704257965,,0.3105882704257965,20521
"Víctor Arano","WSN",,42,0,0.3099171221256256,0.3099171221256256,15915
"Scott Alexander","SFG",,17.3333,0,0.3094392716884613,0.3094392716884613,10591
"Sam Huff","TEX",132,,0.30894386768341064,,0.30894386768341064,22209
"Christian Arroyo","BOS",300,,0.30764085054397583,,0.30764085054397583,16434
"Aaron Bummer","CHW",,26.6666,0,0.306652694940567,0.306652694940567,16258
"Diego Castillo","SEA",,54.3333,0,0.3037881851196289,0.3037881851196289,17496
"Ty Blach","COL",,44.3333,0,0.30127641558647156,0.30127641558647156,14361
"Kyle Hendricks","CHC",,84.3333,0,0.30096301436424255,0.30096301436424255,12049
"Ryne Nelson","ARI",,18.3333,0,0.3006391227245331,0.3006391227245331,26253
"Manny Bañuelos","- - -",,40.999900000000004,0,0.3004305735230446,0.3004305735230446,5365
"Erick Fedde","WSN",,127,0,0.2953241467475891,0.2953241467475891,17425
"Pierce Johnson","SDP",,14.3333,0,0.29301950335502625,0.29301950335502625,13435
"Nick Sandlin","CLE",,44,0,0.2900337874889374,0.2900337874889374,20517
"Dalton Guthrie","PHI",28,,0.2898717224597931,,0.2898717224597931,21293
"Gilberto Celestino","MIN",347,,0.2889557182788849,,0.2889557182788849,20233
"Brad Hand","PHI",,45,0,0.28695693612098694,0.28695693612098694,9111
"Rougned Odor","BAL",472,,0.2858058214187622,,0.2858058214187622,12282
"Fernando Cruz","CIN",,14.6666,0,0.27751460671424866,0.27751460671424866,7048
"Steven Wilson","SDP",,53,0,0.27747562527656555,0.27747562527656555,20353
"Francisco Mejía","TBR",299,,0.27689328789711,,0.27689328789711,16403
"Tucker Barnhart","DET",308,1,0.2593271732330322,0.01693030260503292,0.27625747583806515,10200
"Dustin May","LAD",,30,0,0.2761242091655731,0.2761242091655731,19716
"Ken Waldichuk","OAK",,34.6666,0,0.27569326758384705,0.27569326758384705,27681
"Tommy Nance","MIA",,43.6666,0,0.2741861939430237,0.2741861939430237,19178
"Enrique Hernández","BOS",402,,0.2734999358654022,,0.2734999358654022,10472
"Ji Hwan Bae","PIT",37,,0.2725200057029724,,0.2725200057029724,23818
"Sean Doolittle","WSN",,5.3333,0,0.27249675989151,0.27249675989151,1581
"A.J. Puk","OAK",,66.3333,0,0.2671412229537964,0.2671412229537964,19343
"Geraldo Perdomo","ARI",500,,0.25908219814300537,,0.25908219814300537,22799
"Garrett Richards","TEX",,42.6666,0,0.2590518593788147,0.2590518593788147,9784
"Austin Davis","- - -",,55.999900000000004,0,0.25894360803067684,0.25894360803067684,17117
"Lou Trivino","- - -",,53.6666,0,0.25586280785501003,0.25586280785501003,15043
"Seth Lugo","NYM",,65,0,0.25492653250694275,0.25492653250694275,12447
"Tanner Banks","CHW",,53,0,0.2520431876182556,0.2520431876182556,16990
"Edward Olivares","KCR",174,,0.2511148154735565,,0.2511148154735565,19698
"Luis Barrera","OAK",85,,0.25015997886657715,,0.25015997886657715,19615
"Konnor Pilkington","CLE",,58,0,0.2458728551864624,0.2458728551864624,21453
"Matt Vierling","PHI",357,,0.24252507090568542,,0.24252507090568542,21558
"Michael Massey","KCR",194,,0.23822341859340668,,0.23822341859340668,27684
"Jeff Brigham","MIA",,24,0,0.23741255700588226,0.23741255700588226,16631
"Jonathan India","CIN",431,,0.23495902121067047,,0.23495902121067047,21523
"Adrian Morejon","SDP",,34,0,0.23304080963134766,0.23304080963134766,20039
"Andre Jackson","LAD",,9.6666,0,0.2326166331768036,0.2326166331768036,21298
"Yu Chang","- - -",190,2,0.29742881655693054,-0.06633000820875168,0.23109880834817886,14773
"Cole Ragans","TEX",,40,0,0.23045334219932556,0.23045334219932556,21846
"Phoenix Sanders","TBR",,14.6666,0,0.22828733921051025,0.22828733921051025,20541
"Tanner Rainey","WSN",,30,0,0.22811871767044067,0.22811871767044067,17610
"Nomar Mazara","SDP",171,,0.22631387412548065,,0.22631387412548065,14553
"Archie Bradley","LAA",,18.6666,0,0.22618639469146729,0.22618639469146729,12918
"Jeff Hoffman","CIN",,44.6666,0,0.22530025243759155,0.22530025243759155,17432
"Louis Varland","MIN",,26,0,0.22408150136470795,0.22408150136470795,27691
"Monte Harrison","LAA",14,,0.2236671894788742,,0.2236671894788742,17216
"Wyatt Mills","- - -",,29.333199999999998,0,0.22213516756892204,0.22213516756892204,20010
"Johan Camargo","PHI",166,,0.2191045582294464,,0.2191045582294464,14950
"Elehuris Montero","COL",185,,0.21716099977493286,,0.21716099977493286,20543
"Bubba Thompson","TEX",181,,0.21692802011966705,,0.21692802011966705,22261
"Aaron Sanchez","- - -",,59.9999,0,0.2165699377655983,0.2165699377655983,11490
"Gavin Sheets","CHW",410,,0.21541467308998108,,0.21541467308998108,19901
"Mark Leiter Jr.","CHC",,67.6666,0,0.21507610380649567,0.21507610380649567,15551
"Robert Stephenson","- - -",,57.999900000000004,0,0.21500942297279835,0.21500942297279835,13594
"Joe Dunand","MIA",11,,0.21311268210411072,,0.21311268210411072,19727
"Rony García","DET",,51,0,0.21228544414043427,0.21228544414043427,20430
"Yadiel Hernandez","WSN",327,,0.20679830014705658,,0.20679830014705658,19334
"Justin Wilson","CIN",,3.6666,0,0.2036622166633606,0.2036622166633606,4301
"Roman Quinn","- - -",87,,0.20085732638835907,,0.20085732638835907,13546
"Ezequiel Duran","TEX",220,,0.19940312206745148,,0.19940312206745148,23733
"Luis García Jr.","WSN",377,,0.19938693940639496,,0.19938693940639496,20391
"Matt Wisler","TBR",,44,0,0.1983623206615448,0.1983623206615448,12804
"Brian Anderson","MIA",383,,0.19781318306922913,,0.19781318306922913,18289
"Mitch Garver","TEX",215,,0.19667290151119232,,0.19667290151119232,15161
"Dérmis Garcia","OAK",125,,0.1959671974182129,,0.1959671974182129,20926
"Chadwick Tromp","ATL",4,,0.19489577412605286,,0.19489577412605286,16953
"Kyle Barraclough","LAA",,9,0,0.19218283891677856,0.19218283891677856,13713
"Mauricio Dubón","- - -",265,,0.19120346009731293,,0.19120346009731293,16530
"Nelson Velázquez","CHC",206,,0.18994466960430145,,0.18994466960430145,23359
"Yonny Chirinos","TBR",,7,0,0.18909241259098053,0.18909241259098053,16401
"Dinelson Lamet","- - -",,32.3333,0,0.18761489540338516,0.18761489540338516,17186
"Zach Thompson","PIT",,121.6666,0,0.18619811534881592,0.18619811534881592,16094
"Kyle Stowers","BAL",98,,0.1861192137002945,,0.1861192137002945,26151
"Aristides Aquino","CIN",276,,0.18286122381687164,,0.18286122381687164,15482
"Tony Santillan","CIN",,19.6666,0,0.1810617446899414,0.1810617446899414,19926
"Ryan Kreidler","DET",84,,0.1803658902645111,,0.1803658902645111,25867
"Austin Nola","SDP",397,,0.1801125556230545,,0.1801125556230545,15941
"Nolan Jones","CLE",94,,0.1775657683610916,,0.1775657683610916,20529
"Joel Payamps","- - -",,55.6666,0,0.17643849179148674,0.17643849179148674,14332
"Charlie Blackmon","COL",577,,0.17241394519805908,,0.17241394519805908,7859
"Janson Junk","LAA",,8.3333,0,0.16834188997745514,0.16834188997745514,23301
"Mychal Givens","- - -",,61.333200000000005,0,0.16666042059659958,0.16666042059659958,10430
"Max Kranick","PIT",,5,0,0.1658010333776474,0.1658010333776474,22175
"Jason Delay","PIT",167,,0.16153603792190552,,0.16153603792190552,19806
"Chris Sale","BOS",,5.6666,0,0.1610499620437622,0.1610499620437622,10603
"Luis Gil","NYY",,4,0,0.1599404364824295,0.1599404364824295,21052
"Jake Cousins","MIL",,13.3333,0,0.15895241498947144,0.15895241498947144,21620
"Esteban Quiroz","CHC",47,,0.15830720961093903,,0.15830720961093903,19780
"Richie Martin","BAL",33,,0.15669108927249908,,0.15669108927249908,17736
"Jaylin Davis","BOS",27,,0.15632914006710052,,0.15632914006710052,19552
"Denyi Reyes","BAL",,7.6666,0,0.15547063946723938,0.15547063946723938,20526
"Matt Foster","CHW",,45,0,0.1535140424966812,0.1535140424966812,19647
"Sean Hjelle","SFG",,25,0,0.14501000940799713,0.14501000940799713,21481
"Kevin Herget","TBR",,7,0,0.140166774392128,0.140166774392128,15369
"Josh Lowe","TBR",198,,0.137957364320755,,0.137957364320755,19953
"Josh Jung","TEX",102,,0.13789072632789612,,0.13789072632789612,26299
"Kyle Garlick","MIN",162,,0.13758282363414764,,0.13758282363414764,18063
"Buddy Kennedy","ARI",94,,0.13666270673274994,,0.13666270673274994,22505
"Kyle Crick","CHW",,15.6666,0,0.13574346899986267,0.13574346899986267,13182
"Jake Fishman","MIA",,11,0,0.13533779978752136,0.13533779978752136,20060
"Tyler Glasnow","TBR",,6.6666,0,0.1348799765110016,0.1348799765110016,14374
"Andrew Velazquez","LAA",349,,0.1330946683883667,,0.1330946683883667,14196
"Cooper Criswell","TBR",,3.3333,0,0.13210831582546234,0.13210831582546234,24975
"Derek Hill","DET",92,,0.13163642585277557,,0.13163642585277557,16947
"Yadier Molina","STL",270,2,0.24865423142910004,-0.11849488317966461,0.13015934824943542,7007
"Trevor Richards","TOR",,64,0,0.1299121230840683,0.1299121230840683,19309
"Reyes Moronta","- - -",,37.6666,0,0.1278591826558113,0.1278591826558113,14966
"Logan Allen","- - -",,7.6666,0,0.12779570743441582,0.12779570743441582,18555
"Luke Williams","- - -",136,,0.12753678113222122,,0.12753678113222122,19931
"Gabe Speier","KCR",,19.3333,0,0.12639348208904266,0.12639348208904266,17170
"James McCann","NYM",191,,0.12635454535484314,,0.12635454535484314,12859
"Daniel Mengden","KCR",,7,0,0.12451378256082535,0.12451378256082535,16980
"Jhon Romero","MIN",,5,0,0.12409248948097229,0.12409248948097229,19940
"Beau Brieske","DET",,81.6666,0,0.12385717034339905,0.12385717034339905,26079
"Otto Lopez","TOR",10,,0.1214175820350647,,0.1214175820350647,19608
"Josh Winder","MIN",,67,0,0.11784767359495163,0.11784767359495163,24606
"Matt Barnes","BOS",,39.6666,0,0.11707929521799088,0.11707929521799088,12863
"Shane Baz","TBR",,27,0,0.11692873388528824,0.11692873388528824,22264
"Humberto Castellanos","ARI",,44.3333,0,0.11652150005102158,0.11652150005102158,21183
"James Norwood","PHI",,17.3333,0,0.11370919644832611,0.11370919644832611,16440
"Edwin Ríos","LAD",92,,0.11341104656457901,,0.11341104656457901,18316
"Colin Moran","CIN",128,,0.11179890483617783,,0.11179890483617783,16909
"Gosuke Katoh","TOR",11,,0.1116669699549675,,0.1116669699549675,15697
"Skye Bolt","OAK",116,,0.11117798089981079,,0.11117798089981079,17723
"José Cisnero","DET",,25,0,0.10910233855247498,0.10910233855247498,6399
"Trevor May","NYM",,25,0,0.10825854539871216,0.10825854539871216,6398
"Daniel Castano","MIA",,35.6666,0,0.10723908245563507,0.10723908245563507,19805
"David Price","LAD",,40.3333,0,0.10503274202346802,0.10503274202346802,3184
"Parker Mushinski","HOU",,7.3333,0,0.10496263951063156,0.10496263951063156,21324
"Jhonathan Díaz","LAA",,15.3333,0,0.10381180047988892,0.10381180047988892,20298
"LaMonte Wade Jr.","SFG",251,,0.10288167744874954,,0.10288167744874954,18126
"Zack Thompson","STL",,34.6666,0,0.10271918773651123,0.10271918773651123,25918
"Matthew Boyd","SEA",,13.3333,0,0.10211343318223953,0.10211343318223953,15440
"Cody Morris","CLE",,23.6666,0,0.09957978874444962,0.09957978874444962,25388
"Carl Edwards Jr.","WSN",,62,0,0.09872091561555862,0.09872091561555862,13607
"Luis F. Ortiz","SFG",,8.6666,0,0.0984160527586937,0.0984160527586937,16942
"Ben DeLuzio","STL",25,,0.0971287339925766,,0.0971287339925766,19644
"Casey Mize","DET",,10,0,0.09652445465326309,0.09652445465326309,20492
"Nolan Gorman","STL",313,,0.09553520381450653,,0.09553520381450653,22263
"Matt Bush","- - -",,59.6666,0,0.09524008631706238,0.09524008631706238,1246
"Mauricio Llovera","SFG",,16.3333,-0.011342199519276619,0.10574247688055038,0.09440027736127377,20080
"Miguel Castro","NYY",,29,0,0.08945721387863159,0.08945721387863159,15684
"Tayler Scott","SDP",,12,0,0.08917264640331268,0.08917264640331268,13652
"Phil Bickford","LAD",,61,0,0.08892063796520233,0.08892063796520233,18519
"Steven Brault","CHC",,9,0,0.08862785249948502,0.08862785249948502,15291
"Ryan Tepera","LAA",,57.3333,0,0.08844813704490662,0.08844813704490662,10291
"Nick Wittgren","STL",,29,0,0.08826138824224472,0.08826138824224472,15594
"Mark Melancon","ARI",,56,0,0.0864693745970726,0.0864693745970726,4264
"Yerry De los Santos","PIT",,25.6666,0,0.08615816384553909,0.08615816384553909,21420
"Jordan Weems","WSN",,39.6666,0,0.08567993342876434,0.08567993342876434,13190
"Mark Appel","PHI",,10.3333,0,0.08466581255197525,0.08466581255197525,14823
"Francisco Alvarez","NYM",14,,0.0822165384888649,,0.0822165384888649,26121
"Josh Staumont","KCR",,37.6666,0,0.0811026319861412,0.0811026319861412,18335
"Michael Plassmeyer","PHI",,7.3333,0,0.0792996734380722,0.0792996734380722,23191
"Matt Wallner","MIN",65,,0.079264335334301,,0.079264335334301,26466
"Julian Merryweather","TOR",,26.6666,0,0.07819563150405884,0.07819563150405884,16703
"Austin Dean","SFG",9,,0.07783385366201401,,0.07783385366201401,18288
"Chase Anderson","CIN",,24,0,0.07637068629264832,0.07637068629264832,6895
"Luis F. Castillo","DET",,3.6666,0,0.07607904076576233,0.07607904076576233,20638
"Joan Adon","WSN",,64.6666,0,0.07428746670484543,0.07428746670484543,22925
"Juan Minaya","MIN",,9.6666,0,0.07418479770421982,0.07418479770421982,10341
"Logan Gillaspie","BAL",,17.3333,0,0.07287653535604477,0.07287653535604477,22461
"Angel Rondón","STL",,5,0,0.0715726837515831,0.0715726837515831,22036
"Drew Hutchison","DET",,105.3333,0,0.07043188810348511,0.07043188810348511,10732
"Josh Sborz","TEX",,22.3333,0,0.06907197833061218,0.06907197833061218,18323
"Austin Brice","PIT",,6.6666,0,0.06886210292577744,0.06886210292577744,17237
"Marcos Diplán","BAL",,5.6666,0,0.06790808588266373,0.06790808588266373,17583
"Jared Young","CHC",22,,0.06705529242753983,,0.06705529242753983,20404
"Liover Peguero","PIT",4,,0.06459952890872955,,0.06459952890872955,24273
"Jake Hager","ARI",59,2.3333,0.026663023978471756,0.03578409552574158,0.06244711950421333,12198
"Rob Zastryzny","- - -",,4,0,0.06232847087085247,0.06232847087085247,15094
"Ben Gamel","PIT",423,,0.06203166022896767,,0.06203166022896767,12160
"René Pinto","TBR",83,,0.06016360595822334,,0.06016360595822334,19859
"Bryce Montes de Oca","NYM",,3.3333,0,0.05976923182606697,0.05976923182606697,21319
"Cade Cavalli","WSN",,4.3333,0,0.05903423950076103,0.05903423950076103,27473
"Terrin Vavra","BAL",103,,0.05870644748210907,,0.05870644748210907,24400
"Drew Carlton","DET",,8.6666,0,0.057557761669158936,0.057557761669158936,19868
"Ryan Castellani","OAK",,2.6666,0,0.05714862048625946,0.05714862048625946,16377
"Ryan Yarbrough","TBR",,80,0,0.0569068118929863,0.0569068118929863,16502
"Hyun Jin Ryu","TOR",,27,0,0.05490488186478615,0.05490488186478615,14444
"Maikel Garcia","KCR",23,,0.05379956588149071,,0.05379956588149071,22715
"Luis Cessa","CIN",,80.6666,0,0.05239368975162506,0.05239368975162506,13345
"Cristofer Ogando","TBR",,4.3333,0,0.05002402514219284,0.05002402514219284,20667
"Rob Brantly","NYY",3,,0.04979050159454346,,0.04979050159454346,10655
"Hunter Strickland","CIN",,62.3333,0,0.04876917973160744,0.04876917973160744,7836
"Brandon Belt","SFG",298,,0.048700880259275436,,0.048700880259275436,10264
"Mario Feliciano","MIL",5,,0.04838215187191963,,0.04838215187191963,20263
"Eguy Rosario","SDP",6,,0.047504786401987076,,0.047504786401987076,19964
"Dixon Machado","SFG",17,,0.04741834104061127,,0.04741834104061127,11472
"Easton McGee","TBR",,3,0,0.04702054336667061,0.04702054336667061,22176
"Anderson Severino","CHW",,7.3333,0,0.04696904495358467,0.04696904495358467,20582
"Jay Jackson","ATL",,1.3333,0,0.046813901513814926,0.046813901513814926,7432
"Cody Sedlock","BAL",,3,0,0.04623691365122795,0.04623691365122795,19357
"Pedro Severino","MIL",21,,0.04588177427649498,,0.04588177427649498,14523
"Jaime Barria","LAA",,79.3333,0,0.04479881003499031,0.04479881003499031,18356
"Mason Thompson","WSN",,24.6666,0,0.04477255046367645,0.04477255046367645,21850
"Mark Contreras","MIN",61,,0.044212181121110916,,0.044212181121110916,20122
"Vinny Capra","TOR",7,,0.0433468297123909,,0.0433468297123909,25040
"Tyler Cyr","- - -",,13.3333,0,0.0418693870306015,0.0418693870306015,18421
"Ryan Hendrix","CIN",,8.3333,0,0.03916631266474724,0.03916631266474724,19535
"Cam Gallagher","KCR",47,,0.039076920598745346,,0.039076920598745346,12981
"Dustin Garneau","DET",11,,0.03846345469355583,,0.03846345469355583,9433
"Zack Weiss","LAA",,13.3333,0,0.03838425874710083,0.03838425874710083,15444
"Miguel Díaz","DET",,3.6666,0,0.03804735094308853,0.03804735094308853,18815
"Yerry Rodríguez","TEX",,1,0,0.03766123577952385,0.03766123577952385,21955
"Touki Toussaint","LAA",,25.3333,0,0.03741990029811859,0.03741990029811859,16929
"Jake Walsh","STL",,2.6666,0,0.036961913108825684,0.036961913108825684,20227
"Michel Baez","SDP",,2,0,0.03537002578377724,0.03537002578377724,20100
"Khalil Lee","NYM",2,,0.0346379354596138,,0.0346379354596138,19952
"Phillips Valdez","BOS",,16.3333,0,0.0345362089574337,0.0345362089574337,15605
"Robert Dugger","- - -",,15.9999,0,0.0341796800494194,0.0341796800494194,19191
"Brian O'Keefe","SEA",4,,0.034122489392757416,,0.034122489392757416,16680
"Darren O'Day","ATL",,21.6666,0,0.033826034516096115,0.033826034516096115,3321
"Ryan Weathers","SDP",,3.6666,0,0.033254172652959824,0.033254172652959824,23796
"Joey Gallo","- - -",410,,0.032333940267562866,,0.032333940267562866,14128
"Kyle Tyler","SDP",,4,0,0.03221932798624039,0.03221932798624039,22092
"Huascar Brazobán","MIA",,32,0,0.03151444345712662,0.03151444345712662,6107
"Justin Topa","MIL",,7.3333,0,0.031093578785657883,0.031093578785657883,15145
"Cam Alldred","PIT",,1,0,0.030544525012373924,0.030544525012373924,25078
"Ken Giles","SEA",,4.3333,0,0.029411492869257927,0.029411492869257927,12910
"Kevin Smith","OAK",151,,0.029401089996099472,,0.029401089996099472,20242
"Danny Coulombe","MIN",,12.3333,0,0.029257459565997124,0.029257459565997124,13293
"Romy Gonzalez","CHW",109,,0.028324346989393234,,0.028324346989393234,21562
"Luke Bard","- - -",,15,0,0.028234085999429226,0.028234085999429226,14288
"Patrick Mazeika","NYM",72,,0.027651337906718254,,0.027651337906718254,18142
"Jake Lamb","- - -",111,,0.027101218700408936,,0.027101218700408936,13329
"Matt Gage","TOR",,13,0,0.027070097625255585,0.027070097625255585,17381
"Nick Mears","PIT",,2,0,0.02598973736166954,0.02598973736166954,25376
"Matthew Liberatore","STL",,34.6666,0,0.02592693641781807,0.02592693641781807,22294
"Robbie Grossman","- - -",477,,0.02540735900402069,,0.02540735900402069,5254
"Paul DeJong","STL",237,,0.025341253727674484,,0.025341253727674484,18015
"Connor Wong","BOS",56,,0.02517620287835598,,0.02517620287835598,19896
"Shea Langeliers","OAK",153,,0.02484031952917576,,0.02484031952917576,25816
"Taylor Widener","ARI",,17.3333,0,0.024683337658643723,0.024683337658643723,19266
"Jeimer Candelario","DET",467,,0.024158727377653122,,0.024158727377653122,13621
"Aneurys Zabala","MIA",,2.6666,0,0.023804523050785065,0.023804523050785065,20802
"Hirokazu Sawamura","BOS",,50.6666,0,0.022741977125406265,0.022741977125406265,27515
"Nick Neidert","MIA",,5,0,0.022673415020108223,0.022673415020108223,18699
"Jordan Holloway","MIA",,2.6666,0,0.02197250910103321,0.02197250910103321,20631
"Collin Wiles","OAK",,9.6666,0,0.021936576813459396,0.021936576813459396,15106
"Wily Peralta","DET",,38.3333,0,0.020359326153993607,0.020359326153993607,7738
"Jesus Tinoco","TEX",,20.6666,0,0.01957743428647518,0.01957743428647518,16300
"Nick Duron","PHI",,1,0,0.019464807584881783,0.019464807584881783,21092
"William Woods","ATL",,2,0,0.018679946660995483,0.018679946660995483,25075
"Freddy Tarnok","ATL",,0.6666,0,0.018288880586624146,0.018288880586624146,23324
"Dominic Leone","SFG",,49.3333,0,0.018044177442789078,0.018044177442789078,13763
"Adalberto Mondesi","KCR",54,,0.01801306940615177,,0.01801306940615177,13769
"Reiss Knehr","SDP",,13.6666,0,0.01790025271475315,0.01790025271475315,21541
"Bowden Francis","TOR",,0.6666,0,0.016186602413654327,0.016186602413654327,20548
"Adonis Medina","NYM",,23.6666,0,0.015735717490315437,0.015735717490315437,19903
"Ronny Henriquez","MIN",,11.6666,0,0.015638945624232292,0.015638945624232292,24094
"Juan Yepez","STL",274,,0.015195119194686413,,0.015195119194686413,18400
"Michael Rucker","CHC",,54.6666,0,0.014673621393740177,0.014673621393740177,19454
"Anthony Kay","TOR",,2,0,0.013306296430528164,0.013306296430528164,20387
"Jack Flaherty","STL",,36,0,0.012951280921697617,0.012951280921697617,17479
"Kyle Dowdy","CIN",,6.3333,0,0.012103129178285599,0.012103129178285599,19285
"Anthony DeSclafani","SFG",,19,0,0.011803687550127506,0.011803687550127506,13050
"Domingo Acevedo","OAK",,67.6666,0,0.011572049930691719,0.011572049930691719,17092
"Tyler Holton","ARI",,9,0,0.011425252072513103,0.011425252072513103,26231
"Ryan Weber","NYY",,10.6666,0,0.010875959880650043,0.010875959880650043,10160
"César Valdez","LAA",,1,0,0.010039549320936203,0.010039549320936203,9013
"Blake Treinen","LAD",,5,0,0.009157606400549412,0.009157606400549412,12572
"Glenn Otto","TEX",,135.6666,0,0.00904897227883339,0.00904897227883339,21366
"Terrance Gore","NYM",8,,0.00840800441801548,,0.00840800441801548,13658
"Rowan Wick","CHC",,64,0,0.007684116251766682,0.007684116251766682,14646
"Kenny Rosenberg","LAA",,10.6666,0,0.007253387477248907,0.007253387477248907,20009
"Anthony Misiewicz","- - -",,28.9999,0,0.005809977650642395,0.005809977650642395,18152
"Alex Claudio","NYM",,3.3333,0,0.004802902694791555,0.004802902694791555,12890
"Shaun Anderson","TOR",,1,0,0.004042636603116989,0.004042636603116989,19453
"Wynton Bernard","COL",42,,0.0038492176681756973,,0.0038492176681756973,13408
"Brennan Bernardino","SEA",,2.3333,0,0.0037847417406737804,0.0037847417406737804,16835
"Gavin Hollowell","COL",,7,0,0.0033804895356297493,0.0033804895356297493,25427
"Jonathan Hernández","TEX",,30.3333,0,0.003374630818143487,0.003374630818143487,17464
"Marcus Wilson","SEA",6,,0.002761617535725236,,0.002761617535725236,17910
"Stephen Strasburg","WSN",,4.6666,0,0.002590770600363612,0.002590770600363612,10131
"Jordan Sheffield","COL",,2,0,0.002308495342731476,0.002308495342731476,19682
"JT Riddle","CIN",4,,0.0021721282973885536,,0.0021721282973885536,17642
"Raynel Espinal","CIN",,4.6666,0,0.001533321919851005,0.001533321919851005,19516
"Tyler Freeman","CLE",86,,0.0010686576133593917,,0.0010686576133593917,22532
"Cory Spangenberg","STL",,,0.00018003484001383185,,0.00018003484001383185,12294
"Scott Kingery","PHI",,,0.00018003484001383185,,0.00018003484001383185,17975
"Mickey McDonald","OAK",6,,0.00009026529005495831,,0.00009026529005495831,20533
"Jorge Alcala","MIN",,2.3333,0,-0.000052940518799005076,-0.000052940518799005076,19459
"José Castillo","SDP",,1,0,-0.0006588542019017041,-0.0006588542019017041,17169
"Tim Mayza","TOR",,48.6666,0,-0.0007545156986452639,-0.0007545156986452639,15042
"Conner Menez","CHC",,1,0,-0.0007962439558468759,-0.0007962439558468759,19199
"Victor Reyes","DET",336,,-0.0011239948216825724,,-0.0011239948216825724,15487
"Zack Kelly","BOS",,13.6666,0,-0.0011240181047469378,-0.0011240181047469378,20349
"Lewis Brinson","SFG",39,,-0.002289752708747983,,-0.002289752708747983,14352
"Riley O'Brien","SEA",,1,0,-0.0024209741968661547,-0.0024209741968661547,20348
"Anthony Banda","- - -",,26.6665,0,-0.003076517954468727,-0.003076517954468727,14706
"Grayson Greiner","ARI",8,,-0.005009832326322794,,-0.005009832326322794,17062
"Tyler Thornburg","- - -",,18.9999,0,-0.005073845386505127,-0.005073845386505127,10688
"Luke Raley","TBR",72,,-0.005219654645770788,,-0.005219654645770788,19354
"Dairon Blanco","KCR",7,,-0.005738743580877781,,-0.005738743580877781,19779
"Mark Kolozsvary","CIN",21,,-0.007578392047435045,,-0.007578392047435045,21304
"Caleb Kilian","CHC",,11.3333,0,-0.0075971330516040325,-0.0075971330516040325,26213
"Josh Winckowski","BOS",,70.3333,0,-0.008103013038635254,-0.008103013038635254,22387
"Joe Perez","HOU",1,,-0.008321288041770458,,-0.008321288041770458,22254
"Nate Fisher","NYM",,3,0,-0.008640295825898647,-0.008640295825898647,25512
"Cristopher Sánchez","PHI",,40,0,-0.010194786824285984,-0.010194786824285984,20778
"Tommy Hunter","NYM",,22.3333,0,-0.010922931134700775,-0.010922931134700775,1157
"Sergio Alcántara","- - -",224,,-0.011138439178466797,,-0.011138439178466797,16417
"Jeremiah Estrada","CHC",,5.6666,0,-0.011170154437422752,-0.011170154437422752,22210
"Jake Reed","- - -",,16.6665,0,-0.011894434690475464,-0.011894434690475464,16209
"Dillon Thomas","LAA",14,,-0.01397776324301958,,-0.01397776324301958,12719
"Enoli Paredes","HOU",,3,0,-0.014293448999524117,-0.014293448999524117,20447
"Drew Smith","NYM",,46,0,-0.015422062017023563,-0.015422062017023563,17755
"Kevin Pillar","LAD",13,,-0.016040660440921783,,-0.016040660440921783,12434
"Pablo Reyes","MIL",16,1,-0.021918993443250656,0.005518833175301552,-0.016400160267949104,16357
"Gregory Santos","SFG",,3.6666,0,-0.01687243953347206,-0.01687243953347206,21894
"Matt Peacock","- - -",,9.9999,0,-0.017026178538799286,-0.017026178538799286,20339
"Greg Allen","PIT",134,,-0.01757252961397171,,-0.01757252961397171,16623
"Austin Adams","SDP",,2.3333,0,-0.01763494499027729,-0.01763494499027729,13801
"Pedro Báez","HOU",,2.3333,0,-0.018635131418704987,-0.018635131418704987,5420
"Robert Gsellman","CHC",,15.3333,0,-0.019070427864789963,-0.019070427864789963,13696
"Corey Knebel","PHI",,44.6666,0,-0.01937064342200756,-0.01937064342200756,15010
"Matt Dermody","CHC",,1,0,-0.019417934119701385,-0.019417934119701385,14844
"Zac Lowther","BAL",,5.3333,0,-0.019792625680565834,-0.019792625680565834,20243
"Cam Vieaux","PIT",,8.6666,0,-0.019907085224986076,-0.019907085224986076,19529
"Vinny Nittoli","PHI",,2,0,-0.01993805728852749,-0.01993805728852749,16754
"Kyle Muller","ATL",,12.3333,0,-0.021930113434791565,-0.021930113434791565,20167
"Yusniel Díaz","BAL",1,,-0.02193642035126686,,-0.02193642035126686,18905
"Jose Cuas","KCR",,37.6666,0,-0.022090010344982147,-0.022090010344982147,17701
"Taylor Jones","HOU",1,,-0.022165095433592796,,-0.022165095433592796,19533
"Danny Young","- - -",,6.3332,0,-0.02233806625008583,-0.02233806625008583,18439
"Ka'ai Tom","SFG",1,,-0.02246035262942314,,-0.02246035262942314,18136
"Chris Devenski","- - -",,14.6666,0,-0.02304459549486637,-0.02304459549486637,12763
"Adam Haseley","CHW",25,,-0.023767659440636635,,-0.023767659440636635,19878
"Foster Griffin","- - -",,6.3333,0,-0.02399389259517193,-0.02399389259517193,16432
"Simeon Woods Richardson","MIN",,5,0,-0.024486666545271873,-0.024486666545271873,24494
"Michael Grove","LAD",,29.3333,0,-0.02478589490056038,-0.02478589490056038,23221
"Nash Walters","LAA",,0.3333,0,-0.026210952550172806,-0.026210952550172806,25413
"Jason Krizan","SFG",10,,-0.026571067050099373,,-0.026571067050099373,12394
"Andrew Vasquez","- - -",,8.666599999999999,0,-0.026755981147289276,-0.026755981147289276,19482
"Nicholas Padilla","CHC",,1.6665999999999999,0,-0.027578050270676613,-0.027578050270676613,21327
"Drew Steckenrider","SEA",,14.3333,0,-0.027816640213131905,-0.027816640213131905,18806
"Michael Kelly","PHI",,4,0,-0.028779972344636917,-0.028779972344636917,12791
"Austin Hedges","CLE",338,,-0.028969397768378258,,-0.028969397768378258,12976
"Greg Weissert","NYY",,11.3333,0,-0.02944902889430523,-0.02944902889430523,20375
"Pedro Avila","SDP",,4,0,-0.030225079506635666,-0.030225079506635666,18864
"Ashton Goudeau","COL",,20.3333,0,-0.030761411413550377,-0.030761411413550377,15139
"John King","TEX",,51.3333,0,-0.03098270110785961,-0.03098270110785961,22051
"Lucas Sims","CIN",,6.6666,0,-0.03224765136837959,-0.03224765136837959,13470
"Damon Jones","PHI",,4.6666,0,-0.03446102514863014,-0.03446102514863014,23310
"Beau Sulser","- - -",,22.3332,0,-0.03471397701650858,-0.03471397701650858,23420
"Roenis Elías","SEA",,7.6666,0,-0.03494645282626152,-0.03494645282626152,12673
"Matt Duffy","LAA",247,,-0.03726240247488022,,-0.03726240247488022,13836
"Steven Okert","MIA",,51.3333,0,-0.037606559693813324,-0.037606559693813324,13580
"Alex Jackson","MIL",12,,-0.03844159096479416,,-0.03844159096479416,17276
"Jandel Gustave","MIL",,28,0,-0.038606684654951096,-0.038606684654951096,14665
"Justin Grimm","OAK",,15.3333,0,-0.0390825979411602,-0.0390825979411602,11720
"JT Chargois","TBR",,22.3333,0,-0.03976986184716225,-0.03976986184716225,13767
"Andrew Knizner","STL",293,0.6666,-0.04396349936723709,0.00279037281870842,-0.04117312654852867,19514
"Brandon Dixon","SDP",14,,-0.04119672626256943,,-0.04119672626256943,15214
"Tim Locastro","NYY",46,,-0.041292719542980194,,-0.041292719542980194,15124
"Reiver Sanmartin","CIN",2,57,-0.019875291734933853,-0.021570175886154175,-0.04144546762108803,19754
"Nate Mondou","OAK",3,,-0.04171988368034363,,-0.04171988368034363,19563
"Sam Moll","OAK",,43.3333,0,-0.04208965599536896,-0.04208965599536896,14874
"Tommy Kahnle","LAD",,12.6666,0,-0.04218679293990135,-0.04218679293990135,11384
"Drew Jackson","OAK",3,,-0.04224390536546707,,-0.04224390536546707,17807
"Logan O'Hoppe","LAA",16,,-0.042865410447120667,,-0.042865410447120667,24729
"Donny Sands","PHI",4,,-0.04324234649538994,,-0.04324234649538994,18603
"Sam Coonrod","PHI",,12.6666,0,-0.04599319398403168,-0.04599319398403168,17264
"Matthew Batten","SDP",22,2,0.003367216559126973,-0.05105389282107353,-0.04768667626194656,20157
"Jack Larsen","SEA",1,,-0.0488256961107254,,-0.0488256961107254,20510
"Payton Henry","MIA",35,,-0.04914800450205803,,-0.04914800450205803,22164
"Edwin Uceta","ARI",,17,0,-0.049337077885866165,-0.049337077885866165,20539
"Narciso Crook","CHC",9,,-0.04948391020298004,,-0.04948391020298004,17473
"Abraham Almonte","BOS",37,,-0.049669232219457626,,-0.049669232219457626,5486
"Eric Stout","- - -",,22.333199999999998,0,-0.050371753983199596,-0.050371753983199596,16873
"Max Meyer","MIA",,6,0,-0.05140605568885803,-0.05140605568885803,27474
"Luke Farrell","- - -",,15,0,-0.05203465186059475,-0.05203465186059475,15101
"Evan Lee","WSN",,8.6666,0,-0.052158694714307785,-0.052158694714307785,24988
"Shane Greene","- - -",,3,0,-0.052442558109760284,-0.052442558109760284,10756
"Patrick Murphy","WSN",,5.6666,0,-0.052852094173431396,-0.052852094173431396,19712
"Paul Fry","- - -",,13,0,-0.0529538718983531,-0.0529538718983531,15832
"Andrew Wantz","LAA",,50.3333,0,-0.053503282368183136,-0.053503282368183136,24933
"Josh Smith","TEX",253,,-0.05360446497797966,,-0.05360446497797966,26396
"Nick Snyder","TEX",,1,0,-0.05420079454779625,-0.05420079454779625,23493
"Luis Campusano","SDP",50,,-0.056046683341264725,,-0.056046683341264725,22217
"Michael Feliz","BOS",,3.3333,0,-0.05609425902366638,-0.05609425902366638,11903
"Max Castillo","- - -",,39.3332,0,-0.056879072450101376,-0.056879072450101376,21956
"Parker Markel","OAK",,3,0,-0.06277960538864136,-0.06277960538864136,12106
"Jordan Groshans","MIA",65,,-0.06281384080648422,,-0.06281384080648422,23794
"Símon Muzziotti","PHI",9,,-0.06314057856798172,,-0.06314057856798172,19553
"J.C. Mejía","MIL",,2.3333,0,-0.06373637169599533,-0.06373637169599533,20617
"Jonah Bride","OAK",187,,-0.06464188545942307,,-0.06464188545942307,24703
"Alex Wells","BAL",,3.6666,0,-0.0648886188864708,-0.0648886188864708,19845
"José Buttó","NYM",,4,0,-0.06535433232784271,-0.06535433232784271,23313
"Pavin Smith","ARI",277,,-0.06635971367359161,,-0.06635971367359161,19892
"DJ Stewart","BAL",3,,-0.06644048541784286,,-0.06644048541784286,17766
"Noah Davis","COL",,1,0,-0.06653427332639694,-0.06653427332639694,25862
"Emilio Pagán","MIN",,63,0,-0.06780586391687393,-0.06780586391687393,14771
"Bubby Rossman","PHI",,1,0,-0.0680316686630249,-0.0680316686630249,17179
"Canaan Smith-Njigba","PIT",7,,-0.06943847984075546,,-0.06943847984075546,23264
"Bryan Garcia","DET",,20.3333,0,-0.07085664570331573,-0.07085664570331573,19457
"Daniel Duarte","CIN",,2.6666,0,-0.07109144330024719,-0.07109144330024719,17480
"Yainer Diaz","HOU",9,,-0.07126308232545853,,-0.07126308232545853,23003
"Robbie Erlin","LAD",,2,0,-0.07161499559879303,-0.07161499559879303,10354
"Yairo Muñoz","PHI",60,,-0.07270792126655579,,-0.07270792126655579,16313
"Sean Reid-Foley","NYM",,10,0,-0.07282928377389908,-0.07282928377389908,17034
"Derek Law","- - -",,19.6666,0,-0.07335686683654785,-0.07335686683654785,13133
"Marco Gonzales","SEA",,183,0,-0.07347845286130905,-0.07347845286130905,15467
"Devin Smeltzer","MIN",,70.3333,0,-0.07417312264442444,-0.07417312264442444,19487
"Carlos Pérez","CHW",18,,-0.0743299201130867,,-0.0743299201130867,20805
"Stephen Nogosek","NYM",,22,0,-0.07561757415533066,-0.07561757415533066,19545
"Cody Poteet","MIA",,28,0,-0.07612216472625732,-0.07612216472625732,18769
"Ronel Blanco","HOU",,6.3333,0,-0.07622247189283371,-0.07622247189283371,19407
"Justus Sheffield","SEA",,11.6666,0,-0.07655566185712814,-0.07655566185712814,17285
"Tyler Alexander","DET",,101,0,-0.07695058733224869,-0.07695058733224869,17735
"Travis Blankenhorn","NYM",3,,-0.07708728313446045,,-0.07708728313446045,18395
"Angel Zerpa","KCR",,11,0,-0.07739078253507614,-0.07739078253507614,22717
"Cole Sands","MIN",,30.6666,0,-0.07891640812158585,-0.07891640812158585,21461
"Ronnie Dawson","CIN",3,,-0.08076485991477966,,-0.08076485991477966,19710
"Jarlín García","SFG",,65,0,-0.08223791420459747,-0.08223791420459747,18282
"Ford Proctor","SFG",22,,-0.0823148563504219,,-0.0823148563504219,21634
"Deven Marrero","NYM",6,,-0.08401300758123398,,-0.08401300758123398,13325
"Cody Thomas","OAK",32,,-0.08419272303581238,,-0.08419272303581238,19828
"David McKay","- - -",,6.6666,0,-0.08617906272411346,-0.08617906272411346,19814
"Ray Kerr","SDP",,5,0,-0.08684998005628586,-0.08684998005628586,23809
"Spencer Steer","CIN",108,,-0.08697646856307983,,-0.08697646856307983,26323
"Ross Detwiler","CIN",,26.3333,0,-0.08740896731615067,-0.08740896731615067,2859
"Max Stassi","LAA",375,,-0.08745922893285751,,-0.08745922893285751,10059
"Yoan López","NYM",,11,0,-0.08769741654396057,-0.08769741654396057,17181
"Daz Cameron","DET",70,,-0.08770021051168442,,-0.08770021051168442,18353
"Gerardo Reyes","LAA",,2,0,-0.0877402201294899,-0.0877402201294899,16306
"Kramer Robertson","STL",1,,-0.08778271824121475,,-0.08778271824121475,20022
"Locke St. John","CHC",,2,0,-0.08811841160058975,-0.08811841160058975,16850
"Chris Ellis","BAL",,4.3333,0,-0.08846932649612427,-0.08846932649612427,16125
"Josh Fleming","TBR",,35,0,-0.08852636814117432,-0.08852636814117432,20418
"Phil Maton","HOU",,65.6666,0,-0.0885767787694931,-0.0885767787694931,18064
"Chad Smith","COL",,18,0,-0.0903821662068367,-0.0903821662068367,20190
"Ryan Pepiot","LAD",,36.3333,0,-0.09056604653596878,-0.09056604653596878,26221
"Luke Barker","MIL",,4,0,-0.09153247624635696,-0.09153247624635696,19609
"Cole Waites","SFG",,5.6666,0,-0.09386572986841202,-0.09386572986841202,25665
"Michael Stefanic","LAA",69,,-0.09738091379404068,,-0.09738091379404068,25353
"Alex Colomé","COL",,47,0,-0.09752027690410614,-0.09752027690410614,6661
"Erik González","MIA",41,,-0.0977298766374588,,-0.0977298766374588,13369
"Ender Inciarte","NYM",8,,-0.09980636835098267,,-0.09980636835098267,4922
"Anthony Alford","PIT",4,,-0.10072348266839981,,-0.10072348266839981,14329
"James Naile","STL",,9,0,-0.10131223499774933,-0.10131223499774933,18186
"Brandon Bielak","HOU",,12.3333,0,-0.10140728205442429,-0.10140728205442429,19866
"Blake Taylor","HOU",,16,0,-0.10172971338033676,-0.10172971338033676,16418
"Tony Wolters","LAD",4,,-0.10229887068271637,,-0.10229887068271637,11470
"Austin Allen","OAK",16,,-0.10276777297258377,,-0.10276777297258377,18083
"Xzavion Curry","CLE",,9.3333,0,-0.10374855995178223,-0.10374855995178223,25595
"Ronald Guzmán","NYY",6,,-0.10389242321252823,,-0.10389242321252823,14388
"Jerar Encarnacion","MIA",81,,-0.10432308167219162,,-0.10432308167219162,21871
"Dillon Peters","PIT",,39.3333,0,-0.10435111820697784,-0.10435111820697784,18790
"Ethan Small","MIL",,6.3333,0,-0.10462338477373123,-0.10462338477373123,26364
"Spencer Patton","TEX",,7,0,-0.10525692254304886,-0.10525692254304886,12361
"Bryan Lavastida","CLE",15,,-0.10575751215219498,,-0.10575751215219498,24765
"Steele Walker","TEX",16,,-0.10659731179475784,,-0.10659731179475784,22093
"Alejo Lopez","CIN",156,2.6666,-0.009671828709542751,-0.09740134328603745,-0.1070731719955802,21127
"Freddy Fermin","KCR",7,,-0.10791946947574615,,-0.10791946947574615,21840
"Adam Kolarek","OAK",,17.6666,0,-0.10957539081573486,-0.10957539081573486,10843
"Connor Sadzeck","MIL",,3,0,-0.10958320647478104,-0.10958320647478104,13483
"Josh Lester","DET",5,,-0.10994548350572586,,-0.10994548350572586,17737
"Trent Thornton","TOR",,46,0,-0.11000268906354904,-0.11000268906354904,17948
"Clint Frazier","CHC",45,,-0.11142716556787491,,-0.11142716556787491,15983
"Yunior Marte","SFG",,48,0,-0.11230955272912979,-0.11230955272912979,14416
"Collin Snider","KCR",,34.3333,0,-0.1123715192079544,-0.1123715192079544,23307
"Sebastián  Rivero","KCR",29,,-0.11491312831640244,,-0.11491312831640244,21735
"Ian Hamilton","MIN",,2.6666,0,-0.11508691310882568,-0.11508691310882568,19261
"Wil Crowe","PIT",,76,0,-0.11569002270698547,-0.11569002270698547,19800
"Cole Sulser","MIA",,34,0,-0.11604984849691391,-0.11604984849691391,15256
"Alfonso Rivas III","CHC",287,,-0.1167377158999443,,-0.1167377158999443,21560
"Anthony Bender","MIA",,19.3333,0,-0.11693430691957474,-0.11693430691957474,19742
"Brett Baty","NYM",42,,-0.11736156046390533,,-0.11736156046390533,26123
"Corbin Martin","ARI",,22.3333,0,-0.11887075006961823,-0.11887075006961823,19884
"Silvino Bracho","ATL",,4.3333,0,-0.11907592415809631,-0.11907592415809631,15051
"Angel De Jesus","DET",,12.6666,0,-0.1198633462190628,-0.1198633462190628,22323
"Trevor Gott","MIL",,45.6666,0,-0.12076400220394135,-0.12076400220394135,15046
"Adam Engel","CHW",260,,-0.1218319982290268,,-0.1218319982290268,15082
"Brian Moran","LAA",,0.3333,0,-0.12287616729736328,-0.12287616729736328,9646
"Brewer Hicklen","KCR",4,,-0.12289966642856598,,-0.12289966642856598,20450
"Nick Plummer","NYM",31,,-0.12315502017736435,,-0.12315502017736435,18690
"Jarren Duran","BOS",223,,-0.12367591261863708,,-0.12367591261863708,24617
"Rico Garcia","BAL",,8,0,-0.12397797405719757,-0.12397797405719757,20023
"Michael Toglia","COL",120,,-0.12402737140655518,,-0.12402737140655518,25845
"Albert Abreu","- - -",,38.6665,0,-0.12411648035049438,-0.12411648035049438,17485
"Manny Piña","ATL",17,,-0.12444980442523956,,-0.12444980442523956,2829
"Jeremy Beasley","TOR",,15,0,-0.12478142976760864,-0.12478142976760864,20205
"Oliver Pérez","ARI",,4,0,-0.12733948230743408,-0.12733948230743408,1514
"Reed Garrett","WSN",,9.3333,0,-0.12736742198467255,-0.12736742198467255,16866
"Travis Jankowski","- - -",64,,-0.1279413215816021,,-0.1279413215816021,13768
"Carlos Hernández","KCR",,56,0,-0.12847085297107697,-0.12847085297107697,22713
"Nick Vespi","BAL",,26.3333,0,-0.1313118040561676,-0.1313118040561676,21093
"Jake McGee","- - -",,36.9999,0,-0.13132715364918113,-0.13132715364918113,7550
"Chi Chi González","- - -",,22.9999,0,-0.1358805149793625,-0.1358805149793625,14663
"Kaleb Ort","BOS",,28.3333,0,-0.13656498491764069,-0.13656498491764069,20061
"Zack Short","DET",13,,-0.13782992959022522,,-0.13782992959022522,19562
"Nick Solak","TEX",95,,-0.13810697197914124,,-0.13810697197914124,19294
"Tanner Tully","CLE",,6,0,-0.13835358619689941,-0.13835358619689941,19518
"Jackson Tetreault","WSN",,21,0,-0.13857872784137726,-0.13857872784137726,20565
"Tyler Clippard","WSN",,5,0,-0.13858644664287567,-0.13858644664287567,5640
"Andrew Kittredge","TBR",,20,0,-0.13859207928180695,-0.13859207928180695,12828
"Domingo Tapia","OAK",,17,0,-0.13934162259101868,-0.13934162259101868,12178
"Tyson Miller","TEX",,10.6666,0,-0.13973553478717804,-0.13973553478717804,19976
"Bryce Johnson","SFG",19,,-0.14137738943099976,,-0.14137738943099976,20002
"Brendon Davis","DET",11,,-0.14318324625492096,,-0.14318324625492096,18587
"Luis Liberato","SDP",5,,-0.1438656896352768,,-0.1438656896352768,17307
"José Ruiz","CHW",,60.6666,0,-0.14435677230358124,-0.14435677230358124,14552
"Andrés Machado","WSN",,59.3333,0,-0.14725558459758759,-0.14725558459758759,14681
"Cal Stevenson","OAK",71,,-0.14830543100833893,,-0.14830543100833893,22411
"Mark Payton","CHW",25,,-0.14890795946121216,,-0.14890795946121216,16042
"Ezequiel Tovar","COL",35,,-0.1504809558391571,,-0.1504809558391571,24064
"Brett Phillips","- - -",225,4,0.06436263024806976,-0.21524743735790253,-0.15088480710983276,14735
"Luis Perdomo","MIL",,23.6666,0,-0.15195532143115997,-0.15195532143115997,14682
"Frank German","BOS",,4,0,-0.1535765826702118,-0.1535765826702118,24750
"Bryse Wilson","PIT",,115.6666,0,-0.15376560389995575,-0.15376560389995575,19990
"Jarred Kelenic","SEA",181,,-0.157969668507576,,-0.157969668507576,22558
"Wilmer Difo","ARI",6,,-0.15811261534690857,,-0.15811261534690857,14320
"Caleb Hamilton","MIN",23,,-0.15881358087062836,,-0.15881358087062836,19842
"Tyler Matzek","ATL",,43.6666,0,-0.1588362604379654,-0.1588362604379654,10058
"Matt Koch","SEA",,4.3333,0,-0.15999843180179596,-0.15999843180179596,13420
"JoJo Romero","- - -",,16.3333,0,-0.16190019249916077,-0.16190019249916077,19574
"Austin Meadows","DET",147,,-0.1630171239376068,,-0.1630171239376068,15672
"Matt Festa","SEA",,54,0,-0.1635163575410843,-0.1635163575410843,19330
"Will Smith","- - -",,59,0,-0.16369286179542542,-0.16369286179542542,8048
"Travis Swaggerty","PIT",9,,-0.16397559642791748,,-0.16397559642791748,24491
"Jared Solomon","CIN",,8.3333,0,-0.1667095571756363,-0.1667095571756363,23425
"Tucupita Marcano","PIT",177,,-0.16809608042240143,,-0.16809608042240143,22871
"Nick Pratto","KCR",182,,-0.16814899444580078,,-0.16814899444580078,22117
"Aaron Fletcher","PIT",,11.6666,0,-0.16941402852535248,-0.16941402852535248,22052
"Bobby Dalbec","BOS",353,,-0.17160961031913757,,-0.17160961031913757,19966
"Paolo Espino","WSN",,113.3333,0,-0.17178091406822205,-0.17178091406822205,8246
"Anthony Gose","CLE",,21,0,-0.17205125093460083,-0.17205125093460083,5097
"Francisco Pérez","WSN",,8.6666,0,-0.17236945033073425,-0.17236945033073425,21018
"Brent Suter","MIL",,66.6666,0,-0.1727292537689209,-0.1727292537689209,13942
"Sam Clay","- - -",,5.3333,0,-0.17284705769270658,-0.17284705769270658,16279
"Sam Howard","PIT",,2,0,-0.1739780455827713,-0.1739780455827713,16265
"Jared Koenig","OAK",,39.3333,0,-0.17437106370925903,-0.17437106370925903,27517
"Gabriel Arias","CLE",57,,-0.17546704411506653,,-0.17546704411506653,22563
"Austin Warren","LAA",,16,0,-0.17547811567783356,-0.17547811567783356,24937
"Huascar Ynoa","ATL",,6.6666,0,-0.1760764718055725,-0.1760764718055725,20468
"Aaron Brooks","STL",,9.3333,0,-0.17658239603042603,-0.17658239603042603,12272
"Matt Thaiss","LAA",81,,-0.17768438160419464,,-0.17768438160419464,19318
"Aaron Whitefield","LAA",11,,-0.1801120787858963,,-0.1801120787858963,19938
"Jerad Eickhoff","PIT",,4.3333,0,-0.1802987903356552,-0.1802987903356552,12664
"José Godoy","- - -",22,,-0.18149565951898694,,-0.18149565951898694,15808
"Jesus Cruz","ATL",,8.6666,0,-0.18171103298664093,-0.18171103298664093,20042
"J.J. Matijevic","HOU",71,,-0.18518556654453278,,-0.18518556654453278,20165
"Miles Mastrobuoni","TBR",17,,-0.18553957343101501,,-0.18553957343101501,20017
"Ryan Aguilar","LAA",26,,-0.18669070303440094,,-0.18669070303440094,19967
"Aroldis Chapman","NYY",,36.3333,0,-0.18702203035354614,-0.18702203035354614,10233
"Arodys Vizcaíno","KCR",,5.6666,0,-0.1875019520521164,-0.1875019520521164,5498
"A.J. Ladwig","MIA",,3.3333,0,-0.18839547038078308,-0.18839547038078308,16266
"Francisco Morales","PHI",,5,0,-0.18841786682605743,-0.18841786682605743,22913
"Oliver Ortega","LAA",,34,0,-0.19039884209632874,-0.19039884209632874,21025
"Andrelton Simmons","CHC",85,1,-0.1917862892150879,-0.0005628311191685498,-0.19234912033425644,10847
"Kodi Whitley","STL",,12.6666,0,-0.19370517134666443,-0.19370517134666443,19731
"A.J. Alexy","TEX",,7,0,-0.19411419332027435,-0.19411419332027435,22343
"Garrett Hill","DET",,60.3333,0,-0.19433726370334625,-0.19433726370334625,25097
"Chad Wallach","LAA",40,,-0.19450494647026062,,-0.19450494647026062,17161
"Nick Castellanos","PHI",558,,-0.19498854875564575,,-0.19498854875564575,11737
"Yermín Mercedes","SFG",83,,-0.19665288925170898,,-0.19665288925170898,17423
"Jonathan Aranda","TBR",87,,-0.19712601602077484,,-0.19712601602077484,21837
"Jackie Bradley Jr.","- - -",370,1,-0.16374382376670837,-0.034070421010255814,-0.1978142447769642,12984
"Sam Selman","OAK",,18.3333,0,-0.19958637654781342,-0.19958637654781342,13397
"Garrett Hampson","COL",226,,-0.2019658237695694,,-0.2019658237695694,19262
"Colin Poche","TBR",,58.6666,0,-0.20229113101959229,-0.20229113101959229,19403
"Kirby Yates","ATL",,7,0,-0.20252367854118347,-0.20252367854118347,9073
"Aramis Garcia","CIN",115,,-0.20463065803050995,,-0.20463065803050995,16925
"Chris Okey","CIN",13,,-0.2049482762813568,,-0.2049482762813568,19245
"Zack Britton","NYY",,0.6666,0,-0.2049514502286911,-0.2049514502286911,3240
"Ronald Bolaños","KCR",,18.3333,0,-0.20569638907909393,-0.20569638907909393,20041
"Manuel Rodríguez","CHC",,13.6666,0,-0.2067159116268158,-0.2067159116268158,20794
"Yohan Ramírez","- - -",,37.3333,0,-0.2092707920819521,-0.2092707920819521,19444
"Eduard Bazardo","BOS",,16.3333,0,-0.20935563743114471,-0.20935563743114471,20997
"Connor Seabold","BOS",,18.3333,0,-0.21016600728034973,-0.21016600728034973,19695
"Billy Hamilton","- - -",23,,-0.21048542112112045,,-0.21048542112112045,10199
"Drew Ellis","- - -",17,,-0.21363622322678566,,-0.21363622322678566,19873
"Jo Adell","LAA",285,,-0.2165650576353073,,-0.2165650576353073,20220
"Jacob Stallings","MIA",384,,-0.21696233749389648,,-0.21696233749389648,13723
"Steven Souza Jr.","SEA",19,,-0.21948404610157013,,-0.21948404610157013,5667
"Christian Lopes","OAK",10,,-0.2217346876859665,,-0.2217346876859665,13472
"Rylan Bannon","- - -",15,,-0.22281018097419292,,-0.22281018097419292,19768
"Louis Head","- - -",,28.6666,0,-0.22303353250026703,-0.22303353250026703,13259
"Israel Pineda","WSN",14,,-0.22317646443843842,,-0.22317646443843842,22906
"Elier Hernandez","TEX",35,,-0.22449125349521637,,-0.22449125349521637,13750
"Elvis Peguero","LAA",,17.3333,0,-0.22523465752601624,-0.22523465752601624,21652
"Sandy León","- - -",86,2,-0.23505915887653828,0.009444995783269405,-0.22561416309326887,5273
"Taylor Motter","CIN",6,,-0.22736284136772156,,-0.22736284136772156,12399
"Luis Frías","ARI",,17,0,-0.22799812257289886,-0.22799812257289886,21997
"Joshua Palacios","WSN",49,,-0.22843053936958313,,-0.22843053936958313,19818
"Andy Ibáñez","TEX",128,,-0.22889132797718048,,-0.22889132797718048,18819
"Mark Vientos","NYM",41,,-0.22946767508983612,,-0.22946767508983612,22184
"Bo Naylor","CLE",8,,-0.2299082726240158,,-0.2299082726240158,21865
"Kervin Castro","- - -",,12.333200000000001,0,-0.23068519867956638,-0.23068519867956638,21656
"Michael Hermosillo","CHC",73,,-0.2339984029531479,,-0.2339984029531479,16285
"Art Warren","CIN",,36,0,-0.2351333647966385,-0.2351333647966385,18251
"Chase De Jong","PIT",,71.6666,0,-0.23699794709682465,-0.23699794709682465,15036
"Dominic Smith","NYM",152,,-0.23874793946743011,,-0.23874793946743011,15653
"Brendon Little","CHC",,0.6666,0,-0.24035389721393585,-0.24035389721393585,21574
"Estevan Florial","NYY",35,,-0.24158883094787598,,-0.24158883094787598,19151
"Michael Pérez","- - -",132,,-0.2430673986673355,,-0.2430673986673355,12977
"Jhoulys Chacín","COL",,47.3333,0,-0.24357588589191437,-0.24357588589191437,2608
"Aníbal Sánchez","WSN",,69.3333,0,-0.24410194158554077,-0.24410194158554077,3284
"Chase Silseth","LAA",,28.6666,0,-0.2449057549238205,-0.2449057549238205,30074
"Iván Herrera","STL",22,,-0.24676582217216492,,-0.24676582217216492,20599
"Erich Uelmen","CHC",,27,0,-0.24762792885303497,-0.24762792885303497,20323
"Alec Burleson","STL",53,,-0.24798977375030518,,-0.24798977375030518,27615
"Kody Clemens","DET",127,7,-0.2877500355243683,0.039119645953178406,-0.24863038957118988,20572
"Norge Ruiz","OAK",,19,0,-0.24900412559509277,-0.24900412559509277,19580
"Calvin Faucher","TBR",,21.3333,0,-0.25081416964530945,-0.25081416964530945,20116
"Chasen Shreve","NYM",,26.3333,0,-0.2569389045238495,-0.2569389045238495,10855
"Miguel Andujar","- - -",140,,-0.2603253498673439,,-0.2603253498673439,15878
"Miguel Yajure","PIT",,24.3333,0,-0.2603670358657837,-0.2603670358657837,21111
"Anthony Bemboom","BAL",59,,-0.2614893913269043,,-0.2614893913269043,13854
"Zack Littell","SFG",,44.3333,0,-0.261713445186615,-0.261713445186615,15823
"Tyler Beede","- - -",,61.333200000000005,0,-0.2617911100387573,-0.2617911100387573,16981
"Phillip Diehl","CIN",,5.6666,0,-0.2625635266304016,-0.2625635266304016,20030
"R.J. Alvarez","NYM",,2.3333,0,-0.26381367444992065,-0.26381367444992065,13401
"Jason Heyward","CHC",151,,-0.2657775580883026,,-0.2657775580883026,4940
"Justin Bruihl","LAD",,23.6666,0,-0.26672622561454773,-0.26672622561454773,23779
"Adrián Martínez","OAK",,57.6666,0,-0.2670471668243408,-0.2670471668243408,21023
"Miguel Sánchez","MIL",,13.3333,0,-0.26750558614730835,-0.26750558614730835,20074
"Travis Lakins Sr.","BAL",,10.3333,0,-0.26980504393577576,-0.26980504393577576,18600
"Thomas Hatch","TOR",,4.6666,0,-0.2705997824668884,-0.2705997824668884,19264
"Kyle Lewis","SEA",62,,-0.2708175480365753,,-0.2708175480365753,19508
"Akil Baddoo","DET",225,,-0.2725696563720703,,-0.2725696563720703,22168
"Zach Reks","TEX",34,,-0.273391991853714,,-0.273391991853714,19667
"Jake Brentz","KCR",,5.3333,0,-0.2745431661605835,-0.2745431661605835,17783
"Jordan Diaz","OAK",51,,-0.27796801924705505,,-0.27796801924705505,22650
"Jose Herrera","ARI",124,,-0.2782110571861267,,-0.2782110571861267,17040
"Yennier Cano","- - -",,17.9999,0,-0.27865925431251526,-0.27865925431251526,25911
"Jacob Barnes","- - -",,22.333199999999998,0,-0.27892136201262474,-0.27892136201262474,12323
"José Marte","LAA",,11,0,-0.2801997661590576,-0.2801997661590576,21761
"Jackson Kowar","KCR",,15.6666,0,-0.2830196022987366,-0.2830196022987366,21549
"Mike Zunino","TBR",123,,-0.2841023802757263,,-0.2841023802757263,13265
"Dusten Knight","TBR",,11,0,-0.28526434302330017,-0.28526434302330017,16537
"Bradley Zimmer","- - -",117,,-0.2872921824455261,,-0.2872921824455261,16221
"Jimmy Yacabonis","- - -",,13.9999,0,-0.2882821708917618,-0.2882821708917618,15157
"Bennett Sousa","CHW",,20.3333,0,-0.29128217697143555,-0.29128217697143555,21345
"Harold Castro","DET",443,4,-0.2875635027885437,-0.004359917249530554,-0.29192342003807425,14691
"Vimael Machín","OAK",253,,-0.29202693700790405,,-0.29202693700790405,17684
"Jharel Cotton","- - -",,43,0,-0.292944997549057,-0.292944997549057,13654
"J.B. Wendelken","ARI",,29,0,-0.29535576701164246,-0.29535576701164246,14506
"Kirby Snead","OAK",,44.6666,0,-0.29801833629608154,-0.29801833629608154,19179
"Sam Long","SFG",,42.3333,0,-0.2981722056865692,-0.2981722056865692,25379
"Kelvin Gutiérrez","BAL",33,,-0.298615962266922,,-0.298615962266922,17468
"Matt Davidson","- - -",37,,-0.2986805774271488,,-0.2986805774271488,7226
"JJ Bleday","MIA",238,,-0.29978346824645996,,-0.29978346824645996,26368
"Jason Alexander","MIL",,71.6666,0,-0.30086377263069153,-0.30086377263069153,19666
"Jake Bird","COL",,47.6666,0,-0.3011724352836609,-0.3011724352836609,21267
"Peyton Burdick","MIA",102,,-0.3067902624607086,,-0.3067902624607086,25459
"Yonny Hernández","ARI",28,,-0.3130601644515991,,-0.3130601644515991,19432
"Lenyn Sosa","CHW",36,,-0.3155750632286072,,-0.3155750632286072,22896
"Willie Calhoun","- - -",62,,-0.31580469012260437,,-0.31580469012260437,17838
"CJ Abrams","- - -",302,,-0.3170151859521866,,-0.3170151859521866,25768
"Kohei Arihara","TEX",,20,0,-0.31753480434417725,-0.31753480434417725,27505
"Joey Krehbiel","BAL",,57.6666,0,-0.31953978538513184,-0.31953978538513184,13707
"Jeurys Familia","- - -",,44.3333,0,-0.3209618702530861,-0.3209618702530861,5114
"Ralph Garza Jr.","TBR",,35,0,-0.3219323456287384,-0.3219323456287384,17682
"Joe Barlow","TEX",,35,0,-0.323356956243515,-0.323356956243515,22296
"Ryan Burr","CHW",,9,0,-0.32474857568740845,-0.32474857568740845,17536
"Junior Fernández","- - -",,18.6666,0,-0.3258311040699482,-0.3258311040699482,18496
"Thomas Szapucki","- - -",,14.9999,0,-0.3269878476858139,-0.3269878476858139,21065
"Esteury Ruiz","- - -",36,,-0.32793737947940826,,-0.32793737947940826,21780
"Austin Pruitt","OAK",,55.3333,0,-0.3286176323890686,-0.3286176323890686,15290
"Keynan Middleton","ARI",,17,0,-0.3287818431854248,-0.3287818431854248,15264
"Javy Guerra","- - -",,18,0,-0.32896745949983597,-0.32896745949983597,17292
"Alex Dickerson","ATL",36,,-0.33072489500045776,,-0.33072489500045776,12649
"Marcell Ozuna","ATL",507,,-0.33073198795318604,,-0.33073198795318604,10324
"Brandon Hughes","CHC",,57.6666,0,-0.3318193256855011,-0.3318193256855011,23460
"Chuckie Robinson","CIN",60,,-0.3322596848011017,,-0.3322596848011017,19824
"Dauri Moreta","CIN",,38.3333,0,-0.33234742283821106,-0.33234742283821106,21101
"T.J. McFarland","STL",,32.6666,0,-0.33312326669692993,-0.33312326669692993,3237
"Josh Rogers","WSN",,26.3333,0,-0.3334457576274872,-0.3334457576274872,18510
"Diego Castillo","PIT",283,2,-0.22584760189056396,-0.10957881063222885,-0.3354264125227928,19906
"Juan Lagares","LAA",62,,-0.3356361985206604,,-0.3356361985206604,5384
"Tommy Milone","SEA",,16.6666,0,-0.3376047611236572,-0.3376047611236572,7608
"Franchy Cordero","BOS",275,,-0.3381144106388092,,-0.3381144106388092,14567
"Steve Cishek","WSN",,66.3333,0,-0.33867964148521423,-0.33867964148521423,6483
"Alcides Escobar","WSN",131,1.6665999999999999,-0.3154674172401428,-0.02497902698814869,-0.3404464442282915,6310
"Dallas Keuchel","- - -",,60.6666,0,-0.3431749902665615,-0.3431749902665615,9434
"Ethan Roberts","CHC",,7.6666,0,-0.34473752975463867,-0.34473752975463867,24930
"Zack Collins","- - -",108,,-0.3465624488890171,,-0.3465624488890171,19181
"Tucker Davidson","- - -",,51.999900000000004,0,-0.34756163507699966,-0.34756163507699966,19871
"Jeter Downs","BOS",41,,-0.35000017285346985,,-0.35000017285346985,22202
"Tyler Gilbert","ARI",,34.3333,0,-0.3505990207195282,-0.3505990207195282,17964
"Greg Holland","TEX",,4.6666,0,-0.35344862937927246,-0.35344862937927246,7196
"Brent Rooker","- - -",36,,-0.3545336276292801,,-0.3545336276292801,19627
"Dom Nuñez","COL",41,,-0.35589900612831116,,-0.35589900612831116,15055
"Mike Minor","CIN",,98,0,-0.3560534715652466,-0.3560534715652466,10021
"Mike Ford","- - -",149,1,-0.2865240015089512,-0.06962171941995621,-0.3561457209289074,15585
"Richie Palacios","CLE",123,,-0.3583223819732666,,-0.3583223819732666,24589
"Yolmer Sánchez","- - -",44,1,-0.37546439096331596,0.0171224232763052,-0.35834196768701077,11602
"Guillermo Heredia","ATL",82,,-0.35918137431144714,,-0.35918137431144714,18721
"Niko Goodrum","HOU",45,,-0.3610474169254303,,-0.3610474169254303,12092
"Óscar Mercado","- - -",128,,-0.3660343438386917,,-0.3660343438386917,16375
"Jacob Lemoine","OAK",,16.3333,0,-0.36647528409957886,-0.36647528409957886,19785
"Max Schrock","CIN",27,1,-0.25651663541793823,-0.11277161538600922,-0.36928825080394745,17750
"Bobby Bradley","CLE",17,,-0.3721143305301666,,-0.3721143305301666,17278
"Tyler Danish","BOS",,40.3333,0,-0.37565183639526367,-0.37565183639526367,15126
"Justin Upton","SEA",57,,-0.3802977204322815,,-0.3802977204322815,5222
"Michael Siani","CIN",24,,-0.3810393512248993,,-0.3810393512248993,22557
"Jose Alvarez","SFG",,15.3333,0,-0.38773074746131897,-0.38773074746131897,5358
"Ryan O'Hearn","KCR",145,,-0.3917817175388336,,-0.3917817175388336,16442
"Charlie Culberson","TEX",124,2,-0.39101359248161316,-0.007179157342761755,-0.3981927498243749,3298
"Andrew Nardi","MIA",,14.6666,0,-0.3982661962509155,-0.3982661962509155,25942
"Tommy Henry","ARI",,47,0,-0.3991789221763611,-0.3991789221763611,26285
"Craig Stammen","SDP",,40.6666,0,-0.39988645911216736,-0.39988645911216736,7274
"Korey Lee","HOU",26,,-0.4035447835922241,,-0.4035447835922241,25543
"Sean Poppen","ARI",,28.6666,0,-0.4044160544872284,-0.4044160544872284,19583
"Jonathan Heasley","KCR",,104,0,-0.41043105721473694,-0.41043105721473694,22224
"Casey Lawrence","TOR",,18,0,-0.4152359664440155,-0.4152359664440155,11121
"Dee Strange-Gordon","WSN",59,1,-0.30646273493766785,-0.11444641649723053,-0.4209091514348984,8203
"Tayler Saucedo","TOR",,2.6666,0,-0.42264020442962646,-0.42264020442962646,17888
"Daniel Norris","- - -",,58.6666,0,-0.42270026728510857,-0.42270026728510857,13475
"Tyler Duffey","MIN",,44,0,-0.42402052879333496,-0.42402052879333496,13758
"Tres Barrera","WSN",53,,-0.4254872798919678,,-0.4254872798919678,19977
"Kevin Plawecki","- - -",186,1,-0.4318620339035988,0.005125191528350115,-0.42673684237524867,13807
"Miguel Vargas","LAD",50,,-0.4290443956851959,,-0.4290443956851959,20178
"Zach Logue","OAK",,57,0,-0.4322413504123688,-0.4322413504123688,20231
"Didi Gregorius","PHI",232,,-0.432905912399292,,-0.432905912399292,6012
"Magneuris Sierra","LAA",96,,-0.43439266085624695,,-0.43439266085624695,17023
"Jonathan Araúz","- - -",41,,-0.43485723435878754,,-0.43485723435878754,20275
"Will Benson","CLE",61,,-0.43681591749191284,,-0.43681591749191284,21853
"Jack Mayfield","LAA",74,1,-0.44303596019744873,0.005530505906790495,-0.43750545429065824,15402
"Michael Pineda","DET",,46.6666,0,-0.4395536482334137,-0.4395536482334137,5372
"Heliot Ramos","SFG",22,,-0.43987080454826355,,-0.43987080454826355,22515
"Vladimir Gutierrez","CIN",,36.6666,0,-0.44183802604675293,-0.44183802604675293,19278
"Andrew Knapp","- - -",46,,-0.4507683292031288,,-0.4507683292031288,14942
"Maikel Franco","WSN",388,,-0.45287981629371643,,-0.45287981629371643,12179
"Hanser Alberto","LAD",159,11,-0.33672019839286804,-0.11863753199577332,-0.45535773038864136,11902
"Hoy Park","PIT",60,,-0.4570595622062683,,-0.4570595622062683,18027
"Dereck Rodríguez","MIN",,7.6666,0,-0.45977237820625305,-0.45977237820625305,14509
"Nelson Cruz","WSN",507,,-0.46066686511039734,,-0.46066686511039734,2434
"Chris Mazza","TBR",,5.3333,0,-0.46300944685935974,-0.46300944685935974,14151
"Mike Moustakas","CIN",285,,-0.46403080224990845,,-0.46403080224990845,4892
"Steven Duggar","- - -",80,,-0.4685078524053097,,-0.4685078524053097,17719
"Mickey Moniak","- - -",112,,-0.47301557660102844,,-0.47301557660102844,19956
"Eddy Alvarez","LAD",27,,-0.4768737554550171,,-0.4768737554550171,16959
"Darwinzon Hernández","BOS",,6.6666,0,-0.47791552543640137,-0.47791552543640137,19848
"Bryan Shaw","CLE",,58.3333,0,-0.48329663276672363,-0.48329663276672363,8110
"Trevor Kelley","MIL",,23.6666,0,-0.48999467492103577,-0.48999467492103577,18454
"Bryan Hoeing","MIA",,12.6666,0,-0.49255308508872986,-0.49255308508872986,26304
"Alex Kirilloff","MIN",156,,-0.4933167099952698,,-0.4933167099952698,20325
"Anderson Espinoza","CHC",,18.3333,0,-0.49539080262184143,-0.49539080262184143,18593
"Yasmani Grandal","CHW",376,,-0.505341649055481,,-0.505341649055481,11368
"Travis Demeritte","ATL",96,,-0.5054570436477661,,-0.5054570436477661,15958
"Taylor Walls","TBR",466,,-0.5065526366233826,,-0.5065526366233826,22458
"Cory Abbott","WSN",,48,0,-0.5121847987174988,-0.5121847987174988,20277
"Anthony Castro","CLE",,13.3333,0,-0.5158307552337646,-0.5158307552337646,19789
"Tim Beckham","MIN",25,,-0.5170630216598511,,-0.5170630216598511,7949
"T.J. Zeuch","CIN",,10.6666,0,-0.5193619728088379,-0.5193619728088379,19269
"Billy McKinney","OAK",57,,-0.5404349565505981,,-0.5404349565505981,15654
"Stephen Piscotty","OAK",139,,-0.5431585907936096,,-0.5431585907936096,13367
"Tyler Nevin","BAL",184,,-0.5489557385444641,,-0.5489557385444641,17893
"Chad Pinder","OAK",379,1,-0.5028281211853027,-0.047344550490379333,-0.5501726716756821,15191
"Willians Astudillo","MIA",55,2,-0.53724205493927,-0.023601235821843147,-0.5608432907611132,15608
"Jose Rojas","LAA",57,,-0.5643042325973511,,-0.5643042325973511,19331
"David MacKinnon","- - -",57,,-0.5707782208919525,,-0.5707782208919525,19625
"Lucius Fox","WSN",28,,-0.5717007517814636,,-0.5717007517814636,18899
"Alec Mills","CHC",,17.6666,0,-0.577483057975769,-0.577483057975769,13834
"Bligh Madris","PIT",123,,-0.5776083469390869,,-0.5776083469390869,20054
"Cal Mitchell","PIT",232,,-0.5898042321205139,,-0.5898042321205139,22169
"Ehire Adrianza","- - -",110,1,-0.5917641595005989,-0.000323010899592191,-0.5920871704001911,8418
"Luis Torrens","SEA",166,2,-0.46120327711105347,-0.13267233967781067,-0.5938756167888641,15905
"Kevin Padlo","- - -",34,,-0.594110278878361,,-0.594110278878361,16593
"Andrew Vaughn","CHW",555,,-0.5958991646766663,,-0.5958991646766663,26197
"Drew VerHagen","STL",,21.6666,0,-0.5962107181549072,-0.5962107181549072,13424
"Vidal Bruján","TBR",162,,-0.604837954044342,,-0.604837954044342,20536
"Chris Owings","BAL",68,1,-0.615119457244873,0.00435464596375823,-0.6107648112811148,10030
"Abraham Toro","SEA",352,,-0.615644633769989,,-0.615644633769989,19844
"Luis Patiño","TBR",,20,0,-0.6218579411506653,-0.6218579411506653,22815
"Jake Diekman","- - -",,57.6666,0,-0.6264790296554565,-0.6264790296554565,5003
"Hunter Gaddis","CLE",,7.3333,0,-0.631083607673645,-0.631083607673645,25636
"Ryan Borucki","- - -",,25.3333,0,-0.6369860172271729,-0.6369860172271729,16350
"Tyler Wade","LAA",163,,-0.6372944712638855,,-0.6372944712638855,15730
"MJ Melendez","KCR",534,,-0.6384938955307007,,-0.6384938955307007,22197
"Phil Gosselin","- - -",77,1,-0.6471554785966873,0.005530505906790495,-0.6416249726898968,10953
"Hansel Robles","BOS",,24.6666,0,-0.6457950472831726,-0.6457950472831726,11801
"Travis Shaw","BOS",19,,-0.6480653882026672,,-0.6480653882026672,11982
"Frank Schwindel","CHC",292,3,-0.4016781449317932,-0.25133174657821655,-0.6530098915100098,15351
"Darin Ruf","- - -",388,2,-0.6757712066173553,0.010473687201738358,-0.665297519415617,9929
"Lorenzo Cain","MIL",156,,-0.6723477840423584,,-0.6723477840423584,9077
"Donovan Walton","- - -",78,1,-0.5955820987583138,-0.08055402338504791,-0.6761361221433617,19314
"Tommy Romero","- - -",,8.3332,0,-0.6804661303758621,-0.6804661303758621,23465
"Lewin Díaz","MIA",174,,-0.6811147928237915,,-0.6811147928237915,18365
"Noé Ramirez","ARI",,50,0,-0.685237467288971,-0.685237467288971,12800
"Spencer Howard","TEX",,37.6666,0,-0.686728835105896,-0.686728835105896,23252
"Nick Senzel","CIN",420,,-0.6912357211112976,,-0.6912357211112976,19293
"Yuli Gurriel","HOU",584,,-0.69496750831604,,-0.69496750831604,19198
"Heath Hembree","- - -",,21.9999,0,-0.6960270591080189,-0.6960270591080189,11632
"Matt Beaty","SDP",47,,-0.6973313093185425,,-0.6973313093185425,17710
"Michael Chavis","PIT",426,,-0.706676185131073,,-0.706676185131073,17321
"Sam Hilliard","COL",200,,-0.7117186188697815,,-0.7117186188697815,17954
"Sheldon Neuse","OAK",293,3.6666,-0.7283502221107483,0.014919865876436234,-0.7134303562343121,19635
"Justin Dunn","CIN",,31,0,-0.7163293957710266,-0.7163293957710266,19268
"Jesús Aguilar","- - -",507,,-0.7185623943805695,,-0.7185623943805695,11342
"Tommy La Stella","SFG",195,,-0.7209276556968689,,-0.7209276556968689,12371
"Josiah Gray","WSN",,148.6666,0,-0.7297852039337158,-0.7297852039337158,24580
"Kolby Allard","TEX",,21,0,-0.7308387160301208,-0.7308387160301208,18694
"Bruce Zimmermann","BAL",,73.6666,0,-0.7501592040061951,-0.7501592040061951,20370
"Josh VanMeter","PIT",192,3,-0.44490259885787964,-0.31993281841278076,-0.7648354172706604,15170
"Sean Newcomb","- - -",,27.6666,-0.011342199519276619,-0.7540632784366608,-0.7654054779559374,16943
"Jared Walsh","LAA",454,,-0.7670838236808777,,-0.7670838236808777,18607
"Génesis Cabrera","STL",,44.6666,0,-0.7771886587142944,-0.7771886587142944,17490
"Jason Castro","HOU",88,,-0.7800532579421997,,-0.7800532579421997,8722
"Cole Tucker","PIT",63,,-0.7836971282958984,,-0.7836971282958984,17326
"Sergio Romo","- - -",,17.9999,0,-0.7851182445883751,-0.7851182445883751,9817
"Matt Swarmer","CHC",,34,0,-0.7920780181884766,-0.7920780181884766,19705
"Caleb Smith","ARI",,70,0,-0.7961708307266235,-0.7961708307266235,14875
"Joey Votto","CIN",376,,-0.8136963248252869,,-0.8136963248252869,4314
"Kirk McCarty","CLE",,37.6666,0,-0.8243343234062195,-0.8243343234062195,20555
"Kurt Suzuki","LAA",159,,-0.8275217413902283,,-0.8275217413902283,8259
"Elieser Hernández","MIA",,62.3333,0,-0.8334745168685913,-0.8334745168685913,16933
"Spencer Torkelson","DET",404,,-0.8344278931617737,,-0.8344278931617737,27465
"Joe Smith","MIN",,27.3333,0,-0.8373122811317444,-0.8373122811317444,3281
"Jermaine Palacios","MIN",77,0.6666,-0.8591287732124329,0.015263326466083527,-0.8438654467463493,18371
"Yusei Kikuchi","TOR",,100.6666,0,-0.863863468170166,-0.863863468170166,20633
"Mike Mayers","LAA",,50.6666,0,-0.8857623338699341,-0.8857623338699341,15451
"Seth Beer","ARI",126,,-0.8860365152359009,,-0.8860365152359009,20493
"Miguel Sanó","MIN",71,,-0.9138941168785095,,-0.9138941168785095,12164
"Ernie Clement","- - -",179,2,-0.801260769367218,-0.13065378367900848,-0.9319145530462265,20352
"Stephen Vogt","OAK",191,,-0.9373892545700073,,-0.9373892545700073,5000
"Franmil Reyes","- - -",473,1,-0.9435232952237129,-0.0005628311191685498,-0.9440861263428815,14566
"Ian Kennedy","ARI",,50.3333,0,-0.9524600505828857,-0.9524600505828857,6986
"Cooper Hummel","ARI",201,,-0.955157458782196,,-0.955157458782196,19458
"Riley Adams","WSN",155,,-0.9628040194511414,,-0.9628040194511414,19864
"Cristian Pache","OAK",260,,-0.9643140435218811,,-0.9643140435218811,19948
"Jed Lowrie","OAK",184,,-0.9858952760696411,,-0.9858952760696411,4418
"Michael Papierski","- - -",103,,-0.986751526594162,,-0.986751526594162,21386
"Elvin Rodríguez","DET",,29.6666,0,-0.998125433921814,-0.998125433921814,20962
"Avisaíl García","MIA",380,,-1.0170395374298096,,-1.0170395374298096,5760
"Hunter Dozier","KCR",500,1,-1.0072135925292969,-0.07880301773548126,-1.0860166102647781,15117
"Leury García","CHW",315,,-1.0993220806121826,,-1.0993220806121826,5913
"Brad Miller","TEX",241,,-1.131285309791565,,-1.131285309791565,12775
"Adam Oller","OAK",,74.3333,0,-1.1481263637542725,-1.1481263637542725,20132
"Elias Díaz","COL",381,,-1.164984107017517,,-1.164984107017517,11680
"Jonathan Villar","- - -",220,,-1.2150875926017761,,-1.2150875926017761,10071
"José Barrero","CIN",174,,-1.2447484731674194,,-1.2447484731674194,23378
"Eddie Rosario","ATL",270,,-1.2558075189590454,,-1.2558075189590454,12155
"Kole Calhoun","TEX",424,,-1.2598850727081299,,-1.2598850727081299,11200
"Miguel Cabrera","DET",433,,-1.3049856424331665,,-1.3049856424331665,1744
"Robinson Chirinos","BAL",220,,-1.3275853395462036,,-1.3275853395462036,3142
"Yoshi Tsutsugo","PIT",193,,-1.3366154432296753,,-1.3366154432296753,27459
"Robinson Canó","- - -",104,,-1.3804307281970978,,-1.3804307281970978,3269
"Austin Romine","- - -",136,,-1.4445392787456512,,-1.4445392787456512,5491