Name,Team,PA,IP,Bat WAR,Pit WAR,Total WAR,PlayerId
"Ronald Acuña Jr.","ATL",735,,9.143379211425781,,9.143379211425781,18401
"Shohei Ohtani","LAA",599,132,6.581862926483154,2.2901217937469482,8.871984720230103,19755
"Freddie Freeman","LAD",730,,7.705376625061035,,7.705376625061035,5361
"Mookie Betts","LAD",693,,7.604585647583008,,7.604585647583008,13611
"Matt Olson","ATL",720,,6.595669269561768,,6.595669269561768,14344
"Marcus Semien","TEX",753,,6.378660678863525,,6.378660678863525,12533
"Corey Seager","TEX",536,,6.364140510559082,,6.364140510559082,13624
"Juan Soto","SDP",708,,6.1816487312316895,,6.1816487312316895,20123
"Bobby Witt Jr.","KCR",694,,5.905694961547852,,5.905694961547852,25764
"Zack Wheeler","PHI",,192,0,5.904290676116943,5.904290676116943,10310
"Julio Rodríguez","SEA",714,,5.831429958343506,,5.831429958343506,23697
"William Contreras","MIL",611,,5.816485404968262,,5.816485404968262,20503
"Adley Rutschman","BAL",687,,5.520041465759277,,5.520041465759277,26288
"Francisco Lindor","NYM",687,,5.499269008636475,,5.499269008636475,12916
"Spencer Strider","ATL",,186.6666,0,5.473184108734131,5.473184108734131,27498
"Sonny Gray","MIN",,184,0,5.37291145324707,5.37291145324707,12768
"Corbin Carroll","ARI",645,,5.335434913635254,,5.335434913635254,25878
"Gerrit Cole","NYY",,209,0,5.3015456199646,5.3015456199646,13125
"Kevin Gausman","TOR",,185,0,5.271292209625244,5.271292209625244,14107
"Zac Gallen","ARI",,210,0,5.157270908355713,5.157270908355713,19291
"Austin Riley","ATL",715,,5.153308391571045,,5.153308391571045,18360
"Yandy Díaz","TBR",600,,4.982153415679932,,4.982153415679932,16578
"Sean Murphy","ATL",438,,4.948072910308838,,4.948072910308838,19352
"Logan Webb","SFG",,216,0,4.927280902862549,4.927280902862549,17995
"Luis Robert Jr.","CHW",595,,4.917295932769775,,4.917295932769775,20043
"Kyle Tucker","HOU",674,,4.914029598236084,,4.914029598236084,18345
"J.P. Crawford","SEA",638,,4.901015281677246,,4.901015281677246,15491
"Zach Eflin","TBR",,177.6666,0,4.888057708740234,4.888057708740234,13774
"Dansby Swanson","CHC",638,,4.840732097625732,,4.840732097625732,18314
"Justin Steele","CHC",,173.3333,0,4.8176398277282715,4.8176398277282715,17312
"Wander Franco","TBR",491,,4.805539131164551,,4.805539131164551,23667
"Aaron Judge","NYY",458,,4.7491135597229,,4.7491135597229,15640
"Gunnar Henderson","BAL",622,,4.660933494567871,,4.660933494567871,26289
"Adolis García","TEX",632,,4.64996337890625,,4.64996337890625,19287
"José Ramírez","CLE",691,,4.616823196411133,,4.616823196411133,13510
"Xander Bogaerts","SDP",665,,4.601880073547363,,4.601880073547363,12161
"Pablo López","MIN",,194,0,4.572044849395752,4.572044849395752,17085
"Nico Hoerner","CHC",688,,4.548543453216553,,4.548543453216553,21479
"Framber Valdez","HOU",,198,0,4.4319939613342285,4.4319939613342285,17295
"Alex Bregman","HOU",724,,4.385903358459473,,4.385903358459473,17678
"Cody Bellinger","CHC",556,,4.3822760581970215,,4.3822760581970215,15998
"Cal Raleigh","SEA",569,,4.341403484344482,,4.341403484344482,21534
"Ketel Marte","ARI",650,,4.329887866973877,,4.329887866973877,13613
"Yordan Alvarez","HOU",496,,4.2985920906066895,,4.2985920906066895,19556
"George Kirby","SEA",,190.6666,0,4.237475872039795,4.237475872039795,25436
"Isaac Paredes","TBR",571,,4.2341814041137695,,4.2341814041137695,20036
"Ha-Seong Kim","SDP",626,,4.216262340545654,,4.216262340545654,27506
"Jordan Montgomery","- - -",,188.66660000000002,0,4.212204575538635,4.212204575538635,16511
"Brandon Nimmo","NYM",682,,4.154484748840332,,4.154484748840332,12927
"TJ Friedl","CIN",556,,4.138908863067627,,4.138908863067627,19522
"Blake Snell","SDP",,180,0,4.137248516082764,4.137248516082764,13543
"Ozzie Albies","ATL",660,,4.116962432861328,,4.116962432861328,16556
"Trea Turner","PHI",691,,4.110114574432373,,4.110114574432373,16252
"Bryson Stott","PHI",640,,4.076714038848877,,4.076714038848877,26294
"Jose Altuve","HOU",410,,4.064154148101807,,4.064154148101807,5417
"Fernando Tatis Jr.","SDP",635,,4.037193775177002,,4.037193775177002,19709
"Jonah Heim","TEX",501,,4.028514385223389,,4.028514385223389,16930
"James Outman","LAD",567,,3.900568962097168,,3.900568962097168,24770
"Michael Harris II","ATL",539,,3.900515079498291,,3.900515079498291,25931
"Christian Walker","ARI",661,,3.880671262741089,,3.880671262741089,13419
"Kyle Bradish","BAL",,168.6666,0,3.87605881690979,3.87605881690979,24586
"Bo Bichette","TOR",601,,3.87528395652771,,3.87528395652771,19612
"Jesús Luzardo","MIA",,178.6666,0,3.8579211235046387,3.8579211235046387,19959
"Aaron Nola","PHI",,193.6666,0,3.83333420753479,3.83333420753479,16149
"Will Smith","LAD",554,,3.803983211517334,,3.803983211517334,19197
"Andrés Giménez","CLE",616,,3.799557685852051,,3.799557685852051,19950
"Christian Yelich","MIL",632,,3.772078275680542,,3.772078275680542,11477
"Nolan Jones","COL",424,,3.7402079105377197,,3.7402079105377197,20529
"Gleyber Torres","NYY",672,,3.6503381729125977,,3.6503381729125977,16997
"Dylan Cease","CHW",,177,0,3.586554765701294,3.586554765701294,18525
"Brandon Marsh","PHI",472,,3.5204617977142334,,3.5204617977142334,20202
"Rafael Devers","BOS",656,,3.507169246673584,,3.507169246673584,17350
"Thairo Estrada","SFG",530,,3.495821714401245,,3.495821714401245,16426
"Eugenio Suárez","SEA",694,,3.474750518798828,,3.474750518798828,12552
"Kodai Senga","NYM",,166.3333,0,3.4461097717285156,3.4461097717285156,31838
"Bryce Harper","PHI",546,,3.4363937377929688,,3.4363937377929688,11579
"Paul Goldschmidt","STL",687,,3.4091665744781494,,3.4091665744781494,9218
"Josh Lowe","TBR",501,,3.4037227630615234,,3.4037227630615234,19953
"Corbin Burnes","MIL",,193.6666,0,3.399780511856079,3.399780511856079,19361
"Willy Adames","MIL",638,,3.3881916999816895,,3.3881916999816895,15986
"Manny Machado","SDP",601,,3.3878355026245117,,3.3878355026245117,11493
"Luis Arraez","MIA",617,,3.37795090675354,,3.37795090675354,18568
"Justin Verlander","- - -",,162.3333,0,3.369520902633667,3.369520902633667,8700
"Tarik Skubal","DET",,80.3333,0,3.3035247325897217,3.3035247325897217,22267
"Luis Castillo","SEA",,197,0,3.276785135269165,3.276785135269165,15689
"Chas McCormick","HOU",457,,3.2683911323547363,,3.2683911323547363,19599
"Ian Happ","CHC",691,,3.2630672454833984,,3.2630672454833984,17919
"Mitch Keller","PIT",,194.3333,0,3.216463327407837,3.216463327407837,17594
"Ke'Bryan Hayes","PIT",525,,3.2143945693969727,,3.2143945693969727,18577
"Tyler Glasnow","TBR",,120,0,3.21077036857605,3.21077036857605,14374
"Matt McLain","CIN",403,,3.193173408508301,,3.193173408508301,29695
"Jeimer Candelario","- - -",576,,3.19059257209301,,3.19059257209301,13621
"Marcell Ozuna","ATL",592,,3.188300609588623,,3.188300609588623,10324
"Merrill Kelly","ARI",,177.6666,0,3.1653120517730713,3.1653120517730713,11156
"Lars Nootbaar","STL",503,,3.1401383876800537,,3.1401383876800537,21454
"Randy Arozarena","TBR",654,,3.083294153213501,,3.083294153213501,19290
"Braxton Garrett","MIA",,159.6666,0,3.067425489425659,3.067425489425659,21844
"Seiya Suzuki","CHC",583,,3.0637223720550537,,3.0637223720550537,30116
"Eduardo Rodriguez","DET",,152.6666,0,3.055011749267578,3.055011749267578,13164
"Tanner Bibee","CLE",,142,0,3.043928861618042,3.043928861618042,30134
"Sandy Alcantara","MIA",,184.6666,0,3.0379273891448975,3.0379273891448975,18684
"Steven Kwan","CLE",718,,3.0318620204925537,,3.0318620204925537,24610
"Logan Gilbert","SEA",,190.6666,0,3.019803762435913,3.019803762435913,22250
"Miles Mikolas","STL",,201.3333,0,3.0195412635803223,3.0195412635803223,9803
"Freddy Peralta","MIL",,165.6666,0,3.0048787593841553,3.0048787593841553,18679
"Francisco Alvarez","NYM",423,,2.956702947616577,,2.956702947616577,26121
"Matt Chapman","TOR",581,,2.9417672157287598,,2.9417672157287598,16505
"Mike Trout","LAA",362,,2.94128680229187,,2.94128680229187,10155
"José Berríos","TOR",,189.6666,0,2.9370033740997314,2.9370033740997314,14168
"Bobby Miller","LAD",,124.3333,0,2.9163215160369873,2.9163215160369873,27483
"Lane Thomas","WSN",682,1,2.9456944465637207,-0.04894020035862923,2.8967542462050915,16939
"Seth Lugo","SDP",,146.3333,0,2.865051746368408,2.865051746368408,12447
"Brandon Lowe","TBR",436,,2.854292154312134,,2.854292154312134,18882
"Tanner Scott","MIA",,78,0,2.852519989013672,2.852519989013672,17586
"Félix Bautista","BAL",,61,0,2.805236339569092,2.805236339569092,20666
"Josh Jung","TEX",515,,2.796571731567383,,2.796571731567383,26299
"Pete Alonso","NYM",658,,2.796373128890991,,2.796373128890991,19251
"Willson Contreras","STL",495,,2.7704403400421143,,2.7704403400421143,11609
"Nathaniel Lowe","TEX",724,,2.765955686569214,,2.765955686569214,19566
"Nolan Arenado","STL",612,,2.7400946617126465,,2.7400946617126465,9777
"Brandon Drury","LAA",523,,2.726433753967285,,2.726433753967285,11615
"Jeremy Peña","HOU",634,,2.722106695175171,,2.722106695175171,21636
"Kyle Hendricks","CHC",,137,0,2.7091753482818604,2.7091753482818604,12049
"Edouard Julien","MIN",408,,2.703615188598633,,2.703615188598633,27534
"Marcus Stroman","CHC",,136.6666,0,2.7005739212036133,2.7005739212036133,13431
"Zack Gelof","OAK",300,,2.698516607284546,,2.698516607284546,29766
"Max Kepler","MIN",491,,2.694437026977539,,2.694437026977539,12144
"Patrick Bailey","SFG",353,,2.6798877716064453,,2.6798877716064453,27478
"Kyle Gibson","BAL",,192,0,2.6763176918029785,2.6763176918029785,10123
"Austin Hays","BAL",566,,2.673574447631836,,2.673574447631836,19363
"Jack Suwinski","PIT",534,,2.667567491531372,,2.667567491531372,22244
"Kevin Kiermaier","TOR",408,,2.6675055027008057,,2.6675055027008057,11038
"Charlie Morton","ATL",,163.3333,0,2.6575398445129395,2.6575398445129395,4676
"Josh Naylor","CLE",495,,2.6575095653533936,,2.6575095653533936,18839
"Michael Wacha","SDP",,134.3333,0,2.6398234367370605,2.6398234367370605,14078
"Chris Bassitt","TOR",,200,0,2.610153913497925,2.610153913497925,12304
"Jose Siri","TBR",364,,2.587151527404785,,2.587151527404785,17452
"Aaron Civale","- - -",,122.33330000000001,0,2.5720394253730774,2.5720394253730774,19479
"Yusei Kikuchi","TOR",,167.6666,0,2.5706310272216797,2.5706310272216797,20633
"Max Muncy","LAD",579,,2.541217088699341,,2.541217088699341,13301
"Jake Rogers","DET",365,,2.5395007133483887,,2.5395007133483887,19452
"Anthony Santander","BAL",656,,2.519713878631592,,2.519713878631592,14551
"Leody Taveras","TEX",554,,2.510389566421509,,2.510389566421509,18900
"Jarren Duran","BOS",362,,2.490839719772339,,2.490839719772339,24617
"Willi Castro","MIN",409,2.3333,2.4666526317596436,-0.019216228276491165,2.4474364034831524,17338
"Clayton Kershaw","LAD",,131.6666,0,2.4428608417510986,2.4428608417510986,2036
"Bailey Ober","MIN",,144.3333,0,2.4424099922180176,2.4424099922180176,21224
"Yu Darvish","SDP",,136.3333,0,2.4363389015197754,2.4363389015197754,13074
"Kutter Crawford","BOS",,129.3333,0,2.435673236846924,2.435673236846924,20531
"Yainer Diaz","HOU",377,,2.4296939373016357,,2.4296939373016357,23003
"Taijuan Walker","PHI",,172.6666,0,2.423935651779175,2.423935651779175,11836
"Reid Detmers","LAA",,148.6666,0,2.419119358062744,2.419119358062744,27468
"Orlando Arcia","ATL",533,,2.4087510108947754,,2.4087510108947754,13185
"Tommy Edman","STL",528,,2.3987183570861816,,2.3987183570861816,19470
"Jeff McNeil","NYM",648,,2.396653652191162,,2.396653652191162,15362
"Ranger Suárez","PHI",,125,0,2.385880470275879,2.385880470275879,17277
"J.D. Martinez","LAD",479,,2.342653751373291,,2.342653751373291,6184
"Nathan Eovaldi","TEX",,144,0,2.3419435024261475,2.3419435024261475,9132
"Luke Raley","TBR",406,2.6666,2.443138837814331,-0.11131473630666733,2.3318241015076637,19354
"David Bednar","PIT",,67.3333,0,2.3171608448028564,2.3171608448028564,19569
"Geraldo Perdomo","ARI",495,,2.3149659633636475,,2.3149659633636475,22799
"Joe Ryan","MIN",,161.6666,0,2.3146679401397705,2.3146679401397705,21390
"Wilmer Flores","SFG",454,,2.301912784576416,,2.301912784576416,5827
"Gabriel Moreno","ARI",380,,2.294667959213257,,2.294667959213257,22664
"Royce Lewis","MIN",239,,2.289722204208374,,2.289722204208374,20437
"Ryan Jeffers","MIN",335,,2.2681429386138916,,2.2681429386138916,24618
"Riley Greene","DET",416,,2.2655022144317627,,2.2655022144317627,25976
"CJ Abrams","WSN",614,,2.264674425125122,,2.264674425125122,25768
"Jake Burger","- - -",540,,2.262013077735901,,2.262013077735901,22275
"Patrick Sandoval","LAA",,144.6666,0,2.2615244388580322,2.2615244388580322,19447
"Alejandro Kirk","TOR",422,,2.2610232830047607,,2.2610232830047607,22581
"Nolan Gorman","STL",464,,2.2486557960510254,,2.2486557960510254,22263
"Michael King","NYY",,104.6666,0,2.2412099838256836,2.2412099838256836,19853
"Jason Heyward","LAD",377,,2.224118232727051,,2.224118232727051,4940
"Cole Ragans","- - -",,95.9999,0,2.2168494313955307,2.2168494313955307,21846
"Mitch Garver","TEX",344,,2.2075250148773193,,2.2075250148773193,15161
"Jon Berti","MIA",424,,2.1905229091644287,,2.1905229091644287,12037
"Max Scherzer","- - -",,152.66660000000002,0,2.1671359539031982,2.1671359539031982,3137
"Mike Clevinger","CHW",,131.3333,0,2.164489269256592,2.164489269256592,12808
"J.D. Davis","SFG",546,,2.1619136333465576,,2.1619136333465576,16219
"Maikel Garcia","KCR",515,,2.150146961212158,,2.150146961212158,22715
"Bryan Reynolds","PIT",640,,2.1461727619171143,,2.1461727619171143,19326
"Andrew Abbott","CIN",,109.3333,0,2.1418943405151367,2.1418943405151367,29911
"Joe Musgrove","SDP",,97.3333,0,2.1304383277893066,2.1304383277893066,12970
"Brandon Belt","TOR",404,,2.123182773590088,,2.123182773590088,10264
"Chris Sale","BOS",,102.6666,0,2.108783006668091,2.108783006668091,10603
"Shane Bieber","CLE",,128,0,2.091280221939087,2.091280221939087,19427
"Brent Rooker","OAK",526,,2.083005666732788,,2.083005666732788,19627
"Ryan Noda","OAK",495,,2.0780112743377686,,2.0780112743377686,23312
"Bo Naylor","CLE",230,,2.066027879714966,,2.066027879714966,21865
"Matt Brash","SEA",,70.6666,0,2.02787709236145,2.02787709236145,25756
"Spencer Steer","CIN",665,,2.0214996337890625,,2.0214996337890625,26323
"J.T. Realmuto","PHI",540,,2.011958122253418,,2.011958122253418,11739
"Cristian Javier","HOU",,162,0,2.0045382976531982,2.0045382976531982,17606
"Lourdes Gurriel Jr.","ARI",592,,1.9975807666778564,,1.9975807666778564,19238
"Matt Strahm","PHI",,87.6666,0,1.9769781827926636,1.9769781827926636,13799
"Steven Matz","STL",,105,0,1.9574905633926392,1.9574905633926392,13361
"Dane Dunning","TEX",,172.6666,0,1.9510061740875244,1.9510061740875244,19409
"Anthony Volpe","NYY",601,,1.9375652074813843,,1.9375652074813843,27647
"Hunter Greene","CIN",,112,0,1.9353517293930054,1.9353517293930054,22182
"Tommy Pham","- - -",481,,1.9276408553123474,,1.9276408553123474,2967
"Will Benson","CIN",329,,1.9276336431503296,,1.9276336431503296,21853
"Jazz Chisholm Jr.","MIA",383,,1.9230064153671265,,1.9230064153671265,20454
"Brady Singer","KCR",,159.6666,0,1.9221177101135254,1.9221177101135254,25377
"Danny Jansen","TOR",301,,1.9205942153930664,,1.9205942153930664,16535
"Camilo Doval","SFG",,67.6666,0,1.9203016757965088,1.9203016757965088,21992
"Michael A. Taylor","MIN",388,,1.9106734991073608,,1.9106734991073608,11489
"Grayson Rodriguez","BAL",,122,0,1.9079328775405884,1.9079328775405884,24492
"Davis Schneider","TOR",141,,1.906774640083313,,1.906774640083313,23565
"Daulton Varsho","TOR",581,,1.9064829349517822,,1.9064829349517822,19918
"Teoscar Hernández","SEA",678,,1.9015231132507324,,1.9015231132507324,13066
"Kerry Carpenter","DET",459,,1.8875336647033691,,1.8875336647033691,25961
"Freddy Fermin","KCR",235,,1.8859851360321045,,1.8859851360321045,21840
"Clarke Schmidt","NYY",,159,0,1.8788381814956665,1.8788381814956665,19899
"Elly De La Cruz","CIN",427,,1.8747106790542603,,1.8747106790542603,26668
"Max Fried","ATL",,77.6666,0,1.8707345724105835,1.8707345724105835,13743
"José Caballero","SEA",280,,1.8677406311035156,,1.8677406311035156,23401
"Nick Pivetta","BOS",,142.6666,0,1.8673813343048096,1.8673813343048096,15454
"Shane McClanahan","TBR",,115,0,1.859500765800476,1.859500765800476,21483
"George Springer","TOR",683,,1.859237790107727,,1.859237790107727,12856
"Jorge Soler","MIA",580,,1.8573976755142212,,1.8573976755142212,14221
"LaMonte Wade Jr.","SFG",519,,1.8507792949676514,,1.8507792949676514,18126
"Hunter Brown","HOU",,155.6666,0,1.8502720594406128,1.8502720594406128,25880
"Bryce Miller","SEA",,131.3333,0,1.8366585969924927,1.8366585969924927,29837
"Cedric Mullins","BAL",455,,1.8278030157089233,,1.8278030157089233,17929
"Alex Cobb","SFG",,151.3333,0,1.826434850692749,1.826434850692749,6562
"Mickey Moniak","LAA",323,,1.8264012336730957,,1.8264012336730957,19956
"Devin Williams","MIL",,58.6666,0,1.808637022972107,1.808637022972107,15816
"Cristopher Sánchez","PHI",,99.3333,0,1.7963634729385376,1.7963634729385376,20778
"Johan Oviedo","PIT",,177.6666,0,1.791825771331787,1.791825771331787,22487
"Mauricio Dubón","HOU",492,,1.7880133390426636,,1.7880133390426636,16530
"Bryce Elder","ATL",,174.6666,0,1.7834491729736328,1.7834491729736328,27779
"Ryan McMahon","COL",627,,1.7779251337051392,,1.7779251337051392,15112
"Triston Casas","BOS",502,,1.7714108228683472,,1.7714108228683472,22514
"Brandon Williamson","CIN",,117,0,1.7682021856307983,1.7682021856307983,25463
"Jack Flaherty","- - -",,144.3332,0,1.7614928930997849,1.7614928930997849,17479
"Griffin Canning","LAA",,127,0,1.751746654510498,1.751746654510498,19867
"Emmanuel Clase","CLE",,72.6666,0,1.74749755859375,1.74749755859375,21032
"Aroldis Chapman","- - -",,58.3333,0,1.7358084321022034,1.7358084321022034,10233
"Carlos Correa","MIN",580,,1.7336087226867676,,1.7336087226867676,14162
"Adrian Houser","MIL",,111.3333,0,1.7310012578964233,1.7310012578964233,12718
"Mark Canha","- - -",507,,1.7306839227676392,,1.7306839227676392,11445
"Michael Lorenzen","- - -",,152.9999,0,1.7271732442313805,1.7271732442313805,14843
"Josh Hader","SDP",,56.3333,0,1.7260459661483765,1.7260459661483765,14212
"Yennier Cano","BAL",,72.6666,0,1.7258952856063843,1.7258952856063843,25911
"Mike Yastrzemski","SFG",381,,1.7192578315734863,,1.7192578315734863,14854
"Alexis Díaz","CIN",,67.3333,0,1.7082979679107666,1.7082979679107666,21132
"Luis Rengifo","LAA",445,,1.696344256401062,,1.696344256401062,19858
"Matt Vierling","DET",530,,1.69154953956604,,1.69154953956604,21558
"Jon Gray","TEX",,157.3333,0,1.684122085571289,1.684122085571289,14916
"Logan Allen","CLE",,125.3333,0,1.682736873626709,1.682736873626709,27589
"Trent Grisham","SDP",555,,1.6795707941055298,,1.6795707941055298,18564
"Ezequiel Tovar","COL",615,,1.6775195598602295,,1.6775195598602295,24064
"Mike Tauchman","CHC",401,,1.6671059131622314,,1.6671059131622314,15274
"Gary Sánchez","- - -",267,,1.6374417692422867,,1.6374417692422867,11442
"Fernando Cruz","CIN",,66,0,1.6117802858352661,1.6117802858352661,7048
"Kenta Maeda","MIN",,104.3333,0,1.608534574508667,1.608534574508667,18498
"Ryan Mountcastle","BAL",470,,1.6077525615692139,,1.6077525615692139,18373
"Andy Ibáñez","DET",383,,1.6062899827957153,,1.6062899827957153,18819
"Dean Kremer","BAL",,172.6666,0,1.601425290107727,1.601425290107727,19350
"Christopher Morel","CHC",429,,1.5971771478652954,,1.5971771478652954,21897
"Brayan Bello","BOS",,157,0,1.5835734605789185,1.5835734605789185,23920
"Matt Wallner","MIN",254,,1.578772783279419,,1.578772783279419,26466
"Adam Duvall","BOS",353,,1.5742542743682861,,1.5742542743682861,10950
"Josiah Gray","WSN",,159,0,1.5724560022354126,1.5724560022354126,24580
"Jonathan India","CIN",529,,1.5657289028167725,,1.5657289028167725,21523
"Clay Holmes","NYY",,63,0,1.5607858896255493,1.5607858896255493,13649
"Jason Foley","DET",,69,0,1.5464892387390137,1.5464892387390137,19531
"Alex Verdugo","BOS",602,,1.545397400856018,,1.545397400856018,17027
"Jared Triolo","PIT",209,,1.5425057411193848,,1.5425057411193848,25807
"Ryan O'Hearn","BAL",368,,1.5306776762008667,,1.5306776762008667,16442
"Jameson Taillon","CHC",,154.3333,0,1.5293569564819336,1.5293569564819336,11674
"Carlos Santana","- - -",619,,1.5275189280509949,,1.5275189280509949,2396
"Jose Quintana","NYM",,75.6666,0,1.5270228385925293,1.5270228385925293,11423
"Jarred Kelenic","SEA",416,,1.5259004831314087,,1.5259004831314087,22558
"Gregory Santos","CHW",,66.3333,0,1.5232594013214111,1.5232594013214111,21894
"Jeff Hoffman","PHI",,52.3333,0,1.5217642784118652,1.5217642784118652,17432
"Bryan Abreu","HOU",,72,0,1.5167365074157715,1.5167365074157715,16609
"Reese Olson","DET",,103.6666,0,1.5145165920257568,1.5145165920257568,24968
"Brendan Donovan","STL",371,,1.5138827562332153,,1.5138827562332153,24679
"Eury Pérez","MIA",,91.3333,0,1.5118635892868042,1.5118635892868042,27768
"Paul Blackburn","OAK",,103.6666,0,1.4983317852020264,1.4983317852020264,14739
"Chris Martin","BOS",,51.3333,0,1.4882882833480835,1.4882882833480835,11847
"Ryan Helsley","STL",,36.6666,0,1.4868221282958984,1.4868221282958984,18138
"Adbert Alzolay","CHC",,64,0,1.4836013317108154,1.4836013317108154,17859
"Jake Bird","COL",,89.3333,0,1.4669989347457886,1.4669989347457886,21267
"Connor Joe","PIT",472,,1.458470344543457,,1.458470344543457,16572
"Graham Ashcraft","CIN",,145.6666,0,1.4565538167953491,1.4565538167953491,27552
"Jacob deGrom","TEX",,30.3333,0,1.4509319067001343,1.4509319067001343,10954
"Drew Rasmussen","TBR",,44.6666,0,1.450034737586975,1.450034737586975,25385
"Brusdar Graterol","LAD",,67.3333,0,1.4375255107879639,1.4375255107879639,20367
"Brandon Woodruff","MIL",,67,0,1.4354352951049805,1.4354352951049805,16162
"A.J. Minter","ATL",,64.6666,0,1.4283705949783325,1.4283705949783325,18655
"Taylor Ward","LAA",409,,1.4282594919204712,,1.4282594919204712,17548
"Danny Coulombe","BAL",,51.3333,0,1.4130463600158691,1.4130463600158691,13293
"Kyle Farmer","MIN",369,,1.4116599559783936,,1.4116599559783936,14813
"Harold Ramírez","TBR",434,,1.4082072973251343,,1.4082072973251343,14387
"Jesús Sánchez","MIA",402,,1.3878275156021118,,1.3878275156021118,19913
"Johan Rojas","PHI",164,,1.3814353942871094,,1.3814353942871094,24336
"Nick Martinez","SDP",,110.3333,0,1.3773702383041382,1.3773702383041382,12730
"Ezequiel Duran","TEX",439,,1.372292160987854,,1.372292160987854,23733
"Kyle Higashioka","NYY",260,,1.3650383949279785,,1.3650383949279785,5517
"Alec Bohm","PHI",611,,1.358205795288086,,1.358205795288086,21618
"Jorge Polanco","MIN",343,,1.3529324531555176,,1.3529324531555176,13152
"Spencer Torkelson","DET",684,,1.3519203662872314,,1.3519203662872314,27465
"Pete Fairbanks","TBR",,45.3333,0,1.3480415344238281,1.3480415344238281,17998
"Caleb Ferguson","LAD",,60.3333,0,1.3392583131790161,1.3392583131790161,19349
"J.P. France","HOU",,136.3333,0,1.3310022354125977,1.3310022354125977,21212
"Andrew McCutchen","PIT",473,,1.3271938562393188,,1.3271938562393188,9847
"Brent Suter","COL",,69.3333,0,1.323129415512085,1.323129415512085,13942
"Julio Urías","LAD",,117.3333,0,1.3212608098983765,1.3212608098983765,14765
"José Alvarado","PHI",,41.3333,0,1.313655138015747,1.313655138015747,17780
"Eddie Rosario","ATL",516,,1.308991551399231,,1.308991551399231,12155
"Hunter Harvey","WSN",,60.6666,0,1.3073595762252808,1.3073595762252808,15507
"Shawn Armstrong","TBR",,52,0,1.2978781461715698,1.2978781461715698,12857
"Tim Mayza","TOR",,53.3333,0,1.2960340976715088,1.2960340976715088,15042
"Nick Castellanos","PHI",671,,1.2814695835113525,,1.2814695835113525,11737
"Kevin Ginkel","ARI",,65.3333,0,1.2757834196090698,1.2757834196090698,19876
"DJ LeMahieu","NYY",562,,1.2678016424179077,,1.2678016424179077,9874
"Ty France","SEA",665,,1.2658432722091675,,1.2658432722091675,17982
"Stone Garrett","WSN",271,,1.2656198740005493,,1.2656198740005493,19273
"Dustin May","LAD",,48,0,1.2631149291992188,1.2631149291992188,19716
"Chris Taylor","LAD",384,,1.2483537197113037,,1.2483537197113037,13757
"Evan Phillips","LAD",,61.3333,0,1.2460263967514038,1.2460263967514038,17734
"Esteury Ruiz","OAK",497,,1.2425042390823364,,1.2425042390823364,21780
"Dairon Blanco","KCR",138,,1.2391366958618164,,1.2391366958618164,19779
"Evan Carter","TEX",75,,1.2361057996749878,,1.2361057996749878,27790
"Elvis Andrus","CHW",406,,1.2329596281051636,,1.2329596281051636,8709
"Vladimir Guerrero Jr.","TOR",682,,1.2318304777145386,,1.2318304777145386,19611
"Whit Merrifield","TOR",592,,1.227446436882019,,1.227446436882019,11281
"Kevin Kelly","TBR",,67,0,1.2262753248214722,1.2262753248214722,25679
"Griffin Jax","MIN",,65.3333,0,1.2175754308700562,1.2175754308700562,20253
"Andrés Muñoz","SEA",,49,0,1.213966727256775,1.213966727256775,20373
"Jordan Romano","TOR",,59,0,1.2121729850769043,1.2121729850769043,16122
"David Robertson","- - -",,65.33330000000001,0,1.2119885087013245,1.2119885087013245,8241
"Tanner Houck","BOS",,106,0,1.199715256690979,1.199715256690979,19879
"JoJo Romero","STL",,36.6666,0,1.1994396448135376,1.1994396448135376,19574
"MacKenzie Gore","WSN",,136.3333,0,1.1965889930725098,1.1965889930725098,22201
"Justin Lawrence","COL",,75,0,1.1907650232315063,1.1907650232315063,17639
"Dylan Floro","- - -",,56.6666,0,1.1872504949569702,1.1872504949569702,13394
"Emilio Pagán","MIN",,69.3333,0,1.180788516998291,1.180788516998291,14771
"Andrew Heaney","TEX",,147.3333,0,1.178345799446106,1.178345799446106,15423
"Kyle Freeland","COL",,155.6666,0,1.1779346466064453,1.1779346466064453,16256
"Joel Payamps","MIL",,70.6666,0,1.1720505952835083,1.1720505952835083,14332
"Will Vest","DET",,48.3333,0,1.1702052354812622,1.1702052354812622,19769
"Justin Turner","BOS",626,,1.170156717300415,,1.170156717300415,5235
"Nick Madrigal","CHC",294,,1.1679353713989258,,1.1679353713989258,20521
"Sean Manaea","SFG",,117.6666,0,1.1586148738861084,1.1586148738861084,15873
"Victor Caratini","MIL",226,,1.1543563604354858,,1.1543563604354858,14968
"Yoán Moncada","CHW",357,,1.1492459774017334,,1.1492459774017334,17232
"Ryan Brasier","- - -",,59.6666,0,1.148599736392498,1.148599736392498,5615
"Sam Moll","- - -",,62.333200000000005,0,1.1483876705169678,1.1483876705169678,14874
"Jake Fraley","CIN",380,,1.1458176374435425,,1.1458176374435425,19260
"Gavin Williams","CLE",,82,0,1.1439930200576782,1.1439930200576782,30122
"Zack Littell","- - -",,90,0,1.1418005172163248,1.1418005172163248,15823
"Sal Frelick","MIL",223,,1.1347395181655884,,1.1347395181655884,29622
"Edward Cabrera","MIA",,99.6666,0,1.1342442035675049,1.1342442035675049,21690
"Ian Hamilton","NYY",,58,0,1.1341850757598877,1.1341850757598877,19261
"Zach Neto","LAA",329,,1.1325112581253052,,1.1325112581253052,31347
"Kyle Isbel","KCR",313,,1.1295236349105835,,1.1295236349105835,21614
"Colin Poche","TBR",,60.6666,0,1.1274727582931519,1.1274727582931519,19403
"Donovan Solano","MIN",450,,1.124995470046997,,1.124995470046997,8623
"Chris Stratton","- - -",,82.6666,0,1.1067056059837341,1.1067056059837341,13761
"Craig Kimbrel","PHI",,69,0,1.1063933372497559,1.1063933372497559,6655
"Jordan Hicks","- - -",,65.6666,0,1.100808560848236,1.100808560848236,19618
"Ryan Pressly","HOU",,65.3333,0,1.0986493825912476,1.0986493825912476,7005
"Travis Jankowski","TEX",287,,1.0969034433364868,,1.0969034433364868,13768
"David Peterson","NYM",,111,0,1.0920336246490479,1.0920336246490479,20302
"Jason Delay","PIT",187,,1.086977481842041,,1.086977481842041,19806
"Kenley Jansen","BOS",,44.6666,0,1.0855408906936646,1.0855408906936646,3096
"Sam Hentges","CLE",,52.3333,0,1.0823544263839722,1.0823544263839722,18548
"Zack Greinke","KCR",,142.3333,0,1.0815074443817139,1.0815074443817139,1943
"Jake Meyers","HOU",341,,1.0765107870101929,,1.0765107870101929,20308
"Zach McKinstry","DET",518,1,1.1271134614944458,-0.05136336013674736,1.0757501013576984,19392
"Jhoan Duran","MIN",,62.3333,0,1.0740770101547241,1.0740770101547241,21029
"Ramón Laureano","- - -",404,,1.0723644495010376,,1.0723644495010376,17128
"Blake Perkins","MIL",168,,1.0717097520828247,,1.0717097520828247,19921
"Will Smith","TEX",,57.3333,0,1.0653457641601562,1.0653457641601562,8048
"Nicky Lopez","- - -",262,2.3333,1.147750437259674,-0.08680716902017593,1.0609432682394981,19339
"Zack Thompson","STL",,66.3333,0,1.0560684204101562,1.0560684204101562,25918
"Tyler Anderson","LAA",,141,0,1.0520384311676025,1.0520384311676025,12880
"Justin Topa","SEA",,69,0,1.0493508577346802,1.0493508577346802,15145
"Luis Campusano","SDP",174,,1.0384771823883057,,1.0384771823883057,22217
"Dauri Moreta","PIT",,58,0,1.0364261865615845,1.0364261865615845,21101
"Wade Miley","MIL",,120.3333,0,1.0352710485458374,1.0352710485458374,8779
"James Paxton","BOS",,96,0,1.0281883478164673,1.0281883478164673,11828
"Jordan Walker","STL",465,,1.0281676054000854,,1.0281676054000854,27475
"Yan Gomes","CHC",419,,1.0249112844467163,,1.0249112844467163,9627
"Tyrone Taylor","MIL",243,,1.0243316888809204,,1.0243316888809204,13675
"Yimi García","TOR",,66,0,1.0191885232925415,1.0191885232925415,12095
"Edmundo Sosa","PHI",300,,1.0190833806991577,,1.0190833806991577,17022
"Raisel Iglesias","ATL",,55.6666,0,1.0184359550476074,1.0184359550476074,17130
"Scott Barlow","- - -",,67.9999,0,1.0130294561386108,1.0130294561386108,14993
"Austin Hedges","- - -",212,3.6666,1.0492046400904655,-0.043161023408174515,1.006043616682291,12976
"Hoby Milner","MIL",,64.3333,0,1.0010133981704712,1.0010133981704712,13346
"Anthony DeSclafani","SFG",,99.6666,0,0.9940524101257324,0.9940524101257324,13050
"Trevor Gott","- - -",,58,0,0.9890381693840027,0.9890381693840027,15046
"Josh Rojas","- - -",350,2,0.9781186878681183,0.006480330601334572,0.9845990184694529,19734
"Tyler Holton","DET",,85.3333,0,0.9824188351631165,0.9824188351631165,26231
"Joey Wiemer","MIL",410,,0.9735081195831299,,0.9735081195831299,27690
"Jordan Westburg","BAL",228,,0.9656276702880859,,0.9656276702880859,27815
"Robert Stephenson","- - -",,52.3333,0,0.9543952941894531,0.9543952941894531,13594
"Owen Miller","MIL",314,,0.9435552954673767,,0.9435552954673767,24655
"Domingo Germán","NYY",,108.6666,0,0.9424343109130859,0.9424343109130859,17149
"Trevor Stephan","CLE",,68.6666,0,0.9391501545906067,0.9391501545906067,19932
"Drew Waters","KCR",337,,0.9311018586158752,,0.9311018586158752,20505
"Parker Meadows","DET",145,,0.9305471181869507,,0.9305471181869507,23800
"A.J. Puk","MIA",,56.6666,0,0.9296820163726807,0.9296820163726807,19343
"Austin Gomber","COL",,139,0,0.9276400804519653,0.9276400804519653,16561
"Gregory Soto","PHI",,60.3333,0,0.9128866195678711,0.9128866195678711,19677
"Ryan Feltner","COL",,43.3333,0,0.9083584547042847,0.9083584547042847,21446
"Bryan Woo","SEA",,87.6666,0,0.905975341796875,0.905975341796875,30279
"Colin Holderman","PIT",,56,0,0.9004156589508057,0.9004156589508057,22361
"Jacob Young","WSN",121,,0.9002881646156311,,0.9002881646156311,29931
"Matthew Boyd","DET",,71,0,0.8970675468444824,0.8970675468444824,15440
"Erik Swanson","TOR",,66.6666,0,0.8966711759567261,0.8966711759567261,16587
"Aaron Hicks","- - -",312,,0.8964577317237854,,0.8964577317237854,5297
"Cavan Biggio","TOR",338,,0.8956568837165833,,0.8956568837165833,19252
"Andrew Nardi","MIA",,57.3333,0,0.8932122588157654,0.8932122588157654,25942
"Drew Smyly","CHC",,142.3333,0,0.8931583166122437,0.8931583166122437,11760
"Ian Gibaut","CIN",,75.6666,0,0.8888780474662781,0.8888780474662781,17871
"Stuart Fairchild","CIN",255,,0.8858053088188171,,0.8858053088188171,20321
"Lucas Giolito","- - -",,184.33319999999998,0,0.8853177726268768,0.8853177726268768,15474
"Javier Assad","CHC",,109.3333,0,0.8798983693122864,0.8798983693122864,21741
"Héctor Neris","HOU",,68.3333,0,0.8778912425041199,0.8778912425041199,11804
"Harrison Bader","- - -",344,,0.877702921628952,,0.877702921628952,18030
"Brock Stewart","MIN",,27.6666,0,0.8709626793861389,0.8709626793861389,16727
"Carlos Estévez","LAA",,62.3333,0,0.8694283366203308,0.8694283366203308,14542
"Nick Anderson","ATL",,35.3333,0,0.867775022983551,0.867775022983551,18337
"Ryan Yarbrough","- - -",,89.6666,0,0.867721900343895,0.867721900343895,16502
"Julian Merryweather","CHC",,72,0,0.8647158145904541,0.8647158145904541,16703
"Kyle Schwarber","PHI",720,,0.864215612411499,,0.864215612411499,16478
"Cade Marlowe","SEA",100,,0.862967848777771,,0.862967848777771,25505
"Christian Vázquez","MIN",355,,0.8611768484115601,,0.8611768484115601,9774
"José Leclerc","TEX",,57,0,0.848561704158783,0.848561704158783,14524
"Nelson Velázquez","- - -",179,,0.8462918400764465,,0.8462918400764465,23359
"Joe Kelly","- - -",,39.3333,0,0.8441259860992432,0.8441259860992432,9761
"Anthony Rizzo","NYY",421,,0.8409542441368103,,0.8409542441368103,3473
"Tom Murphy","SEA",159,,0.8393000364303589,,0.8393000364303589,13499
"Taj Bradley","TBR",,104.6666,0,0.8392958641052246,0.8392958641052246,22543
"Patrick Corbin","WSN",,180,0,0.8370084166526794,0.8370084166526794,9323
"Nestor Cortes","NYY",,63.3333,0,0.8369619250297546,0.8369619250297546,17874
"Trevor Megill","MIL",,34.6666,0,0.8339325189590454,0.8339325189590454,17722
"Paul Sewald","- - -",,60.6666,0,0.8244940042495728,0.8244940042495728,13892
"Michael Grove","LAD",,69,0,0.8201143145561218,0.8201143145561218,23221
"Lucas Erceg","OAK",,55,0,0.8139932155609131,0.8139932155609131,19360
"Garrett Whitlock","BOS",,71.6666,0,0.8123209476470947,0.8123209476470947,20191
"Zach Davies","ARI",,82.3333,0,0.8004962801933289,0.8004962801933289,13183
"Charlie Blackmon","COL",413,,0.7963119149208069,,0.7963119149208069,7859
"Josh Winckowski","BOS",,84.3333,0,0.7955330014228821,0.7955330014228821,22387
"DJ Stewart","NYM",185,,0.7900260090827942,,0.7900260090827942,17766
"Michael Conforto","SFG",470,,0.7879640460014343,,0.7879640460014343,16376
"Matthew Liberatore","STL",,61.6666,0,0.7772909998893738,0.7772909998893738,22294
"Joey Gallo","MIN",332,,0.760998010635376,,0.760998010635376,14128
"Jake Cronenworth","SDP",522,,0.7584102749824524,,0.7584102749824524,18036
"Colin Rea","MIL",,124.6666,0,0.7552236318588257,0.7552236318588257,12317
"Lucas Sims","CIN",,61,0,0.7543272376060486,0.7543272376060486,13470
"Aaron Bummer","CHW",,58.3333,0,0.749240517616272,0.749240517616272,16258
"Masataka Yoshida","BOS",580,,0.7483518719673157,,0.7483518719673157,31837
"Jakob Junis","SFG",,86,0,0.7474262118339539,0.7474262118339539,13619
"Reynaldo López","- - -",,66,0,0.7461111173033714,0.7461111173033714,16400
"Joc Pederson","SFG",425,,0.7450633645057678,,0.7450633645057678,11899
"Taylor Walls","TBR",349,,0.7429484724998474,,0.7429484724998474,22458
"Cal Quantrill","CLE",,99.6666,0,0.741644561290741,0.741644561290741,19312
"Jose Trevino","NYY",168,,0.7405903935432434,,0.7405903935432434,16725
"Brennan Bernardino","BOS",,50.6666,0,0.7386017441749573,0.7386017441749573,16835
"Jesse Chavez","ATL",,34.6666,0,0.7358767986297607,0.7358767986297607,5448
"Enyel De Los Santos","CLE",,65.6666,0,0.7349046468734741,0.7349046468734741,18403
"Ryne Nelson","ARI",,144,0,0.7291601896286011,0.7291601896286011,26253
"Alex Vesia","LAD",,49.6666,0,0.7260435819625854,0.7260435819625854,25007
"Jeffrey Springs","TBR",,16,0,0.7235100269317627,0.7235100269317627,17677
"Jake Irvin","WSN",,121,0,0.7142457962036133,0.7142457962036133,21504
"Travis d'Arnaud","ATL",292,,0.7062440514564514,,0.7062440514564514,7739
"Rich Hill","- - -",,146.3333,0,0.7060640752315521,0.7060640752315521,4806
"Tyler Wells","BAL",,118.6666,0,0.7043189406394958,0.7043189406394958,20000
"Luis Garcia","HOU",,27,0,0.697949230670929,0.697949230670929,23735
"Javier Báez","DET",547,,0.6919344663619995,,0.6919344663619995,12979
"Joey Lucchesi","NYM",,46.6666,0,0.6917538046836853,0.6917538046836853,19320
"Osvaldo Bido","PIT",,50.6666,0,0.6905444264411926,0.6905444264411926,23150
"Scott Alexander","SFG",,48.3333,0,0.6876646280288696,0.6876646280288696,10591
"Akil Baddoo","DET",357,,0.6826522350311279,,0.6826522350311279,22168
"Mason Miller","OAK",,33.3333,0,0.6797623634338379,0.6797623634338379,31757
"Tommy Henry","ARI",,89,0,0.679224967956543,0.679224967956543,26285
"Pierce Johnson","- - -",,62.6666,0,0.6790845841169357,0.6790845841169357,13435
"Shea Langeliers","OAK",490,,0.6774219870567322,,0.6774219870567322,25816
"Tyler O'Neill","STL",266,,0.6727877855300903,,0.6727877855300903,15711
"Miguel Amaya","CHC",156,,0.6703624129295349,,0.6703624129295349,21693
"Brooks Raley","NYM",,54.6666,0,0.6694952249526978,0.6694952249526978,10061
"Austin Slater","SFG",207,,0.6683643460273743,,0.6683643460273743,16153
"Vince Velasquez","PIT",,37.3333,0,0.6681511998176575,0.6681511998176575,11189
"Ryan Walker","SFG",,61.3333,0,0.665457010269165,0.665457010269165,20423
"Nick Ramirez","NYY",,40.6666,0,0.6631484627723694,0.6631484627723694,12575
"Pedro Avila","SDP",,50.3333,0,0.6594623923301697,0.6594623923301697,18864
"Josh Sborz","TEX",1,52.3333,0.0006493758992291987,0.6571252942085266,0.6577746701077558,18323
"Christian Encarnacion-Strand","CIN",241,,0.6556927561759949,,0.6556927561759949,30011
"Ramón Urías","BAL",396,,0.6521841883659363,,0.6521841883659363,18795
"Patrick Wisdom","CHC",302,,0.6473639607429504,,0.6473639607429504,13602
"Isiah Kiner-Falefa","NYY",361,4,0.5879626870155334,0.05824270471930504,0.6462053917348385,16512
"Matt Manning","DET",,78,0,0.6449426412582397,0.6449426412582397,20369
"Randal Grichuk","- - -",471,,0.6282649859786034,,0.6282649859786034,10243
"Jorge Mateo","BAL",350,,0.6260017156600952,,0.6260017156600952,17273
"Mike Ford","SEA",251,2,0.7643125653266907,-0.14150027930736542,0.6228122860193253,15585
"Ryan Borucki","PIT",,40.3333,0,0.6226357221603394,0.6226357221603394,16350
"Tom Cosgrove","SDP",,51.3333,0,0.6197269558906555,0.6197269558906555,23443
"Endy Rodríguez","PIT",204,,0.6167794466018677,,0.6167794466018677,25332
"Matt Moore","- - -",,52.6666,0,0.6165795512497425,0.6165795512497425,1890
"Wilyer Abreu","BOS",85,,0.6155152916908264,,0.6155152916908264,23772
"Tylor Megill","NYM",,126.3333,0,0.6128615736961365,0.6128615736961365,21318
"Phil Maton","HOU",,66,0,0.6115716099739075,0.6115716099739075,18064
"Mark Leiter Jr.","CHC",,64.3333,0,0.6083800196647644,0.6083800196647644,15551
"Nick Fortes","MIA",323,,0.6083606481552124,,0.6083606481552124,21538
"Tyler Rogers","SFG",,74,0,0.6006976962089539,0.6006976962089539,15541
"Garrett Hampson","MIA",252,,0.5986883640289307,,0.5986883640289307,19262
"José Buttó","NYM",,42,0,0.5981414318084717,0.5981414318084717,23313
"Abner Uribe","MIL",,30.6666,0,0.5833794474601746,0.5833794474601746,25327
"Eloy Jiménez","CHW",489,,0.5808328986167908,,0.5808328986167908,17484
"Noelvi Marte","CIN",123,,0.5786163210868835,,0.5786163210868835,26517
"Elvis Peguero","MIL",,61.3333,0,0.5757942795753479,0.5757942795753479,21652
"Alex Call","WSN",439,,0.5744877457618713,,0.5744877457618713,19296
"Andruw Monasterio","MIL",315,,0.5731227397918701,,0.5731227397918701,19455
"Cole Irvin","BAL",,77.3333,0,0.5721594095230103,0.5721594095230103,19244
"Dominic Fletcher","ARI",102,,0.571331799030304,,0.571331799030304,26149
"Buck Farmer","CIN",,75,0,0.5709449648857117,0.5709449648857117,14814
"Seby Zavala","- - -",193,0.6666,0.553354948759079,0.015582074411213398,0.5689370231702924,18887
"Ernie Clement","TOR",52,1,0.5771004557609558,-0.010394140146672726,0.5667063156142831,20352
"Marco Gonzales","SEA",,50,0,0.564643144607544,0.564643144607544,15467
"Miguel Rojas","LAD",423,3,0.5753926634788513,-0.01101040467619896,0.5643822588026524,7802
"JP Sears","OAK",,172.3333,0,0.5626343488693237,0.5626343488693237,23429
"Gabe Speier","SEA",,54.6666,0,0.5621116161346436,0.5621116161346436,17170
"Jimmy Cordero","NYY",,32.6666,0,0.5614122152328491,0.5614122152328491,15690
"Robert Garcia","- - -",,31.9999,0,0.5526695344597101,0.5526695344597101,23363
"Alex Kirilloff","MIN",319,,0.5504652261734009,,0.5504652261734009,20325
"Shelby Miller","LAD",1,42,0.00020635673718061298,0.541573703289032,0.5417800600262126,10197
"Pablo Reyes","BOS",185,2,0.5881283283233643,-0.05194519832730293,0.5361831299960613,16357
"Byron Buxton","MIN",347,,0.5359492301940918,,0.5359492301940918,14161
"Reese McGuire","BOS",206,,0.5310482382774353,,0.5310482382774353,15674
"Steven Okert","MIA",,58.6666,0,0.5298727750778198,0.5298727750778198,13580
"Dylan Moore","SEA",165,,0.5251898765563965,,0.5251898765563965,18042
"Chris Devenski","- - -",,42.333200000000005,0,0.520287498831749,0.520287498831749,12763
"Emmet Sheehan","LAD",,60.3333,0,0.5161867737770081,0.5161867737770081,29839
"James McArthur","KCR",,23.3333,0,0.5161532759666443,0.5161532759666443,21527
"Gio Urshela","LAA",228,,0.5141963958740234,,0.5141963958740234,10681
"Gabriel Arias","CLE",345,,0.5128682255744934,,0.5128682255744934,22563
"Edward Olivares","KCR",385,,0.5113182663917542,,0.5113182663917542,19698
"Sawyer Gipson-Long","DET",,20,0,0.5073498487472534,0.5073498487472534,26048
"Huascar Brazobán","MIA",,58.6666,0,0.5072301030158997,0.5072301030158997,6107
"Paul DeJong","- - -",400,,0.5049796998500824,,0.5049796998500824,18015
"Luis García Jr.","WSN",482,,0.503774106502533,,0.503774106502533,20391
"Kris Bubic","KCR",,16,0,0.4989207088947296,0.4989207088947296,21455
"Manuel Margot","TBR",336,,0.4879485070705414,,0.4879485070705414,14712
"Angel Perdomo","PIT",,29,0,0.4876210689544678,0.4876210689544678,17759
"Ildemaro Vargas","WSN",286,2,0.5703913569450378,-0.08455073088407516,0.4858406260609627,13324
"Alex Faedo","DET",,64.6666,0,0.48473891615867615,0.48473891615867615,19874
"Lance Lynn","- - -",,183.66660000000002,0,0.4827912598848343,0.4827912598848343,2520
"Brad Hand","- - -",,53.6666,0,0.48124390840530396,0.48124390840530396,9111
"Jalen Beeks","TBR",,42.3333,0,0.47895851731300354,0.47895851731300354,17192
"Joe Jiménez","ATL",,56.3333,0,0.47485974431037903,0.47485974431037903,15761
"Andrew Chafin","- - -",,51.3333,0,0.47438469529151917,0.47438469529151917,12988
"Michael Massey","KCR",461,,0.471346378326416,,0.471346378326416,27684
"Allan Winans","ATL",,32.3333,0,0.4653867781162262,0.4653867781162262,21238
"Matt Thaiss","LAA",307,,0.4650942385196686,,0.4650942385196686,19318
"Tristan Beck","SFG",,85,0,0.4645289480686188,0.4645289480686188,21584
"Robbie Grossman","TEX",420,,0.4576890468597412,,0.4576890468597412,5254
"Mason Thompson","WSN",,54,0,0.45670461654663086,0.45670461654663086,21850
"Austin Cox","KCR",,35.6666,0,0.45663756132125854,0.45663756132125854,24604
"Sean Bouchard","COL",43,,0.4516177177429199,,0.4516177177429199,21270
"Cristian Pache","PHI",95,,0.44944483041763306,,0.44944483041763306,19948
"Brenton Doyle","COL",431,,0.4481532573699951,,0.4481532573699951,25479
"Hunter Renfroe","- - -",548,,0.44393390417099,,0.44393390417099,15464
"Xzavion Curry","CLE",,95,0,0.4438701570034027,0.4438701570034027,25595
"Zach Jackson","OAK",,18,0,0.44291335344314575,0.44291335344314575,19493
"Jhony Brito","NYY",,90.3333,0,0.440191388130188,0.440191388130188,25386
"Luis Medina","OAK",,109.6666,0,0.43941938877105713,0.43941938877105713,21649
"Ryan Pepiot","LAD",,42,0,0.4387030601501465,0.4387030601501465,26221
"Andrew Vaughn","CHW",615,,0.43586495518684387,,0.43586495518684387,26197
"Steven Wilson","SDP",,53,0,0.43560540676116943,0.43560540676116943,20353
"Eli Morgan","CLE",,67.3333,0,0.43106111884117126,0.43106111884117126,20203
"Jake Diekman","- - -",,56.6666,0,0.43059322237968445,0.43059322237968445,5003
"Tyler Heineman","- - -",47,,0.4294856879860163,,0.4294856879860163,13897
"Andrew Wantz","LAA",,39.3333,0,0.4293503165245056,0.4293503165245056,24933
"Tony Gonsolin","LAD",,103,0,0.42655861377716064,0.42655861377716064,19388
"Cionel Pérez","BAL",,53.3333,0,0.42621493339538574,0.42621493339538574,19614
"Joan Adon","WSN",,51.6666,0,0.4258025288581848,0.4258025288581848,22925
"Rob Refsnyder","BOS",243,,0.42476388812065125,,0.42476388812065125,13770
"Keegan Akin","BAL",,23.6666,0,0.4211150109767914,0.4211150109767914,19362
"Bryan Baker","BAL",,45,0,0.42105981707572937,0.42105981707572937,19804
"JT Chargois","MIA",,42.3333,0,0.415084570646286,0.415084570646286,13767
"Luke Weaver","- - -",,123.6666,0,0.414712144061923,0.414712144061923,16918
"Josh Bell","- - -",617,,0.414296418428421,,0.414296418428421,13145
"Corey Julks","HOU",323,,0.41408100724220276,,0.41408100724220276,20311
"Hyun Jin Ryu","TOR",,52,0,0.4128788709640503,0.4128788709640503,14444
"Riley Adams","WSN",158,,0.4121139347553253,,0.4121139347553253,19864
"Carl Edwards Jr.","WSN",,31.6666,0,0.41136568784713745,0.41136568784713745,13607
"Enmanuel Valdez","BOS",149,,0.4103616774082184,,0.4103616774082184,21716
"Austin Pruitt","OAK",,48.3333,0,0.4096415042877197,0.4096415042877197,15290
"Jason Adam","TBR",,54.3333,0,0.40957483649253845,0.40957483649253845,11861
"Matthew Batten","SDP",139,,0.4076298773288727,,0.4076298773288727,20157
"DL Hall","BAL",,19.3333,0,0.40667757391929626,0.40667757391929626,22207
"Michael Fulmer","CHC",1,57,0.00036976486444473267,0.40431612730026245,0.4046858921647072,13218
"Trevor Richards","TOR",,72.6666,0,0.3996044099330902,0.3996044099330902,19309
"Miguel Díaz","DET",,14,0,0.39827385544776917,0.39827385544776917,18815
"Joe Boyle","OAK",,16,0,0.39690977334976196,0.39690977334976196,29608
"Richie Palacios","STL",102,,0.3944755792617798,,0.3944755792617798,24589
"Tim Locastro","NYM",67,,0.394195556640625,,0.394195556640625,15124
"JJ Bleday","OAK",303,,0.39026933908462524,,0.39026933908462524,26368
"Amed Rosario","- - -",545,,0.3868980333209038,,0.3868980333209038,15518
"Garrett Cooper","- - -",457,,0.38654039800167084,,0.38654039800167084,15279
"Nick Martini","CIN",79,,0.386147677898407,,0.386147677898407,12005
"Victor González","LAD",,33.6666,0,0.38583216071128845,0.38583216071128845,16408
"Adam Frazier","BAL",455,,0.3834402859210968,,0.3834402859210968,15223
"MJ Melendez","KCR",602,,0.3828369379043579,,0.3828369379043579,22197
"Blake Sabol","SFG",344,,0.3814772069454193,,0.3814772069454193,25805
"Kenny Rosenberg","LAA",,33,0,0.3797229528427124,0.3797229528427124,20009
"Brandon Crawford","SFG",320,1,0.37412506341934204,0.000044429478293750435,0.3741694928976358,5343
"Bryan Shaw","CHW",,45.6666,0,0.3741535544395447,0.3741535544395447,8110
"Tyler Mahle","MIN",,25.6666,0,0.37412846088409424,0.37412846088409424,16358
"Chris Murphy","BOS",,47.6666,0,0.3740762174129486,0.3740762174129486,26214
"Forrest Wall","ATL",15,,0.36704909801483154,,0.36704909801483154,16496
"Ben Lively","CIN",,88.6666,0,0.36558425426483154,0.36558425426483154,14932
"Bailey Falter","- - -",,80.6666,0,0.362322136759758,0.362322136759758,20070
"José Soriano","LAA",,42,0,0.3622386157512665,0.3622386157512665,22100
"Christian Bethancourt","TBR",332,0.3333,0.4264149069786072,-0.06515886634588242,0.36125604063272476,10028
"Brian Anderson","MIL",361,,0.3602329194545746,,0.3602329194545746,18289
"Touki Toussaint","- - -",,86.9999,0,0.36014313995838165,0.36014313995838165,16929
"Luke Jackson","SFG",,33.3333,0,0.35231685638427734,0.35231685638427734,11752
"Nick Loftin","KCR",68,,0.35227862000465393,,0.35227862000465393,27630
"Francisco Pérez","OAK",,16.6666,0,0.34275054931640625,0.34275054931640625,21018
"Trevor Story","BOS",168,,0.34070366621017456,,0.34070366621017456,12564
"Rougned Odor","SDP",157,,0.340676873922348,,0.340676873922348,12282
"John Brebbia","SFG",,38.3333,0,0.3323914706707001,0.3323914706707001,12777
"Brandon Pfaadt","ARI",,96,0,0.3296639025211334,0.3296639025211334,27782
"Austin Wells","NYY",75,,0.32933616638183594,,0.32933616638183594,27562
"Jake Marisnick","- - -",83,,0.32379901967942715,,0.32379901967942715,11339
"Ryan McKenna","BAL",139,1,0.3154135048389435,0.006013328675180674,0.32142683351412416,19928
"Bryse Wilson","MIL",,76.6666,0,0.3200647830963135,0.3200647830963135,19990
"Curtis Mead","TBR",92,,0.31821492314338684,,0.31821492314338684,23986
"Daniel Lynch IV","KCR",,52.3333,0,0.3167479634284973,0.3167479634284973,21537
"Collin McHugh","ATL",,58.6666,0,0.3158796429634094,0.3158796429634094,7531
"Julio Teheran","MIL",,71.6666,0,0.30867645144462585,0.30867645144462585,6797
"James Kaprielian","OAK",,61,0,0.3085205852985382,0.3085205852985382,18331
"Martín Pérez","TEX",,141.6666,0,0.30551809072494507,0.30551809072494507,6902
"Logan O'Hoppe","LAA",199,,0.3035873770713806,,0.3035873770713806,24729
"John King","- - -",,37.3332,0,0.3034110963344574,0.3034110963344574,22051
"Slade Cecconi","ARI",,27,0,0.3026139438152313,0.3026139438152313,27500
"Emmanuel Rivera","ARI",283,,0.3010999262332916,,0.3010999262332916,19890
"Alek Thomas","ARI",402,,0.30097874999046326,,0.30097874999046326,23792
"Taylor Rogers","SFG",,51.6666,0,0.29458197951316833,0.29458197951316833,13449
"Iván Herrera","STL",44,,0.294249951839447,,0.294249951839447,20599
"Derek Law","CIN",,55,0,0.2933337092399597,0.2933337092399597,13133
"Jovani Morán","MIN",,42.3333,0,0.2911398112773895,0.2911398112773895,20422
"Thomas Hatch","- - -",,28.666600000000003,0,0.29103461652994156,0.29103461652994156,19264
"Jasson Domínguez","NYY",33,,0.2886492609977722,,0.2886492609977722,28080
"Peter Strzelecki","- - -",,36.999900000000004,0,0.28791704401373863,0.28791704401373863,21367
"Victor Robles","WSN",126,,0.28672024607658386,,0.28672024607658386,18363
"Tommy Kahnle","NYY",,40.6666,0,0.2864747643470764,0.2864747643470764,11384
"Giovanny Gallegos","STL",,55,0,0.2861860394477844,0.2861860394477844,14986
"Isaiah Campbell","SEA",,28.6666,0,0.2860355079174042,0.2860355079174042,25551
"Garrett Mitchell","MIL",73,,0.28493452072143555,,0.28493452072143555,27555
"Kody Funderburk","MIN",,12,0,0.2847485840320587,0.2847485840320587,24993
"Oneil Cruz","PIT",40,,0.28307825326919556,,0.28307825326919556,21711
"Dakota Hudson","STL",,81.3333,0,0.2827654480934143,0.2827654480934143,19206
"Drew Millas","WSN",33,,0.28255534172058105,,0.28255534172058105,25643
"Andre Jackson","- - -",,61.333200000000005,0,0.2801447957754135,0.2801447957754135,21298
"Trevor Rogers","MIA",,18,0,0.2766928970813751,0.2766928970813751,22286
"Kyle Finnegan","WSN",,69.3333,0,0.2757171094417572,0.2757171094417572,15009
"Miguel Andujar","PIT",90,,0.2722669243812561,,0.2722669243812561,15878
"Kevin Pillar","ATL",206,,0.2713952660560608,,0.2713952660560608,12434
"Rafael Ortega","NYM",136,,0.26972106099128723,,0.26972106099128723,10323
"Ronny Mauricio","NYM",108,,0.26862895488739014,,0.26862895488739014,23698
"Connor Wong","BOS",403,,0.26568156480789185,,0.26568156480789185,19896
"Jordan Wicks","CHC",,34.6666,0,0.26556187868118286,0.26556187868118286,30094
"James McCann","BAL",226,1,0.2584807872772217,0.006013328675180674,0.26449411595240235,12859
"Chad Green","TOR",,12,0,0.2635284960269928,0.2635284960269928,15552
"Lane Ramsey","CHW",,20,0,0.26148340106010437,0.26148340106010437,25071
"Joe Mantiply","ARI",,39,0,0.2613905370235443,0.2613905370235443,14857
"Cody Bradford","TEX",,56,0,0.26125219464302063,0.26125219464302063,27597
"Carlos Hernández","KCR",,70,0,0.2596351206302643,0.2596351206302643,22713
"Beau Brieske","DET",,35,0,0.25703585147857666,0.25703585147857666,26079
"Estevan Florial","NYY",71,,0.2570056617259979,,0.2570056617259979,19151
"Jonny DeLuca","LAD",45,,0.2562462389469147,,0.2562462389469147,26365
"Evan Longoria","ARI",237,,0.2553921639919281,,0.2553921639919281,9368
"Daniel Palencia","CHC",,28.3333,0,0.2518579959869385,0.2518579959869385,27914
"Drew Carlton","SDP",,20.6666,0,0.24922789633274078,0.24922789633274078,19868
"Abraham Toro","MIL",21,,0.24915915727615356,,0.24915915727615356,19844
"Jace Peterson","- - -",430,2,0.3460153043270111,-0.09690124541521072,0.24911405891180038,12325
"Sean Reid-Foley","NYM",,7.6666,0,0.24789506196975708,0.24789506196975708,17034
"Zach Plesac","CLE",,21.3333,0,0.24628780782222748,0.24628780782222748,19979
"Luke Maile","CIN",199,4.3333,0.4535558819770813,-0.2074536681175232,0.2461022138595581,13355
"Kyle Nelson","ARI",,56,0,0.24288064241409302,0.24288064241409302,20515
"Germán Márquez","COL",,20,0,0.2403145283460617,0.2403145283460617,15038
"Tyler Wade","OAK",55,,0.23913758993148804,,0.23913758993148804,15730
"Eguy Rosario","SDP",37,,0.2385559231042862,,0.2385559231042862,19964
"Carmen Mlodzinski","PIT",,36,0,0.23801825940608978,0.23801825940608978,27572
"Shintaro Fujinami","- - -",,78.9999,0,0.23138785362243652,0.23138785362243652,31839
"René Pinto","TBR",105,1,0.3883877396583557,-0.15703634917736053,0.23135139048099518,19859
"Phil Bickford","- - -",,67.33330000000001,0,0.23111417144536972,0.23111417144536972,18519
"Michael Kelly","CLE",,16.6666,0,0.2289423942565918,0.2289423942565918,12791
"Michael Stefanic","LAA",71,,0.22790296375751495,,0.22790296375751495,25353
"Tucker Barnhart","CHC",123,4,0.1996792107820511,0.02493016980588436,0.22460938058793545,10200
"Peter Lambert","COL",,87.3333,0,0.2244831621646881,0.2244831621646881,17969
"Triston McKenzie","CLE",,16,0,0.22263577580451965,0.22263577580451965,18000
"Alex Wood","SFG",,97.6666,0,0.22061744332313538,0.22061744332313538,13781
"Keaton Winn","SFG",,42.3333,0,0.21822163462638855,0.21822163462638855,23499
"Joshua Palacios","PIT",264,,0.21739231050014496,,0.21739231050014496,19818
"Jacob Lopez","TBR",,12.3333,0,0.21479414403438568,0.21479414403438568,25098
"José Quijada","LAA",,9,0,0.2138528674840927,0.2138528674840927,19200
"Anthony Rendon","LAA",183,,0.21026656031608582,,0.21026656031608582,12861
"Brendan White","DET",,40.6666,0,0.20910832285881042,0.20910832285881042,26024
"Nick Robertson","- - -",,22.3333,0,0.2090948149561882,0.2090948149561882,26226
"José Urquidy","HOU",,63,0,0.2087261825799942,0.2087261825799942,18413
"Tyler Gilbert","ARI",,17.3333,0,0.20722028613090515,0.20722028613090515,17964
"Chase Anderson","- - -",,86.3333,0,0.20531047135591507,0.20531047135591507,6895
"Luis F. Ortiz","PHI",,19,0,0.2006852626800537,0.2006852626800537,16942
"Brendan Rodgers","COL",192,,0.19961586594581604,,0.19961586594581604,17907
"Jo Adell","LAA",62,,0.19716809689998627,,0.19716809689998627,20220
"Victor Vodnik","COL",,8.6666,0,0.1970435082912445,0.1970435082912445,24614
"Miguel Castro","ARI",,64.6666,0,0.19572290778160095,0.19572290778160095,15684
"Carson Spiers","CIN",,13,0,0.1951269507408142,0.1951269507408142,27685
"Bowden Francis","TOR",,36.3333,0,0.1950417011976242,0.1950417011976242,20548
"Tayler Saucedo","SEA",,47.6666,0,0.19414709508419037,0.19414709508419037,17888
"Tejay Antone","CIN",,5.6666,0,0.19313649833202362,0.19313649833202362,16233
"Elvin Rodríguez","TBR",,3.3333,0,0.18942999839782715,0.18942999839782715,20962
"Jordan Lyles","KCR",,177.6666,0,0.18860435485839844,0.18860435485839844,7593
"Tyler Freeman","CLE",168,,0.1876629889011383,,0.1876629889011383,22532
"Brett Kennedy","CIN",,18,0,0.1862419694662094,0.1862419694662094,17877
"Austin Adams","ARI",,17.3333,0,0.18552450835704803,0.18552450835704803,13801
"Easton McGee","SEA",,6.6666,0,0.18373677134513855,0.18373677134513855,22176
"Tyler Fitzgerald","SFG",34,,0.18275310099124908,,0.18275310099124908,26208
"José De León","MIN",,17.3333,0,0.18161281943321228,0.18161281943321228,15463
"Chasen Shreve","- - -",,44.6666,0,0.18068837001919746,0.18068837001919746,10855
"George Soriano","MIA",,52,0,0.18003545701503754,0.18003545701503754,21863
"Andrew Vasquez","- - -",,48.333200000000005,0,0.17756260558962822,0.17756260558962822,19482
"Angel Felipe","OAK",,15,0,0.17717504501342773,0.17717504501342773,21163
"Joe La Sorsa","- - -",,32.6666,0,0.1765304058790207,0.1765304058790207,25481
"Billy McKinney","NYY",147,,0.1761554479598999,,0.1761554479598999,15654
"Myles Straw","CLE",518,,0.17509213089942932,,0.17509213089942932,17620
"John Means","BAL",,23.6666,0,0.17502287030220032,0.17502287030220032,16269
"Chase Silseth","LAA",,52.3333,0,0.17388881742954254,0.17388881742954254,30074
"Luis Cessa","CIN",,26,0,0.1721891164779663,0.1721891164779663,13345
"Michael Pérez","NYM",8,,0.17126710712909698,,0.17126710712909698,12977
"Alan Busenitz","CIN",,7,0,0.17078867554664612,0.17078867554664612,15239
"Adam Kolarek","- - -",,5.9999,0,0.17050949484109879,0.17050949484109879,10843
"Yerry Rodríguez","TEX",,13.6666,0,0.17033594846725464,0.17033594846725464,21955
"Josh Staumont","KCR",,20,0,0.16930022835731506,0.16930022835731506,18335
"Kolby Allard","ATL",,12.3333,0,0.1681046038866043,0.1681046038866043,18694
"Tristan Gray","TBR",5,,0.16481320559978485,,0.16481320559978485,19877
"Dallas Keuchel","MIN",,37.6666,0,0.16106264293193817,0.16106264293193817,9434
"Aaron Loup","LAA",,48.6666,0,0.1603643149137497,0.1603643149137497,10343
"Sean Newcomb","OAK",,15,0,0.1594328135251999,0.1594328135251999,16943
"Daniel Vogelbach","NYM",319,,0.15881574153900146,,0.15881574153900146,14130
"Nick Mears","COL",,19.3333,0,0.1575816422700882,0.1575816422700882,25376
"Drew Smith","NYM",,56.3333,0,0.1557401716709137,0.1557401716709137,17755
"Louis Varland","MIN",,68,0,0.1553347110748291,0.1553347110748291,27691
"Sam Bachman","LAA",,17,0,0.15502984821796417,0.15502984821796417,29754
"Yunior Marte","PHI",,39.3333,0,0.1535831242799759,0.1535831242799759,14416
"Brandon Bielak","HOU",,80,0,0.15247933566570282,0.15247933566570282,19866
"Grae Kessinger","HOU",45,,0.15187114477157593,,0.15187114477157593,25813
"Greg Allen","NYY",28,,0.15123887360095978,,0.15123887360095978,16623
"Génesis Cabrera","- - -",,55.6666,0,0.15009450912475586,0.15009450912475586,17490
"Emerson Hancock","SEA",,12,0,0.14925171434879303,0.14925171434879303,27470
"Andrew Kittredge","TBR",,11.6666,0,0.14799563586711884,0.14799563586711884,12828
"Drew Ellis","PHI",29,,0.14742738008499146,,0.14742738008499146,19873
"Angel Zerpa","KCR",,42.6666,0,0.14627154171466827,0.14627154171466827,22717
"Luke Little","CHC",,6.6666,0,0.14622436463832855,0.14622436463832855,28036
"Hunter Gaddis","CLE",,42,0,0.1461983025074005,0.1461983025074005,25636
"Josh Winder","MIN",,34.6666,0,0.1446790248155594,0.1446790248155594,24606
"Yency Almonte","LAD",,48,0,0.14457811415195465,0.14457811415195465,15068
"Justin Bruihl","- - -",,27.9999,0,0.14303858671337366,0.14303858671337366,23779
"Austin Wynns","- - -",145,,0.1421457715332508,,0.1421457715332508,15271
"Michael Brantley","HOU",57,,0.14149071276187897,,0.14149071276187897,4106
"Matt Barnes","MIA",,21.3333,0,0.14090093970298767,0.14090093970298767,12863
"Spencer Horwitz","TOR",44,,0.14032922685146332,,0.14032922685146332,26477
"Liover Peguero","PIT",213,,0.13941285014152527,,0.13941285014152527,24273
"Jay Jackson","TOR",,29.6666,0,0.13746525347232819,0.13746525347232819,7432
"Rafael Montero","HOU",,67.3333,0,0.13565750420093536,0.13565750420093536,12760
"Ty Blach","COL",,78,0,0.1354350447654724,0.1354350447654724,14361
"Sam Haggerty","SEA",108,,0.1337229311466217,,0.1337229311466217,18054
"Andrew Saalfrank","ARI",,10.3333,0,0.1336767077445984,0.1336767077445984,26203
"Rob Zastryzny","PIT",,20.6666,0,0.13142934441566467,0.13142934441566467,15094
"Danny Young","ATL",,8.3333,0,0.1307574063539505,0.1307574063539505,18439
"Seth Martinez","HOU",,43,0,0.13026218116283417,0.13026218116283417,21045
"Bennett Sousa","- - -",,8.9999,0,0.12908326461911201,0.12908326461911201,21345
"Trevor Larnach","MIN",212,,0.1290540248155594,,0.1290540248155594,21501
"Sam Huff","TEX",45,,0.12899313867092133,,0.12899313867092133,22209
"Ryan Sherriff","BOS",,6.6666,0,0.1282295435667038,0.1282295435667038,12249
"Weston Wilson","PHI",22,,0.1267486810684204,,0.1267486810684204,19358
"Vinnie Pasquantino","KCR",260,,0.12607033550739288,,0.12607033550739288,27676
"Tyler Alexander","DET",,44,0,0.12372174859046936,0.12372174859046936,17735
"Marco Luciano","SFG",45,,0.12106844782829285,,0.12106844782829285,25616
"Michael Chavis","WSN",96,,0.12013161927461624,,0.12013161927461624,17321
"Tucker Davidson","- - -",,51.3332,0,0.11836248636245728,0.11836248636245728,19871
"Tim Herrin","CLE",,27.6666,0,0.11542344093322754,0.11542344093322754,25139
"Keynan Middleton","- - -",,50.6666,0,0.11428838782012463,0.11428838782012463,15264
"Ray Kerr","SDP",,27,0,0.11345141381025314,0.11345141381025314,23809
"Yerry De los Santos","PIT",,24.3333,0,0.11144202202558517,0.11144202202558517,21420
"Caleb Thielbar","MIN",,30.6666,0,0.10987555980682373,0.10987555980682373,10078
"Xavier Edwards","MIA",84,,0.10983394086360931,,0.10983394086360931,22266
"Ryan Thompson","- - -",,30.6666,0,0.10913503915071487,0.10913503915071487,16647
"Orion Kerkering","PHI",,3,0,0.10743816941976547,0.10743816941976547,31776
"Jonathan Aranda","TBR",103,,0.10733487457036972,,0.10733487457036972,21837
"Jackson Wolf","SDP",,5,0,0.10648047924041748,0.10648047924041748,29832
"Nick Ahmed","ARI",210,,0.10611767321825027,,0.10611767321825027,12147
"Levi Stoudt","CIN",,10.3333,0,0.10581259429454803,0.10581259429454803,25650
"Trevor May","OAK",,46.6666,0,0.10572054982185364,0.10572054982185364,6398
"Ceddanne Rafaela","BOS",89,,0.10555966198444366,,0.10555966198444366,24262
"Steven Cruz","KCR",,12.6666,0,0.10225438326597214,0.10225438326597214,23165
"Josh Donaldson","- - -",189,1,0.09553522616624832,0.0065017868764698505,0.10203701304271817,5038
"Luis García","SDP",,59.6666,0,0.1009305790066719,0.1009305790066719,6984
"Shawn Dubin","HOU",,9,0,0.10040298104286194,0.10040298104286194,24977
"Jacob Barnes","STL",,13.6666,0,0.09665215015411377,0.09665215015411377,12323
"John Schreiber","BOS",,46.6666,0,0.095504030585289,0.095504030585289,20020
"Thomas Pannone","MIL",,2.6666,0,0.09379322826862335,0.09379322826862335,17281
"Braden Bristo","- - -",,7,0,0.09206955973058939,0.09206955973058939,20494
"Jacob Webb","- - -",,53.6666,0,0.09159719944000244,0.09159719944000244,19274
"Alex Young","CIN",,53.6666,0,0.09118150919675827,0.09118150919675827,18333
"Silvino Bracho","CIN",,7.3333,0,0.09057650715112686,0.09057650715112686,15051
"Zack Collins","CLE",6,,0.08987365663051605,,0.08987365663051605,19181
"Tanner Banks","CHW",,61,0,0.0858423113822937,0.0858423113822937,16990
"Matt Waldron","SDP",,41.3333,0,0.08531743288040161,0.08531743288040161,25550
"Heston Kjerstad","BAL",33,,0.08528665453195572,,0.08528665453195572,31166
"Ryne Stanek","HOU",,50.6666,0,0.083002470433712,0.083002470433712,15947
"Packy Naughton","STL",,5,0,0.08210249990224838,0.08210249990224838,23292
"Cole Tucker","COL",10,,0.08181756734848022,,0.08181756734848022,17326
"Alek Jacob","SDP",,3,0,0.08111036568880081,0.08111036568880081,29628
"Randy Vásquez","NYY",,37.6666,0,0.080146424472332,0.080146424472332,24719
"Sam Hilliard","ATL",78,,0.0800928846001625,,0.0800928846001625,17954
"John McMillon","KCR",,4,0,0.07893402129411697,0.07893402129411697,27942
"Dalton Guthrie","PHI",28,,0.07684675604104996,,0.07684675604104996,21293
"Zach Remillard","CHW",160,,0.07644686847925186,,0.07644686847925186,19788
"Denyi Reyes","NYM",,19.6666,0,0.07528935372829437,0.07528935372829437,20526
"Dylan Carlson","STL",255,,0.07389815896749496,,0.07389815896749496,20126
"Jonathan Davis","MIA",104,,0.07347054034471512,,0.07347054034471512,15104
"Vinny Nittoli","NYM",,3.6666,0,0.07340426743030548,0.07340426743030548,16754
"Tyler Kinley","COL",,16.3333,0,0.0724463015794754,0.0724463015794754,18297
"Mauricio Llovera","- - -",,34.9999,0,0.07140782848000526,0.07140782848000526,20080
"Jeter Downs","WSN",9,,0.07061683386564255,,0.07061683386564255,22202
"Cody Thomas","OAK",46,,0.07003425061702728,,0.07003425061702728,19828
"Alejo Lopez","CIN",2,,0.06950110197067261,,0.06950110197067261,21127
"Jose E. Hernandez","PIT",,50.6666,0,0.06877035647630692,0.06877035647630692,22318
"Zack Burdi","TBR",,4,0,0.06545453518629074,0.06545453518629074,19159
"Jose A. Ferrer","WSN",,34,0,0.06542911380529404,0.06542911380529404,24017
"Grant Anderson","TEX",,35.6666,0,0.06535658240318298,0.06535658240318298,20546
"Junior Caminero","TBR",36,,0.06492985785007477,,0.06492985785007477,28163
"Mike Baumann","BAL",,64.6666,0,0.06355729699134827,0.06355729699134827,20206
"Guillo Zuñiga","STL",,2,0,0.063459113240242,0.063459113240242,19588
"Jake McCarthy","ARI",312,,0.06330852210521698,,0.06330852210521698,21622
"Joey Votto","CIN",242,,0.06303946673870087,,0.06303946673870087,4314
"Eduard Bazardo","- - -",,15.9999,0,0.0629529058933258,0.0629529058933258,20997
"Andrew Bellatti","PHI",,24.6666,0,0.06209540739655495,0.06209540739655495,10657
"Jackson Stephens","ATL",,12,0,0.06204182282090187,0.06204182282090187,14420
"Trey Wingenter","DET",,17,0,0.06168317422270775,0.06168317422270775,17793
"Jacob Latz","TEX",,6.3333,0,0.06139298155903816,0.06139298155903816,21306
"Chris Paddack","MIN",,5,0,0.0613570362329483,0.0613570362329483,20099
"Peyton Battenfield","CLE",,34.6666,0,0.06105548143386841,0.06105548143386841,25777
"Sean Hjelle","SFG",,29,0,0.060128193348646164,0.060128193348646164,21481
"Michael Tonkin","ATL",,80,0,0.05991668626666069,0.05991668626666069,10315
"Josh Smith","TEX",232,,0.058997929096221924,,0.058997929096221924,26396
"Roansy Contreras","PIT",,68.3333,0,0.05864636227488518,0.05864636227488518,22810
"Thyago Vieira","MIL",,3,0,0.05835256725549698,0.05835256725549698,14510
"Sammy Peralta","CHW",,20,0,0.056470565497875214,0.056470565497875214,25589
"Janson Junk","MIL",,7.3333,0,0.0547531358897686,0.0547531358897686,23301
"Seranthony Domínguez","PHI",,50,0,0.0529320053756237,0.0529320053756237,19249
"Yasmani Grandal","CHW",405,,0.05267705023288727,,0.05267705023288727,11368
"Dany Jiménez","OAK",,23.3333,0,0.05250432342290878,0.05250432342290878,21170
"Kyle Hurt","LAD",,2,0,0.052355777472257614,0.052355777472257614,27514
"Connor Phillips","CIN",,20.6666,0,0.05194782093167305,0.05194782093167305,27649
"Joe Jacques","BOS",,26.6666,0,0.05143815279006958,0.05143815279006958,25178
"Darius Vines","ATL",,20.3333,0,0.05112349987030029,0.05112349987030029,25928
"Daniel Hudson","LAD",,3,0,0.05061224475502968,0.05061224475502968,7146
"Keegan Thompson","CHC",,28.6666,0,0.0502968356013298,0.0502968356013298,19795
"Charlie Culberson","ATL",1,,0.04911632463335991,,0.04911632463335991,3298
"Jared Shuster","ATL",,52.6666,0,0.04732977971434593,0.04732977971434593,27472
"Trent Thornton","- - -",,31.3333,0,0.04719657823443413,0.04719657823443413,17948
"Hogan Harris","OAK",,63,0,0.04569760337471962,0.04569760337471962,21520
"Logan Porter","KCR",38,,0.04550089314579964,,0.04550089314579964,20626
"Yoendrys Gómez","NYY",,2,0,0.04267209768295288,0.04267209768295288,22872
"Carson Kelly","- - -",151,2.6666,0.07378987688571215,-0.034199951216578484,0.03958992566913366,13620
"Tyler Cyr","LAD",,1.6665999999999999,0,0.038804229348897934,0.038804229348897934,18421
"Raimel Tapia","- - -",169,,0.03830619156360626,,0.03830619156360626,14350
"Yu Chang","BOS",112,,0.03724774718284607,,0.03724774718284607,14773
"Dylan Covey","- - -",,43,0,0.03658518195152283,0.03658518195152283,14825
"Carson Fulmer","LAA",,10,0,0.036515284329652786,0.036515284329652786,18311
"Grant Hartwig","NYM",,35.3333,0,0.03590107709169388,0.03590107709169388,29946
"Nick Wittgren","KCR",,29,0,0.03554770350456238,0.03554770350456238,15594
"Dylan Lee","ATL",,23.6666,0,0.03502718731760979,0.03502718731760979,19996
"Greg Weissert","NYY",,20,0,0.03398163989186287,0.03398163989186287,20375
"Óscar Mercado","STL",32,,0.03349436819553375,,0.03349436819553375,16375
"Drew Maggi","PIT",6,,0.03346477821469307,,0.03346477821469307,11381
"José Fermín","STL",61,,0.03282540291547775,,0.03282540291547775,21746
"Nick Lodolo","CIN",,34.3333,0,0.031796738505363464,0.031796738505363464,26378
"Brandon Walter","BOS",,23,0,0.031516533344984055,0.031516533344984055,26056
"Nicholas Padilla","CHW",,4.6666,0,0.031029481440782547,0.031029481440782547,21327
"José Lopez","TBR",,2,0,0.02980886399745941,0.02980886399745941,22982
"Miles Mastrobuoni","CHC",149,0.3333,0.09297505021095276,-0.06339814513921738,0.029576905071735382,20017
"Penn Murfee","SEA",,14,0,0.026927219703793526,0.026927219703793526,25174
"Andrew Knizner","STL",241,,0.026493512094020844,,0.026493512094020844,19514
"Omar Narváez","NYM",146,,0.025794176384806633,,0.025794176384806633,13338
"Darren McCaughan","SEA",,5,0,0.02562716417014599,0.02562716417014599,20038
"Jonathan Hernández","TEX",,31.6666,0,0.02505848929286003,0.02505848929286003,17464
"Nolan Schanuel","LAA",132,,0.02487904205918312,,0.02487904205918312,33189
"Matt Gage","HOU",,6.6666,0,0.02330685965716839,0.02330685965716839,17381
"Calvin Faucher","TBR",,25.6666,0,0.021436383947730064,0.021436383947730064,20116
"Zach Muckenhirn","NYM",,6,0,0.021392999216914177,0.021392999216914177,20209
"Konnor Pilkington","CLE",,2,0,0.019922571256756783,0.019922571256756783,21453
"Shane Greene","CHC",,3,0,0.01958330161869526,0.01958330161869526,10756
"Alexander Canario","CHC",17,,0.01856435276567936,,0.01856435276567936,22842
"Adrian Morejon","SDP",,9,0,0.017606377601623535,0.017606377601623535,20039
"Chris Vallimont","BAL",,0.6666,0,0.01674257405102253,0.01674257405102253,24935
"Heath Hembree","TBR",,1.3333,0,0.01660488173365593,0.01660488173365593,11632
"Jackson Rutledge","WSN",,20,0,0.016114862635731697,0.016114862635731697,26215
"Ricky Karcher","CIN",,1,0,0.015738490968942642,0.015738490968942642,23449
"Tanner Rainey","WSN",,1,0,0.015513616614043713,0.015513616614043713,17610
"Kevin Newman","CIN",253,,0.014053624123334885,,0.014053624123334885,17696
"Nick Burdi","CHC",,3,0,0.013586195185780525,0.013586195185780525,16074
"Eduardo Salazar","CIN",,12.3333,0,0.01323437038809061,0.01323437038809061,23135
"José Cisnero","DET",,59.3333,0,0.012457208707928658,0.012457208707928658,6399
"Luis Urías","- - -",177,,0.012274697422981262,,0.012274697422981262,16622
"José Rodríguez","SEA",,3,0,0.01148128043860197,0.01148128043860197,17860
"J.B. Bukauskas","- - -",,7,0,0.011029176414012909,0.011029176414012909,20491
"Ryder Ryan","SEA",,1,0,0.010867723263800144,0.010867723263800144,19891
"Caleb Kilian","CHC",,5.3333,0,0.01017381064593792,0.01017381064593792,26213
"Anthony Veneziano","KCR",,2.3333,0,0.009833774529397488,0.009833774529397488,27453
"Jonathan Loáisiga","NYY",,17.6666,0,0.009228361770510674,0.009228361770510674,19753
"Blair Calvo","COL",,1,0,0.008384734392166138,0.008384734392166138,25416
"Josh Taylor","KCR",,17.6666,0,0.00751467514783144,0.00751467514783144,17359
"Franchy Cordero","NYY",71,,0.0068442728370428085,,0.0068442728370428085,14567
"Frankie Montas","NYY",,1.3333,0,0.005933190230280161,0.005933190230280161,14309
"Richard Lovelady","OAK",,23.3333,0,0.005790709517896175,0.005790709517896175,19337
"Randy Wynne","CIN",,2.3333,0,0.0054902853444218636,0.0054902853444218636,25804
"José Rodríguez","CHW",,,0.0052916500717401505,,0.0052916500717401505,24388
"Alex Claudio","MIL",,0.3333,0,0.003378356574103236,0.003378356574103236,12890
"Nick Vespi","BAL",,14.6666,0,0.0030213186983019114,0.0030213186983019114,21093
"Edwin Uceta","NYM",,3,0,0.0024757173378020525,0.0024757173378020525,20539
"Enmanuel De Jesus","MIA",,6.3333,0,0.0023366794921457767,0.0023366794921457767,18554
"Hagen Danner","TOR",,0.3333,0,0.002265753224492073,0.002265753224492073,22116
"J.C. Mejía","MIL",,11.3333,0,0.0017472238978371024,0.0017472238978371024,20617
"Mark Kolozsvary","BAL",,,0.0016664218856021762,,0.0016664218856021762,21304
"Jesse Scholtens","CHW",,85,0,0.001548859174363315,0.001548859174363315,19205
"Cole Waites","SFG",,2.3333,0,0.0011151706567034125,0.0011151706567034125,25665
"Robert Suarez","SDP",,27.6666,0,0.001074788742698729,0.001074788742698729,30115
"Nick Solak","- - -",,,0,,0,19294
"Conner Capel","OAK",86,,-0.0016453502466902137,,-0.0016453502466902137,19983
"Billy Hamilton","CHW",2,,-0.001978285377845168,,-0.001978285377845168,10199
"Noah Davis","COL",,30,0,-0.0023448478896170855,-0.0023448478896170855,25862
"Oliver Ortega","MIN",,14.6666,0,-0.002614137716591358,-0.002614137716591358,21025
"Jose Espada","SDP",,1,0,-0.0027201438788324594,-0.0027201438788324594,21131
"Anthony Bass","TOR",,20,0,-0.00328807276673615,-0.00328807276673615,7982
"Hunter Stratton","PIT",,12,0,-0.0035678527783602476,-0.0035678527783602476,23455
"Bryan Hudson","LAD",,8.6666,0,-0.003928372170776129,-0.003928372170776129,19924
"T.J. McFarland","NYM",,1.6665999999999999,0,-0.004260965157300234,-0.004260965157300234,3237
"Jake Lamb","LAA",54,1,-0.0109702805057168,0.006383439060300589,-0.004586841445416212,13329
"Henry Ramos","CIN",86,,-0.0056564779952168465,,-0.0056564779952168465,11481
"Luis Patiño","- - -",,21.6666,0,-0.005703471601009369,-0.005703471601009369,22815
"Ben Rortvedt","NYY",79,,-0.006143626291304827,,-0.006143626291304827,20287
"Tyler Duffey","CHC",,2,0,-0.007165394723415375,-0.007165394723415375,13758
"Ethan Small","MIL",,4,0,-0.007244600914418697,-0.007244600914418697,26364
"Kody Clemens","PHI",148,2.6666,0.010132965631783009,-0.01902216300368309,-0.008889197371900082,20572
"Jeff Lindgren","MIA",,7,0,-0.009365173056721687,-0.009365173056721687,25830
"Bruce Zimmermann","BAL",,13.3333,0,-0.010116093792021275,-0.010116093792021275,20370
"Anthony Bemboom","BAL",13,,-0.010136841796338558,,-0.010136841796338558,13854
"Buddy Kennedy","ARI",29,,-0.011619215831160545,,-0.011619215831160545,22505
"Brenan Hanifee","DET",,5,0,-0.011659324169158936,-0.011659324169158936,22304
"Vinny Capra","PIT",21,,-0.012690520845353603,,-0.012690520845353603,25040
"Kelvin Cáceres","LAA",,1.3333,0,-0.012956511229276657,-0.012956511229276657,24681
"Jake Wong","CIN",,3,0,-0.01371820829808712,-0.01371820829808712,23095
"Nathan Lukes","TOR",31,,-0.014467933215200901,,-0.014467933215200901,18123
"Victor Mederos","LAA",,3,0,-0.014470270834863186,-0.014470270834863186,31533
"Evan Justice","COL",,7.3333,0,-0.015169238671660423,-0.015169238671660423,30008
"Jordan Weems","WSN",,54.6666,0,-0.015487927943468094,-0.015487927943468094,13190
"Reed Garrett","- - -",,19.6666,0,-0.01594180311076343,-0.01594180311076343,16866
"Prelander Berroa","SEA",,1.6665999999999999,0,-0.016433032229542732,-0.016433032229542732,22932
"Tyson Miller","- - -",,15.3333,0,-0.01748389005933859,-0.01748389005933859,19976
"Kirby Snead","OAK",,11.6666,0,-0.01771826297044754,-0.01771826297044754,19179
"Easton Lucas","OAK",,6.6666,0,-0.017931252717971802,-0.017931252717971802,26058
"Kevin Herget","CIN",,24.3333,0,-0.01826535537838936,-0.01826535537838936,15369
"Hector Perez","TBR",,0.3333,0,-0.018465204164385796,-0.018465204164385796,18592
"Jake Faria","BOS",,2,0,-0.018960488960146904,-0.018960488960146904,13699
"Jacob Amaya","MIA",9,,-0.01899014785885811,,-0.01899014785885811,23296
"Erich Uelmen","PHI",,1,0,-0.019137125462293625,-0.019137125462293625,20323
"Ryan Weber","NYY",,14.3333,0,-0.02087980881333351,-0.02087980881333351,10160
"Andrew Stevenson","MIN",40,,-0.022679680958390236,,-0.022679680958390236,17932
"Diego Castillo","ARI",1,,-0.023268714547157288,,-0.023268714547157288,19906
"Joey Bart","SFG",95,,-0.023402223363518715,,-0.023402223363518715,21524
"Miguel Vargas","LAD",304,,-0.0238918736577034,,-0.0238918736577034,20178
"Joely Rodríguez","BOS",,11,0,-0.02549559809267521,-0.02549559809267521,11487
"Chris Okey","LAA",2,,-0.026091722771525383,,-0.026091722771525383,19245
"Nate Pearson","TOR",,42.6666,0,-0.029074495658278465,-0.029074495658278465,20160
"Jonathan Ornelas","TEX",8,,-0.02975955791771412,,-0.02975955791771412,24597
"Spencer Turnbull","DET",,31,0,-0.03018210642039776,-0.03018210642039776,16207
"Colin Selby","PIT",,24,0,-0.030435025691986084,-0.030435025691986084,24986
"Manny Piña","OAK",12,,-0.031434159725904465,,-0.031434159725904465,2829
"Davis Daniel","LAA",,12.3333,0,-0.03173062950372696,-0.03173062950372696,27582
"Alex Lange","DET",,66,0,-0.033346064388751984,-0.033346064388751984,19883
"Chandler Seagle","SDP",1,,-0.03344917297363281,,-0.03344917297363281,23552
"Jonathan Bowlan","KCR",,3,0,-0.03489138185977936,-0.03489138185977936,24607
"Matt Carasiti","COL",,24.3333,0,-0.035574544221162796,-0.035574544221162796,13276
"Robbie Ray","SEA",,3.3333,0,-0.03561989217996597,-0.03561989217996597,11486
"Nick Nelson","PHI",,5.3333,0,-0.036033011972904205,-0.036033011972904205,20153
"Alfonso Rivas III","- - -",123,,-0.036652836948633194,,-0.036652836948633194,21560
"Drey Jameson","ARI",,40.6666,0,-0.03670443594455719,-0.03670443594455719,26260
"John Curtiss","NYM",,19.6666,0,-0.03704661503434181,-0.03704661503434181,16128
"Chi Chi González","MIA",,3.6666,0,-0.03729533404111862,-0.03729533404111862,14663
"Simeon Woods Richardson","MIN",,4.6666,0,-0.03747827932238579,-0.03747827932238579,24494
"Mike Mayers","KCR",,26.3333,0,-0.03861430659890175,-0.03861430659890175,15451
"Mitch White","TOR",,12.6666,0,-0.03893158584833145,-0.03893158584833145,19225
"Joey Krehbiel","BAL",,5,0,-0.0393376350402832,-0.0393376350402832,13707
"Jahmai Jones","MIL",11,,-0.04043516516685486,,-0.04043516516685486,18872
"Geoff Hartlieb","MIA",,4,0,-0.044544827193021774,-0.044544827193021774,19558
"Brandon Hughes","CHC",,13.6666,0,-0.04503125324845314,-0.04503125324845314,23460
"Daysbel Hernández","ATL",,3.6666,0,-0.04509280249476433,-0.04509280249476433,20271
"Riley Pint","COL",,0.3333,0,-0.04523934796452522,-0.04523934796452522,21858
"José Castillo","SDP",,0.3333,0,-0.04589139670133591,-0.04589139670133591,17169
"Kyle Wright","ATL",,31,0,-0.046890415251255035,-0.046890415251255035,19665
"Travis Blankenhorn","WSN",37,,-0.047281116247177124,,-0.047281116247177124,18395
"Jose Cuas","- - -",,65.3332,0,-0.04744562320411205,-0.04744562320411205,17701
"Edgar Navarro","CHW",,8.6666,0,-0.04838993772864342,-0.04838993772864342,24363
"Will Brennan","CLE",455,,-0.04867309331893921,,-0.04867309331893921,25660
"James Naile","STL",,15.3333,0,-0.049013759940862656,-0.049013759940862656,18186
"Connor Kaiser","COL",4,,-0.049306806176900864,,-0.049306806176900864,21535
"Mason McCoy","TOR",1,,-0.05048472806811333,,-0.05048472806811333,22232
"Jhonathan Díaz","LAA",,7,0,-0.050519101321697235,-0.050519101321697235,20298
"Jimmy Yacabonis","NYM",,13.6666,0,-0.051076989620923996,-0.051076989620923996,15157
"David Fletcher","LAA",97,,-0.05119270458817482,,-0.05119270458817482,17992
"Elias Díaz","COL",526,,-0.051609765738248825,,-0.051609765738248825,11680
"Santiago Espinal","TOR",254,,-0.05268344655632973,,-0.05268344655632973,19997
"Kyle Garlick","MIN",30,,-0.05486585572361946,,-0.05486585572361946,18063
"Matt Koch","COL",,38.6666,0,-0.05767681822180748,-0.05767681822180748,13420
"Paolo Espino","WSN",,4,0,-0.05887201800942421,-0.05887201800942421,8246
"Liam Hendriks","CHW",,5,0,-0.060225959867239,-0.060225959867239,3548
"Zack Kelly","BOS",,9.3333,0,-0.06132036820054054,-0.06132036820054054,20349
"Luis Frías","ARI",,31,0,-0.06271426379680634,-0.06271426379680634,21997
"Domingo Tapia","SDP",,17.6666,0,-0.06459259986877441,-0.06459259986877441,12178
"Michael Mariot","CIN",,2.6666,0,-0.0649033710360527,-0.0649033710360527,10835
"Tommy Milone","SEA",,9,0,-0.06517620384693146,-0.06517620384693146,7608
"Lucas Luetge","ATL",,13.6666,0,-0.06612224876880646,-0.06612224876880646,8337
"Luis Torrens","- - -",30,,-0.06649582739919424,,-0.06649582739919424,15905
"Dominic Smith","WSN",586,,-0.06684071570634842,,-0.06684071570634842,15653
"Reiver Sanmartin","CIN",,14,0,-0.0675273984670639,-0.0675273984670639,19754
"Caleb Boushley","MIL",,2.3333,0,-0.06769919395446777,-0.06769919395446777,19736
"Adam Ottavino","NYM",,61.6666,0,-0.0680844634771347,-0.0680844634771347,1247
"Cal Stevenson","SFG",12,,-0.06910906732082367,,-0.06910906732082367,22411
"Carter Kieboom","WSN",94,,-0.06915192306041718,,-0.06915192306041718,19958
"Yohan Ramírez","- - -",,38.3333,0,-0.06983080692589283,-0.06983080692589283,19444
"Anthony Banda","WSN",,7,0,-0.07003481686115265,-0.07003481686115265,14706
"Wander Suero","LAD",,8,0,-0.07025820761919022,-0.07025820761919022,15855
"Kyle Nicolas","PIT",,5.3333,0,-0.07132138311862946,-0.07132138311862946,27775
"Michael Rucker","CHC",,40.3333,0,-0.07487637549638748,-0.07487637549638748,19454
"Jake Reed","LAD",,0.6666,0,-0.07710357755422592,-0.07710357755422592,16209
"Jordan Luplow","- - -",90,1.3333,0.08815869688987732,-0.16527210175991058,-0.07711340487003326,16424
"Drew Rom","STL",,33.6666,0,-0.07745325565338135,-0.07745325565338135,24602
"Nick Gonzales","PIT",128,,-0.07951216399669647,,-0.07951216399669647,27490
"Caleb Hamilton","BOS",6,,-0.07997673004865646,,-0.07997673004865646,19842
"Austin Meadows","DET",21,,-0.08033736050128937,,-0.08033736050128937,15672
"Garrett Cleavinger","TBR",,12,0,-0.08132810145616531,-0.08132810145616531,17897
"Samad Taylor","KCR",69,,-0.08169954270124435,,-0.08169954270124435,22274
"Bryce Jarvis","ARI",,23.6666,0,-0.08236687630414963,-0.08236687630414963,27477
"Matt Reynolds","CIN",5,,-0.08283530920743942,,-0.08283530920743942,13788
"Roberto Pérez","SFG",17,,-0.08304094523191452,,-0.08304094523191452,2900
"Alex Speas","TEX",,2,0,-0.08391392976045609,-0.08391392976045609,21859
"Ji Hwan Bae","PIT",371,,-0.08483279496431351,,-0.08483279496431351,23818
"Cal Mitchell","PIT",5,,-0.08683829009532928,,-0.08683829009532928,22169
"Juniel Querecuto","STL",21,,-0.08747497946023941,,-0.08747497946023941,12140
"Zach Logue","DET",,11,0,-0.0875641405582428,-0.0875641405582428,20231
"Archie Bradley","MIA",,7.3333,0,-0.08845003694295883,-0.08845003694295883,12918
"Johan Quezada","MIA",,0.6666,0,-0.0890936404466629,-0.0890936404466629,20643
"Gus Varland","- - -",,20.3332,0,-0.08983156085014343,-0.08983156085014343,24737
"Zack Short","DET",253,6,-0.1260656863451004,0.03550659865140915,-0.09055908769369125,19562
"Max Castillo","KCR",,20.3333,0,-0.09171485900878906,-0.09171485900878906,21956
"Bryce Johnson","SFG",48,,-0.0927489846944809,,-0.0927489846944809,20002
"Spencer Howard","TEX",,3.3333,0,-0.09348591417074203,-0.09348591417074203,23252
"Austin Warren","LAA",,1.6665999999999999,0,-0.09354019165039062,-0.09354019165039062,24937
"Anthony Misiewicz","- - -",,10.9999,0,-0.09466006048023701,-0.09466006048023701,18152
"Nick Hernandez","SDP",,3,0,-0.09572089463472366,-0.09572089463472366,19281
"Kyle Harrison","SFG",,34.6666,0,-0.09705957770347595,-0.09705957770347595,27758
"Ben Joyce","LAA",,10,0,-0.09723134338855743,-0.09723134338855743,31461
"Matt Bowman","NYY",,4,0,-0.09787031263113022,-0.09787031263113022,13528
"Joey Ortiz","BAL",34,,-0.09798560291528702,,-0.09798560291528702,25493
"Joe Barlow","TEX",,9.6666,0,-0.09878522157669067,-0.09878522157669067,22296
"Tyler Cropley","KCR",7,,-0.09903095662593842,,-0.09903095662593842,24485
"Scott McGough","ARI",,70.3333,0,-0.09980155527591705,-0.09980155527591705,12056
"Alec Mills","CIN",,1,0,-0.09996061772108078,-0.09996061772108078,13834
"Andre Pallante","STL",,68,0,-0.10003286600112915,-0.10003286600112915,26108
"Livan Soto","LAA",12,,-0.10226398706436157,,-0.10226398706436157,22471
"Tony Kemp","OAK",419,,-0.10460452735424042,,-0.10460452735424042,14894
"Tony Santillan","CIN",,3.3333,0,-0.10739661008119583,-0.10739661008119583,19926
"Sam Coonrod","NYM",,6.6666,0,-0.10794024914503098,-0.10794024914503098,17264
"Eli White","ATL",17,,-0.10890738666057587,,-0.10890738666057587,19346
"Connor Brogdon","PHI",,29,0,-0.10942675173282623,-0.10942675173282623,21205
"Dennis Santana","NYM",,10.6666,0,-0.10988248884677887,-0.10988248884677887,17878
"Ty Adcock","SEA",,15.6666,0,-0.10990341007709503,-0.10990341007709503,25651
"Josh Walker","NYM",,10,0,-0.11085440218448639,-0.11085440218448639,23617
"Cam Eden","TOR",6,,-0.11318004131317139,,-0.11318004131317139,25476
"Willie Calhoun","NYY",149,,-0.11322309076786041,,-0.11322309076786041,17838
"Ben Heller","ATL",,18.6666,0,-0.11345518380403519,-0.11345518380403519,15100
"Tres Barrera","STL",2,,-0.1161981150507927,,-0.1161981150507927,19977
"Francisco Mejía","TBR",160,,-0.11622508615255356,,-0.11622508615255356,16403
"Dane Myers","MIA",70,,-0.11725378781557083,,-0.11725378781557083,22054
"Matt Festa","SEA",,9,0,-0.1175970584154129,-0.1175970584154129,19330
"Richard Bleier","BOS",,30.6666,0,-0.11883240193128586,-0.11883240193128586,7803
"Carlos Rodón","NYY",,64.3333,0,-0.12005364149808884,-0.12005364149808884,16137
"Sean Nolin","MIA",,3,0,-0.12111221998929977,-0.12111221998929977,11341
"Gerardo Reyes","LAA",,9.6666,0,-0.1213628426194191,-0.1213628426194191,16306
"Tommy La Stella","SEA",24,,-0.1218995749950409,,-0.1218995749950409,12371
"Brooks Kriske","KCR",,6.6666,0,-0.12246420234441757,-0.12246420234441757,21189
"Carlos Vargas","ARI",,4.6666,0,-0.12523725628852844,-0.12523725628852844,22915
"Meibrys Viloria","CLE",4,,-0.12569116055965424,,-0.12569116055965424,17109
"Joel Kuhnel","- - -",,12.9999,0,-0.1260454668663442,-0.1260454668663442,19995
"Connor Overton","CIN",,11,0,-0.1262153834104538,-0.1262153834104538,18376
"Ben Gamel","SDP",15,,-0.12645526230335236,,-0.12645526230335236,12160
"Daniel Castano","MIA",,3,0,-0.12715470790863037,-0.12715470790863037,19805
"Sam Long","OAK",,45,0,-0.12772007286548615,-0.12772007286548615,25379
"Domingo Acevedo","OAK",,9.3333,0,-0.1293673813343048,-0.1293673813343048,17092
"Adam Haseley","CHW",39,,-0.1300860494375229,,-0.1300860494375229,19878
"Matt Krook","NYY",,4,0,-0.13114610314369202,-0.13114610314369202,19315
"Brice Turang","MIL",448,,-0.13173788785934448,,-0.13173788785934448,22186
"Kendall Graveman","- - -",,66.33330000000001,0,-0.13225630670785904,-0.13225630670785904,15514
"Michael Siani","- - -",6,,-0.13363705202937126,,-0.13363705202937126,22557
"Darin Ruf","- - -",57,,-0.13377856835722923,,-0.13377856835722923,9929
"Garrett Crochet","CHW",,12.6666,0,-0.13555064797401428,-0.13555064797401428,27463
"Chadwick Tromp","ATL",16,,-0.13620412349700928,,-0.13620412349700928,16953
"Cole Sands","MIN",,21.6666,0,-0.13665397465229034,-0.13665397465229034,21461
"Mychal Givens","BAL",,4,0,-0.13728947937488556,-0.13728947937488556,10430
"Kevin Padlo","LAA",8,,-0.13736745715141296,,-0.13736745715141296,16593
"McKinley Moore","PHI",,3.3333,0,-0.13777808845043182,-0.13777808845043182,25663
"José Azocar","SDP",102,,-0.13798849284648895,,-0.13798849284648895,18821
"Jake Cousins","MIL",,9.3333,0,-0.1385977864265442,-0.1385977864265442,21620
"Reyes Moronta","LAA",,1.3333,0,-0.14042414724826813,-0.14042414724826813,14966
"Hobie Harris","WSN",,19.3333,0,-0.1405932754278183,-0.1405932754278183,18615
"Adrián Martínez","OAK",,55,0,-0.14178438484668732,-0.14178438484668732,21023
"Ron Marinaccio","NYY",,47.3333,0,-0.14232896268367767,-0.14232896268367767,23488
"Connor Seabold","COL",,87.3333,0,-0.14434188604354858,-0.14434188604354858,19695
"Owen White","TEX",,4,0,-0.1446303427219391,-0.1446303427219391,22273
"Kolton Ingram","LAA",,5.3333,0,-0.14469489455223083,-0.14469489455223083,26068
"Ian Kennedy","TEX",,16.3333,0,-0.1453641653060913,-0.1453641653060913,6986
"Taylor Hearn","- - -",,14.999899999999998,0,-0.14539616834372282,-0.14539616834372282,18325
"Rylan Bannon","HOU",6,,-0.14540529251098633,,-0.14540529251098633,19768
"Anthony Kay","- - -",,14.666599999999999,0,-0.14623455703258514,-0.14623455703258514,20387
"Tayler Scott","- - -",,17.6666,0,-0.14651087671518326,-0.14651087671518326,13652
"Jake Cave","PHI",203,,-0.14674271643161774,,-0.14674271643161774,14477
"Fernando Abad","COL",,6.3333,0,-0.14719730615615845,-0.14719730615615845,4994
"Yacksel Ríos","OAK",,1.6665999999999999,0,-0.14739754796028137,-0.14739754796028137,15007
"Spenser Watkins","OAK",,4.3333,0,-0.14741699397563934,-0.14741699397563934,17489
"Taylor Trammell","SEA",56,,-0.14866653084754944,,-0.14866653084754944,19960
"César Salazar","HOU",19,,-0.14890176057815552,,-0.14890176057815552,21587
"Heliot Ramos","SFG",60,,-0.14908385276794434,,-0.14908385276794434,22515
"Trevor Williams","WSN",,144.3333,0,-0.15154016017913818,-0.15154016017913818,16977
"Brad Miller","TEX",67,2,-0.0707268938422203,-0.081515833735466,-0.1522427275776863,12775
"Kirby Yates","ATL",,60.3333,0,-0.1523965299129486,-0.1523965299129486,9073
"Braden Shewmake","ATL",4,,-0.15277335047721863,,-0.15277335047721863,25817
"Wil Crowe","PIT",,9.6666,0,-0.15303565561771393,-0.15303565561771393,19800
"Andrew Velazquez","LAA",94,,-0.15621989965438843,,-0.15621989965438843,14196
"Chad Wallach","LAA",172,,-0.15666376054286957,,-0.15666376054286957,17161
"Antonio Senzatela","COL",,7.6666,0,-0.1573505848646164,-0.1573505848646164,15488
"Cole Sulser","ARI",,5.3333,0,-0.1584949642419815,-0.1584949642419815,15256
"Brett Phillips","LAA",71,0.3333,-0.14526210725307465,-0.014234223403036594,-0.15949633065611124,14735
"Jared Young","CHC",47,,-0.15955272316932678,,-0.15955272316932678,20404
"Zach McAllister","NYY",,5.3333,0,-0.16381821036338806,-0.16381821036338806,2895
"Lawrence Butler","OAK",129,,-0.1638946533203125,,-0.1638946533203125,22542
"Wade Meckler","SFG",64,,-0.16476278007030487,,-0.16476278007030487,31490
"Peyton Burdick","MIA",37,,-0.16694727540016174,,-0.16694727540016174,25459
"Taylor Kohlwey","SDP",13,,-0.16782522201538086,,-0.16782522201538086,19212
"Brad Boxberger","CHC",,20,0,-0.1682332307100296,-0.1682332307100296,10133
"Josh Lester","BAL",23,1,-0.1838458627462387,0.011745404452085495,-0.1721004582941532,17737
"Alex Colomé","CHW",,3,0,-0.1726069152355194,-0.1726069152355194,6661
"Johan Camargo","SFG",20,,-0.17261171340942383,,-0.17261171340942383,14950
"Ryan Kreidler","DET",18,,-0.17452195286750793,,-0.17452195286750793,25867
"Matt Dermody","BOS",,4,0,-0.17515398561954498,-0.17515398561954498,14844
"Tim Anderson","CHW",524,,-0.17630228400230408,,-0.17630228400230408,15172
"Derek Hill","WSN",50,,-0.17759370803833008,,-0.17759370803833008,16947
"Yonny Hernández","LAD",27,1,-0.18535755574703217,0.007195351645350456,-0.1781622041016817,19432
"Brandon Dixon","SDP",86,1,-0.1849120557308197,0.0064080860465765,-0.1785039696842432,15214
"Brad Keller","KCR",,45.3333,0,-0.17864304780960083,-0.17864304780960083,15734
"Jackson Kowar","KCR",,28,0,-0.1792822927236557,-0.1792822927236557,21549
"Daniel Duarte","CIN",,31.6666,0,-0.18018893897533417,-0.18018893897533417,17480
"Justin Garza","BOS",,18.3333,0,-0.18030427396297455,-0.18030427396297455,19784
"Duane Underwood Jr.","PIT",,24.3333,0,-0.18047946691513062,-0.18047946691513062,14677
"Justin Martinez","ARI",,10,0,-0.18211428821086884,-0.18211428821086884,24453
"Ken Waldichuk","OAK",,141,0,-0.18216900527477264,-0.18216900527477264,27681
"Cody Bolton","PIT",,21.3333,0,-0.18426267802715302,-0.18426267802715302,23265
"José Tena","CLE",34,,-0.18472804129123688,,-0.18472804129123688,23691
"Carlos Pérez","CHW",53,,-0.185307115316391,,-0.185307115316391,20805
"Pete Crow-Armstrong","CHC",19,,-0.18538117408752441,,-0.18538117408752441,27769
"Juan Then","SEA",,11,0,-0.18581822514533997,-0.18581822514533997,22828
"Osleivis Basabe","TBR",94,,-0.18655508756637573,,-0.18655508756637573,23985
"James Karinchak","CLE",,39,0,-0.1869465857744217,-0.1869465857744217,20151
"Jordan Lawlar","ARI",34,,-0.1874227523803711,,-0.1874227523803711,29976
"Wes Parsons","TOR",,4,0,-0.18954598903656006,-0.18954598903656006,14764
"Karl Kauffmann","COL",,35,0,-0.18960846960544586,-0.18960846960544586,27488
"Deivi García","- - -",,14.9999,0,-0.1921609565615654,-0.1921609565615654,20276
"David Dahl","SDP",9,,-0.19923116266727448,,-0.19923116266727448,13744
"Brian O'Keefe","SEA",21,,-0.19952304661273956,,-0.19952304661273956,16680
"Andre Lipcius","DET",38,,-0.19956059753894806,,-0.19956059753894806,25822
"Dereck Rodríguez","- - -",,5.3332,0,-0.20131687726825476,-0.20131687726825476,14509
"Kaleb Ort","BOS",,23,0,-0.20148904621601105,-0.20148904621601105,20061
"Kole Calhoun","CLE",174,,-0.20558805763721466,,-0.20558805763721466,11200
"Casey Legumina","CIN",,12.6666,0,-0.2067766785621643,-0.2067766785621643,25921
"Matt Beaty","- - -",72,1,-0.20882148295640945,0.000044429478293750435,-0.2087770534781157,17710
"Drew VerHagen","STL",,61,0,-0.208832249045372,-0.208832249045372,13424
"Hunter Dozier","KCR",91,,-0.20984980463981628,,-0.20984980463981628,15117
"Peter Solomon","ARI",,13.3333,0,-0.21141521632671356,-0.21141521632671356,20476
"Ryan Weathers","- - -",,57.6666,0,-0.21644335240125656,-0.21644335240125656,23796
"Ross Stripling","SFG",,89,0,-0.2178407460451126,-0.2178407460451126,13273
"Chad Smith","OAK",,13.6666,0,-0.21969178318977356,-0.21969178318977356,20190
"Zack Weiss","- - -",,13.9999,0,-0.22088288515806198,-0.22088288515806198,15444
"Diego Castillo","SEA",,8.6666,0,-0.22271764278411865,-0.22271764278411865,17496
"Trey Cabbage","LAA",56,,-0.22297030687332153,,-0.22297030687332153,21078
"Amir Garrett","KCR",,24.3333,0,-0.22465500235557556,-0.22465500235557556,14375
"Tyler Naquin","CHW",8,,-0.2246629148721695,,-0.2246629148721695,13359
"Logan Gillaspie","BAL",,9,0,-0.22514097392559052,-0.22514097392559052,22461
"Bobby Dalbec","BOS",53,,-0.22725047171115875,,-0.22725047171115875,19966
"Austin Voth","BAL",,34.6666,0,-0.2287316918373108,-0.2287316918373108,15047
"Taylor Clarke","KCR",,59,0,-0.22945816814899445,-0.22945816814899445,17611
"David Hamilton","BOS",39,,-0.231775164604187,,-0.231775164604187,27531
"Cody Morris","CLE",,8,0,-0.23247531056404114,-0.23247531056404114,25388
"Jimmy Herget","LAA",,29,0,-0.23362131416797638,-0.23362131416797638,17556
"Kyle Leahy","STL",,1.6665999999999999,0,-0.2359611690044403,-0.2359611690044403,24763
"Ehire Adrianza","ATL",11,,-0.23599950969219208,,-0.23599950969219208,8418
"Michael Plassmeyer","PHI",,3.6666,0,-0.23841437697410583,-0.23841437697410583,23191
"Alan Trejo","COL",227,2,-0.14535316824913025,-0.10127488523721695,-0.2466280534863472,20056
"Joey Estes","OAK",,10,0,-0.24689526855945587,-0.24689526855945587,26257
"Adam Engel","SDP",6,,-0.24820473790168762,,-0.24820473790168762,15082
"Curt Casali","CIN",96,,-0.25249460339546204,,-0.25249460339546204,12510
"Carlos Pérez","OAK",189,1.6665999999999999,-0.16169853508472443,-0.09312856197357178,-0.2548270970582962,10642
"Jason Vosler","CIN",65,2,-0.2956007719039917,0.037467002868652344,-0.25813376903533936,16686
"Terrin Vavra","BAL",56,,-0.2589530646800995,,-0.2589530646800995,24400
"Nick Sandlin","CLE",,60,0,-0.2600803077220917,-0.2600803077220917,20517
"Nabil Crismatt","- - -",,13,0,-0.26073460280895233,-0.26073460280895233,17732
"Edwin Ríos","CHC",34,,-0.2651660740375519,,-0.2651660740375519,18316
"Brock Burke","TEX",,59.6666,0,-0.2663273811340332,-0.2663273811340332,17968
"Chris Owings","PIT",25,1,-0.2742193341255188,0.006501389667391777,-0.267717944458127,10030
"Nelson Cruz","SDP",152,,-0.270921915769577,,-0.270921915769577,2434
"David Villar","SFG",140,1,-0.2599334418773651,-0.011137405410408974,-0.2710708472877741,24782
"Trevor Kelley","TBR",,15.3333,0,-0.271120548248291,-0.271120548248291,18454
"Colten Brewer","NYY",,8.3333,0,-0.27114802598953247,-0.27114802598953247,12997
"Spencer Patton","OAK",,12.3333,0,-0.27182263135910034,-0.27182263135910034,12361
"Joey Meneses","WSN",657,,-0.2720222771167755,,-0.2720222771167755,14366
"Carlos Carrasco","NYM",,90,0,-0.27259403467178345,-0.27259403467178345,6632
"Cooper Hummel","SEA",26,,-0.2734791338443756,,-0.2734791338443756,19458
"Salvador Perez","KCR",580,,-0.2742093503475189,,-0.2742093503475189,7304
"Erasmo Ramírez","- - -",,60.3333,0,-0.2776535376906395,-0.2776535376906395,10314
"Starling Marte","NYM",341,,-0.2782612442970276,,-0.2782612442970276,9241
"Yonny Chirinos","- - -",,84.9999,0,-0.2793087959289551,-0.2793087959289551,16401
"Tommy Hunter","NYM",,23.6666,0,-0.28035247325897217,-0.28035247325897217,1157
"Brian Serven","COL",23,,-0.280365914106369,,-0.280365914106369,19422
"Irving Lopez","STL",12,,-0.2809961140155792,,-0.2809961140155792,20463
"Zach Pop","TOR",,13.6666,0,-0.28102368116378784,-0.28102368116378784,20185
"Reiss Knehr","SDP",,5.6666,0,-0.2824556231498718,-0.2824556231498718,21541
"Abraham Almonte","NYM",16,,-0.2836717367172241,,-0.2836717367172241,5486
"Jonathan Heasley","KCR",,15,0,-0.28882932662963867,-0.28882932662963867,22224
"J.P. Martínez","TEX",44,,-0.288994163274765,,-0.288994163274765,24451
"Matt Duffy","KCR",209,2,-0.2160378247499466,-0.07298728078603745,-0.28902510553598404,13836
"Eric Hosmer","CHC",100,,-0.29131177067756653,,-0.29131177067756653,3516
"David Peralta","LAD",422,,-0.2931143045425415,,-0.2931143045425415,2136
"Jonathan Araúz","NYM",66,,-0.2938988208770752,,-0.2938988208770752,20275
"David Fry","CLE",113,5,-0.11590635031461716,-0.17954105138778687,-0.295447401702404,24934
"Brent Headrick","MIN",,25.6666,0,-0.2979971468448639,-0.2979971468448639,27702
"Christian Arroyo","BOS",206,,-0.29821279644966125,,-0.29821279644966125,16434
"Jonathan Schoop","DET",151,1.3333,-0.31860625743865967,0.019708970561623573,-0.2988972868770361,11265
"Jake Bauers","NYY",272,,-0.30076637864112854,,-0.30076637864112854,15194
"Kyren Paris","LAA",46,,-0.30132222175598145,,-0.30132222175598145,26420
"Bryan Hoeing","MIA",,70.6666,0,-0.30273476243019104,-0.30273476243019104,26304
"AJ Smith-Shawver","ATL",,25.3333,0,-0.3028281033039093,-0.3028281033039093,29960
"Cooper Criswell","TBR",,33,0,-0.30593356490135193,-0.30593356490135193,24975
"Mike Zunino","CLE",140,,-0.30613455176353455,,-0.30613455176353455,13265
"Hunter Goodman","COL",77,,-0.30821773409843445,,-0.30821773409843445,29715
"Dinelson Lamet","- - -",,27.6666,0,-0.309445783495903,-0.309445783495903,17186
"Declan Cronin","CHW",,11,0,-0.3136090040206909,-0.3136090040206909,25645
"Devin Smeltzer","MIA",,22.3333,0,-0.31465476751327515,-0.31465476751327515,19487
"Tommy Doyle","COL",,23.6666,0,-0.31573009490966797,-0.31573009490966797,21281
"Garrett Stubbs","PHI",125,,-0.31762686371803284,,-0.31762686371803284,18067
"Jesús Aguilar","OAK",115,,-0.31940579414367676,,-0.31940579414367676,11342
"Jonah Bride","OAK",106,,-0.31990647315979004,,-0.31990647315979004,24703
"Collin Snider","KCR",,20.3333,0,-0.3209967017173767,-0.3209967017173767,23307
"Nick Allen","OAK",329,,-0.3221065104007721,,-0.3221065104007721,22277
"Hanser Alberto","CHW",90,1.6665999999999999,-0.27008935809135437,-0.052067890763282776,-0.32215724885463715,11902
"Javy Guerra","- - -",,19.3333,0,-0.3226511776447296,-0.3226511776447296,17292
"Trayce Thompson","- - -",179,,-0.325357623398304,,-0.325357623398304,9952
"Clayton Andrews","MIL",,3.3333,0,-0.32731759548187256,-0.32731759548187256,23631
"C.J. Cron","- - -",278,,-0.3291600290685892,,-0.3291600290685892,12546
"Romy Gonzalez","CHW",97,,-0.3308638334274292,,-0.3308638334274292,21562
"Taylor Motter","STL",82,,-0.3317723572254181,,-0.3317723572254181,12399
"Tucupita Marcano","PIT",220,,-0.3322238028049469,,-0.3322238028049469,22871
"Ryan Tepera","- - -",,10.6666,0,-0.33270956575870514,-0.33270956575870514,10291
"Luis Guillorme","NYM",120,1,-0.35195332765579224,0.017898213118314743,-0.3340551145374775,16451
"Blake Rutherford","WSN",36,,-0.33589407801628113,,-0.33589407801628113,19957
"Alika Williams","PIT",112,,-0.33610668778419495,,-0.33610668778419495,27604
"José Marte","LAA",,9.3333,0,-0.33626604080200195,-0.33626604080200195,21761
"Clint Frazier","CHW",76,,-0.33904069662094116,,-0.33904069662094116,15983
"Bligh Madris","HOU",30,1,-0.2673719823360443,-0.0740627720952034,-0.3414347544312477,20054
"Daniel Norris","CLE",,12.6666,0,-0.34442874789237976,-0.34442874789237976,13475
"Hayden Wesneski","CHC",,89.3333,0,-0.34664255380630493,-0.34664255380630493,27581
"Parker Mushinski","HOU",,14.6666,0,-0.347434937953949,-0.347434937953949,21324
"Freddy Tarnok","OAK",,14.6666,0,-0.3494248390197754,-0.3494248390197754,23324
"Andrew Benintendi","CHW",621,,-0.3534420430660248,,-0.3534420430660248,17901
"Bryan De La Cruz","MIA",626,,-0.35377219319343567,,-0.35377219319343567,19600
"Ronel Blanco","HOU",,52,0,-0.3549892008304596,-0.3549892008304596,19407
"Devin Sweet","- - -",,8.666599999999999,0,-0.3593064397573471,-0.3593064397573471,25348
"Coco Montes","COL",41,,-0.36106064915657043,,-0.36106064915657043,21547
"Yuli Gurriel","MIA",329,,-0.3625645935535431,,-0.3625645935535431,19198
"Luis L. Ortiz","PIT",,86.6666,0,-0.3636844754219055,-0.3636844754219055,27646
"Luken Baker","STL",99,,-0.3680887222290039,,-0.3680887222290039,21497
"Colton Cowser","BAL",77,,-0.37234023213386536,,-0.37234023213386536,29591
"Jordan Balazovic","MIN",,24.3333,0,-0.3730982840061188,-0.3730982840061188,21866
"Dominic Canzone","- - -",182,,-0.3735600784420967,,-0.3735600784420967,26438
"Andrew Suárez","STL",,27.6666,0,-0.37541845440864563,-0.37541845440864563,18300
"Brayan Rocchio","CLE",86,,-0.3770834505558014,,-0.3770834505558014,23690
"Oswald Peraza","NYY",191,,-0.38020437955856323,,-0.38020437955856323,22823
"Seth Brown","OAK",378,,-0.3803369700908661,,-0.3803369700908661,18171
"Stephen Nogosek","NYM",,25.6666,0,-0.3814506530761719,-0.3814506530761719,19545
"Rico Garcia","- - -",,11.6666,0,-0.38254132494330406,-0.38254132494330406,20023
"Bubba Thompson","TEX",60,,-0.38277003169059753,,-0.38277003169059753,22261
"Yonathan Daza","COL",80,,-0.38636040687561035,,-0.38636040687561035,15794
"Kyle Stowers","BAL",33,,-0.3921058177947998,,-0.3921058177947998,26151
"Cory Abbott","WSN",,39.3333,0,-0.39899516105651855,-0.39899516105651855,20277
"Aledmys Díaz","OAK",344,,-0.39989230036735535,,-0.39989230036735535,15937
"Isan Díaz","- - -",26,,-0.40001407265663147,,-0.40001407265663147,17922
"Jorge Alfaro","- - -",52,,-0.40002307295799255,,-0.40002307295799255,12180
"Albert Abreu","NYY",,59,0,-0.4020770788192749,-0.4020770788192749,17485
"Jake Alu","WSN",175,,-0.4031040370464325,,-0.4031040370464325,25569
"Luis Matos","SFG",253,,-0.4036969840526581,,-0.4036969840526581,26467
"Garrett Acton","OAK",,5.6666,0,-0.40375882387161255,-0.40375882387161255,27583
"Madison Bumgarner","ARI",,16.6666,0,-0.40561747550964355,-0.40561747550964355,5524
"Mark Mathias","- - -",72,,-0.41018249839544296,,-0.41018249839544296,18032
"Michael Soroka","ATL",,32.3333,0,-0.4127906262874603,-0.4127906262874603,18383
"Alek Manoah","TOR",,87.3333,0,-0.4154006838798523,-0.4154006838798523,26410
"Matt Carpenter","SDP",237,,-0.4158637225627899,,-0.4158637225627899,8090
"Brett Wisely","SFG",131,1,-0.3555040657520294,-0.06184472516179085,-0.41734879091382027,27735
"Avisaíl García","MIA",118,,-0.42065533995628357,,-0.42065533995628357,5760
"Canaan Smith-Njigba","PIT",37,,-0.42230263352394104,,-0.42230263352394104,23264
"Jeurys Familia","OAK",,12.6666,0,-0.4227522909641266,-0.4227522909641266,5114
"Casey Lawrence","STL",,27.3333,0,-0.42339393496513367,-0.42339393496513367,11121
"Brent Honeywell","- - -",,52.333200000000005,0,-0.4244261533021927,-0.4244261533021927,16466
"Gavin Stone","LAD",,31,0,-0.42446327209472656,-0.42446327209472656,27792
"Jorge Alcala","MIN",,17.3333,0,-0.4287416636943817,-0.4287416636943817,19459
"Mike Moustakas","- - -",386,,-0.42915432155132294,,-0.42915432155132294,4892
"Jacob Stallings","MIA",276,8,-0.4095267355442047,-0.019810685887932777,-0.4293374214321375,13723
"Tim Hill","SDP",,44.3333,0,-0.4310740530490875,-0.4310740530490875,16814
"Luke Williams","- - -",19,1,-0.45025596022605896,0.018250390887260437,-0.4320055693387985,19931
"Noah Syndergaard","- - -",,88.6666,0,-0.4346761554479599,-0.4346761554479599,11762
"Nick Senzel","CIN",330,,-0.43532806634902954,,-0.43532806634902954,19293
"Jeremiah Estrada","CHC",,10.6666,0,-0.4375893771648407,-0.4375893771648407,22210
"Kyle Barraclough","BOS",,7.6666,0,-0.4390007257461548,-0.4390007257461548,13713
"Luke Voit","MIL",74,,-0.4399815499782562,,-0.4399815499782562,14811
"Adam Wainwright","STL",2,101,-0.05653996765613556,-0.3837721645832062,-0.44031213223934174,2233
"Dylan Coleman","KCR",,18.3333,0,-0.444109708070755,-0.444109708070755,22276
"Thaddeus Ward","WSN",,35.3333,0,-0.45131444931030273,-0.45131444931030273,21513
"Sandy León","TEX",44,1,-0.39640042185783386,-0.05498797073960304,-0.4513883925974369,5273
"Lyon Richardson","CIN",,16.6666,0,-0.4528430998325348,-0.4528430998325348,24581
"Wandy Peralta","NYY",,54,0,-0.45895734429359436,-0.45895734429359436,14295
"Andrés Machado","WSN",,50,0,-0.46170374751091003,-0.46170374751091003,14681
"Brett Sullivan","SDP",86,,-0.4633500277996063,,-0.4633500277996063,18217
"Vaughn Grissom","ATL",80,,-0.4670921564102173,,-0.4670921564102173,26031
"Kyle Lewis","ARI",54,,-0.47116172313690186,,-0.47116172313690186,19508
"José Barrero","CIN",149,,-0.4728609621524811,,-0.4728609621524811,23378
"Adam Oller","OAK",,19.6666,0,-0.4772428572177887,-0.4772428572177887,20132
"Kevin Smith","OAK",146,,-0.4776071012020111,,-0.4776071012020111,20242
"Ji Man Choi","- - -",117,,-0.4834907501935959,,-0.4834907501935959,5452
"Mike Brosseau","MIL",78,2.3333,-0.41357293725013733,-0.07003670185804367,-0.483609639108181,19683
"Gavin Hollowell","COL",,33.6666,0,-0.4851914644241333,-0.4851914644241333,25427
"Alec Marsh","KCR",,74.3333,0,-0.48773348331451416,-0.48773348331451416,27451
"Nick Gordon","MIN",93,,-0.489137202501297,,-0.489137202501297,16337
"Zach Neal","OAK",,27,0,-0.4915749728679657,-0.4915749728679657,11294
"Brett Baty","NYM",389,,-0.49367770552635193,,-0.49367770552635193,26123
"José Abreu","HOU",594,,-0.5015162825584412,,-0.5015162825584412,15676
"Tyler Nevin","DET",111,,-0.5041969418525696,,-0.5041969418525696,17893
"Jose Herrera","ARI",120,2,-0.5182343125343323,0.011723466217517853,-0.5065108463168144,17040
"Amos Willingham","WSN",,24.3333,0,-0.5074842572212219,-0.5074842572212219,26128
"José Suarez","LAA",,33.6666,0,-0.5096828937530518,-0.5096828937530518,19911
"Chris Flexen","- - -",,102.33330000000001,0,-0.5112084299325943,-0.5112084299325943,13896
"Daniel Bard","COL",,49.3333,0,-0.5120596885681152,-0.5120596885681152,7115
"Josh Fleming","TBR",,51.6666,0,-0.5126582980155945,-0.5126582980155945,20418
"Jon Singleton","- - -",105,,-0.514209121465683,,-0.514209121465683,10441
"Dylan Dodd","ATL",,34.3333,0,-0.5182846784591675,-0.5182846784591675,29928
"Franmil Reyes","KCR",65,,-0.5195915699005127,,-0.5195915699005127,14566
"Chase De Jong","PIT",,11.3333,0,-0.5235398411750793,-0.5235398411750793,15036
"Juan Yepez","STL",65,,-0.5244905352592468,,-0.5244905352592468,18400
"Keibert Ruiz","WSN",562,,-0.5332882404327393,,-0.5332882404327393,19610
"Garrett Hill","DET",,15.6666,0,-0.5344864726066589,-0.5344864726066589,25097
"Jackie Bradley Jr.","KCR",113,,-0.542759895324707,,-0.542759895324707,12984
"TJ Hopkins","CIN",44,,-0.5458090305328369,,-0.5458090305328369,25482
"José Ureña","- - -",,44.6666,0,-0.5486424565315247,-0.5486424565315247,11589
"Michael Busch","LAD",81,,-0.5574952363967896,,-0.5574952363967896,26319
"Casey Schmitt","SFG",277,,-0.5575923919677734,,-0.5575923919677734,27577
"Joey Wentz","DET",,105.6666,0,-0.5616219639778137,-0.5616219639778137,19962
"Luis Severino","NYY",,89.3333,0,-0.5630000829696655,-0.5630000829696655,15890
"Jimmy Lambert","CHW",,37.6666,0,-0.5658663511276245,-0.5658663511276245,19541
"Drew Rucinski","OAK",,18,0,-0.5671283006668091,-0.5671283006668091,12499
"Giancarlo Stanton","NYY",415,,-0.5699942708015442,,-0.5699942708015442,4949
"Tyler Stephenson","CIN",517,,-0.5702880620956421,,-0.5702880620956421,17988
"Everson Pereira","NYY",103,,-0.5737830996513367,,-0.5737830996513367,23695
"Jeff Brigham","NYM",,37.6666,0,-0.5789279937744141,-0.5789279937744141,16631
"Chad Kuhl","WSN",,38.3333,0,-0.5859764814376831,-0.5859764814376831,14975
"Tomás Nido","NYM",61,,-0.5905328989028931,,-0.5905328989028931,13755
"Glenn Otto","TEX",,10.6666,0,-0.5974413752555847,-0.5974413752555847,21366
"Adam Cimber","TOR",,20.6666,0,-0.5974475741386414,-0.5974475741386414,15288
"Quinn Priester","PIT",,50,0,-0.6006702780723572,-0.6006702780723572,25977
"Jake Woodford","STL",,47.6666,0,-0.6080313920974731,-0.6080313920974731,18674
"Corey Dickerson","WSN",152,,-0.6124140620231628,,-0.6124140620231628,10762
"Lenyn Sosa","CHW",173,,-0.6336948871612549,,-0.6336948871612549,22896
"Nick Pratto","KCR",345,,-0.6461753845214844,,-0.6461753845214844,22117
"Matt Mervis","CHC",99,,-0.6557525992393494,,-0.6557525992393494,27845
"Johnny Cueto","MIA",,52.3333,0,-0.6564874649047852,-0.6564874649047852,6893
"José Ruiz","- - -",,44.333200000000005,0,-0.6580674052238464,-0.6580674052238464,14552
"Mitch Haniger","SFG",229,,-0.6586096286773682,,-0.6586096286773682,14274
"Josh Harrison","PHI",114,1.6665999999999999,-0.6440408825874329,-0.019426632672548294,-0.6634675152599812,8202
"Mason Englert","DET",,56,0,-0.6641528606414795,-0.6641528606414795,22288
"Alec Burleson","STL",347,1.6665999999999999,-0.6159155368804932,-0.04899268224835396,-0.6649082191288471,27615
"Darick Hall","PHI",56,,-0.6711600422859192,,-0.6711600422859192,19717
"Rowdy Tellez","MIL",351,1,-0.6906940937042236,0.017983190715312958,-0.6727109029889107,15679
"Rodolfo Castro","- - -",256,,-0.67488694190979,,-0.67488694190979,21987
"Kyle Muller","OAK",,77,0,-0.6867769360542297,-0.6867769360542297,20167
"Wil Myers","CIN",141,,-0.6922089457511902,,-0.6922089457511902,10047
"Cam Gallagher","CLE",149,,-0.6964237093925476,,-0.6964237093925476,12981
"Austin Barnes","LAD",200,,-0.6978263854980469,,-0.6978263854980469,12158
"Vidal Bruján","TBR",84,,-0.7009155750274658,,-0.7009155750274658,20536
"Miguel Cabrera","DET",370,,-0.7041458487510681,,-0.7041458487510681,1744
"Pavin Smith","ARI",228,,-0.705070972442627,,-0.705070972442627,19892
"Jordan Diaz","OAK",293,,-0.7069591283798218,,-0.7069591283798218,22650
"Jose Miranda","MIN",152,,-0.7071958780288696,,-0.7071958780288696,20538
"Matt Bush","MIL",,10.3333,0,-0.7120771408081055,-0.7120771408081055,1246
"Kolten Wong","- - -",250,,-0.7186552882194519,,-0.7186552882194519,12532
"AJ Pollock","- - -",144,,-0.7416946887969971,,-0.7416946887969971,9256
"Jaime Barria","LAA",,82.3333,0,-0.7448604106903076,-0.7448604106903076,18356
"Joey Wendle","MIA",318,,-0.7680806517601013,,-0.7680806517601013,13853
"Jesse Winker","MIL",197,,-0.7775845527648926,,-0.7775845527648926,13590
"Mark Vientos","NYM",233,,-0.777899444103241,,-0.777899444103241,22184
"Trey Mancini","CHC",263,,-0.7819693088531494,,-0.7819693088531494,15149
"Oswaldo Cabrera","NYY",330,,-0.7979683876037598,,-0.7979683876037598,21707
"David Hensley","HOU",94,,-0.8028803467750549,,-0.8028803467750549,25111
"Corey Kluber","BOS",,55,0,-0.8133881688117981,-0.8133881688117981,2429
"Masyn Winn","STL",137,,-0.8151723146438599,,-0.8151723146438599,27479
"Henry Davis","PIT",255,,-0.8240293860435486,,-0.8240293860435486,29617
"Dominic Leone","- - -",,53.9999,0,-0.8340947777032852,-0.8340947777032852,13763
"Jordyn Adams","LAA",40,,-0.8347892761230469,,-0.8347892761230469,23788
"Nate Eaton","KCR",56,1,-0.8594319820404053,0.018645476549863815,-0.8407865054905415,25055
"Eric Lauer","MIL",,46.6666,0,-0.8500366806983948,-0.8500366806983948,19316
"Eduardo Escobar","- - -",309,3.6666,-0.8650323301553726,0.002238544635474682,-0.8627937855198979,6153
"Jared Walsh","LAA",116,,-0.8737964034080505,,-0.8737964034080505,18607
"Elehuris Montero","COL",307,,-0.8817737698554993,,-0.8817737698554993,20543
"Korey Lee","CHW",70,,-0.8919012546539307,,-0.8919012546539307,25543
"Austin Nola","SDP",154,,-0.9057079553604126,,-0.9057079553604126,15941
"Jorge López","- - -",,58.999900000000004,0,-0.9075555875897408,-0.9075555875897408,14527
"Danny Mendick","NYM",69,2,-0.8085126280784607,-0.10948392748832703,-0.9179965555667877,18889
"Martín Maldonado","HOU",407,1,-0.8780949115753174,-0.0869966521859169,-0.9650915637612343,6887
"Tyler Soderstrom","OAK",138,,-0.9868414998054504,,-0.9868414998054504,27467
"Michael Kopech","CHW",,129.3333,0,-0.9884821176528931,-0.9884821176528931,17282
"Oscar Colás","CHW",263,,-1.0311349630355835,,-1.0311349630355835,30162
"Eric Haase","- - -",293,,-1.0851511284708977,,-1.0851511284708977,14111
"Nick Maton","DET",293,,-1.085876703262329,,-1.085876703262329,21635
"Michael Toglia","COL",152,,-1.1337153911590576,,-1.1337153911590576,25845
"Enrique Hernández","- - -",508,,-1.1396603733301163,,-1.1396603733301163,10472
"Kris Bryant","COL",335,,-1.1626403331756592,,-1.1626403331756592,15429
"Jean Segura","MIA",326,,-1.2343289852142334,,-1.2343289852142334,5933
"Oscar Gonzalez","CLE",180,,-1.4474645853042603,,-1.4474645853042603,20970
"Harold Castro","COL",270,2,-1.4693527221679688,-0.016315175220370293,-1.485667897388339,14691
"Gavin Sheets","CHW",344,,-1.504173994064331,,-1.504173994064331,19901
"Jurickson Profar","- - -",521,,-1.5959391593933105,,-1.5959391593933105,10815