Name,Team,PA,IP,Bat WAR,Pit WAR,Total WAR,PlayerId
"Aaron Judge","NYY",652,,9.200006484985352,,9.200006484985352,15640
"Shohei Ohtani","LAD",704,41,7.25047492980957,1.5795649290084839,8.830039858818054,19755
"Cal Raleigh","SEA",678,,8.781865119934082,,8.781865119934082,21534
"Bobby Witt Jr.","KCR",659,,7.704573631286621,,7.704573631286621,25764
"Geraldo Perdomo","ARI",692,,6.908166885375977,,6.908166885375977,22799
"Trea Turner","PHI",637,,6.698419570922852,,6.698419570922852,16252
"Tarik Skubal","DET",,189.3333,0,6.39082670211792,6.39082670211792,22267
"Corbin Carroll","ARI",624,,6.314410209655762,,6.314410209655762,25878
"Paul Skenes","PIT",,181.6666,0,6.115284442901611,6.115284442901611,33677
"José Ramírez","CLE",647,,6.002483367919922,,6.002483367919922,13510
"Juan Soto","NYM",688,,5.910343647003174,,5.910343647003174,20123
"Fernando Tatis Jr.","SDP",681,,5.714170932769775,,5.714170932769775,19709
"Cristopher Sánchez","PHI",,189.3333,0,5.711935997009277,5.711935997009277,20778
"Jeremy Peña","HOU",543,,5.705056190490723,,5.705056190490723,21636
"Francisco Lindor","NYM",704,,5.663405895233154,,5.663405895233154,12916
"Julio Rodríguez","SEA",689,,5.463974952697754,,5.463974952697754,23697
"Garrett Crochet","BOS",,197.3333,0,5.428749084472656,5.428749084472656,27463
"Maikel Garcia","KCR",639,,5.220012187957764,,5.220012187957764,22715
"Logan Webb","SFG",,195.6666,0,5.015988349914551,5.015988349914551,17995
"Pete Crow-Armstrong","CHC",624,,4.981470108032227,,4.981470108032227,27769
"Matt Olson","ATL",697,,4.952489852905273,,4.952489852905273,14344
"Jesús Luzardo","PHI",,176.6666,0,4.804504871368408,4.804504871368408,19959
"Byron Buxton","MIN",520,,4.80440092086792,,4.80440092086792,14161
"Yoshinobu Yamamoto","LAD",,167.6666,0,4.729910850524902,4.729910850524902,33825
"Kyle Schwarber","PHI",698,,4.706605911254883,,4.706605911254883,16478
"George Springer","TOR",559,,4.6754536628723145,,4.6754536628723145,12856
"Kyle Tucker","CHC",585,,4.670788764953613,,4.670788764953613,18345
"Nico Hoerner","CHC",621,,4.621504306793213,,4.621504306793213,21479
"Cody Bellinger","NYY",629,,4.6182966232299805,,4.6182966232299805,15998
"Max Fried","NYY",,188.3333,0,4.538364887237549,4.538364887237549,13743
"Gunnar Henderson","BAL",626,,4.527981758117676,,4.527981758117676,26289
"Hunter Brown","HOU",,180.3333,0,4.404948711395264,4.404948711395264,25880
"Jazz Chisholm Jr.","NYY",513,,4.351585388183594,,4.351585388183594,20454
"Ketel Marte","ARI",535,,4.3091230392456055,,4.3091230392456055,13613
"Junior Caminero","TBR",628,,4.217537879943848,,4.217537879943848,28163
"Nick Kurtz","ATH",464,,4.198691368103027,,4.198691368103027,35110
"Alejandro Kirk","TOR",486,,4.151443004608154,,4.151443004608154,22581
"Vladimir Guerrero Jr.","TOR",656,,4.146381378173828,,4.146381378173828,19611
"Ranger Suárez","PHI",,153,0,4.127575874328613,4.127575874328613,17277
"Will Smith","LAD",436,,4.102011680603027,,4.102011680603027,19197
"Dillon Dingler","DET",449,,4.06618595123291,,4.06618595123291,27464
"Brice Turang","MIL",633,,4.057775497436523,,4.057775497436523,22186
"Wyatt Langford","TEX",571,,4.057333469390869,,4.057333469390869,33333
"Andy Pages","LAD",599,,4.027695655822754,,4.027695655822754,24816
"Zack Wheeler","PHI",,149.6666,0,4.00728702545166,4.00728702545166,10310
"Corey Seager","TEX",445,,3.983200788497925,,3.983200788497925,13624
"Kyle Stowers","MIA",457,,3.9687538146972656,,3.9687538146972656,26151
"Elly De La Cruz","CIN",673,,3.910414695739746,,3.910414695739746,26668
"Framber Valdez","HOU",,185,0,3.8636672496795654,3.8636672496795654,17295
"Andrew Abbott","CIN",,161,0,3.854678153991699,3.854678153991699,29911
"Trevor Rogers","BAL",2,106.6666,-0.019554853439331055,3.8640854358673096,3.8445305824279785,22286
"Jarren Duran","BOS",673,,3.8436038494110107,,3.8436038494110107,24617
"Sal Frelick","MIL",572,,3.836592435836792,,3.836592435836792,29622
"Bo Bichette","TOR",628,,3.794523239135742,,3.794523239135742,19612
"William Contreras","MIL",647,,3.7866876125335693,,3.7866876125335693,20503
"Eugenio Suárez","- - -",632,,3.7697513699531555,,3.7697513699531555,12552
"Nathan Eovaldi","TEX",,130,0,3.7467901706695557,3.7467901706695557,9132
"Willy Adames","SFG",660,,3.7347986698150635,,3.7347986698150635,15986
"Kevin Gausman","TOR",,183.6666,0,3.7260963916778564,3.7260963916778564,14107
"Matt Chapman","SFG",514,,3.6940155029296875,,3.6940155029296875,16505
"Chris Sale","ATL",,115,0,3.6589579582214355,3.6589579582214355,10603
"Bryan Woo","SEA",,186.6666,0,3.6380128860473633,3.6380128860473633,30279
"Alex Bregman","BOS",478,,3.6338002681732178,,3.6338002681732178,17678
"Manny Machado","SDP",662,,3.626901865005493,,3.626901865005493,11493
"Nick Pivetta","SDP",,176,0,3.6059999465942383,3.6059999465942383,15454
"Pete Alonso","NYM",683,,3.6023948192596436,,3.6023948192596436,19251
"Freddy Peralta","MIL",,169.6666,0,3.5835211277008057,3.5835211277008057,18679
"Harrison Bader","- - -",479,,3.536973237991333,,3.536973237991333,18030
"Sonny Gray","STL",,174.6666,0,3.4942548274993896,3.4942548274993896,12768
"Masyn Winn","STL",537,,3.485229969024658,,3.485229969024658,27479
"Michael Wacha","KCR",,166.6666,0,3.4500038623809814,3.4500038623809814,14078
"Bryce Harper","PHI",564,,3.446995496749878,,3.446995496749878,11579
"Matthew Boyd","CHC",,174.3333,0,3.4087541103363037,3.4087541103363037,15440
"Mookie Betts","LAD",641,,3.405547618865967,,3.405547618865967,13611
"Kris Bubic","KCR",,116.3333,0,3.350158214569092,3.350158214569092,21455
"Ceddanne Rafaela","BOS",564,,3.3357553482055664,,3.3357553482055664,24262
"Jacob Wilson","ATH",504,,3.322615385055542,,3.322615385055542,33266
"Freddie Freeman","LAD",608,,3.317552089691162,,3.317552089691162,5361
"Hunter Goodman","COL",554,,3.3001816272735596,,3.3001816272735596,29715
"CJ Abrams","WSN",609,,3.2987253665924072,,3.2987253665924072,25768
"Jacob deGrom","TEX",,167.6666,0,3.298452615737915,3.298452615737915,10954
"Dansby Swanson","CHC",623,,3.2938432693481445,,3.2938432693481445,18314
"Trevor Story","BOS",632,,3.2409257888793945,,3.2409257888793945,12564
"Carlos Rodón","NYY",,189.3333,0,3.2268240451812744,3.2268240451812744,16137
"Shea Langeliers","ATH",501,,3.1805641651153564,,3.1805641651153564,25816
"Zach McKinstry","DET",497,0.3333,3.176569700241089,0.0019783719908446074,3.1785480722319335,19392
"Zach Neto","LAA",554,,3.1767563819885254,,3.1767563819885254,31347
"Patrick Bailey","SFG",436,,3.147385835647583,,3.147385835647583,27478
"David Peterson","NYM",,167.3333,0,3.139822483062744,3.139822483062744,20302
"Dylan Cease","SDP",,163,0,3.1270499229431152,3.1270499229431152,18525
"Tyler Soderstrom","ATH",603,,3.125901937484741,,3.125901937484741,27467
"Steven Kwan","CLE",668,,3.1218526363372803,,3.1218526363372803,24610
"Merrill Kelly","- - -",,183.9999,0,3.1180285215377808,3.1180285215377808,11156
"Ramón Laureano","- - -",482,,3.112273871898651,,3.112273871898651,17128
"Ernie Clement","TOR",566,,3.092228889465332,,3.092228889465332,20352
"MacKenzie Gore","WSN",,157.6666,0,3.061356544494629,3.061356544494629,22201
"Xander Bogaerts","SDP",534,,3.058138370513916,,3.058138370513916,12161
"Max Muncy","LAD",381,,3.03973126411438,,3.03973126411438,13301
"Trent Grisham","NYY",556,,3.0205554962158203,,3.0205554962158203,18564
"José Soriano","LAA",,169,0,2.9887943267822266,2.9887943267822266,22100
"Jake Cronenworth","SDP",496,,2.9719388484954834,,2.9719388484954834,18036
"Yandy Díaz","TBR",639,,2.9717278480529785,,2.9717278480529785,16578
"Joe Ryan","MIN",,166,0,2.9586658477783203,2.9586658477783203,21390
"Bryson Stott","PHI",539,,2.956115245819092,,2.956115245819092,26294
"Gleyber Torres","DET",606,,2.955860137939453,,2.955860137939453,16997
"Drake Baldwin","ATL",420,,2.922379732131958,,2.922379732131958,31539
"Rafael Devers","- - -",702,,2.8961074352264404,,2.8961074352264404,17350
"Jackson Chourio","MIL",560,,2.8849942684173584,,2.8849942684173584,28806
"Brady Singer","CIN",,161,0,2.8719065189361572,2.8719065189361572,25377
"Ronald Acuña Jr.","ATL",384,,2.855081081390381,,2.855081081390381,18401
"Brandon Nimmo","NYM",626,,2.8410608768463135,,2.8410608768463135,12927
"Riley Greene","DET",635,,2.8388783931732178,,2.8388783931732178,25976
"J.P. Crawford","SEA",638,,2.8289754390716553,,2.8289754390716553,15491
"James Wood","WSN",668,,2.8259828090667725,,2.8259828090667725,29518
"Randy Arozarena","SEA",681,,2.823157787322998,,2.823157787322998,19290
"Josh Naylor","- - -",590,,2.8167617321014404,,2.8167617321014404,18839
"Michael Busch","CHC",568,,2.796698808670044,,2.796698808670044,26319
"Caleb Durbin","MIL",485,,2.762327194213867,,2.762327194213867,29646
"Gabriel Moreno","ARI",285,,2.75673770904541,,2.75673770904541,22664
"Willson Contreras","STL",563,,2.754124641418457,,2.754124641418457,11609
"Taylor Ward","LAA",647,,2.751007080078125,,2.751007080078125,17548
"Carson Kelly","CHC",404,,2.7490334510803223,,2.7490334510803223,13620
"Austin Wells","NYY",433,,2.7477409839630127,,2.7477409839630127,27562
"Jackson Merrill","SDP",460,,2.714087963104248,,2.714087963104248,29490
"Ben Rice","NYY",510,,2.7062816619873047,,2.7062816619873047,29576
"Ian Happ","CHC",640,,2.701693296432495,,2.701693296432495,17919
"Roman Anthony","BOS",303,,2.697444438934326,,2.697444438934326,31812
"Ryan O'Hearn","- - -",519,,2.6953978836536407,,2.6953978836536407,16442
"Isaac Paredes","HOU",421,,2.6636579036712646,,2.6636579036712646,20036
"Hunter Greene","CIN",,101.6666,0,2.6259872913360596,2.6259872913360596,22182
"Carlos Narváez","BOS",431,,2.611743688583374,,2.611743688583374,19722
"Cade Smith","CLE",,70.6666,0,2.588315963745117,2.588315963745117,27867
"Mitch Keller","PIT",,172.6666,0,2.572422742843628,2.572422742843628,17594
"Wilyer Abreu","BOS",399,,2.5689315795898438,,2.5689315795898438,23772
"Otto Lopez","MIA",570,,2.5671496391296387,,2.5671496391296387,19608
"Logan Gilbert","SEA",,126,0,2.5400514602661133,2.5400514602661133,22250
"Aroldis Chapman","BOS",,59.3333,0,2.5240044593811035,2.5240044593811035,10233
"Brent Rooker","ATH",680,,2.5235536098480225,,2.5235536098480225,19627
"Drew Rasmussen","TBR",,147.6666,0,2.508463144302368,2.508463144302368,25385
"Christian Yelich","MIL",615,,2.496737241744995,,2.496737241744995,11477
"Spencer Torkelson","DET",627,,2.475768804550171,,2.475768804550171,27465
"Chris Bassitt","TOR",,170.3333,0,2.4693517684936523,2.4693517684936523,12304
"TJ Friedl","CIN",657,,2.4667067527770996,,2.4667067527770996,19522
"Isaac Collins","MIL",431,,2.4573466777801514,,2.4573466777801514,25477
"Nick Lodolo","CIN",,149.3333,0,2.45503306388855,2.45503306388855,26378
"Brendan Donovan","STL",506,,2.442243814468384,,2.442243814468384,24679
"Jack Flaherty","DET",,156.6666,0,2.4400641918182373,2.4400641918182373,17479
"Jake Meyers","HOU",374,,2.435638189315796,,2.435638189315796,20308
"Luis Castillo","SEA",,173.3333,0,2.4288527965545654,2.4288527965545654,15689
"Jakob Marsee","MIA",210,,2.418917417526245,,2.418917417526245,31370
"Yusei Kikuchi","LAA",,173.3333,0,2.4112541675567627,2.4112541675567627,20633
"Iván Herrera","STL",427,,2.404562473297119,,2.404562473297119,20599
"Jorge Polanco","SEA",510,,2.3898966312408447,,2.3898966312408447,13152
"Chad Patrick","MIL",,115.6666,0,2.3896822929382324,2.3896822929382324,30113
"Kyle Freeland","COL",,156.6666,0,2.3853039741516113,2.3853039741516113,16256
"Luis Severino","ATH",,156.3333,0,2.3773107528686523,2.3773107528686523,15890
"Spencer Schwellenbach","ATL",,110.6666,0,2.3661835193634033,2.3661835193634033,31846
"Justin Verlander","SFG",,141.6666,0,2.362304449081421,2.362304449081421,8700
"Carlos Correa","- - -",566,,2.36053204536438,,2.36053204536438,14162
"Dean Kremer","BAL",,164,0,2.3344709873199463,2.3344709873199463,19350
"Brandon Marsh","PHI",408,,2.328803777694702,,2.328803777694702,20202
"Janson Junk","MIA",,105.3333,0,2.318122148513794,2.318122148513794,23301
"George Kirby","SEA",,121,0,2.302326202392578,2.302326202392578,25436
"Jonathan Aranda","TBR",409,,2.2654693126678467,,2.2654693126678467,21837
"Jung Hoo Lee","SFG",598,,2.249023675918579,,2.249023675918579,33824
"Adrian Houser","- - -",,118.9999,0,2.2433772683143616,2.2433772683143616,12718
"J.T. Realmuto","PHI",535,,2.23006534576416,,2.23006534576416,11739
"Xavier Edwards","MIA",594,,2.2211084365844727,,2.2211084365844727,22266
"Bryan Abreu","HOU",,69.3333,0,2.212036371231079,2.212036371231079,16609
"Cade Horton","CHC",,115,0,2.1851584911346436,2.1851584911346436,31872
"Jhoan Duran","- - -",,67.9999,0,2.181996464729309,2.181996464729309,21029
"Clayton Kershaw","LAD",,106.3333,0,2.168290853500366,2.168290853500366,2036
"Will Warren","NYY",,157.3333,0,2.166412353515625,2.166412353515625,30182
"Robbie Ray","SFG",,182.3333,0,2.1522819995880127,2.1522819995880127,11486
"Jeff McNeil","NYM",443,,2.1521084308624268,,2.1521084308624268,15362
"Mauricio Dubón","HOU",378,,2.1393604278564453,,2.1393604278564453,16530
"Adrian Morejon","SDP",,70.6666,0,2.130549192428589,2.130549192428589,20039
"Daulton Varsho","TOR",248,,2.1282622814178467,,2.1282622814178467,19918
"Edward Cabrera","MIA",,128.6666,0,2.1051032543182373,2.1051032543182373,21690
"Garrett Whitlock","BOS",,70,0,2.0840630531311035,2.0840630531311035,20191
"Marcus Semien","TEX",534,,2.0817296504974365,,2.0817296504974365,12533
"Jack Leiter","TEX",1,144.6666,-0.009807721711695194,2.0745532512664795,2.0647455295547843,30146
"Nick Martinez","CIN",,162.6666,0,2.0613436698913574,2.0613436698913574,12730
"Brett Baty","NYM",423,,2.0595922470092773,,2.0595922470092773,26123
"Lawrence Butler","ATH",614,,2.0547399520874023,,2.0547399520874023,22542
"Casey Mize","DET",,142.6666,0,2.0493812561035156,2.0493812561035156,20492
"Addison Barger","TOR",481,,2.0308244228363037,,2.0308244228363037,24598
"Jose Altuve","HOU",637,,2.030404567718506,,2.030404567718506,5417
"Tyler Heineman","TOR",170,3.3333,2.1003756523132324,-0.08163285255432129,2.018742799758911,13897
"Colson Montgomery","CHW",258,,2.0116565227508545,,2.0116565227508545,29712
"Sean Murphy","ATL",337,,1.9897000789642334,,1.9897000789642334,19352
"Alec Burleson","STL",525,1,1.9902443885803223,-0.011894773691892624,1.9783496148884296,27615
"Ryan Jeffers","MIN",442,,1.9771112203598022,,1.9771112203598022,24618
"Emmet Sheehan","LAD",,72.3333,0,1.9754703044891357,1.9754703044891357,29839
"Kyle Teel","CHW",275,,1.9617222547531128,,1.9617222547531128,33549
"Ryan Pepiot","TBR",,164.6666,0,1.9492119550704956,1.9492119550704956,26221
"David Bednar","- - -",,59.6666,0,1.939597487449646,1.939597487449646,19569
"Seiya Suzuki","CHC",627,,1.9371864795684814,,1.9371864795684814,30116
"José Caballero","- - -",362,1,2.0610101222991943,-0.12482777237892151,1.9361823499202728,23401
"Chase Meidroth","CHW",478,,1.935976266860962,,1.935976266860962,31580
"Brayan Bello","BOS",,161.6666,0,1.9265738725662231,1.9265738725662231,23920
"Tyler Mahle","TEX",,81.6666,0,1.9253344535827637,1.9253344535827637,16358
"Shane Baz","TBR",,162.3333,0,1.9164764881134033,1.9164764881134033,22264
"Lucas Giolito","BOS",,140.3333,0,1.9070672988891602,1.9070672988891602,15474
"Ryne Nelson","ARI",1,148,0.06297194957733154,1.8158860206604004,1.878857970237732,26253
"Andrés Muñoz","SEA",,60.3333,0,1.874090552330017,1.874090552330017,20373
"Mason Miller","- - -",,59.3333,0,1.8386189937591553,1.8386189937591553,31757
"Clay Holmes","NYM",,158.6666,0,1.8196954727172852,1.8196954727172852,13649
"Pablo López","MIN",,75.6666,0,1.8070178031921387,1.8070178031921387,17085
"Stephen Kolek","- - -",,106.6666,0,1.7777732610702515,1.7777732610702515,21487
"Matthew Liberatore","STL",,151.6666,0,1.774583101272583,1.774583101272583,22294
"Robert Suarez","SDP",,67.6666,0,1.7737480401992798,1.7737480401992798,30115
"Edwin Díaz","NYM",,60.3333,0,1.771804690361023,1.771804690361023,14710
"Brandon Woodruff","MIL",,64.6666,0,1.7632455825805664,1.7632455825805664,16162
"Gabe Speier","SEA",,59,0,1.7535498142242432,1.7535498142242432,17170
"Sean Newcomb","- - -",,92.33330000000001,0,1.7396900653839111,1.7396900653839111,16943
"Tanner Bibee","CLE",,176.3333,0,1.7367804050445557,1.7367804050445557,30134
"Sandy Alcantara","MIA",,167.6666,0,1.7365056276321411,1.7365056276321411,18684
"Eury Pérez","MIA",,90,0,1.736411452293396,1.736411452293396,27768
"Shane Smith","CHW",,135.3333,0,1.7309941053390503,1.7309941053390503,31687
"Noah Cameron","KCR",,133.6666,0,1.7254364490509033,1.7254364490509033,30184
"Victor Scott II","STL",444,,1.7189054489135742,,1.7189054489135742,31349
"Griffin Jax","- - -",,64,0,1.712370291352272,1.712370291352272,20253
"Patrick Corbin","TEX",,147.6666,0,1.7112441062927246,1.7112441062927246,9323
"Quinn Priester","MIL",,152.3333,0,1.7037913799285889,1.7037913799285889,25977
"Myles Straw","TOR",290,,1.7034567594528198,,1.7034567594528198,17620
"Ryan McMahon","- - -",570,,1.701992928981781,,1.701992928981781,15112
"Kerry Carpenter","DET",450,,1.6992247104644775,,1.6992247104644775,25961
"Jake Mangum","TBR",405,,1.696920394897461,,1.696920394897461,26202
"Logan Allen","CLE",,152.3333,0,1.6738258600234985,1.6738258600234985,27589
"Brad Lord","WSN",,120.6666,0,1.6691763401031494,1.6691763401031494,31972
"Mike Yastrzemski","- - -",532,1,1.6924253106117249,-0.029120225459337234,1.6633050851523876,14854
"Kyle Hendricks","LAA",,159.6666,0,1.660990595817566,1.660990595817566,12049
"Josh Smith","TEX",557,,1.6608418226242065,,1.6608418226242065,26396
"Austin Riley","ATL",447,,1.6581836938858032,,1.6581836938858032,18360
"Brandon Lowe","TBR",537,,1.6488968133926392,,1.6488968133926392,18882
"Oneil Cruz","PIT",532,,1.648657202720642,,1.648657202720642,21711
"Jack Dreyer","LAD",,74,0,1.635310411453247,1.635310411453247,30249
"Colt Keith","DET",468,,1.6285669803619385,,1.6285669803619385,27899
"Cole Ragans","KCR",,52.3333,0,1.6278131008148193,1.6278131008148193,21846
"Blake Snell","LAD",,55.3333,0,1.6277518272399902,1.6277518272399902,13543
"Jeffrey Springs","ATH",,166,0,1.6239161491394043,1.6239161491394043,17677
"Carmen Mlodzinski","PIT",,97,0,1.6222437620162964,1.6222437620162964,27572
"Taj Bradley","- - -",,136.6666,0,1.61952493339777,1.61952493339777,22543
"Francisco Alvarez","NYM",258,,1.6173762083053589,,1.6173762083053589,26121
"Jordan Westburg","BAL",327,,1.5920487642288208,,1.5920487642288208,27815
"Colin Rea","CHC",1,153.6666,-0.009826303459703922,1.6014015674591064,1.5915752639994025,12317
"Brandon Pfaadt","ARI",,166.6666,-0.011027557775378227,1.5989371538162231,1.587909596040845,27782
"Gavin Sheets","SDP",520,,1.5586775541305542,,1.5586775541305542,19901
"Matt McLain","CIN",556,,1.5570931434631348,,1.5570931434631348,29695
"Pedro Pagés","STL",376,,1.553207516670227,,1.553207516670227,25782
"Vinnie Pasquantino","KCR",654,,1.5524013042449951,,1.5524013042449951,27676
"Abner Uribe","MIL",,72.3333,0,1.5432190895080566,1.5432190895080566,25327
"Steven Okert","HOU",,69,0,1.5360138416290283,1.5360138416290283,13580
"Will Vest","DET",,65.6666,0,1.533864974975586,1.533864974975586,19769
"Grant Taylor","CHW",,34.6666,0,1.5323508977890015,1.5323508977890015,33927
"Alec Bohm","PHI",478,,1.5318008661270142,,1.5318008661270142,21618
"Jose A. Ferrer","WSN",,73.3333,0,1.5298422574996948,1.5298422574996948,24017
"Graham Ashcraft","CIN",,62.3333,0,1.5258039236068726,1.5258039236068726,27552
"Miguel Rojas","LAD",300,5,1.7392971515655518,-0.2137969732284546,1.5255001783370972,7802
"Luke Keaschall","MIN",205,,1.5186138153076172,,1.5186138153076172,33321
"Josh Jung","TEX",486,,1.5157341957092285,,1.5157341957092285,26299
"Tyler Glasnow","LAD",,87.3333,0,1.5124849081039429,1.5124849081039429,14374
"Giancarlo Stanton","NYY",257,,1.5089430809020996,,1.5089430809020996,4949
"Wenceel Pérez","DET",358,,1.50628662109375,,1.50628662109375,22857
"Joey Ortiz","MIL",489,,1.5037314891815186,,1.5037314891815186,25493
"Phil Maton","- - -",,59.3333,0,1.5009323954582214,1.5009323954582214,18064
"Romy Gonzalez","BOS",324,,1.4997153282165527,,1.4997153282165527,21562
"Jared Triolo","PIT",349,1,1.563820719718933,-0.06673120707273483,1.4970895126461983,25807
"Tylor Megill","NYM",,68.3333,0,1.4871785640716553,1.4871785640716553,21318
"Eduardo Rodriguez","ARI",,148.3333,0,1.485870122909546,1.485870122909546,13164
"Daniel Schneemann","CLE",408,,1.482329249382019,,1.482329249382019,25180
"Matt Strahm","PHI",,61.3333,0,1.4697850942611694,1.4697850942611694,13799
"Trevor Megill","MIL",,46,0,1.4653189182281494,1.4653189182281494,17722
"Ke'Bryan Hayes","- - -",553,,1.4383450746536255,,1.4383450746536255,18577
"Nolan Schanuel","LAA",548,,1.4333345890045166,,1.4333345890045166,33189
"Randy Rodríguez","SFG",,50.6666,0,1.4266022443771362,1.4266022443771362,23974
"Nathan Lukes","TOR",420,,1.4183255434036255,,1.4183255434036255,18123
"Jo Adell","LAA",549,,1.4164010286331177,,1.4164010286331177,20220
"José Berríos","TOR",,164,0,1.4143823385238647,1.4143823385238647,14168
"Evan Carter","TEX",220,,1.4085266590118408,,1.4085266590118408,27790
"Luis Torrens","NYM",275,0.6666,1.5484676361083984,-0.14491578936576843,1.40355184674263,15905
"Kodai Senga","NYM",,113.3333,0,1.3950656652450562,1.3950656652450562,31838
"Nolan McLean","NYM",,42.6666,0,1.3941198587417603,1.3941198587417603,33703
"Mike Burrows","PIT",,94,0,1.392035961151123,1.392035961151123,24728
"Caleb Thielbar","CHC",,55.6666,0,1.384938359260559,1.384938359260559,10078
"Bo Naylor","CLE",399,,1.3846886157989502,,1.3846886157989502,21865
"Jurickson Profar","ATL",343,,1.374398946762085,,1.374398946762085,10815
"Reese Olson","DET",,68.6666,0,1.3732200860977173,1.3732200860977173,24968
"Yainer Diaz","HOU",545,,1.3705674409866333,,1.3705674409866333,23003
"Joey Cantillo","CLE",,89.6666,0,1.3634757995605469,1.3634757995605469,23335
"Mike Tauchman","CHW",385,,1.3527562618255615,,1.3527562618255615,15274
"Cedric Mullins","- - -",493,,1.3484300076961517,,1.3484300076961517,17929
"Matt Wallner","MIN",392,,1.342756748199463,,1.342756748199463,26466
"Zack Littell","- - -",,181.99990000000003,0,1.3378735482692719,1.3378735482692719,15823
"Shawn Armstrong","TEX",,71,0,1.3372859954833984,1.3372859954833984,12857
"Michael McGreevy","STL",,86,0,1.336047649383545,1.336047649383545,29869
"Braxton Ashcraft","PIT",,65.3333,0,1.3356797695159912,1.3356797695159912,23793
"Mike Trout","LAA",539,,1.3295769691467285,,1.3295769691467285,10155
"Jackson Holliday","BAL",632,,1.3251398801803589,,1.3251398801803589,31781
"Joey Bart","PIT",321,,1.315934658050537,,1.315934658050537,21524
"Gavin Williams","CLE",,161.6666,0,1.3118867874145508,1.3118867874145508,30122
"Devin Williams","NYY",,59,0,1.3118314743041992,1.3118314743041992,15816
"Tommy Edman","LAD",363,,1.3079615831375122,,1.3079615831375122,19470
"Kody Clemens","- - -",362,1,1.4231411144137383,-0.11623197048902512,1.3069091439247131,20572
"Tyler Rogers","- - -",,74,0,1.3031570315361023,1.3031570315361023,15541
"Davis Schneider","TOR",216,,1.3008275032043457,,1.3008275032043457,23565
"Matt Shaw","CHC",418,,1.2904683351516724,,1.2904683351516724,33322
"Clarke Schmidt","NYY",,78.6666,0,1.2897363901138306,1.2897363901138306,19899
"Denzel Clarke","ATH",159,,1.2866663932800293,,1.2866663932800293,29858
"Jacob Lopez","ATH",,92.6666,0,1.2854293584823608,1.2854293584823608,25098
"Justin Wrobleski","LAD",,63.6666,0,1.284115195274353,1.284115195274353,31204
"Adley Rutschman","BAL",348,,1.276341438293457,,1.276341438293457,26288
"Ozzie Albies","ATL",665,,1.2736042737960815,,1.2736042737960815,16556
"Parker Messick","CLE",,34.6666,0,1.272878885269165,1.272878885269165,31986
"Eric Lauer","TOR",,100.3333,0,1.267156958580017,1.267156958580017,19316
"Brendon Little","TOR",,65.3333,0,1.2543641328811646,1.2543641328811646,21574
"Ben Casparius","LAD",,77.6666,0,1.2542086839675903,1.2542086839675903,30085
"Austin Hays","CIN",415,,1.2506269216537476,,1.2506269216537476,19363
"Cade Povich","BAL",,106.6666,0,1.2494200468063354,1.2494200468063354,30055
"Chase Burns","CIN",,39.6666,0,1.2453341484069824,1.2453341484069824,35333
"Luis Robert Jr.","CHW",431,,1.2446212768554688,,1.2446212768554688,20043
"Jason Adam","SDP",,65.3333,0,1.2383378744125366,1.2383378744125366,11861
"Jacob Misiorowski","MIL",,63.6666,0,1.234656810760498,1.234656810760498,31623
"Kyle Manzardo","CLE",511,,1.2207483053207397,,1.2207483053207397,29794
"Royce Lewis","MIN",380,,1.2192564010620117,,1.2192564010620117,20437
"Michael Lorenzen","KCR",,136,0,1.2176367044448853,1.2176367044448853,14843
"Reid Detmers","LAA",,63.6666,0,1.2173513174057007,1.2173513174057007,27468
"Zebby Matthews","MIN",,72.3333,0,1.2153944969177246,1.2153944969177246,31827
"Kyle Leahy","STL",,83,0,1.2149938344955444,1.2149938344955444,24763
"Ronny Henriquez","MIA",,70,0,1.2133151292800903,1.2133151292800903,24094
"Noelvi Marte","CIN",333,,1.2117730379104614,,1.2117730379104614,26517
"Dominic Canzone","SEA",249,,1.201058030128479,,1.201058030128479,26438
"Brad Keller","CHC",,67.6666,0,1.199568510055542,1.199568510055542,15734
"Ian Seymour","TBR",,49.6666,0,1.1990602016448975,1.1990602016448975,27932
"Bryan King","HOU",,66.3333,0,1.1965774297714233,1.1965774297714233,25890
"Justin Wilson","BOS",,46.6666,0,1.190176248550415,1.190176248550415,4301
"Dennis Santana","PIT",,66,0,1.189502477645874,1.189502477645874,17878
"Blaze Alexander","ARI",250,,1.184059500694275,,1.184059500694275,23789
"Trevor Williams","WSN",,82.6666,0,1.1715481281280518,1.1715481281280518,16977
"Cam Smith","HOU",479,,1.1694049835205078,,1.1694049835205078,35108
"Joey Wentz","- - -",,94,0,1.168748289346695,1.168748289346695,19962
"Jordan Beck","COL",565,,1.1642985343933105,,1.1642985343933105,31431
"Davis Martin","CHW",,138.3333,0,1.1576712131500244,1.1576712131500244,21448
"Jimmy Herget","COL",,80.3333,0,1.1473643779754639,1.1473643779754639,17556
"Tyler Alexander","- - -",1,94.6666,-0.009997904300689697,1.1504306495189667,1.140432745218277,17735
"Jacob Latz","TEX",,80.3333,0,1.139223337173462,1.139223337173462,21306
"Zac Gallen","ARI",,187.6666,0,1.1255866289138794,1.1255866289138794,19291
"Lenyn Sosa","CHW",524,,1.1239255666732788,,1.1239255666732788,22896
"Alex Jackson","BAL",97,1,1.1427772045135498,-0.02650301903486252,1.1162741854786873,17276
"Kyle Finnegan","- - -",,54.3333,0,1.1150668859481812,1.1150668859481812,15009
"Ramón Urías","- - -",374,,1.1136375665664673,,1.1136375665664673,18795
"Josh Hader","HOU",,52.6666,0,1.1046955585479736,1.1046955585479736,14212
"Aaron Ashby","MIL",,63.3333,0,1.1043856143951416,1.1043856143951416,23550
"Emmanuel Clase","CLE",,47.3333,0,1.1041996479034424,1.1041996479034424,21032
"Edmundo Sosa","PHI",248,,1.1034351587295532,,1.1034351587295532,17022
"Landen Roupp","SFG",,106.6666,0,1.1024514436721802,1.1024514436721802,30076
"Javier Báez","DET",421,,1.1023964881896973,,1.1023964881896973,12979
"Kyle Isbel","KCR",409,,1.1000429391860962,,1.1000429391860962,21614
"Hoby Milner","TEX",,67.6666,0,1.0964012145996094,1.0964012145996094,13346
"Rob Refsnyder","BOS",202,,1.0958236455917358,,1.0958236455917358,13770
"Bennett Sousa","HOU",,50.6666,0,1.095458745956421,1.095458745956421,21345
"Gabriel Arias","CLE",448,,1.0905417203903198,,1.0905417203903198,22563
"Louis Varland","- - -",,68.33330000000001,0,1.0874451249837875,1.0874451249837875,27691
"Spencer Steer","CIN",542,,1.0858277082443237,,1.0858277082443237,26323
"Hurston Waldrep","ATL",,50.3333,0,1.0848709344863892,1.0848709344863892,33527
"Kyle Higashioka","TEX",317,,1.0818958282470703,,1.0818958282470703,5517
"Steven Matz","- - -",,75.33330000000001,0,1.0683871731162071,1.0683871731162071,13361
"Carlos Estévez","KCR",,65,0,1.065811276435852,1.065811276435852,14542
"Marcell Ozuna","ATL",570,,1.0656943321228027,,1.0656943321228027,10324
"Freddy Fermin","- - -",329,,1.0649187564849854,,1.0649187564849854,21840
"Graham Pauley","MIA",174,,1.0633114576339722,,1.0633114576339722,31363
"Ben Brown","CHC",,106.3333,0,1.061269998550415,1.061269998550415,23590
"Jeremiah Estrada","SDP",,70,0,1.0608347654342651,1.0608347654342651,22210
"Michael Soroka","- - -",,86.3333,0,1.055784434080124,1.055784434080124,18383
"Jesús Sánchez","- - -",482,,1.0432283328846097,,1.0432283328846097,19913
"Bryan Reynolds","PIT",630,,1.035512089729309,,1.035512089729309,19326
"Cam Schlittler","NYY",,66,0,1.0330835580825806,1.0330835580825806,32095
"Miguel Vargas","CHW",543,,1.0253870487213135,,1.0253870487213135,20178
"Nick Gonzales","PIT",382,,1.0166622400283813,,1.0166622400283813,27490
"Spencer Horwitz","PIT",390,,1.0080862045288086,,1.0080862045288086,26477
"Ryan Bergert","- - -",,76.3332,0,1.002352237701416,1.002352237701416,29863
"Tyler Kinley","- - -",,69.6666,0,0.9976229071617126,0.9976229071617126,18297
"Miguel Andujar","- - -",321,,0.9965119063854218,,0.9965119063854218,15878
"Alex Call","- - -",315,,0.9952017664909363,,0.9952017664909363,19296
"Anthony Volpe","NYY",574,,0.9920132160186768,,0.9920132160186768,27647
"Shota Imanaga","CHC",,139,0,0.9845139980316162,0.9845139980316162,33829
"Kyle Bradish","BAL",,28,0,0.9759429693222046,0.9759429693222046,24586
"Austin Martin","MIN",162,,0.9736537337303162,,0.9736537337303162,27462
"Jameson Taillon","CHC",,123.6666,0,0.9703776836395264,0.9703776836395264,11674
"Hunter Dobbins","BOS",,61,0,0.9629499316215515,0.9629499316215515,30240
"Heriberto Hernández","MIA",274,,0.962604284286499,,0.962604284286499,24878
"Edwin Uceta","TBR",,73.3333,0,0.9600836038589478,0.9600836038589478,20539
"Paul Goldschmidt","NYY",520,,0.9594605565071106,,0.9594605565071106,9218
"Nick Fortes","- - -",233,,0.9570331871509552,,0.9570331871509552,21538
"Daylen Lile","WSN",332,,0.9541848301887512,,0.9541848301887512,29995
"Luis L. Ortiz","CLE",,88.6666,0,0.9479581117630005,0.9479581117630005,27646
"Rhys Hoskins","MIL",325,,0.9468412399291992,,0.9468412399291992,16472
"Austin Wynns","- - -",110,,0.9384332150220871,,0.9384332150220871,15271
"Griffin Canning","NYM",,76.3333,0,0.9377027153968811,0.9377027153968811,19867
"Heliot Ramos","SFG",667,,0.9342014193534851,,0.9342014193534851,22515
"Aaron Civale","- - -",,99,0,0.9333472866564989,0.9333472866564989,19479
"Alex Vesia","LAD",,57.3333,0,0.9321671724319458,0.9321671724319458,25007
"Emilio Pagán","CIN",,64.6666,0,0.9305538535118103,0.9305538535118103,14771
"Pete Fairbanks","TBR",,58.3333,0,0.9289327263832092,0.9289327263832092,17998
"Austin Hedges","CLE",172,3,0.9128119945526123,0.011958004906773567,0.9247699994593859,12976
"Lars Nootbaar","STL",561,,0.9222055673599243,,0.9222055673599243,21454
"Tony Santillan","CIN",,70.6666,0,0.9217199683189392,0.9217199683189392,19926
"Starling Marte","NYM",316,,0.9173216819763184,,0.9173216819763184,9241
"Justin Topa","MIN",,60,0,0.9157119989395142,0.9157119989395142,15145
"Andrés Giménez","TOR",353,,0.9137125015258789,,0.9137125015258789,19950
"Raisel Iglesias","ATL",,64.3333,0,0.9078957438468933,0.9078957438468933,17130
"Mitchell Parker","WSN",,162,0,0.9075069427490234,0.9075069427490234,27636
"Bailey Ober","MIN",,140.3333,0,0.8962659239768982,0.8962659239768982,21224
"Chris Paddack","- - -",,153.66660000000002,0,0.8899982273578644,0.8899982273578644,20099
"Ty France","- - -",490,,0.8895330429077148,,0.8895330429077148,17982
"Fernando Cruz","NYY",,45.6666,0,0.8792445063591003,0.8792445063591003,7048
"Liam Hicks","MIA",379,,0.8782787322998047,,0.8782787322998047,29844
"Braydon Fisher","TOR",,48,0,0.8751710653305054,0.8751710653305054,24609
"Spencer Strider","ATL",,119.3333,0,0.874763011932373,0.874763011932373,27498
"Carlos Cortes","ATH",87,,0.8673394322395325,,0.8673394322395325,21842
"Lucas Erceg","KCR",,61.3333,0,0.8659890294075012,0.8659890294075012,19360
"Hyeseong Kim","LAD",161,,0.8648481369018555,,0.8648481369018555,35322
"Tanner Gordon","COL",,72,0,0.8642627596855164,0.8642627596855164,27669
"Ezequiel Tovar","COL",366,,0.8623607158660889,,0.8623607158660889,24064
"Danny Jansen","- - -",324,,0.8592795617878437,,0.8592795617878437,16535
"Tyler Stephenson","CIN",326,,0.8590871095657349,,0.8590871095657349,17988
"Miguel Amaya","CHC",103,,0.8574602603912354,,0.8574602603912354,21693
"Daniel Palencia","CHC",,51,0,0.8540778160095215,0.8540778160095215,27914
"Jacob Young","WSN",350,,0.8522019982337952,,0.8522019982337952,29931
"Matt Svanson","STL",,57,0,0.845319926738739,0.845319926738739,29629
"Martín Pérez","CHW",,56,0,0.8443052768707275,0.8443052768707275,6902
"Jahmai Jones","DET",139,,0.8432115912437439,,0.8432115912437439,18872
"Grant Holmes","ATL",,115,0,0.8424679636955261,0.8424679636955261,16944
"Ryan Gusto","- - -",,101.6666,0,0.8409056961536407,0.8409056961536407,26440
"Jose Quintana","MIL",,131.6666,0,0.8408036828041077,0.8408036828041077,11423
"Gregory Soto","- - -",,57.3333,0,0.8387963771820068,0.8387963771820068,19677
"Dylan Beavers","BAL",114,,0.83427494764328,,0.83427494764328,31695
"Brandon Walter","HOU",,53.6666,0,0.8328486680984497,0.8328486680984497,26056
"Bryce Elder","ATL",,149.3333,0,0.8241024017333984,0.8241024017333984,27779
"Seranthony Domínguez","- - -",,60.999900000000004,0,0.8227545320987701,0.8227545320987701,19249
"Leo Rivas","SEA",99,1,0.8275017142295837,-0.012368816882371902,0.8151328973472118,21009
"Isaac Mattson","PIT",,45,0,0.8136686682701111,0.8136686682701111,20385
"Michael King","SDP",,70.6666,0,0.8133710026741028,0.8133710026741028,19853
"Logan Henderson","MIL",,25.3333,0,0.8111086487770081,0.8111086487770081,31475
"Yoán Moncada","LAA",281,,0.806351900100708,,0.806351900100708,17232
"Garrett Cleavinger","TBR",,59.3333,0,0.7968192100524902,0.7968192100524902,17897
"Dustin May","- - -",,132.3333,0,0.7920665740966797,0.7920665740966797,19716
"Luis Gil","NYY",,46,0,0.7806111574172974,0.7806111574172974,21052
"Connelly Early","BOS",,14.3333,0,0.7790034413337708,0.7790034413337708,33666
"Simeon Woods Richardson","MIN",,105.3333,0,0.7780647277832031,0.7780647277832031,24494
"Victor Caratini","HOU",370,,0.7763927578926086,,0.7763927578926086,14968
"JoJo Romero","STL",,59.3333,0,0.7753234505653381,0.7753234505653381,19574
"Jordan Leasure","CHW",,61.6666,0,0.7681995630264282,0.7681995630264282,29950
"Reed Garrett","NYM",,55.3333,0,0.7659100294113159,0.7659100294113159,16866
"Adolis García","TEX",532,,0.7616862058639526,,0.7616862058639526,19287
"Luis García","- - -",,54.3333,0,0.7555083781480789,0.7555083781480789,6984
"Matt Brash","SEA",,46.3333,0,0.7528780102729797,0.7528780102729797,25756
"Max Schuemann","ATH",202,,0.7523874044418335,,0.7523874044418335,24488
"Matt Festa","CLE",,51,0,0.7484639883041382,0.7484639883041382,19330
"Jake Bauers","MIL",205,5,0.757867693901062,-0.010303081944584846,0.7475646119564772,15194
"Lourdes Gurriel Jr.","ARI",546,,0.7471387982368469,,0.7471387982368469,19238
"Joey Loperfido","TOR",103,,0.746740996837616,,0.746740996837616,29630
"Corbin Burnes","ARI",,64.3333,0,0.7458118796348572,0.7458118796348572,19361
"Ryan Walker","SFG",,59,0,0.7420311570167542,0.7420311570167542,20423
"Andruw Monasterio","MIL",127,,0.7412639856338501,,0.7412639856338501,19455
"Nolan Arenado","STL",415,,0.7408450841903687,,0.7408450841903687,9777
"Chandler Simpson","TBR",422,,0.7380961775779724,,0.7380961775779724,31912
"Juan Mejia","COL",,58.6666,0,0.7369962334632874,0.7369962334632874,23237
"Tommy Nance","TOR",,28.6666,0,0.7367650270462036,0.7367650270462036,19178
"Slade Cecconi","CLE",,128,0,0.736257791519165,0.736257791519165,27500
"Caleb Ferguson","- - -",,61.6666,0,0.7346005067229271,0.7346005067229271,19349
"Jared Koenig","MIL",,63,0,0.7319364547729492,0.7319364547729492,27517
"Ronny Mauricio","NYM",174,,0.7268953323364258,,0.7268953323364258,23698
"Chris Martin","TEX",,41,0,0.724804699420929,0.724804699420929,11847
"James McCann","ARI",120,,0.7123701572418213,,0.7123701572418213,12859
"J.T. Ginn","ATH",,86.6666,0,0.7097785472869873,0.7097785472869873,27889
"Cole Sands","MIN",,69,0,0.7043449878692627,0.7043449878692627,21461
"Michael Helman","TEX",90,,0.6943553686141968,,0.6943553686141968,24605
"Jasson Domínguez","NYY",429,,0.6924809217453003,,0.6924809217453003,28080
"Pavin Smith","ARI",288,,0.6902245879173279,,0.6902245879173279,19892
"Salvador Perez","KCR",614,,0.6875593066215515,,0.6875593066215515,7304
"Tanner Banks","PHI",,66,0,0.6867510080337524,0.6867510080337524,16990
"Jeremiah Jackson","BAL",171,,0.6860681772232056,,0.6860681772232056,22239
"Nick Allen","ATL",408,,0.6855315566062927,,0.6855315566062927,22277
"Bryce Johnson","SDP",68,,0.6854904890060425,,0.6854904890060425,20002
"Brock Stewart","- - -",,37.6666,0,0.6821632236242294,0.6821632236242294,16727
"Reese McGuire","CHC",135,1,0.7572981119155884,-0.07692158967256546,0.6803765222430229,15674
"Andrew Kittredge","- - -",,50.9999,0,0.6756591200828552,0.6756591200828552,12828
"Manuel Rodríguez","TBR",,30.3333,0,0.6709103584289551,0.6709103584289551,20794
"Cristian Javier","HOU",,32.3333,0,0.6639174818992615,0.6639174818992615,17606
"Aaron Nola","PHI",,86.3333,0,0.6523661613464355,0.6523661613464355,16149
"Mark Leiter Jr.","NYY",,47.6666,0,0.6466992497444153,0.6466992497444153,15551
"Casey Schmitt","SFG",332,,0.6462277770042419,,0.6462277770042419,27577
"Matt Thaiss","- - -",190,,0.6449535675346851,,0.6449535675346851,19318
"Danny Coulombe","- - -",,40.6666,0,0.6447019875049591,0.6447019875049591,13293
"Greg Weissert","BOS",,64.6666,0,0.6397374868392944,0.6397374868392944,20375
"Christian Walker","HOU",619,,0.6390191316604614,,0.6390191316604614,13419
"Andre Pallante","STL",,160,0,0.6366806030273438,0.6366806030273438,26108
"Brenan Hanifee","DET",,60,0,0.6318944096565247,0.6318944096565247,22304
"Shelby Miller","- - -",,45.999900000000004,0,0.6314539834856987,0.6314539834856987,10197
"Kolby Allard","CLE",,61.6666,0,0.6310362815856934,0.6310362815856934,18694
"Adam Frazier","- - -",439,,0.6305345594882965,,0.6305345594882965,15223
"Michael Harris II","ATL",619,,0.6285412311553955,,0.6285412311553955,25931
"Tyrone Taylor","NYM",328,,0.6281239986419678,,0.6281239986419678,13675
"Hunter Gaddis","CLE",,64,0,0.6258999705314636,0.6258999705314636,25636
"Randy Vásquez","SDP",,125.6666,0,0.62040776014328,0.62040776014328,24719
"Isiah Kiner-Falefa","- - -",454,0.6666,0.6041514426469803,0.01563122868537903,0.6197826713323593,16512
"Sean Burke","CHW",,130,0,0.6163657903671265,0.6163657903671265,29878
"Luis Arraez","SDP",653,,0.6157163977622986,,0.6157163977622986,18568
"Félix Bautista","BAL",,34.6666,0,0.6105554103851318,0.6105554103851318,20666
"Mickey Moniak","COL",449,,0.6093505024909973,,0.6093505024909973,19956
"Willi Castro","- - -",451,1,0.6022672951221466,0.005937106907367706,0.6082044020295143,17338
"Brennan Bernardino","BOS",,51.6666,0,0.6076967716217041,0.6076967716217041,16835
"Bryce Teodosio","LAA",134,,0.6019268035888672,,0.6019268035888672,29524
"Ronel Blanco","HOU",,48.3333,0,0.5986958146095276,0.5986958146095276,19407
"Robert Garcia","TEX",,61.3333,0,0.592422366142273,0.592422366142273,23363
"Max Kepler","PHI",463,,0.589918315410614,,0.589918315410614,12144
"Steven Wilson","CHW",,55,0,0.5881322026252747,0.5881322026252747,20353
"Brooks Raley","NYM",,22.6666,0,0.5785902142524719,0.5785902142524719,10061
"Orion Kerkering","PHI",,57.6666,0,0.5782380700111389,0.5782380700111389,31776
"Jonny DeLuca","TBR",59,,0.5769210457801819,,0.5769210457801819,26365
"Drew Millas","WSN",55,,0.57655930519104,,0.57655930519104,25643
"Luis García Jr.","WSN",507,,0.5685333609580994,,0.5685333609580994,20391
"Brandon Sproat","NYM",,16,0,0.5671350955963135,0.5671350955963135,33850
"Bryan Baker","- - -",,66.33330000000001,0,0.5637115687131882,0.5637115687131882,19804
"Colton Cowser","BAL",338,,0.5613718628883362,,0.5613718628883362,29591
"Drew Pomeranz","CHC",,47,0,0.5588568449020386,0.5588568449020386,11426
"Germán Márquez","COL",,122,0,0.5573902726173401,0.5573902726173401,15038
"Mason Englert","TBR",,44.6666,0,0.5543196797370911,0.5543196797370911,22288
"JP Sears","- - -",,130,0,0.5537441521883011,0.5537441521883011,23429
"AJ Smith-Shawver","ATL",,44.3333,0,0.5529513955116272,0.5529513955116272,29960
"Miles Mikolas","STL",,151.3333,0,0.5523349642753601,0.5523349642753601,9803
"Derek Hill","MIA",141,,0.5395070910453796,,0.5395070910453796,16947
"Camilo Doval","- - -",,64.3332,0,0.5385103710577823,0.5385103710577823,21992
"Yordan Alvarez","HOU",199,,0.5369089841842651,,0.5369089841842651,19556
"Joey Wiemer","MIA",58,,0.5352354049682617,,0.5352354049682617,27690
"Andrew Saalfrank","ARI",,27,0,0.5336210131645203,0.5336210131645203,26203
"Ha-Seong Kim","- - -",166,,0.5328534245491028,,0.5328534245491028,27506
"Brooks Lee","MIN",504,,0.5326106548309326,,0.5326106548309326,31595
"Bailey Falter","- - -",,125.3333,0,0.5291273416951299,0.5291273416951299,20070
"Yu Darvish","SDP",,67,0,0.5230029821395874,0.5230029821395874,13074
"Max Meyer","MIA",,64.6666,0,0.5202798843383789,0.5202798843383789,27474
"Victor Vodnik","COL",,49.3333,0,0.5178927183151245,0.5178927183151245,24614
"Jakob Junis","CLE",,64.6666,0,0.5177613496780396,0.5177613496780396,13619
"Thomas Saggese","STL",269,,0.5159603953361511,,0.5159603953361511,27883
"Seth Lugo","KCR",,145.3333,0,0.5131338238716125,0.5131338238716125,12447
"Brenton Doyle","COL",518,,0.5119760036468506,,0.5119760036468506,25479
"Bubba Chandler","PIT",,25.6666,0,0.5105962157249451,0.5105962157249451,29868
"Eli White","ATL",267,,0.5103448629379272,,0.5103448629379272,19346
"Spencer Bivens","SFG",,78,0,0.4984208047389984,0.4984208047389984,30226
"Sean Manaea","NYM",,58,0,0.49840760231018066,0.49840760231018066,15873
"DL Hall","MIL",,37.6666,0,0.49557703733444214,0.49557703733444214,22207
"José Fermín","STL",59,,0.4944096505641937,,0.4944096505641937,21746
"Carter Jensen","KCR",46,,0.4901752769947052,,0.4901752769947052,29478
"Hunter Harvey","KCR",,10.6666,0,0.48890116810798645,0.48890116810798645,15507
"Zack Kelly","BOS",,32.6666,0,0.4882601797580719,0.4882601797580719,20349
"Brant Hurter","DET",,60,0,0.4835495054721832,0.4835495054721832,30133
"Matt Gage","- - -",,29.6666,0,0.48348311707377434,0.48348311707377434,17381
"Nasim Nuñez","WSN",77,,0.4832683205604553,,0.4832683205604553,25979
"Shane Bieber","TOR",,35.3333,0,0.4821188449859619,0.4821188449859619,19427
"Gordon Graceffo","STL",,42.6666,0,0.48192569613456726,0.48192569613456726,29519
"Mike Vasil","CHW",,98.6666,0,0.4813387989997864,0.4813387989997864,30105
"Mark Vientos","NYM",445,,0.4812544286251068,,0.4812544286251068,22184
"Taijuan Walker","PHI",,120.6666,0,0.4696007966995239,0.4696007966995239,11836
"Connor Norby","MIA",315,,0.46808937191963196,,0.46808937191963196,29592
"Eduard Bazardo","SEA",,77,0,0.4659513235092163,0.4659513235092163,20997
"Grant Anderson","MIL",,67.6666,0,0.4640720784664154,0.4640720784664154,20546
"Blake Perkins","MIL",164,,0.4614719748497009,,0.4614719748497009,19921
"Andrew Vaughn","- - -",428,,0.4581996202468872,,0.4581996202468872,26197
"Teoscar Hernández","LAD",526,,0.4579092860221863,,0.4579092860221863,13066
"Jake Bird","- - -",,55.3333,0,0.45166952908039093,0.45166952908039093,21267
"Yoendrys Gómez","- - -",,56.6666,0,0.4499635398387909,0.4499635398387909,22872
"Nick Mears","MIL",,53.6666,0,0.44731298089027405,0.44731298089027405,25376
"J.C. Escarra","NYY",98,,0.4447804093360901,,0.4447804093360901,20084
"Tobias Myers","MIL",,45.6666,0,0.44462841749191284,0.44462841749191284,22191
"Anthony Bender","MIA",,50,0,0.4445866346359253,0.4445866346359253,19742
"Enyel De Los Santos","- - -",,62.999900000000004,0,0.44145382568240166,0.44145382568240166,18403
"Jose Trevino","CIN",295,2.3333,0.4174714982509613,0.022490086033940315,0.4399615842849016,16725
"Marcelo Mayer","BOS",136,,0.4374026358127594,,0.4374026358127594,29668
"Nabil Crismatt","ARI",,31,0,0.43624114990234375,0.43624114990234375,17732
"Amed Rosario","- - -",187,1,0.5225058197975159,-0.0880480632185936,0.43445775657892227,15518
"Jake Rogers","DET",138,3.6666,0.42730823159217834,0.003728585783392191,0.43103681737557054,19452
"Hogan Harris","ATH",,60,0,0.42674198746681213,0.42674198746681213,21520
"Johan Rojas","PHI",172,,0.4233538508415222,,0.4233538508415222,24336
"José Buttó","- - -",,65.6666,0,0.422202005982399,0.422202005982399,23313
"Kenley Jansen","LAA",,57,0,0.41953611373901367,0.41953611373901367,3096
"Ryan Weathers","MIA",,33.6666,0,0.41445392370224,0.41445392370224,23796
"Dylan Lee","ATL",,67.3333,0,0.41248804330825806,0.41248804330825806,19996
"Aaron Bummer","ATL",,54.3333,0,0.4118095338344574,0.4118095338344574,16258
"Parker Meadows","DET",190,,0.4108933210372925,,0.4108933210372925,23800
"Andrew Alvarez","WSN",,19,0,0.40607714653015137,0.40607714653015137,29914
"Dietrich Enns","- - -",,44.3332,0,0.4018508046865463,0.4018508046865463,13932
"Justin Slaten","BOS",,32.3333,0,0.3970853090286255,0.3970853090286255,25648
"Wandy Peralta","SDP",,69.6666,0,0.3940117359161377,0.3940117359161377,14295
"Ryan Feltner","COL",,30.3333,0,0.3939152657985687,0.3939152657985687,21446
"Cade Cavalli","WSN",,44.6666,0,0.38812124729156494,0.38812124729156494,27473
"Dominic Smith","SFG",225,,0.3875422477722168,,0.3875422477722168,15653
"Sal Stewart","CIN",49,,0.38337942957878113,,0.38337942957878113,31505
"Ben Lively","CLE",,44.6666,0,0.3781057894229889,0.3781057894229889,14932
"Andrew Chafin","- - -",,33.6666,0,0.37620051205158234,0.37620051205158234,12988
"Jack Perkins","ATH",,38.6666,0,0.37554529309272766,0.37554529309272766,31468
"Christian Koss","SFG",180,4,0.35415056347846985,0.01969381794333458,0.37384438142180443,27653
"Pierce Johnson","ATL",,57,0,0.3719794750213623,0.3719794750213623,13435
"Ben Williamson","SEA",295,,0.37084057927131653,,0.37084057927131653,33197
"Cal Quantrill","- - -",,117.6666,0,0.36878105998039246,0.36878105998039246,19312
"Kyren Paris","LAA",140,,0.3624521493911743,,0.3624521493911743,26420
"Justin Sterner","ATH",,62.6666,0,0.3618575930595398,0.3618575930595398,27694
"Joe Boyle","TBR",,47,0,0.36137697100639343,0.36137697100639343,29608
"Kyle Harrison","- - -",,32.6666,0,0.36085325479507446,0.36085325479507446,27758
"Garrett Mitchell","MIL",78,,0.3602519631385803,,0.3602519631385803,27555
"Curtis Mead","- - -",255,,0.35893720854073763,,0.35893720854073763,23986
"Ryan Fitzgerald","MIN",41,2,0.3464745283126831,0.011874213814735413,0.3583487421274185,24622
"Luisangel Acuña","NYM",189,,0.3574555516242981,,0.3574555516242981,26548
"Nate Eaton","BOS",86,1,0.3491067886352539,0.006081626284867525,0.35518841492012143,25055
"Tyler Gilbert","CHW",,46.6666,0,0.3513692319393158,0.3513692319393158,17964
"Luke Maile","KCR",52,1,0.3596247136592865,-0.010907276533544064,0.34871743712574244,13355
"Cade Gibson","MIA",,52,0,0.3468322157859802,0.3468322157859802,31815
"Albert Suárez","BAL",,11.6666,0,0.34511223435401917,0.34511223435401917,6175
"José Alvarado","PHI",,26,0,0.34254026412963867,0.34254026412963867,17780
"Alek Thomas","ARI",453,,0.3411039113998413,,0.3411039113998413,23792
"Rafael Marchán","PHI",110,,0.33995601534843445,,0.33995601534843445,21646
"Eric Orze","TBR",,41.6666,0,0.3368469178676605,0.3368469178676605,27626
"Brett Harris","ATH",65,,0.33668577671051025,,0.33668577671051025,29788
"Luke Weaver","NYY",,61.3333,0,0.33348673582077026,0.33348673582077026,16918
"David Festa","MIN",,53.3333,0,0.33124521374702454,0.33124521374702454,30056
"Kai-Wei Teng","SFG",,29.6666,0,0.330397367477417,0.330397367477417,24282
"Yerry De los Santos","NYY",,35.6666,0,0.32711270451545715,0.32711270451545715,21420
"Edgardo Henriquez","LAD",,17,0,0.3254643976688385,0.3254643976688385,26944
"David Morgan","SDP",,45,0,0.32439911365509033,0.32439911365509033,31616
"Max Scherzer","TOR",,80,0,0.3235434293746948,0.3235434293746948,3137
"Grant Wolfram","BAL",,26,0,0.32207998633384705,0.32207998633384705,21623
"Kameron Misner","TBR",217,,0.31886422634124756,,0.31886422634124756,26374
"A.J. Minter","NYM",,11,0,0.3164460062980652,0.3164460062980652,18655
"Charlie Morton","- - -",,140.6666,0,0.31622793711721897,0.31622793711721897,4676
"Cole Sulser","TBR",,20.6666,0,0.31616705656051636,0.31616705656051636,15256
"Eric Haase","MIL",77,,0.3153176009654999,,0.3153176009654999,14111
"Tomoyuki Sugano","BAL",,152.6666,0,0.31489047408103943,0.31489047408103943,35321
"Christian Moore","LAA",161,,0.31071141362190247,,0.31071141362190247,34979
"Ildemaro Vargas","ARI",99,,0.3095674514770508,,0.3095674514770508,13324
"Dylan Crews","WSN",303,,0.30804747343063354,,0.30804747343063354,33541
"Rico Garcia","- - -",,31.9998,0,0.30597439408302307,0.30597439408302307,20023
"Brandon Lockridge","- - -",148,,0.3045944422483444,,0.3045944422483444,21496
"Luis Morales","ATH",,44,0,0.3045157492160797,0.3045157492160797,32227
"Tyler Wells","BAL",,17.6666,0,0.30346018075942993,0.30346018075942993,20000
"Yohel Pozo","STL",164,,0.30112090706825256,,0.30112090706825256,18848
"Ryan Brasier","CHC",,26,0,0.29625970125198364,0.29625970125198364,5615
"Trey Yesavage","TOR",,9,0,0.2933768332004547,0.2933768332004547,35456
"Max Kranick","NYM",,37,0,0.2903485596179962,0.2903485596179962,22175
"Jonathan Cannon","CHW",,98.3333,0,0.2898617684841156,0.2898617684841156,31730
"Jorge López","WSN",,24.6666,0,0.2895287871360779,0.2895287871360779,14527
"Kumar Rocker","TEX",,64.3333,0,0.2890470623970032,0.2890470623970032,31843
"Nacho Alvarez Jr.","ATL",186,,0.2872776389122009,,0.2872776389122009,31765
"Jake Fraley","- - -",217,,0.2865925133228302,,0.2865925133228302,19260
"Wikelman González","CHW",,20.3333,0,0.28413352370262146,0.28413352370262146,26641
"Tyler Tolbert","KCR",52,,0.28369268774986267,,0.28369268774986267,25779
"Brandon Eisert","CHW",,67.6666,0,0.28366196155548096,0.28366196155548096,27668
"Taylor Rashi","ARI",,12.3333,0,0.28356650471687317,0.28356650471687317,26344
"Alex Freeland","LAD",97,,0.2826208174228668,,0.2826208174228668,31665
"Johan Oviedo","PIT",,30.6666,0,0.2809450030326843,0.2809450030326843,22487
"Kody Funderburk","MIN",,38,0,0.27902376651763916,0.27902376651763916,24993
"Mason Montgomery","TBR",,46,0,0.2775517404079437,0.2775517404079437,29770
"Justin Lawrence","PIT",,14.6666,0,0.27504003047943115,0.27504003047943115,17639
"John Rave","KCR",164,,0.2749013602733612,,0.2749013602733612,26284
"Angel Zerpa","KCR",,62.6666,0,0.27174270153045654,0.27174270153045654,22717
"Brayan Rocchio","CLE",363,,0.2709493041038513,,0.2709493041038513,23690
"Taylor Clarke","KCR",,53,0,0.2692805230617523,0.2692805230617523,17611
"Javier Sanoja","MIA",332,8.3333,0.533963143825531,-0.26482725143432617,0.26913589239120483,28253
"Paul DeJong","WSN",198,,0.26464587450027466,,0.26464587450027466,18015
"Taylor Rogers","- - -",,48.6666,0,0.2609390951693058,0.2609390951693058,13449
"Zach Cole","HOU",30,,0.256584495306015,,0.256584495306015,31583
"Jordan Hicks","- - -",,67.3332,0,0.2536822557449341,0.2536822557449341,19618
"Ezequiel Duran","TEX",197,3.3333,0.20337699353694916,0.043372634798288345,0.2467496283352375,23733
"Jason Alexander","- - -",,72.6666,0,0.24517346918582916,0.24517346918582916,19666
"DJ LeMahieu","NYY",142,,0.24429157376289368,,0.24429157376289368,9874
"Andy Ibáñez","DET",177,,0.2412543147802353,,0.2412543147802353,18819
"Danny Young","NYM",,8.3333,0,0.24103887379169464,0.24103887379169464,18439
"Nic Enright","CLE",,31,0,0.23802153766155243,0.23802153766155243,25553
"Jalen Beeks","ARI",,56,0,0.23715102672576904,0.23715102672576904,17192
"JT Brubaker","- - -",,24.666600000000003,0,0.2359277606010437,0.2359277606010437,17578
"Troy Johnston","MIA",109,,0.2344958335161209,,0.2344958335161209,26143
"Riley O'Brien","STL",,45.6666,0,0.2320423126220703,0.2320423126220703,20348
"Taylor Walls","TBR",317,,0.23176102340221405,,0.23176102340221405,22458
"Collin Snider","SEA",,26.3333,0,0.23031795024871826,0.23031795024871826,23307
"Evan Sisk","- - -",,17.6666,0,0.22706741839647293,0.22706741839647293,24995
"Jerar Encarnacion","SFG",50,,0.22540684044361115,,0.22540684044361115,21871
"Gavin Lux","CIN",485,,0.2233712524175644,,0.2233712524175644,19955
"Evan Phillips","LAD",,5.6666,0,0.2225278615951538,0.2225278615951538,17734
"John Schreiber","KCR",,61,0,0.221116304397583,0.221116304397583,20020
"Lake Bachar","MIA",,69,0,0.21974626183509827,0.21974626183509827,19222
"Caleb Boushley","TEX",,43.3333,0,0.21882084012031555,0.21882084012031555,19736
"Carlos Santana","- - -",473,,0.21754130721092224,,0.21754130721092224,2396
"Valente Bellozo","MIA",,79.3333,0,0.21425659954547882,0.21425659954547882,23899
"Jared Shuster","CHW",,15.6666,0,0.2128484696149826,0.2128484696149826,27472
"Yariel Rodríguez","TOR",,71.3333,0,0.20802126824855804,0.20802126824855804,33838
"Steven Cruz","KCR",,43.3333,0,0.204263836145401,0.204263836145401,23165
"Joey Lucchesi","SFG",,37.6666,0,0.20350317656993866,0.20350317656993866,19320
"Juan Morillo","ARI",,32.6666,0,0.2031247615814209,0.2031247615814209,21924
"Korey Lee","CHW",40,3,0.20481376349925995,-0.001763374893926084,0.20305038860533386,25543
"Brock Burke","LAA",,59.6666,0,0.19988825917243958,0.19988825917243958,17968
"Will Klein","LAD",,12.6666,0,0.19812415540218353,0.19812415540218353,27787
"Cody Laweryson","MIN",,6,0,0.19780947268009186,0.19780947268009186,26429
"Miles Mastrobuoni","SEA",172,1,0.22624512016773224,-0.02891426719725132,0.19733085297048092,20017
"Elias Díaz","SDP",279,,0.19694924354553223,,0.19694924354553223,11680
"Trevor Larnach","MIN",554,,0.19619491696357727,,0.19619491696357727,21501
"Jonah Tong","NYM",,16.6666,0,0.19398486614227295,0.19398486614227295,32157
"Jaden Hill","COL",,25.6666,0,0.19263534247875214,0.19263534247875214,30250
"Jayden Murray","HOU",,8,0,0.1913539320230484,0.1913539320230484,26482
"Kevin Ginkel","ARI",,25.6666,0,0.19077186286449432,0.19077186286449432,19876
"Hayden Wesneski","HOU",,32,0,0.18603163957595825,0.18603163957595825,27581
"Sam Haggerty","TEX",182,,0.18530720472335815,,0.18530720472335815,18054
"Ron Marinaccio","SDP",,9.6666,0,0.1833038479089737,0.1833038479089737,23488
"Mason Barnett","ATH",,16.6666,0,0.18182548880577087,0.18182548880577087,31741
"Cole Winn","TEX",,39.6666,0,0.1813175231218338,0.1813175231218338,22113
"Kade Strowd","BAL",,25,0,0.18118061125278473,0.18118061125278473,26191
"Tim Tawa","ARI",205,,0.17894594371318817,,0.17894594371318817,29571
"Jesus Tinoco","MIA",,19.3333,0,0.17686688899993896,0.17686688899993896,16300
"Ryan Ritter","COL",190,,0.17592434585094452,,0.17592434585094452,31500
"Huascar Brazobán","NYM",,58.3333,0,0.1732405126094818,0.1732405126094818,6107
"Tyler Ferguson","ATH",,54.3333,0,0.17322362959384918,0.17322362959384918,19481
"Colby Thomas","ATH",118,,0.1704791784286499,,0.1704791784286499,31855
"Brewer Hicklen","DET",4,,0.16994626820087433,,0.16994626820087433,20450
"Justin Hagenman","NYM",,23.6666,0,0.1697089970111847,0.1697089970111847,21546
"Brady Basso","ATH",,9.3333,0,0.16923180222511292,0.16923180222511292,25582
"Paul Blackburn","- - -",,35.9999,0,0.16887217573821545,0.16887217573821545,14739
"Trevor McDonald","SFG",,8,0,0.16884689033031464,0.16884689033031464,26448
"Nathan Church","STL",61,,0.1656755954027176,,0.1656755954027176,31357
"Ryan Helsley","- - -",,53,0,0.16509467363357544,0.16509467363357544,18138
"Agustín Ramírez","MIA",564,,0.15832959115505219,,0.15832959115505219,26546
"Brandyn Garcia","- - -",,10.6666,0,0.15477385371923447,0.15477385371923447,33568
"Sam Bachman","LAA",,17.3333,0,0.15331488847732544,0.15331488847732544,29754
"Andrew Benintendi","CHW",470,,0.15266668796539307,,0.15266668796539307,17901
"Sammy Peralta","LAA",,9.6666,0,0.15195508301258087,0.15195508301258087,25589
"Luinder Avila","KCR",,11.6666,0,0.15155163407325745,0.15155163407325745,24452
"Josh Winckowski","BOS",,11.6666,0,0.15135039389133453,0.15135039389133453,22387
"Clayton Beeter","- - -",,23.9999,0,0.14967665076255798,0.14967665076255798,27494
"Chris Roycroft","STL",,17,0,0.14855937659740448,0.14855937659740448,31261
"PJ Poulin","WSN",,22.6666,0,0.14658944308757782,0.14658944308757782,23394
"Chris Devenski","NYM",,16.6666,0,0.1457173079252243,0.1457173079252243,12763
"Drew Gilbert","SFG",94,,0.1429603397846222,,0.1429603397846222,31545
"Tomás Nido","DET",37,1.6665999999999999,0.1376623511314392,0.004221727140247822,0.14188407827168703,13755
"Carlos Hernández","- - -",,43.333200000000005,0,0.14136583730578423,0.14136583730578423,22713
"Erik Sabrowski","CLE",,26.6666,0,0.14124201238155365,0.14124201238155365,24978
"Josh Walker","TOR",,5,0,0.13692091405391693,0.13692091405391693,23617
"Darren McCaughan","MIN",,5.3333,0,0.1367270052433014,0.1367270052433014,20038
"Tyler Anderson","LAA",,136.3333,0,0.1362076997756958,0.1362076997756958,12880
"Paxton Schultz","TOR",,24.6666,0,0.1355765461921692,0.1355765461921692,25501
"Dylan Dodd","ATL",,33.6666,0,0.1345219910144806,0.1345219910144806,29928
"Griffin Conine","MIA",71,,0.13340871036052704,,0.13340871036052704,21626
"Sean Guenther","DET",,10.3333,0,0.1333005577325821,0.1333005577325821,20045
"Moisés Ballesteros","CHC",54,,0.13241994380950928,,0.13241994380950928,28820
"Edgar Quero","CHW",378,,0.13111931085586548,,0.13111931085586548,28022
"Yohan Ramírez","PIT",,30.6666,0,0.13106004893779755,0.13106004893779755,19444
"Zak Kent","CLE",,12.6666,0,0.12993592023849487,0.12993592023849487,25703
"Adam Mazur","MIA",,30,0,0.12864528596401215,0.12864528596401215,31900
"Tim Anderson","LAA",90,,0.12798333168029785,,0.12798333168029785,15172
"Lyon Richardson","CIN",,37.6666,0,0.1274581253528595,0.1274581253528595,24581
"Yimi García","TOR",,21,0,0.12645761668682098,0.12645761668682098,12095
"Ryan Thompson","ARI",,38.3333,0,0.12629133462905884,0.12629133462905884,16647
"Luke Raley","SEA",204,,0.12449736148118973,,0.12449736148118973,19354
"Ian Gibaut","CIN",,25.3333,0,0.12083806842565536,0.12083806842565536,17871
"José Suarez","ATL",,15.3333,0,0.12081689387559891,0.12081689387559891,19911
"Michael Kelly","ATH",,37.3333,0,0.12008556723594666,0.12008556723594666,12791
"Brent Headrick","NYY",,23,0,0.11842769384384155,0.11842769384384155,27702
"Will Benson","CIN",241,,0.11402365565299988,,0.11402365565299988,21853
"Rafael Flores","PIT",6,,0.11315201222896576,,0.11315201222896576,31991
"George Valera","CLE",34,,0.1100163459777832,,0.1100163459777832,22541
"Corey Julks","CHW",8,,0.10974187403917313,,0.10974187403917313,20311
"Mitch Farris","LAA",,19.3333,0,0.10958154499530792,0.10958154499530792,33628
"Tyler Fitzgerald","SFG",243,,0.10945869237184525,,0.10945869237184525,26208
"Robert Stephenson","LAA",,10,0,0.10806315392255783,0.10806315392255783,13594
"Andrew Knizner","SFG",81,,0.10672520846128464,,0.10672520846128464,19514
"Bryce Miller","SEA",,80.6666,0,0.1065751165151596,0.1065751165151596,29837
"Kevin Herget","- - -",,12,0,0.10473566316068172,0.10473566316068172,15369
"Javier Assad","CHC",,31.6666,0,0.10149083286523819,0.10149083286523819,21741
"Chase Dollander","COL",,98,0,0.10108165442943573,0.10108165442943573,33482
"Ryan Yarbrough","NYY",,64,0,0.10006797313690186,0.10006797313690186,16502
"Trevor Richards","- - -",,5.6666,0,0.09674020297825336,0.09674020297825336,19309
"Easton McGee","MIL",,14.6666,0,0.09634959697723389,0.09634959697723389,22176
"Dauri Moreta","PIT",,15.6666,0,0.09582877904176712,0.09582877904176712,21101
"AJ Blubaugh","HOU",,28,0,0.09480426460504532,0.09480426460504532,31764
"Luis Urías","ATH",330,,0.09385889768600464,,0.09385889768600464,16622
"Oswaldo Cabrera","NYY",122,,0.09138301759958267,,0.09138301759958267,21707
"Rafael Montero","- - -",,58.6666,0,0.09008072910364717,0.09008072910364717,12760
"Bryan Hoeing","SDP",,8,0,0.08766738325357437,0.08766738325357437,26304
"Jake Burger","TEX",362,,0.08725383132696152,,0.08725383132696152,22275
"David Hamilton","BOS",185,,0.08698999881744385,,0.08698999881744385,27531
"Tyler Phillips","MIA",,74.3333,0,0.08671381324529648,0.08671381324529648,20629
"Jose Espada","BAL",,3,0,0.08643045276403427,0.08643045276403427,21131
"Jhonny Pereda","- - -",78,3,0.13562344014644623,-0.05025245249271393,0.0853709876537323,19802
"Scott Barlow","CIN",,66.3333,0,0.0850883349776268,0.0850883349776268,14993
"Justin Martinez","ARI",,15.3333,0,0.08287522196769714,0.08287522196769714,24453
"Liover Peguero","PIT",88,,0.0821729525923729,,0.0821729525923729,24273
"Enmanuel Valdez","PIT",102,,0.08164852112531662,,0.08164852112531662,21716
"Luis Garcia","HOU",,7.6666,0,0.08097972720861435,0.08097972720861435,23735
"Dedniel Núñez","NYM",,9.6666,0,0.07838082313537598,0.07838082313537598,23055
"Luis Rengifo","LAA",524,,0.07797076553106308,,0.07797076553106308,19858
"Marcus Stroman","NYY",,39,0,0.07690626382827759,0.07690626382827759,13431
"Brent Suter","CIN",,67.6666,0,0.07644002139568329,0.07644002139568329,13942
"Nick Burdi","BOS",,5.3333,0,0.0751713439822197,0.0751713439822197,16074
"Brett Sullivan","PIT",9,,0.07156781852245331,,0.07156781852245331,18217
"Bobby Dalbec","CHW",21,,0.06948269158601761,,0.06948269158601761,19966
"John Curtiss","ARI",,35,0,0.06939999014139175,0.06939999014139175,16128
"Brian Navarreto","MIA",11,,0.06907513737678528,,0.06907513737678528,16398
"Trey Lipscomb","WSN",4,,0.06732050329446793,,0.06732050329446793,31567
"Austin Warren","NYM",,9.3333,0,0.06550941616296768,0.06550941616296768,24937
"Jonathan Bowlan","KCR",,40.6666,0,0.06529324501752853,0.06529324501752853,24607
"Troy Melton","DET",,42,0,0.06525605171918869,0.06525605171918869,31807
"Nick Yorke","PIT",52,,0.06475096940994263,,0.06475096940994263,27504
"Erik Miller","SFG",,30,0,0.06471598148345947,0.06471598148345947,26252
"Zach Dezenzo","HOU",109,,0.06394381076097488,,0.06394381076097488,31562
"Jackson Jobe","DET",,49,0,0.06344040483236313,0.06344040483236313,30203
"Elvis Alvarado","ATH",,39,0,0.06303390860557556,0.06303390860557556,21662
"Patrick Monteverde","MIA",,3.6666,0,0.062340520322322845,0.062340520322322845,29564
"Jacob Webb","TEX",,61,0,0.062258776277303696,0.062258776277303696,19274
"Tommy Pham","PIT",431,,0.06209436431527138,,0.06209436431527138,2967
"Ryan Burr","TOR",,2,0,0.05941499397158623,0.05941499397158623,17536
"Jesse Scholtens","TBR",,3,0,0.05858735367655754,0.05858735367655754,19205
"Dominic Fletcher","CHW",20,,0.058428626507520676,,0.058428626507520676,26149
"Austin Slater","- - -",158,0.6666,0.053995490074157715,0.004235297907143831,0.058230787981301546,16153
"Matt Krook","ATH",,3.3333,0,0.05740002915263176,0.05740002915263176,19315
"Tanner Rainey","- - -",,7.6666,0,0.05727500468492508,0.05727500468492508,17610
"Tyler Matzek","NYY",,6.3333,0,0.05662418156862259,0.05662418156862259,10058
"Nick Loftin","KCR",188,,0.05661832168698311,,0.05661832168698311,27630
"Keaton Winn","SFG",,10,0,0.056119102984666824,0.056119102984666824,23499
"Tom Cosgrove","CHC",,4,0,0.05543852224946022,0.05543852224946022,23443
"Zach Thompson","ATL",,3.6666,0,0.053716834634542465,0.053716834634542465,16094
"Blake Dunn","CIN",75,,0.05339948832988739,,0.05339948832988739,29487
"Nick Sandlin","TOR",,16.3333,0,0.05129333958029747,0.05129333958029747,20517
"Hunter Strickland","LAA",,22,0,0.05092116817831993,0.05092116817831993,7836
"Richie Palacios","TBR",33,,0.05080278217792511,,0.05080278217792511,24589
"Josh Lowe","TBR",419,,0.05065000057220459,,0.05065000057220459,19953
"Steward Berroa","MIL",6,,0.05059083551168442,,0.05059083551168442,22766
"Paul Sewald","- - -",,16.9999,0,0.0500587597489357,0.0500587597489357,13892
"Cristian Mena","ARI",,6.6666,0,0.04979054257273674,0.04979054257273674,27974
"Owen Caissie","CHC",27,,0.04786565899848938,,0.04786565899848938,27496
"Ryne Stanek","NYM",,54,0,0.04713357239961624,0.04713357239961624,15947
"Noah Murdock","ATH",,17,0,0.04599318280816078,0.04599318280816078,27908
"Justin Steele","CHC",,22.6666,0,0.04537556692957878,0.04537556692957878,17312
"Ian Hamilton","NYY",,40,0,0.044997815042734146,0.044997815042734146,19261
"Zack Short","HOU",56,,0.04094451665878296,,0.04094451665878296,19562
"José Tena","WSN",169,,0.040102243423461914,,0.040102243423461914,23691
"Victor Mesa Jr.","MIA",38,,0.03999673202633858,,0.03999673202633858,25999
"Jovani Morán","BOS",,4,0,0.03923260420560837,0.03923260420560837,20422
"Rob Zastryzny","MIL",,20.6666,0,0.03792199119925499,0.03792199119925499,15094
"Joe Rock","TBR",,7.6666,0,0.03434927761554718,0.03434927761554718,30016
"Vimael Machín","BAL",12,,0.03348495438694954,,0.03348495438694954,17684
"Owen Miller","COL",17,,0.033083293586969376,,0.033083293586969376,24655
"Omar Cruz","SDP",,3.6666,0,0.03209938108921051,0.03209938108921051,23875
"Touki Toussaint","LAA",,2,0,0.031939972192049026,0.031939972192049026,16929
"Casey Lawrence","- - -",,17.6666,0,0.031348503194749355,0.031348503194749355,11121
"Esteury Ruiz","LAD",23,,0.031155338510870934,,0.031155338510870934,21780
"Kyle Nicolas","PIT",,35.3333,0,0.030870648100972176,0.030870648100972176,27775
"Blaine Crim","- - -",49,,0.029113292694091797,,0.029113292694091797,25714
"Michael Kopech","LAD",,11,0,0.028167836368083954,0.028167836368083954,17282
"Yennier Cano","BAL",,55.6666,0,0.027495255693793297,0.027495255693793297,25911
"Cody Bolton","CLE",,2,0,0.02747008018195629,0.02747008018195629,23265
"Colin Selby","BAL",,11,0,0.027434706687927246,0.027434706687927246,24986
"C.J. Kayfus","CLE",127,,0.026932962238788605,,0.026932962238788605,33704
"Ryan Bliss","SEA",39,,0.026804054155945778,,0.026804054155945778,29547
"Philip Abner","ARI",,1.6665999999999999,0,0.0264869537204504,0.0264869537204504,33821
"Gerson Garabito","TEX",,8,0,0.02641775831580162,0.02641775831580162,19835
"Jack Little","LAD",,3,0,0.025747938081622124,0.025747938081622124,26152
"Bradgley Rodriguez","SDP",,4.3333,0,0.025653451681137085,0.025653451681137085,29107
"Nick Raquet","STL",,2,0,0.02542131394147873,0.02542131394147873,20333
"Donovan Solano","SEA",176,,0.024894211441278458,,0.024894211441278458,8623
"Scott Effross","NYY",,10.6666,0,0.024541154503822327,0.024541154503822327,18384
"Luken Baker","STL",41,,0.02367316000163555,,0.02367316000163555,21497
"César Salazar","HOU",16,1,0.02346535585820675,0.00017845016554929316,0.023643806023756042,21587
"Reiver Sanmartin","CIN",,1.6665999999999999,0,0.021620281040668488,0.021620281040668488,19754
"Kenedy Corona","HOU",4,,0.02112969383597374,,0.02112969383597374,26244
"Grant Holman","ATH",,23,0,0.02055918052792549,0.02055918052792549,30002
"Christian Montes De Oca","ARI",,2.6666,0,0.02031942829489708,0.02031942829489708,30206
"Jhonathan Díaz","SEA",,1.3333,0,0.01976003684103489,0.01976003684103489,20298
"Nathan Wiles","ATL",,1,0,0.019631026312708855,0.019631026312708855,25474
"Connor Phillips","CIN",,20.6666,0,0.018520832061767578,0.018520832061767578,27649
"Akil Baddoo","DET",18,,0.018442317843437195,,0.018442317843437195,22168
"Chase Silseth","LAA",,9,0,0.017811095342040062,0.017811095342040062,30074
"Ali Sánchez","- - -",23,1,-0.00007914751768112183,0.017262199893593788,0.017183052375912666,18551
"José Quijada","LAA",,1.3333,0,0.01626398414373398,0.01626398414373398,19200
"Brooks Kriske","- - -",,18,0,0.016194701194763184,0.016194701194763184,21189
"Omar Narváez","CHW",10,,0.016122132539749146,,0.016122132539749146,13338
"Andrew McCutchen","PIT",535,,0.01596369408071041,,0.01596369408071041,9847
"Andre Granillo","STL",,21,0,0.015409909188747406,0.015409909188747406,29542
"Connor Seabold","- - -",,10.3332,0,0.015102997422218323,0.015102997422218323,19695
"Freddy Tarnok","MIA",,7.3333,0,0.014117802493274212,0.014117802493274212,23324
"Tyler Black","MIL",13,,0.013002824038267136,,0.013002824038267136,29949
"Nolan Hoffman","PHI",,1,0,0.012573237530887127,0.012573237530887127,23381
"Hayden Senger","NYM",78,,0.012489785440266132,,0.012489785440266132,21489
"Gustavo Campero","LAA",66,,0.012068030424416065,,0.012068030424416065,22707
"Tanner Scott","LAD",,54.3333,0,0.010679476894438267,0.010679476894438267,17586
"Ryan Borucki","- - -",,34.9999,0,0.01053743064403534,0.01053743064403534,16350
"Brian Van Belle","TBR",,8.3333,0,0.009623143821954727,0.009623143821954727,27695
"Fraser Ellard","CHW",,16,0,0.00902351550757885,0.00902351550757885,29530
"Colton Gordon","HOU",,81,0,0.008225501514971256,0.008225501514971256,31312
"Jake Palisch","CHW",,1,0,0.008001049049198627,0.008001049049198627,31598
"Jordan Wicks","CHC",,10.3333,0,0.007814936339855194,0.007814936339855194,30094
"Davis Daniel","ATL",,10,0,0.00781344622373581,0.00781344622373581,27582
"Doug Nikhazy","CLE",,4,0,0.006982540711760521,0.006982540711760521,30142
"Jacob Barnes","TOR",,8,0,0.006636150646954775,0.006636150646954775,12323
"Stuart Fairchild","ATL",55,,0.006592899560928345,,0.006592899560928345,20321
"Petey Halpin","CLE",5,,0.005594613030552864,,0.005594613030552864,27931
"Brett Wisely","SFG",54,,0.003963299561291933,,0.003963299561291933,27735
"Justin Garza","NYM",,6.6666,0,0.0038341947365552187,0.0038341947365552187,19784
"David Bañuelos","BAL",2,,0.003662149654701352,,0.003662149654701352,23250
"Chad Wallach","LAA",,,0.0030045765452086926,,0.0030045765452086926,17161
"Carson Fulmer","LAA",,29.3333,0,0.0017556387465447187,0.0017556387465447187,18311
"Luis F. Castillo","SEA",,7,0,0.0006018076674081385,0.0006018076674081385,20638
"Christian Roa","MIA",,3,0,0.0002952632785309106,0.0002952632785309106,27662
"Alex Lange","DET",,1,0,0.0002668474626261741,0.0002668474626261741,19883
"Joey Gerber","TBR",,4.3333,0,-0.0004715365939773619,-0.0004715365939773619,24591
"Jhostynxon Garcia","BOS",9,,-0.0015213051810860634,,-0.0015213051810860634,28142
"Carson Spiers","CIN",,13.3333,0,-0.0018975930288434029,-0.0018975930288434029,27685
"A.J. Puk","ARI",,8,0,-0.0022244604770094156,-0.0022244604770094156,19343
"Alan Rangel","PHI",,11,0,-0.003433666191995144,-0.003433666191995144,19524
"Dylan Smith","DET",,13,0,-0.003935644403100014,-0.003935644403100014,30145
"Joel Payamps","MIL",,23.6666,0,-0.004703081678599119,-0.004703081678599119,14332
"Luis Curvelo","TEX",,18,0,-0.0048513347283005714,-0.0048513347283005714,24710
"Pierson Ohl","MIN",,27,0,-0.005650011356920004,-0.005650011356920004,30179
"José Urquidy","DET",,2.3333,0,-0.0058068460784852505,-0.0058068460784852505,18413
"Elvis Peguero","- - -",,9.333300000000001,0,-0.006634317338466644,-0.006634317338466644,21652
"Tim Mayza","- - -",,14.666599999999999,0,-0.006914712488651276,-0.006914712488651276,15042
"Alejandro Osuna","TEX",158,,-0.007113991305232048,,-0.007113991305232048,27915
"Matt Bowman","BAL",,24.6666,0,-0.007533532567322254,-0.007533532567322254,13528
"Rob Brantly","MIA",7,,-0.0081865219399333,,-0.0081865219399333,10655
"Garrett Stubbs","PHI",,,-0.008862189948558807,,-0.008862189948558807,18067
"Tristan Gray","TBR",75,,-0.008863636292517185,,-0.008863636292517185,19877
"Billy Cook","PIT",6,,-0.009030903689563274,,-0.009030903689563274,29573
"Jake Woodford","ARI",,36.3333,0,-0.009212447330355644,-0.009212447330355644,18674
"Owen White","CHW",,7,0,-0.009365695528686047,-0.009365695528686047,22273
"Cody Poteet","BAL",,2.6666,0,-0.009384543634951115,-0.009384543634951115,18769
"Luis Guerrero","BOS",,17.3333,0,-0.009413270279765129,-0.009413270279765129,31184
"Michael Darrell-Hicks","- - -",,9.666599999999999,0,-0.009435821324586868,-0.009435821324586868,31501
"Sam Hilliard","COL",61,,-0.009706036187708378,,-0.009706036187708378,17954
"J.P. France","HOU",,1,0,-0.011178465560078621,-0.011178465560078621,21212
"Darell Hernaiz","ATH",177,,-0.01143542118370533,,-0.01143542118370533,26224
"Dylan Moore","- - -",237,,-0.011554881930351257,,-0.011554881930351257,18042
"Anthony Banda","LAD",,62.6666,0,-0.011992148123681545,-0.011992148123681545,14706
"Justyn-Henry Malloy","DET",121,,-0.012832146137952805,,-0.012832146137952805,29606
"Nick Anderson","COL",,14.6666,0,-0.013044137507677078,-0.013044137507677078,18337
"Casey Kelly","ARI",,1.6665999999999999,0,-0.013738220557570457,-0.013738220557570457,9174
"Bryan Ramos","CHW",12,,-0.014348852448165417,,-0.014348852448165417,25621
"Jordan Weems","HOU",,4.3333,0,-0.015019076876342297,-0.015019076876342297,13190
"Dom Hamel","NYM",,1,0,-0.015671858564019203,-0.015671858564019203,30153
"Michael Fulmer","- - -",,5.6666,0,-0.015735577791929245,-0.015735577791929245,13218
"Mason Fluharty","TOR",,48,0,-0.016088392585515976,-0.016088392585515976,31553
"Isaiah Campbell","BOS",,7.6666,0,-0.0169052891433239,-0.0169052891433239,25551
"Jared Young","NYM",46,0.3333,-0.0019989728461951017,-0.014945988543331623,-0.016944961389526725,20404
"Justin Dean","LAD",2,,-0.017092401161789894,,-0.017092401161789894,25005
"Harry Ford","SEA",4,,-0.01822502724826336,,-0.01822502724826336,29958
"Brice Matthews","HOU",40,,-0.019153431057929993,,-0.019153431057929993,33280
"José Ureña","- - -",,50.999900000000004,0,-0.01945047825574875,-0.01945047825574875,11589
"Jonathan Pintaro","NYM",,0.6666,0,-0.019711824133992195,-0.019711824133992195,33980
"Dom Nuñez","CLE",7,,-0.020259752869606018,,-0.020259752869606018,15055
"José Castillo","- - -",,27.666600000000003,0,-0.020456960424780846,-0.020456960424780846,17169
"Seth Johnson","PHI",,12.6666,0,-0.020508356392383575,-0.020508356392383575,26020
"Frankie Montas","NYM",,38.6666,0,-0.020549746230244637,-0.020549746230244637,14309
"Randy Wynne","CIN",,3,0,-0.021803343668580055,-0.021803343668580055,25804
"Terrin Vavra","BAL",1,,-0.021966231986880302,,-0.021966231986880302,24400
"Marc Church","TEX",,4.6666,0,-0.022106118500232697,-0.022106118500232697,26353
"Carl Edwards Jr.","- - -",,6,0,-0.022531025111675262,-0.022531025111675262,13607
"Dane Myers","MIA",333,,-0.023072220385074615,,-0.023072220385074615,22054
"Greg Jones","CHW",2,,-0.023704031482338905,,-0.023704031482338905,25448
"Michael Stefanic","TOR",25,1,-0.0417456217110157,0.017796019092202187,-0.023949602618813515,25353
"Tyler Owens","DET",,3,0,-0.024147305637598038,-0.024147305637598038,26030
"Keston Hiura","COL",21,,-0.024168889969587326,,-0.024168889969587326,20003
"Matt Vierling","DET",100,,-0.024193894118070602,,-0.024193894118070602,21558
"Bailey Horn","DET",,11.3333,0,-0.024546198546886444,-0.024546198546886444,27753
"Hayden Harris","ATL",,2.6666,0,-0.02647767774760723,-0.02647767774760723,31913
"Hayden Birdsong","SFG",,65.6666,0,-0.026969708502292633,-0.026969708502292633,31635
"David Robertson","PHI",,15,0,-0.027032949030399323,-0.027032949030399323,8241
"Justin Bruihl","TOR",,12.6666,0,-0.02739410474896431,-0.02739410474896431,23779
"Mason McCoy","SDP",19,,-0.028232457116246223,,-0.028232457116246223,22232
"Tucker Barnhart","TEX",15,2,-0.023859653621912003,-0.004528833553195,-0.028388487175107002,10200
"Carter Kieboom","LAA",3,,-0.02863025851547718,,-0.02863025851547718,19958
"Adam Ottavino","NYY",,1.6665999999999999,0,-0.02872963808476925,-0.02872963808476925,1247
"Liam Hendriks","BOS",,13.6666,0,-0.029184972867369652,-0.029184972867369652,3548
"Bryce Jarvis","ARI",,20.6666,0,-0.030431032180786133,-0.030431032180786133,27477
"Yilber Díaz","ARI",,3,0,-0.030692629516124725,-0.030692629516124725,29271
"Angel Perdomo","ATH",,3.3333,0,-0.03186224400997162,-0.03186224400997162,17759
"Kevin Alcántara","CHC",10,,-0.033215027302503586,,-0.033215027302503586,25971
"Gavin Hollowell","CHC",,9.3333,0,-0.03420853987336159,-0.03420853987336159,25427
"Vidal Bruján","- - -",95,2,0.04286002367734909,-0.07734335213899612,-0.034483328461647034,20536
"Logan Porter","SFG",9,1,0.030051929876208305,-0.06471198052167892,-0.03466005064547062,20626
"Brett de Geus","PHI",,2,0,-0.03468135744333267,-0.03468135744333267,23592
"Ty Adcock","NYM",,3,0,-0.03633638843894005,-0.03633638843894005,25651
"Lucas Gilbreath","COL",,1,0,-0.03835221752524376,-0.03835221752524376,21290
"Chuckie Robinson","LAD",2,,-0.038986686617136,,-0.038986686617136,19824
"Garrett Acton","TBR",,1,0,-0.03963985666632652,-0.03963985666632652,27583
"Coco Montes","TBR",10,,-0.039734940975904465,,-0.039734940975904465,21547
"Angel Martínez","CLE",468,,-0.04036404937505722,,-0.04036404937505722,26540
"Easton Lucas","TOR",,24.3333,0,-0.040834251791238785,-0.040834251791238785,26058
"Yosver Zulueta","CIN",,7.3333,0,-0.041346583515405655,-0.041346583515405655,27765
"Carlos Duran","ATH",,0.3333,0,-0.04255227744579315,-0.04255227744579315,24458
"Luke Little","CHC",,2.6666,0,-0.04426157847046852,-0.04426157847046852,28036
"Cooper Criswell","BOS",,17.6666,0,-0.04487767815589905,-0.04487767815589905,24975
"Luis Guillorme","HOU",21,,-0.045166853815317154,,-0.045166853815317154,16451
"Jeff Brigham","ARI",,3.3333,0,-0.04547058418393135,-0.04547058418393135,16631
"Dugan Darnell","COL",,11.6666,0,-0.046307213604450226,-0.046307213604450226,27812
"T.J. McFarland","ATH",,15.6666,0,-0.04643882066011429,-0.04643882066011429,3237
"Connor Gillispie","MIA",,26,0,-0.04673880711197853,-0.04673880711197853,26171
"Cole Wilcox","TBR",,1,0,-0.048301421105861664,-0.048301421105861664,27481
"Kyle Backhus","ARI",,25.3333,0,-0.04836643487215042,-0.04836643487215042,29615
"Michael Petersen","- - -",,15.666599999999999,0,-0.04923386685550213,-0.04923386685550213,20827
"Carlos Rodriguez","MIL",,7.6666,0,-0.051040325313806534,-0.051040325313806534,30161
"Rhylan Thomas","SEA",10,,-0.052799396216869354,,-0.052799396216869354,31793
"Chadwick Tromp","- - -",22,,-0.05419634282588959,,-0.05419634282588959,16953
"Brandon Young","BAL",,57.6666,0,-0.054349176585674286,-0.054349176585674286,27819
"Caleb Freeman","CHW",,3.3333,0,-0.054407890886068344,-0.054407890886068344,26255
"Daniel Robert","PHI",,13,0,-0.05484497547149658,-0.05484497547149658,21229
"Dustin Harris","TEX",43,,-0.05591706559062004,,-0.05591706559062004,25705
"Chris Stratton","- - -",,21,0,-0.05600852146744728,-0.05600852146744728,13761
"Craig Kimbrel","- - -",,11,0,-0.0566536636906676,-0.0566536636906676,6655
"Tim Hill","NYY",,65.3333,0,-0.05834084376692772,-0.05834084376692772,16814
"Julian Fernández","LAD",,2,0,-0.05880312621593475,-0.05880312621593475,18341
"Lou Trivino","- - -",,45.333200000000005,0,-0.05964970961213112,-0.05964970961213112,15043
"Dairon Blanco","KCR",8,,-0.059707365930080414,,-0.059707365930080414,19779
"Alan Roden","- - -",153,,-0.06060284376144409,,-0.06060284376144409,31564
"Luis Contreras","HOU",,12,0,-0.060681600123643875,-0.060681600123643875,25839
"Jorge Alfaro","WSN",31,,-0.06078813597559929,,-0.06078813597559929,12180
"Logan Evans","SEA",,78.3333,0,-0.06139461323618889,-0.06139461323618889,33699
"Randy Dobnak","MIN",,5.3333,0,-0.061912961304187775,-0.061912961304187775,23798
"Cody Freeman","TEX",103,,-0.061983440071344376,,-0.061983440071344376,25629
"Travis Jankowski","- - -",50,1,-0.03539345599710941,-0.027458546683192253,-0.06285200268030167,13768
"Billy McKinney","TEX",8,,-0.06337937712669373,,-0.06337937712669373,15654
"C.J. Stubbs","WSN",3,,-0.06407942622900009,,-0.06407942622900009,25814
"Andrew Walters","CLE",,1.3333,0,-0.06427396088838577,-0.06427396088838577,33834
"Roansy Contreras","- - -",,12.666599999999999,0,-0.06561465188860893,-0.06561465188860893,22810
"Jonathan Ornelas","- - -",10,,-0.06619609147310257,,-0.06619609147310257,24597
"Xzavion Curry","MIA",,3,0,-0.06740723550319672,-0.06740723550319672,25595
"Mason Black","SFG",,4,0,-0.06748097389936447,-0.06748097389936447,30171
"Drew Romo","COL",3,,-0.06755663454532623,,-0.06755663454532623,27763
"Spencer Turnbull","TOR",,6.3333,0,-0.06883865594863892,-0.06883865594863892,16207
"Nick Ahmed","TEX",10,,-0.06900963187217712,,-0.06900963187217712,12147
"Brandon Waddell","NYM",,31.3333,0,-0.06975295394659042,-0.06975295394659042,18347
"Lazaro Estrada","TOR",,7.3333,0,-0.0703982263803482,-0.0703982263803482,24914
"Aramis Garcia","ARI",4,,-0.07130178809165955,,-0.07130178809165955,16925
"Justin Foscue","TEX",9,,-0.07520417869091034,,-0.07520417869091034,27501
"Mitch Spence","ATH",,81.6666,0,-0.07553505897521973,-0.07553505897521973,27707
"Carson Ragsdale","BAL",,3,0,-0.07582132518291473,-0.07582132518291473,27508
"Reynaldo López","ATL",,5,0,-0.07611304521560669,-0.07611304521560669,16400
"Kyle Karros","COL",135,,-0.07730202376842499,,-0.07730202376842499,33252
"Robinson Piña","- - -",,2.3333,0,-0.07802478049416095,-0.07802478049416095,23091
"Logan VanWey","HOU",,10.6666,0,-0.07908857613801956,-0.07908857613801956,31884
"Jake McCarthy","ARI",207,,-0.08146364241838455,,-0.08146364241838455,21622
"Jake Eder","LAA",,18.3333,0,-0.08165629953145981,-0.08165629953145981,27590
"Payton Tolle","BOS",,14.3333,0,-0.0826885849237442,-0.0826885849237442,35466
"Ben Bowden","ATH",,10.6666,0,-0.08363839983940125,-0.08363839983940125,20198
"Calvin Faucher","MIA",,58.6666,0,-0.0841919481754303,-0.0841919481754303,20116
"Spencer Arrighetti","HOU",,35.3333,0,-0.08516713231801987,-0.08516713231801987,29921
"Michael Mercado","PHI",,3,0,-0.08541734516620636,-0.08541734516620636,23223
"Dillon Tate","TOR",,6.3333,0,-0.08630890399217606,-0.08630890399217606,17796
"Sauryn Lao","- - -",,6.9999,0,-0.08785264939069748,-0.08785264939069748,21922
"Joel Peguero","SFG",,18.3333,0,-0.08931413292884827,-0.08931413292884827,21951
"David Villar","SFG",25,,-0.08944139629602432,,-0.08944139629602432,24782
"Sam Moll","CIN",,18.3333,0,-0.08972958475351334,-0.08972958475351334,14874
"Cal Stevenson","PHI",8,,-0.08993005752563477,,-0.08993005752563477,22411
"Sam Long","KCR",,38.3333,0,-0.09036926925182343,-0.09036926925182343,25379
"Michael Siani","STL",19,,-0.09153464436531067,,-0.09153464436531067,22557
"Eddie Rosario","- - -",8,,-0.09164418652653694,,-0.09164418652653694,12155
"Sebastián  Rivero","LAA",27,,-0.09169329702854156,,-0.09169329702854156,21735
"Chase Lee","DET",,37.3333,0,-0.09174060821533203,-0.09174060821533203,29574
"Blas Castaño","SEA",,3,0,-0.0917448103427887,-0.0917448103427887,26117
"Jesse Winker","NYM",81,,-0.09279323369264603,,-0.09279323369264603,13590
"Tayler Saucedo","SEA",,13.3333,0,-0.09508980810642242,-0.09508980810642242,17888
"Jacob Hurtubise","CIN",15,,-0.09510635584592819,,-0.09510635584592819,27599
"Kirby Yates","LAD",,41.3333,0,-0.0959840789437294,-0.0959840789437294,9073
"Dane Dunning","- - -",,20.666600000000003,0,-0.0971057265996933,-0.0971057265996933,19409
"Coby Mayo","BAL",277,,-0.09715811908245087,,-0.09715811908245087,28312
"Kenta Maeda","DET",,8,0,-0.09721619635820389,-0.09721619635820389,18498
"John Rooney","HOU",,1.3333,0,-0.09757549315690994,-0.09757549315690994,24590
"Julian Merryweather","CHC",,18.6666,0,-0.09775987267494202,-0.09775987267494202,16703
"Bryan Hudson","- - -",,14.9999,0,-0.09804866136983037,-0.09804866136983037,19924
"Willie MacIver","ATH",103,2,-0.11098954826593399,0.012859516777098179,-0.09813003148883581,24641
"Zach Maxwell","CIN",,10,0,-0.09813158959150314,-0.09813158959150314,31610
"Samuel Basallo","BAL",103,,-0.09931904822587967,,-0.09931904822587967,28824
"Carson Williams","TBR",87,,-0.09934979677200317,,-0.09934979677200317,30038
"Robert Gasser","MIL",,3,0,-0.09977739304304123,-0.09977739304304123,29812
"JJ Bleday","ATH",335,,-0.101677805185318,,-0.101677805185318,26368
"José Azocar","- - -",21,,-0.10203010216355324,,-0.10203010216355324,18821
"Sandy León","ATL",12,,-0.10281633585691452,,-0.10281633585691452,5273
"Jayvien Sandridge","NYY",,0.6666,0,-0.10402704775333405,-0.10402704775333405,25158
"Luarbert Arias","MIA",,10.3333,0,-0.10462602972984314,-0.10462602972984314,23811
"Jordyn Adams","BAL",5,,-0.1052272841334343,,-0.1052272841334343,23788
"Mike Clevinger","CHW",,5.6666,0,-0.10556796938180923,-0.10556796938180923,12808
"Robert Stock","BOS",,2.6666,0,-0.10590919107198715,-0.10590919107198715,6576
"Hunter Stratton","- - -",,16.9999,0,-0.10699861869215965,-0.10699861869215965,23455
"Rowdy Tellez","- - -",301,2,-0.038098931312561035,-0.0689418688416481,-0.10704080015420914,15679
"Connor Kaiser","ARI",16,,-0.10767265409231186,,-0.10767265409231186,21535
"Erasmo Ramírez","MIN",,11,0,-0.11121639609336853,-0.11121639609336853,10314
"Samad Taylor","SEA",9,,-0.11174549907445908,,-0.11174549907445908,22274
"Bobby Miller","LAD",,5,0,-0.1118495985865593,-0.1118495985865593,27483
"Tristan Beck","SFG",,51,0,-0.11285346001386642,-0.11285346001386642,21584
"Yaramil Hiraldo","BAL",,17.3333,0,-0.11301732808351517,-0.11301732808351517,25215
"Will Brennan","CLE",13,,-0.11303878575563431,,-0.11303878575563431,25660
"Drew Sommers","DET",,3,0,-0.11571679264307022,-0.11571679264307022,32026
"Allan Winans","NYY",,9.3333,0,-0.11674575507640839,-0.11674575507640839,21238
"Henry Davis","PIT",271,,-0.11720375716686249,,-0.11720375716686249,29617
"Mason Thompson","WSN",,10.6666,0,-0.1174628958106041,-0.1174628958106041,21850
"Matt Sauer","LAD",,29.6666,0,-0.1200004518032074,-0.1200004518032074,22284
"Triston McKenzie","CLE",,5.6666,0,-0.12051249295473099,-0.12051249295473099,18000
"Sean Hjelle","SFG",,15,0,-0.12074118852615356,-0.12074118852615356,21481
"Daniel Johnson","- - -",57,,-0.12200552970170975,,-0.12200552970170975,19643
"Christopher Morel","TBR",295,,-0.12203123420476913,,-0.12203123420476913,21897
"Mitch Garver","SEA",279,,-0.12285995483398438,,-0.12285995483398438,15161
"Penn Murfee","CHW",,12.6666,0,-0.12446323782205582,-0.12446323782205582,25174
"Scott McGough","- - -",,13,0,-0.12494776770472527,-0.12494776770472527,12056
"Andry Lara","WSN",,14.3333,0,-0.12506335973739624,-0.12506335973739624,27967
"Tyler Callihan","CIN",6,,-0.12619051337242126,,-0.12619051337242126,27497
"Casey Legumina","SEA",,47.6666,0,-0.12820105254650116,-0.12820105254650116,25921
"Héctor Neris","- - -",,26.666600000000003,0,-0.12981239706277847,-0.12981239706277847,11804
"Wade Miley","CIN",,12,0,-0.13003206253051758,-0.13003206253051758,8779
"Nick Sogard","BOS",97,,-0.13086575269699097,,-0.13086575269699097,25483
"Maximo Acosta","MIA",61,,-0.13110008835792542,,-0.13110008835792542,27963
"Miguel Castro","CHW",,6,0,-0.1311790943145752,-0.1311790943145752,15684
"Drey Jameson","ARI",,3,0,-0.13266007602214813,-0.13266007602214813,26260
"Michael Tonkin","MIN",,23,0,-0.13318584859371185,-0.13318584859371185,10315
"Christian Vázquez","MIN",199,,-0.1334693878889084,,-0.1334693878889084,9774
"Shawn Dubin","- - -",,33.6666,0,-0.13409671932458878,-0.13409671932458878,24977
"Sergio Alcántara","SFG",4,,-0.1341560184955597,,-0.1341560184955597,16417
"Anthony Misiewicz","MIN",,4.3333,0,-0.1365719735622406,-0.1365719735622406,18152
"Ian Anderson","LAA",,9.3333,0,-0.13742707669734955,-0.13742707669734955,19951
"Keider Montero","DET",,86.3333,0,-0.1377248615026474,-0.1377248615026474,22630
"Chase Shugart","PIT",,43.6666,0,-0.13817451894283295,-0.13817451894283295,21544
"Denzer Guzman","LAA",27,,-0.13936898112297058,,-0.13936898112297058,28816
"Tsung-Che Cheng","PIT",7,,-0.14041611552238464,,-0.14041611552238464,28344
"Blake Treinen","LAD",,24.3333,0,-0.1407071202993393,-0.1407071202993393,12572
"Kyle Hart","SDP",,41.3333,0,-0.1423298716545105,-0.1423298716545105,19646
"Nick Maton","CHW",63,,-0.142714262008667,,-0.142714262008667,21635
"Tony Gonsolin","LAD",,36,0,-0.14303472638130188,-0.14303472638130188,19388
"Donovan Walton","PHI",9,,-0.1439386010169983,,-0.1439386010169983,19314
"César Prieto","STL",6,,-0.1449749618768692,,-0.1449749618768692,30163
"Ryan Johnson","LAA",,14.6666,0,-0.1461021900177002,-0.1461021900177002,35325
"Matt Waldron","SDP",,4.6666,0,-0.1468489021062851,-0.1468489021062851,25550
"Manuel Margot","DET",20,,-0.1471310257911682,,-0.1471310257911682,14712
"Daz Cameron","MIL",42,,-0.14758920669555664,,-0.14758920669555664,18353
"Seth Martinez","MIA",,6.6666,0,-0.14832140505313873,-0.14832140505313873,21045
"Taylor Trammell","HOU",127,,-0.15028999745845795,,-0.15028999745845795,19960
"Craig Yoho","MIL",,8.6666,0,-0.1505211591720581,-0.1505211591720581,33248
"Jack Winkler","MIA",16,,-0.1508016586303711,,-0.1508016586303711,29830
"Erick Fedde","- - -",,138.3332,0,-0.151877555064857,-0.151877555064857,17425
"Victor Robles","SEA",107,,-0.15205205976963043,,-0.15205205976963043,18363
"Joe Ross","PHI",,51,0,-0.15289875864982605,-0.15289875864982605,12972
"Ben Joyce","LAA",,4.3333,0,-0.15361453592777252,-0.15361453592777252,31461
"Nick Hernandez","HOU",,9.6666,0,-0.15377961099147797,-0.15377961099147797,19281
"Jon Singleton","HOU",9,,-0.15389584004878998,,-0.15389584004878998,10441
"Geoff Hartlieb","- - -",,3.3333,0,-0.15655089914798737,-0.15655089914798737,19558
"Carlos Carrasco","- - -",,45.6666,0,-0.1571488231420517,-0.1571488231420517,6632
"Wilmer Flores","SFG",457,,-0.1577846258878708,,-0.1577846258878708,5827
"Lance McCullers Jr.","HOU",,52.3333,0,-0.15917472541332245,-0.15917472541332245,14120
"Forrest Whitley","- - -",,11.9999,0,-0.1599876843392849,-0.1599876843392849,19586
"Kyle Nelson","ARI",,2,0,-0.16053546965122223,-0.16053546965122223,20515
"Michael A. Taylor","CHW",314,,-0.16069597005844116,,-0.16069597005844116,11489
"Connor Brogdon","LAA",,43.6666,0,-0.1620040088891983,-0.1620040088891983,21205
"Chas McCormick","HOU",116,3,-0.12555433809757233,-0.03684595227241516,-0.1624002903699875,19599
"Tommy Henry","ARI",,6.6666,0,-0.16535738110542297,-0.16535738110542297,26285
"Antonio Senzatela","COL",,126.3333,0,-0.16755717992782593,-0.16755717992782593,15488
"Tyler Zuber","- - -",,12,0,-0.16939053311944008,-0.16939053311944008,20379
"Logan Gillaspie","SDP",,7,0,-0.17097724974155426,-0.17097724974155426,22461
"Troy Taylor","SEA",,6.6666,0,-0.17255784571170807,-0.17255784571170807,31883
"Max Lazar","PHI",,38,0,-0.17276448011398315,-0.17276448011398315,23426
"Sam Aldegheri","LAA",,4.3333,0,-0.1734514832496643,-0.1734514832496643,26443
"Kevin Kelly","TBR",,36.6666,0,-0.17374493181705475,-0.17374493181705475,25679
"Adrian Del Castillo","ARI",120,,-0.17375297844409943,,-0.17375297844409943,29554
"Cam Sanders","PIT",,6.6666,0,-0.17455634474754333,-0.17455634474754333,23479
"Sam Huff","SFG",58,,-0.17564770579338074,,-0.17564770579338074,22209
"Ryan Vilade","- - -",15,,-0.1769206984899938,,-0.1769206984899938,22165
"Luis Mey","CIN",,21,0,-0.17716455459594727,-0.17716455459594727,25620
"Will Banfield","CIN",10,,-0.17923294007778168,,-0.17923294007778168,23790
"Nate Pearson","CHC",,14.6666,0,-0.17978937923908234,-0.17978937923908234,20160
"Josh Bell","WSN",518,,-0.18197943270206451,,-0.18197943270206451,13145
"Bryce Eldridge","SFG",18,,-0.1823679506778717,,-0.1823679506778717,33390
"Bob Seymour","TBR",66,,-0.1834762692451477,,-0.1834762692451477,30028
"Anthony Seigler","MIL",73,1,-0.19066789746284485,0.005801864434033632,-0.18486603302881122,23802
"Codi Heuer","- - -",,4.6666,0,-0.1873849779367447,-0.1873849779367447,23293
"Yuki Matsui","SDP",,60,0,-0.1875750571489334,-0.1875750571489334,33826
"Warming Bernabel","COL",136,,-0.1878778040409088,,-0.1878778040409088,26536
"José Ruiz","- - -",,16.3333,0,-0.18817626871168613,-0.18817626871168613,14552
"Tirso Ornelas","SDP",16,,-0.18955112993717194,,-0.18955112993717194,22566
"J.D. Davis","LAA",9,,-0.19090881943702698,,-0.19090881943702698,16219
"Kristian Campbell","BOS",263,,-0.19091758131980896,,-0.19091758131980896,33644
"Colin Poche","- - -",,9.333200000000001,0,-0.1920169908553362,-0.1920169908553362,19403
"Anthony Veneziano","- - -",,25,0,-0.1928427740931511,-0.1928427740931511,27453
"Eduarniel Núñez","- - -",,12.666599999999999,0,-0.19398999214172363,-0.19398999214172363,23162
"Otto Kemp","PHI",207,,-0.19425736367702484,,-0.19425736367702484,31792
"Anthony Maldonado","ATH",,6,0,-0.196103036403656,-0.196103036403656,26034
"Rolddy Muñoz","ATL",,3.6666,0,-0.19855067133903503,-0.19855067133903503,27407
"Dan Altavilla","CHW",,29,0,-0.20006072521209717,-0.20006072521209717,16507
"Richard Lovelady","- - -",,9.666599999999999,0,-0.20270022004842758,-0.20270022004842758,19337
"Rich Hill","KCR",,9,0,-0.20339713990688324,-0.20339713990688324,4806
"Justin Turner","CHC",184,,-0.2044467180967331,,-0.2044467180967331,5235
"Paul Gervase","- - -",,8.333300000000001,0,-0.20858804881572723,-0.20858804881572723,31571
"Caden Dana","LAA",,25.3333,0,-0.21088145673274994,-0.21088145673274994,31508
"Corbin Martin","BAL",,18,0,-0.21144692599773407,-0.21144692599773407,19884
"Hunter Bigge","TBR",,15,0,-0.21331943571567535,-0.21331943571567535,26259
"J.P. Feyereisen","- - -",,4,0,-0.2142145112156868,-0.2142145112156868,16610
"Gage Workman","- - -",17,,-0.21466241776943207,,-0.21466241776943207,27573
"Cionel Pérez","BAL",,21.6666,0,-0.21650396287441254,-0.21650396287441254,19614
"Wander Suero","ATL",,6.3333,0,-0.21661648154258728,-0.21661648154258728,15855
"Roki Sasaki","LAD",,34.3333,0,-0.21835140883922577,-0.21835140883922577,35323
"Weston Wilson","PHI",114,3,-0.24925920367240906,0.030032290145754814,-0.21922691352665424,19358
"Andrew Hoffmann","- - -",,10.9999,0,-0.2209889143705368,-0.2209889143705368,29633
"Andrew Heaney","PIT",,120.3333,0,-0.22318537533283234,-0.22318537533283234,15423
"Tyler O'Neill","BAL",188,,-0.2253730744123459,,-0.2253730744123459,15711
"Gary Sánchez","BAL",101,1,-0.13773201406002045,-0.08817918598651886,-0.2259112000465393,11442
"Dalton Rushing","LAD",141,,-0.22677233815193176,,-0.22677233815193176,31382
"Hunter Feduccia","- - -",87,,-0.22814569808542728,,-0.22814569808542728,23372
"Gregory Santos","SEA",,7,0,-0.2282804399728775,-0.2282804399728775,21894
"Cavan Biggio","KCR",83,,-0.22961968183517456,,-0.22961968183517456,19252
"Jesse Hahn","SEA",,5,0,-0.22966820001602173,-0.22966820001602173,13287
"Cole Young","SEA",248,,-0.23063571751117706,,-0.23063571751117706,31680
"Luis Matos","SFG",184,,-0.2307572066783905,,-0.2307572066783905,26467
"José Barrero","STL",31,,-0.23120549321174622,,-0.23120549321174622,23378
"Connor Thomas","MIL",,5.3333,0,-0.2337748408317566,-0.2337748408317566,25873
"Blake Sabol","BOS",18,,-0.23435690999031067,,-0.23435690999031067,25805
"Kendall Graveman","ARI",,17.6666,0,-0.2358802855014801,-0.2358802855014801,15514
"Garrett Hampson","- - -",91,1,-0.24172405898571014,0.0053009637631475925,-0.23642309522256255,19262
"Ethan Roberts","CHC",,9,0,-0.23662732541561127,-0.23662732541561127,24930
"Jackson Kowar","SEA",,17,0,-0.2379464954137802,-0.2379464954137802,21549
"Erik Swanson","TOR",,5.3333,0,-0.23854826390743256,-0.23854826390743256,16587
"Ji Hwan Bae","PIT",25,,-0.24046006798744202,,-0.24046006798744202,23818
"Emerson Hancock","SEA",,86,0,-0.24073325097560883,-0.24073325097560883,27470
"Zach Eflin","BAL",,71.3333,0,-0.24195875227451324,-0.24195875227451324,13774
"McCade Brown","COL",,17.6666,0,-0.24282699823379517,-0.24282699823379517,30004
"John Brebbia","- - -",,23.333199999999998,0,-0.24378293752670288,-0.24378293752670288,12777
"Luis Vázquez","BAL",53,4.3333,-0.2528679668903351,0.008327485993504524,-0.24454048089683056,23442
"Cam Booser","CHW",,29,0,-0.2481750100851059,-0.2481750100851059,16061
"José Leclerc","ATH",,9,0,-0.24824437499046326,-0.24824437499046326,14524
"Jorbit Vivas","NYY",66,,-0.2483910769224167,,-0.2483910769224167,23917
"Daniel Lynch IV","KCR",,65.3333,0,-0.24987854063510895,-0.24987854063510895,21537
"Cooper Hummel","- - -",105,1,-0.175651665776968,-0.07471072673797607,-0.2503623925149441,19458
"Thairo Estrada","COL",165,,-0.251181036233902,,-0.251181036233902,16426
"Michel Otañez","ATH",,5.3333,0,-0.25471267104148865,-0.25471267104148865,22533
"Seth Halvorsen","COL",,39.6666,0,-0.25556373596191406,-0.25556373596191406,33294
"Roddery Muñoz","STL",,11,0,-0.2557457387447357,-0.2557457387447357,25311
"Luke Jackson","- - -",,47.333200000000005,0,-0.25582444842439145,-0.25582444842439145,11752
"Sean Reynolds","SDP",,27,0,-0.2567085325717926,-0.2567085325717926,22253
"CJ Alexander","ATH",17,,-0.2575817108154297,,-0.2575817108154297,20557
"Nolan Gorman","STL",390,,-0.2590126395225525,,-0.2590126395225525,22263
"Chris Murphy","BOS",,29.6666,0,-0.2594060003757477,-0.2594060003757477,26214
"Mick Abel","- - -",,33,0,-0.2598023470491171,-0.2598023470491171,27756
"Jose Herrera","ARI",204,2,-0.28514164686203003,0.022032028064131737,-0.2631096187978983,17040
"Matthew Lugo","LAA",70,,-0.2633078992366791,,-0.2633078992366791,25980
"Austin Barnes","LAD",44,,-0.2646099925041199,,-0.2646099925041199,12158
"Cole Henry","WSN",,52.6666,0,-0.26753923296928406,-0.26753923296928406,27570
"Chris Flexen","CHC",,43.6666,0,-0.2679609954357147,-0.2679609954357147,13896
"Nicky Lopez","- - -",28,0.3333,-0.2550063654780388,-0.01385278906673193,-0.2688591545447707,19339
"Jeff Hoffman","TOR",,66,0,-0.26887276768684387,-0.26887276768684387,17432
"Leo Jiménez","TOR",32,,-0.26991087198257446,,-0.26991087198257446,23782
"Sawyer Gipson-Long","DET",,31.3333,0,-0.2705468535423279,-0.2705468535423279,26048
"Jonatan Clase","TOR",112,,-0.27107077836990356,,-0.27107077836990356,26599
"Eli Morgan","CHC",,7.3333,0,-0.27230483293533325,-0.27230483293533325,20203
"Ryan Fernandez","STL",,27,0,-0.274807870388031,-0.274807870388031,24862
"Jonathan India","KCR",560,,-0.2750077247619629,,-0.2750077247619629,21523
"Garrett McDaniels","LAA",,10.6666,0,-0.2759406864643097,-0.2759406864643097,31751
"Victor Mederos","LAA",,17,0,-0.2769332528114319,-0.2769332528114319,31533
"Jonah Heim","TEX",420,,-0.27856045961380005,,-0.27856045961380005,16930
"Matt Gorski","PIT",42,,-0.27946293354034424,,-0.27946293354034424,25855
"Zack Gelof","ATH",101,,-0.2798849642276764,,-0.2798849642276764,29766
"Trent Thornton","SEA",,42.3333,0,-0.2803240716457367,-0.2803240716457367,17948
"Will Wagner","- - -",145,,-0.2820466309785843,,-0.2820466309785843,29634
"Drew Avans","- - -",18,,-0.2823828235268593,,-0.2823828235268593,25183
"Brady House","WSN",260,,-0.2825201153755188,,-0.2825201153755188,29993
"Chase Petty","CIN",,6,0,-0.28270915150642395,-0.28270915150642395,30170
"Blade Tidwell","NYM",,15,0,-0.2880774438381195,-0.2880774438381195,31701
"Landon Knack","LAD",,38.6666,0,-0.2886056900024414,-0.2886056900024414,27487
"Thomas Harrington","PIT",,8.6666,0,-0.28872597217559814,-0.28872597217559814,31989
"Carson McCusker","MIN",19,,-0.28905317187309265,,-0.28905317187309265,33098
"Travis Adams","MIN",,31,0,-0.2908762991428375,-0.2908762991428375,30180
"Jace Jung","DET",55,,-0.29659971594810486,,-0.29659971594810486,31437
"Tommy Kahnle","DET",,60.6666,0,-0.297322154045105,-0.297322154045105,11384
"Orlando Ribalta","WSN",,23.3333,0,-0.3018869459629059,-0.3018869459629059,26247
"Robert Hassell III","WSN",193,,-0.3049648702144623,,-0.3049648702144623,27482
"Jesse Chavez","ATL",,8,0,-0.30682089924812317,-0.30682089924812317,5448
"Richard Fitts","BOS",,45,0,-0.31030505895614624,-0.31030505895614624,30160
"Kaleb Ort","HOU",,46,0,-0.3103686273097992,-0.3103686273097992,20061
"Oliver Dunn","MIL",41,,-0.3104296028614044,,-0.3104296028614044,26295
"Kevin Pillar","TEX",43,,-0.3106265068054199,,-0.3106265068054199,12434
"Thomas Hatch","- - -",,34,0,-0.31462879106402397,-0.31462879106402397,19264
"Zac Veen","COL",37,,-0.31629982590675354,,-0.31629982590675354,27770
"Tristin English","ARI",23,,-0.3167153596878052,,-0.3167153596878052,26148
"Aaron Schunk","COL",33,,-0.3199654817581177,,-0.3199654817581177,25524
"Brendan Rodgers","HOU",128,,-0.3226065933704376,,-0.3226065933704376,17907
"Travis d'Arnaud","LAA",231,,-0.3233391344547272,,-0.3233391344547272,7739
"Jacob Melton","HOU",74,,-0.32478946447372437,,-0.32478946447372437,31661
"Shay Whitcomb","HOU",32,,-0.331574410200119,,-0.331574410200119,27789
"Joey Estes","ATH",,11,0,-0.3322450816631317,-0.3322450816631317,26257
"Santiago Espinal","CIN",328,,-0.3340652287006378,,-0.3340652287006378,19997
"Juan Burgos","- - -",,13.3332,0,-0.3344993069767952,-0.3344993069767952,27271
"Zach Brzykcy","WSN",,23,0,-0.33453428745269775,-0.33453428745269775,27783
"Greg Allen","BAL",14,,-0.33491256833076477,,-0.33491256833076477,16623
"Tyler Wade","SDP",127,1,-0.32450583577156067,-0.011457888409495354,-0.335963724181056,15730
"Tanner Houck","BOS",,43.6666,0,-0.3369072675704956,-0.3369072675704956,19879
"Oscar Gonzalez","SDP",61,,-0.3398127257823944,,-0.3398127257823944,20970
"Jorge Barrosa","ARI",63,,-0.3414468765258789,,-0.3414468765258789,23968
"Tyler Holton","DET",,74.6666,0,-0.34236910939216614,-0.34236910939216614,26231
"Alan Trejo","COL",43,1,-0.35481661558151245,0.0068299672566354275,-0.347986648324877,20056
"Alexander Canario","PIT",223,,-0.3481779396533966,,-0.3481779396533966,22842
"Ryan Pressly","CHC",,41.3333,0,-0.3483818769454956,-0.3483818769454956,7005
"Nick Solak","PIT",11,,-0.34952834248542786,,-0.34952834248542786,19294
"Jorge Soler","LAA",315,,-0.3508237302303314,,-0.3508237302303314,14221
"Jake Irvin","WSN",,174,0,-0.35112518072128296,-0.35112518072128296,21504
"Luis Campusano","SDP",27,,-0.35482290387153625,,-0.35482290387153625,22217
"Jackson Rutledge","WSN",,71,0,-0.35971519351005554,-0.35971519351005554,26215
"Andrés Chaparro","WSN",66,,-0.3603597581386566,,-0.3603597581386566,21797
"Tim Herrin","CLE",,41,0,-0.36074313521385193,-0.36074313521385193,25139
"Daysbel Hernández","ATL",,37,0,-0.3623264729976654,-0.3623264729976654,20271
"Austin Gomber","COL",,57.6666,0,-0.36340799927711487,-0.36340799927711487,16561
"Max Muncy","ATH",213,,-0.3653339743614197,,-0.3653339743614197,29779
"Gio Urshela","ATH",197,,-0.3667200803756714,,-0.3667200803756714,10681
"Chad Stevens","LAA",14,,-0.3672190010547638,,-0.3672190010547638,29614
"Chayce McDermott","BAL",,8.6666,0,-0.36840155720710754,-0.36840155720710754,29866
"Walker Buehler","- - -",,120.9999,0,-0.3686390221118927,-0.3686390221118927,19374
"Seth Brown","ATH",76,,-0.3689882159233093,,-0.3689882159233093,18171
"Niko Kavadas","LAA",23,1.6665999999999999,-0.3856203854084015,0.01622890494763851,-0.369391480460763,29782
"Chris Taylor","- - -",116,,-0.37318050116300583,,-0.37318050116300583,13757
"Emmanuel Rivera","BAL",127,1,-0.28506332635879517,-0.08817918598651886,-0.373242512345314,19890
"Jordan Romano","PHI",,42.6666,0,-0.37517881393432617,-0.37517881393432617,16122
"Tristan Peters","TBR",12,,-0.3752892017364502,,-0.3752892017364502,30063
"Joe La Sorsa","CIN",,6.6666,0,-0.37539535760879517,-0.37539535760879517,25481
"Jimmy Crooks","STL",33,,-0.37642017006874084,,-0.37642017006874084,31354
"Luke Williams","ATL",34,6,-0.3912501037120819,0.00847549643367529,-0.3827746072784066,19931
"James Outman","- - -",131,,-0.3851470947265625,,-0.3851470947265625,24770
"Ryan Loutos","- - -",,12,0,-0.3872571587562561,-0.3872571587562561,29521
"Grant McCray","SFG",22,,-0.39393314719200134,,-0.39393314719200134,25690
"Jose Siri","NYM",36,,-0.39764508605003357,,-0.39764508605003357,17452
"Konnor Pilkington","WSN",,26.6666,0,-0.3982069492340088,-0.3982069492340088,21453
"John King","STL",,43.6666,0,-0.4007619023323059,-0.4007619023323059,22051
"Gunnar Hoglund","ATH",,32.3333,0,-0.4016556441783905,-0.4016556441783905,31318
"Ryan Mountcastle","BAL",345,,-0.40315377712249756,,-0.40315377712249756,18373
"Jose Miranda","MIN",36,,-0.40447625517845154,,-0.40447625517845154,20538
"Ryan Noda","- - -",59,,-0.40670932084321976,,-0.40670932084321976,23312
"Ben Rortvedt","- - -",114,,-0.4071911722421646,,-0.4071911722421646,20287
"Nick Castellanos","PHI",571,,-0.40745335817337036,,-0.40745335817337036,11737
"Dylan Carlson","BAL",238,,-0.40982481837272644,,-0.40982481837272644,20126
"Zach Pop","- - -",,6.666600000000001,0,-0.4115094244480133,-0.4115094244480133,20185
"Ryan Kreidler","DET",44,,-0.4153338372707367,,-0.4153338372707367,25867
"Bryan De La Cruz","ATL",50,,-0.41726943850517273,,-0.41726943850517273,19600
"Masataka Yoshida","BOS",180,,-0.41917791962623596,,-0.41917791962623596,31837
"Carson Whisenhunt","SFG",,23.3333,0,-0.4193847179412842,-0.4193847179412842,31676
"Everson Pereira","TBR",71,,-0.4197731614112854,,-0.4197731614112854,23695
"Yuli Gurriel","SDP",40,,-0.421450138092041,,-0.421450138092041,19198
"Jorge Alcala","- - -",,52.6666,0,-0.42213887721300125,-0.42213887721300125,19459
"Pablo Reyes","NYY",34,1,-0.3658374547958374,-0.05969754979014397,-0.42553500458598137,16357
"Scott Kingery","LAA",29,2,-0.32455429434776306,-0.10308899730443954,-0.4276432916522026,17975
"Eric Wagaman","MIA",501,,-0.4282115697860718,,-0.4282115697860718,23395
"Jon Gray","TEX",,14,0,-0.43309974670410156,-0.43309974670410156,14916
"Alek Jacob","SDP",,33.3333,0,-0.43339961767196655,-0.43339961767196655,29628
"Matt Mervis","MIA",134,,-0.44068577885627747,,-0.44068577885627747,27845
"Michael Conforto","LAD",466,,-0.44350138306617737,,-0.44350138306617737,16376
"Zach Agnos","COL",,29.6666,0,-0.44351062178611755,-0.44351062178611755,31552
"Lucas Sims","WSN",,12.3333,0,-0.45044687390327454,-0.45044687390327454,13470
"Scott Blewett","- - -",,44.333200000000005,0,-0.4555727168917656,-0.4555727168917656,16427
"Buddy Kennedy","- - -",32,,-0.45691486448049545,,-0.45691486448049545,22505
"Keegan Akin","BAL",,61.3333,0,-0.45699939131736755,-0.45699939131736755,19362
"Nick Martini","COL",111,,-0.4574663043022156,,-0.4574663043022156,12005
"Colin Holderman","PIT",,25.6666,0,-0.4576728940010071,-0.4576728940010071,22361
"Beau Brieske","DET",,22,0,-0.4614800810813904,-0.4614800810813904,26079
"Joe Mantiply","ARI",,9.6666,0,-0.4630517065525055,-0.4630517065525055,14857
"Riley Adams","WSN",271,,-0.46337810158729553,,-0.46337810158729553,19864
"Jon Berti","CHC",107,3.6666,-0.42533227801322937,-0.03809991478919983,-0.4634321928024292,12037
"Austin Nola","COL",41,1,-0.36935126781463623,-0.10273779928684235,-0.4720890671014786,15941
"Nolan Jones","CLE",403,,-0.47410809993743896,,-0.47410809993743896,20529
"Didier Fuentes","ATL",,13,0,-0.4773907959461212,-0.4773907959461212,30661
"Nathaniel Lowe","- - -",587,,-0.4819909334182739,,-0.4819909334182739,19566
"Alex Carrillo","NYM",,4.6666,0,-0.48422691226005554,-0.48422691226005554,26463
"Eduardo Salazar","WSN",,29,0,-0.48536306619644165,-0.48536306619644165,23135
"Cam Devanney","PIT",35,,-0.4867422580718994,,-0.4867422580718994,25688
"Jarred Kelenic","ATL",65,,-0.4890534281730652,,-0.4890534281730652,22558
"Kris Bryant","COL",41,,-0.4947296679019928,,-0.4947296679019928,15429
"Bryse Wilson","CHW",,47.3333,0,-0.4948669373989105,-0.4948669373989105,19990
"Josh Simpson","MIA",,27.3333,0,-0.4960330128669739,-0.4960330128669739,25957
"Will Wilson","CLE",91,2,-0.4388670325279236,-0.0576116181910038,-0.4964786507189274,25434
"Shaun Anderson","LAA",,11.3333,0,-0.4985085427761078,-0.4985085427761078,19453
"Jose Iglesias","SDP",326,,-0.5009931325912476,,-0.5009931325912476,10231
"Randal Grichuk","- - -",282,,-0.5048972852528095,,-0.5048972852528095,10243
"Rece Hinds","CIN",44,,-0.5060756802558899,,-0.5060756802558899,27493
"David Fry","CLE",154,,-0.5082446336746216,,-0.5082446336746216,24934
"Yanquiel Fernández","COL",132,,-0.5128151178359985,,-0.5128151178359985,28552
"Elvin Rodríguez","- - -",,19.6666,0,-0.5138101801276207,-0.5138101801276207,20962
"Brooks Baldwin","CHW",307,,-0.5182920098304749,,-0.5182920098304749,31394
"José Fermin","LAA",,32.3333,0,-0.5191359519958496,-0.5191359519958496,33908
"Angel Chivilli","COL",,56.6666,0,-0.5250430107116699,-0.5250430107116699,26790
"Jason Heyward","SDP",95,,-0.5258386731147766,,-0.5258386731147766,4940
"Jonathan Loáisiga","NYY",,29.6666,0,-0.5294072031974792,-0.5294072031974792,19753
"Lane Thomas","CLE",142,,-0.5296801328659058,,-0.5296801328659058,16939
"Trenton Brooks","SDP",43,,-0.5321081876754761,,-0.5321081876754761,19384
"Braxton Fulford","COL",113,,-0.5369510650634766,,-0.5369510650634766,29704
"Enrique Hernández","LAD",237,5.3333,-0.4013998806476593,-0.14044274389743805,-0.5418426245450974,10472
"Tim Elko","CHW",72,,-0.5435580015182495,,-0.5435580015182495,31522
"Jorge Mateo","BAL",80,1,-0.445466548204422,-0.10067377239465714,-0.5461403205990791,17273
"Ryan Zeferjahn","LAA",,54.6666,0,-0.55121248960495,-0.55121248960495,25420
"Scott Alexander","- - -",,17.666600000000003,0,-0.5514944419264793,-0.5514944419264793,10591
"Jordan Lawlar","ARI",67,,-0.55559241771698,,-0.55559241771698,29976
"Logan Davidson","- - -",47,1,-0.588266983628273,0.029702501371502876,-0.5585644822567701,25844
"Osvaldo Bido","ATH",,75.6666,0,-0.5611047148704529,-0.5611047148704529,23150
"Tayler Scott","- - -",,27.3333,0,-0.5620870590209961,-0.5620870590209961,13652
"Jack Kochanowicz","LAA",,111,0,-0.5693227648735046,-0.5693227648735046,27688
"Austin Cox","ATL",,21.3333,0,-0.5755152106285095,-0.5755152106285095,24604
"Anthony Molina","COL",,32.3333,0,-0.576974630355835,-0.576974630355835,26952
"Maverick Handley","BAL",47,,-0.5865435600280762,,-0.5865435600280762,26106
"Johnathan Rodríguez","CLE",70,,-0.5878680944442749,,-0.5878680944442749,22530
"MJ Melendez","KCR",65,,-0.5936075448989868,,-0.5936075448989868,22197
"Will Robertson","- - -",65,,-0.5944555774331093,,-0.5944555774331093,25467
"Carson Palmquist","COL",,34.3333,0,-0.5987172722816467,-0.5987172722816467,31612
"Shinnosuke Ogasawara","WSN",1,34,-0.01004704274237156,-0.6028781533241272,-0.6129251960664988,35324
"Alexis Díaz","- - -",,17.6666,0,-0.6148231402039528,-0.6148231402039528,21132
"Drew Waters","KCR",219,,-0.6159907579421997,,-0.6159907579421997,20505
"Triston Casas","BOS",112,,-0.6225610375404358,,-0.6225610375404358,22514
"Christian Encarnacion-Strand","CIN",137,,-0.6243860721588135,,-0.6243860721588135,30011
"Ronny Simon","- - -",88,,-0.6320476531982422,,-0.6320476531982422,25346
"Jack Suwinski","PIT",164,,-0.6337872743606567,,-0.6337872743606567,22244
"Kyle Gibson","BAL",,12.3333,0,-0.6386481523513794,-0.6386481523513794,10123
"Endy Rodríguez","PIT",57,,-0.641325056552887,,-0.641325056552887,25332
"Porter Hodge","CHC",,33,0,-0.6422461867332458,-0.6422461867332458,26413
"Mark Canha","KCR",125,,-0.6574477553367615,,-0.6574477553367615,11445
"Ryan Rolison","COL",,42.3333,0,-0.6760469675064087,-0.6760469675064087,22200
"Logan O'Hoppe","LAA",433,,-0.6766924262046814,,-0.6766924262046814,24729
"Tyler Locklear","ARI",116,,-0.6799271702766418,,-0.6799271702766418,31396
"Jeimer Candelario","CIN",91,,-0.6847706437110901,,-0.6847706437110901,13621
"Carson Seymour","SFG",,33,0,-0.6847890615463257,-0.6847890615463257,30084
"Anthony DeSclafani","ARI",,38.6666,0,-0.6855023503303528,-0.6855023503303528,13050
"George Soriano","MIA",,34.6666,0,-0.6947533488273621,-0.6947533488273621,21863
"Abraham Toro","BOS",284,1,-0.6859306693077087,-0.010615697130560875,-0.6965463664382696,19844
"Joshua Palacios","CHW",145,,-0.7007223963737488,,-0.7007223963737488,19818
"Connor Wong","BOS",182,,-0.7010191082954407,,-0.7010191082954407,19896
"Michael Massey","KCR",264,,-0.7012849450111389,,-0.7012849450111389,27684
"Carlos Vargas","SEA",,74,0,-0.7135995030403137,-0.7135995030403137,22915
"Mickey Gasper","MIN",110,,-0.7159726619720459,,-0.7159726619720459,24759
"Sean Bouchard","COL",73,,-0.7362354397773743,,-0.7362354397773743,21270
"Noah Davis","- - -",,11,0,-0.7385591268539429,-0.7385591268539429,25862
"Joc Pederson","TEX",290,,-0.7519788146018982,,-0.7519788146018982,11899
"Oswald Peraza","- - -",253,2.3333,-0.6840414330363274,-0.0687081441283226,-0.75274957716465,22823
"Kevin Newman","LAA",116,4,-0.6637599468231201,-0.09101133793592453,-0.7547712847590446,17696
"Tyler Freeman","COL",428,,-0.7553708553314209,,-0.7553708553314209,22532
"Luis Peralta","COL",,16.6666,0,-0.7662856578826904,-0.7662856578826904,24203
"Connor Joe","- - -",80,,-0.7753999829292297,,-0.7753999829292297,16572
"Jonah Bride","- - -",125,6,-0.6898023337125778,-0.08627649396657944,-0.7760788276791573,24703
"Martín Maldonado","SDP",161,,-0.7821402549743652,,-0.7821402549743652,6887
"Jacob Amaya","CHW",73,1,-0.7965972423553467,0.006596866529434919,-0.7900003758259118,23296
"Leody Taveras","- - -",180,,-0.79361891746521,,-0.79361891746521,18900
"Génesis Cabrera","- - -",,40.666500000000006,0,-0.7973307664506137,-0.7973307664506137,17490
"Bowden Francis","TOR",,64,0,-0.8241135478019714,-0.8241135478019714,20548
"Orlando Arcia","- - -",211,,-0.8449568748474121,,-0.8449568748474121,13185
"DaShawn Keirsey Jr.","MIN",86,,-0.8486194610595703,,-0.8486194610595703,24496
"Anthony Santander","TOR",209,,-0.8615589141845703,,-0.8615589141845703,14551
"Trey Sweeney","DET",318,,-0.864356279373169,,-0.864356279373169,29575
"Adael Amador","COL",128,,-0.8719971776008606,,-0.8719971776008606,27962
"Bradley Blalock","COL",,55,0,-0.8752540349960327,-0.8752540349960327,26419
"Chad Green","TOR",,43.6666,0,-0.9239616990089417,-0.9239616990089417,15552
"Alex Verdugo","ATL",213,,-0.9349569082260132,,-0.9349569082260132,17027
"Nestor Cortes","- - -",,34.3333,0,-0.9454967677593231,-0.9454967677593231,17874
"Hunter Renfroe","KCR",108,,-0.9528047442436218,,-0.9528047442436218,15464
"Edouard Julien","MIN",196,,-0.9653286933898926,,-0.9653286933898926,27534
"Vinny Capra","- - -",105,3,-0.9459453374147415,-0.039753858000040054,-0.9856991954147816,25040
"Kyle Farmer","COL",297,1,-0.9584320783615112,-0.05777200311422348,-1.0162040814757347,14813
"Keibert Ruiz","WSN",267,,-1.024925708770752,,-1.024925708770752,19610
"Jordan Walker","STL",373,,-1.1247870922088623,,-1.1247870922088623,27475
"Heston Kjerstad","BAL",167,,-1.1451497077941895,,-1.1451497077941895,31166
"Jhonkensy Noel","CLE",143,,-1.1519112586975098,,-1.1519112586975098,24257
"Jac Caglianone","KCR",222,,-1.229170560836792,,-1.229170560836792,35041
"Josh Rojas","CHW",211,,-1.2987980842590332,,-1.2987980842590332,19734
"Jacob Stallings","- - -",129,2,-1.4604515731334686,0.025123784318566322,-1.4353277888149023,13723
"LaMonte Wade Jr.","- - -",242,,-1.556958019733429,,-1.556958019733429,18126
"Michael Toglia","COL",337,,-2.160146474838257,,-2.160146474838257,25845