Name,Team,PA,IP,Bat WAR,Pit WAR,Total WAR,PlayerId
"Shohei Ohtani","LAA",639,130.3333,5.0179314613342285,2.959517240524292,7.9774487018585205,19755
"Corbin Burnes","MIL",59,167,0.11741608381271362,7.472195148468018,7.589611232280731,19361
"Zack Wheeler","PHI",73,213.3333,0.08886758238077164,7.221505165100098,7.310372747480869,10310
"Trea Turner","- - -",646,,7.127413511276245,,7.127413511276245,16252
"Juan Soto","WSN",654,,6.789301872253418,,6.789301872253418,20123
"Fernando Tatis Jr.","SDP",546,,6.781527042388916,,6.781527042388916,19709
"Bryce Harper","PHI",599,,6.651017189025879,,6.651017189025879,11579
"José Ramírez","CLE",636,,6.430320739746094,,6.430320739746094,13510
"Bryan Reynolds","PIT",646,,6.339690685272217,,6.339690685272217,19326
"Vladimir Guerrero Jr.","TOR",698,,6.317825794219971,,6.317825794219971,19611
"Carlos Correa","HOU",640,,6.291006565093994,,6.291006565093994,14162
"Brandon Crawford","SFG",549,,6.205826282501221,,6.205826282501221,5343
"Cedric Mullins","BAL",675,,6.018928527832031,,6.018928527832031,17929
"Marcus Semien","TOR",724,,5.954650402069092,,5.954650402069092,12533
"Nathan Eovaldi","BOS",3,182.3333,0.022854119539260864,5.731126308441162,5.753980427980423,9132
"Walker Buehler","LAD",82,207.6666,0.03554823622107506,5.5503129959106445,5.58586123213172,19374
"Aaron Judge","NYY",633,,5.490018844604492,,5.490018844604492,15640
"Nicky Lopez","KCR",565,,5.453777313232422,,5.453777313232422,19339
"Julio Urías","LAD",70,185.6666,0.3345058560371399,5.042324542999268,5.3768303990364075,14765
"Jacob deGrom","NYM",33,92,0.4600222706794739,4.893188953399658,5.353211224079132,10954
"Tyler O'Neill","STL",537,,5.337780475616455,,5.337780475616455,15711
"Buster Posey","SFG",454,,5.322915554046631,,5.322915554046631,9166
"Jose Altuve","HOU",678,,5.245539665222168,,5.245539665222168,5417
"Gerrit Cole","NYY",,181.3333,0,5.18988561630249,5.18988561630249,13125
"Starling Marte","- - -",526,,5.186414957046509,,5.186414957046509,9241
"Austin Riley","ATL",662,,5.086709499359131,,5.086709499359131,18360
"Kevin Gausman","SFG",62,192,0.2245941013097763,4.804707050323486,5.029301151633263,14107
"Matt Olson","OAK",673,,4.962234973907471,,4.962234973907471,14344
"Kyle Tucker","HOU",567,,4.927465915679932,,4.927465915679932,18345
"Carlos Rodón","CHW",3,132.6666,-0.032335009425878525,4.951787948608398,4.91945293918252,16137
"Bo Bichette","TOR",690,,4.866771697998047,,4.866771697998047,19612
"Paul Goldschmidt","STL",679,,4.82952356338501,,4.82952356338501,9218
"Brandon Woodruff","MIL",58,179.3333,-0.01849578320980072,4.746328353881836,4.727832570672035,16162
"Aaron Nola","PHI",63,180.6666,0.26477164030075073,4.422885894775391,4.687657535076141,16149
"Freddie Freeman","ATL",695,,4.681267738342285,,4.681267738342285,5361
"Max Scherzer","- - -",63,179.3333,-0.6993790864944458,5.36945652961731,4.670077443122864,3137
"Dylan Cease","CHW",8,165.6666,0.15834484994411469,4.485837936401367,4.644182786345482,18525
"J.T. Realmuto","PHI",537,,4.637312889099121,,4.637312889099121,11739
"Will Smith","LAD",501,,4.598651885986328,,4.598651885986328,19197
"Max Muncy","LAD",592,,4.5084943771362305,,4.5084943771362305,13301
"Max Fried","ATL",67,165.6666,0.7432450652122498,3.7442209720611572,4.487466037273407,13743
"Manny Machado","SDP",640,,4.475124835968018,,4.475124835968018,11493
"Brandon Lowe","TBR",615,,4.463657379150391,,4.463657379150391,18882
"Joey Gallo","- - -",616,,4.426574230194092,,4.426574230194092,14128
"Charlie Morton","ATL",62,185.6666,-0.1338469535112381,4.53721284866333,4.403365895152092,4676
"Ronald Acuña Jr.","ATL",360,,4.375206470489502,,4.375206470489502,18401
"Logan Webb","SFG",53,148.3333,0.2505728602409363,4.088901996612549,4.339474856853485,17995
"Tim Anderson","CHW",551,,4.291473865509033,,4.291473865509033,15172
"Lance Lynn","CHW",5,157,0.01869647204875946,4.257298469543457,4.2759949415922165,2520
"Nolan Arenado","STL",653,,4.255992889404297,,4.255992889404297,9777
"Rafael Devers","BOS",664,,4.236337661743164,,4.236337661743164,17350
"Lucas Giolito","CHW",4,178.6666,0.03687046468257904,4.143494606018066,4.1803650707006454,15474
"Xander Bogaerts","BOS",603,,4.136688232421875,,4.136688232421875,12161
"Javier Báez","- - -",547,,4.1278698444366455,,4.1278698444366455,12979
"Germán Márquez","COL",60,180,0.6356086134910583,3.44494891166687,4.0805575251579285,15038
"Mike Zunino","TBR",375,,4.0703911781311035,,4.0703911781311035,13265
"Byron Buxton","MIN",254,,4.065121650695801,,4.065121650695801,14161
"Justin Turner","LAD",612,1,4.046138286590576,0.006529568694531918,4.052667855285108,5235
"Teoscar Hernández","TOR",595,,4.037035942077637,,4.037035942077637,13066
"Trevor Rogers","MIA",46,133,-0.23398838937282562,4.2552971839904785,4.021308794617653,22286
"Adam Wainwright","STL",74,206.3333,0.10551193356513977,3.9056334495544434,4.011145383119583,2233
"Jorge Polanco","MIN",644,,3.9805922508239746,,3.9805922508239746,13152
"Sandy Alcantara","MIA",64,205.6666,-0.31324446201324463,4.289099216461182,3.975854754447937,18684
"Luis Castillo","CIN",59,187.6666,0.12015918642282486,3.8502862453460693,3.970445431768894,15689
"Frankie Montas","OAK",4,187,-0.040420472621917725,4.010596752166748,3.9701762795448303,14309
"José Berríos","- - -",4,191.9999,-0.04328517057001591,4.007076144218445,3.963790973648429,14168
"Francisco Lindor","NYM",524,,3.9435949325561523,,3.9435949325561523,12916
"Mookie Betts","LAD",550,,3.9208567142486572,,3.9208567142486572,13611
"Randy Arozarena","TBR",604,,3.8741776943206787,,3.8741776943206787,19290
"Jeimer Candelario","DET",626,,3.867076873779297,,3.867076873779297,13621
"Robbie Ray","TOR",5,193.3333,-0.055690277367830276,3.9117445945739746,3.8560543172061443,11486
"Eduardo Rodriguez","BOS",6,157.6666,-0.06838272511959076,3.9231443405151367,3.854761615395546,13164
"Freddy Peralta","MIL",45,144.3333,-0.1519761085510254,3.981984853744507,3.8300087451934814,18679
"Corey Seager","LAD",409,,3.8175907135009766,,3.8175907135009766,13624
"Jake Cronenworth","SDP",643,0.6666,3.7238564491271973,0.020935308188199997,3.7447917573153973,18036
"Yoán Moncada","CHW",616,,3.743716239929199,,3.743716239929199,17232
"Nick Castellanos","CIN",585,,3.6967461109161377,,3.6967461109161377,11737
"Matt Chapman","OAK",622,,3.6964077949523926,,3.6964077949523926,16505
"Ozzie Albies","ATL",686,,3.6660232543945312,,3.6660232543945312,16556
"Clayton Kershaw","LAD",39,121.6666,0.22743773460388184,3.4299683570861816,3.6574060916900635,2036
"Enrique Hernández","BOS",585,,3.6500356197357178,,3.6500356197357178,10472
"Yasmani Grandal","CHW",375,,3.5806617736816406,,3.5806617736816406,11368
"Brandon Belt","SFG",381,,3.571885108947754,,3.571885108947754,10264
"Marcus Stroman","NYM",58,179,0.0908244326710701,3.4673938751220703,3.5582183077931404,13431
"Pete Alonso","NYM",637,,3.528900623321533,,3.528900623321533,19251
"Joey Votto","CIN",533,,3.519507646560669,,3.519507646560669,4314
"Tyler Mahle","CIN",66,180,-0.3669106662273407,3.8689427375793457,3.502032071352005,16358
"Jean Segura","PHI",567,,3.4852519035339355,,3.4852519035339355,5933
"Yordan Alvarez","HOU",598,,3.479175329208374,,3.479175329208374,19556
"Josh Donaldson","MIN",543,,3.4317712783813477,,3.4317712783813477,5038
"Sean Manaea","OAK",5,179.3333,0.16695636510849,3.256680488586426,3.4236368536949158,15873
"Luis Robert Jr.","CHW",296,,3.418290615081787,,3.418290615081787,20043
"Jonathan India","CIN",631,,3.4090309143066406,,3.4090309143066406,21523
"Wade Miley","CIN",59,163,0.33928948640823364,3.0390853881835938,3.3783748745918274,8779
"Dansby Swanson","ATL",653,,3.296586513519287,,3.296586513519287,18314
"Chris Bassitt","OAK",2,157.3333,-0.020210236310958862,3.3043105602264404,3.2841003239154816,12304
"Yuli Gurriel","HOU",605,,3.2732062339782715,,3.2732062339782715,19198
"Sean Murphy","OAK",448,,3.272876024246216,,3.272876024246216,19352
"Ranger Suárez","PHI",23,106,0.25016769766807556,3.005791425704956,3.2559591233730316,17277
"Adam Frazier","- - -",639,,3.2505471110343933,,3.2505471110343933,15223
"Jesse Winker","CIN",485,,3.24204683303833,,3.24204683303833,13590
"Brandon Nimmo","NYM",386,,3.2257001399993896,,3.2257001399993896,12927
"Ty France","SEA",650,,3.209683656692505,,3.209683656692505,17982
"Jordan Montgomery","NYY",4,157.3333,-0.04165095463395119,3.2380168437957764,3.196365889161825,16511
"AJ Pollock","LAD",422,,3.1581032276153564,,3.1581032276153564,9256
"Lance McCullers Jr.","HOU",4,162.3333,-0.04272055998444557,3.1823341846466064,3.139613624662161,14120
"Kyle Gibson","- - -",30,182,0.07014697790145874,3.061919927597046,3.1320669054985046,10123
"Willy Adames","- - -",555,,3.0990053191781044,,3.0990053191781044,15986
"Kris Bryant","- - -",586,,3.081313043832779,,3.081313043832779,15429
"Myles Straw","- - -",638,,3.07650625705719,,3.07650625705719,17620
"Joey Wendle","TBR",501,,3.073042154312134,,3.073042154312134,13853
"Jacob Stallings","PIT",427,,3.0710740089416504,,3.0710740089416504,13723
"J.P. Crawford","SEA",687,,3.0671184062957764,,3.0671184062957764,15491
"Giancarlo Stanton","NYY",579,,3.0482795238494873,,3.0482795238494873,4949
"Luis Garcia","HOU",6,155.3333,-0.06334207952022552,3.0749809741973877,3.011638894677162,23735
"Antonio Senzatela","COL",51,156.6666,-0.5116057991981506,3.503732442855835,2.9921266436576843,15488
"Tony Kemp","OAK",397,,2.979764938354492,,2.979764938354492,14894
"Tommy Edman","STL",691,,2.955252170562744,,2.955252170562744,19470
"Chris Flexen","SEA",3,179.6666,-0.030443280935287476,2.9847660064697266,2.954322725534439,13896
"Harrison Bader","STL",401,,2.9361112117767334,,2.9361112117767334,18030
"Max Stassi","LAA",319,,2.9327189922332764,,2.9327189922332764,10059
"Darin Ruf","SFG",312,1,2.925731658935547,0.005666439887136221,2.931398098822683,9929
"Mark Canha","OAK",625,,2.915393352508545,,2.915393352508545,11445
"José Abreu","CHW",659,,2.8355212211608887,,2.8355212211608887,15676
"Kevin Kiermaier","TBR",390,,2.815436840057373,,2.815436840057373,11038
"Amed Rosario","CLE",588,,2.8042147159576416,,2.8042147159576416,15518
"Anthony DeSclafani","SFG",62,167.6666,-0.24232372641563416,3.0351452827453613,2.792821556329727,13050
"Omar Narváez","MIL",445,,2.7624409198760986,,2.7624409198760986,13338
"Chris Taylor","LAD",582,,2.7585604190826416,,2.7585604190826416,13757
"Adolis García","TEX",622,,2.7568306922912598,,2.7568306922912598,19287
"J.D. Martinez","BOS",634,,2.746760368347168,,2.746760368347168,6184
"Yu Darvish","SDP",55,166.3333,-0.11258426308631897,2.849531650543213,2.736947387456894,13074
"Liam Hendriks","CHW",,71,0,2.726494550704956,2.726494550704956,3548
"Steven Matz","TOR",2,150.6666,-0.022276107221841812,2.7456274032592773,2.7233512960374355,13361
"Salvador Perez","KCR",665,,2.701178550720215,,2.701178550720215,7304
"Willson Contreras","CHC",483,,2.674351215362549,,2.674351215362549,11609
"Kyle Schwarber","- - -",471,,2.674214482307434,,2.674214482307434,16478
"Joe Musgrove","SDP",57,181.3333,-0.617394208908081,3.2847211360931396,2.6673269271850586,12970
"George Springer","TOR",342,,2.6298422813415527,,2.6298422813415527,12856
"Kolten Wong","MIL",492,,2.6105241775512695,,2.6105241775512695,12532
"Josh Hader","MIL",,58.6666,0,2.5929086208343506,2.5929086208343506,14212
"Whit Merrifield","KCR",720,,2.5917646884918213,,2.5917646884918213,11281
"Hunter Renfroe","BOS",572,,2.569620132446289,,2.569620132446289,15464
"Robbie Grossman","DET",671,,2.5647237300872803,,2.5647237300872803,5254
"Trent Grisham","SDP",527,,2.5547823905944824,,2.5547823905944824,18564
"Tyler Glasnow","TBR",2,88,-0.020225083455443382,2.561439037322998,2.5412139538675547,14374
"Shane McClanahan","TBR",,123.3333,0,2.5379621982574463,2.5379621982574463,21483
"John Means","BAL",5,146.6666,0.04886411875486374,2.472393035888672,2.5212571546435356,16269
"Shane Bieber","CLE",6,96.6666,-0.06244370713829994,2.563436269760132,2.500992562621832,19427
"Eduardo Escobar","- - -",599,,2.4868494272232056,,2.4868494272232056,6153
"Alex Cobb","LAA",1,93.3333,-0.01088799349963665,2.490419864654541,2.4795318711549044,6562
"Ryan McMahon","COL",596,,2.453428030014038,,2.453428030014038,15112
"Sonny Gray","CIN",43,135.3333,-0.02341519296169281,2.461591958999634,2.438176766037941,12768
"Hyun Jin Ryu","TOR",4,169,-0.044552214443683624,2.454495668411255,2.4099434539675713,14444
"Ryan Pressly","HOU",,64,0,2.407472848892212,2.407472848892212,7005
"Dylan Carlson","STL",619,,2.396174669265747,,2.396174669265747,20126
"Ketel Marte","ARI",374,,2.393641471862793,,2.393641471862793,13613
"Jared Walsh","LAA",585,,2.3726720809936523,,2.3726720809936523,18607
"Jonathan Loáisiga","NYY",,70.6666,0,2.3659329414367676,2.3659329414367676,19753
"Wander Franco","TBR",308,,2.3588855266571045,,2.3588855266571045,23667
"C.J. Cron","COL",547,,2.3420722484588623,,2.3420722484588623,12546
"Patrick Wisdom","CHC",375,,2.3419487476348877,,2.3419487476348877,13602
"Josh Harrison","- - -",558,,2.3327853083610535,,2.3327853083610535,8202
"Luis Urías","MIL",570,,2.3220624923706055,,2.3220624923706055,16622
"Avisaíl García","MIL",515,,2.2899107933044434,,2.2899107933044434,5760
"Alex Wood","SFG",47,138.6666,-0.2541567087173462,2.5280165672302246,2.2738598585128784,13781
"Adam Duvall","- - -",555,,2.272014021873474,,2.272014021873474,10950
"Giovanny Gallegos","STL",,80.3333,0,2.2713191509246826,2.2713191509246826,14986
"Mike Minor","KCR",7,158.6666,-0.07810737192630768,2.3360376358032227,2.257930263876915,10021
"Nick Pivetta","BOS",2,155,-0.022794242948293686,2.2760043144226074,2.2532100714743137,15454
"Kyle Seager","SEA",670,,2.2521488666534424,,2.2521488666534424,9785
"Tanner Houck","BOS",1,69,-0.011397121474146843,2.2560808658599854,2.2446837443858385,19879
"Yan Gomes","- - -",375,,2.232866555452347,,2.232866555452347,9627
"Brett Phillips","TBR",292,1,2.234809637069702,-0.027632955461740494,2.2071766816079617,14735
"Max Kepler","MIN",490,,2.2071282863616943,,2.2071282863616943,12144
"Logan Gilbert","SEA",,119.3333,0,2.2058587074279785,2.2058587074279785,22250
"Wil Myers","SDP",500,,2.204413890838623,,2.204413890838623,10047
"Craig Kimbrel","- - -",1,59.6666,-0.01107543334364891,2.1876045800745487,2.1765291467309,6655
"Anthony Rizzo","- - -",576,0.6666,2.175136238336563,-0.0018501703161746264,2.1732860680203885,3473
"Jonathan Schoop","DET",674,,2.170165777206421,,2.170165777206421,11265
"Scott Barlow","KCR",,74.3333,0,2.1694271564483643,2.1694271564483643,14993
"Trevor Story","COL",595,,2.167285203933716,,2.167285203933716,12564
"Josh Bell","WSN",568,,2.1612534523010254,,2.1612534523010254,13145
"Emmanuel Clase","CLE",,69.6666,0,2.1550590991973877,2.1550590991973877,21032
"Pablo López","MIA",35,102.6666,-0.18525245785713196,2.3380489349365234,2.1527964770793915,17085
"Mike Trout","LAA",146,,2.147091865539551,,2.147091865539551,10155
"Mitch Haniger","SEA",691,,2.140169620513916,,2.140169620513916,14274
"Alex Bregman","HOU",400,,2.1393816471099854,,2.1393816471099854,17678
"Michael Brantley","HOU",508,,2.128864288330078,,2.128864288330078,4106
"Mike Yastrzemski","SFG",532,,2.1284210681915283,,2.1284210681915283,14854
"Kyle Farmer","CIN",529,,2.121450424194336,,2.121450424194336,14813
"Mitch Garver","MIN",243,,2.100785970687866,,2.100785970687866,15161
"Merrill Kelly","ARI",58,158,-0.1242888793349266,2.2234959602355957,2.099207080900669,11156
"DJ LeMahieu","NYY",679,,2.087808847427368,,2.087808847427368,9874
"Chas McCormick","HOU",320,,2.087319850921631,,2.087319850921631,19599
"Brady Singer","KCR",,128.3333,0,2.084493398666382,2.084493398666382,25377
"Manuel Margot","TBR",464,,2.0809590816497803,,2.0809590816497803,14712
"Edwin Díaz","NYM",,62.6666,0,2.0577192306518555,2.0577192306518555,14710
"Blake Snell","SDP",37,128.6666,-0.08191585540771484,2.1344213485717773,2.0525054931640625,13543
"Tyler Anderson","- - -",40,166.9999,-0.018696332350373268,2.057795763015747,2.039099430665374,12880
"Nathaniel Lowe","TEX",642,,2.0352439880371094,,2.0352439880371094,19566
"Cole Irvin","OAK",7,178.3333,0.03028808906674385,2.0016634464263916,2.0319515354931355,19244
"Edmundo Sosa","STL",326,,2.012350082397461,,2.012350082397461,17022
"Raisel Iglesias","LAA",,70,0,2.012077569961548,2.012077569961548,17130
"Eric Lauer","MIL",37,118.6666,0.3085699677467346,1.6872891187667847,1.9958590865135193,19316
"Alek Manoah","TOR",1,111.6666,-0.011138053610920906,1.9943301677703857,1.9831921141594648,26410
"Jon Gray","COL",50,149,-0.3148033618927002,2.2874014377593994,1.9725980758666992,14916
"Jameson Taillon","NYY",2,144.3333,0.0362200029194355,1.9359829425811768,1.9722029455006123,11674
"Evan Longoria","SFG",291,,1.9659103155136108,,1.9659103155136108,9368
"Jonathan Villar","NYM",505,,1.9619356393814087,,1.9619356393814087,10071
"Frank Schwindel","- - -",259,,1.9593468457460403,,1.9593468457460403,15351
"Rhys Hoskins","PHI",443,,1.9286271333694458,,1.9286271333694458,16472
"Miguel Rojas","MIA",539,,1.9283214807510376,,1.9283214807510376,7802
"Michael A. Taylor","KCR",528,,1.927079439163208,,1.927079439163208,11489
"Dane Dunning","TEX",4,117.6666,0.05374794080853462,1.8695440292358398,1.9232919700443745,19409
"Cal Quantrill","CLE",2,149.6666,0.05177358537912369,1.8528671264648438,1.9046407118439674,19312
"LaMonte Wade Jr.","SFG",381,,1.8960410356521606,,1.8960410356521606,18126
"Santiago Espinal","TOR",246,,1.8828682899475098,,1.8828682899475098,19997
"Nelson Cruz","- - -",584,,1.8782526589930058,,1.8782526589930058,2434
"Wilmer Flores","SFG",436,,1.8728017807006836,,1.8728017807006836,5827
"Ke'Bryan Hayes","PIT",396,,1.871915578842163,,1.871915578842163,18577
"Blake Treinen","LAD",,72.3333,0,1.868135690689087,1.868135690689087,12572
"Steven Duggar","SFG",297,,1.8643760681152344,,1.8643760681152344,17719
"Alex Verdugo","BOS",604,,1.8621708154678345,,1.8621708154678345,17027
"Zach Eflin","PHI",37,105.6666,-0.2773055136203766,2.1377153396606445,1.860409826040268,13774
"Collin McHugh","TBR",,64,0,1.8356584310531616,1.8356584310531616,7531
"Kenley Jansen","LAD",1,69,-0.010900863446295261,1.841271162033081,1.8303702985867858,3096
"Jazz Chisholm Jr.","MIA",507,,1.8252463340759277,,1.8252463340759277,20454
"Austin Hays","BAL",529,,1.8161652088165283,,1.8161652088165283,19363
"Ramón Laureano","OAK",378,,1.8089336156845093,,1.8089336156845093,17128
"José Urquidy","HOU",4,107,0.030359217897057533,1.7699626684188843,1.8003218863159418,18413
"Matt Harvey","BAL",6,127.6666,-0.06543119996786118,1.8602752685546875,1.7948440685868263,11713
"Manny Piña","MIL",208,,1.7920317649841309,,1.7920317649841309,2829
"Tyler Stephenson","CIN",402,,1.7856805324554443,,1.7856805324554443,17988
"Jose Iglesias","- - -",511,,1.7843164801597595,,1.7843164801597595,10231
"Daulton Varsho","ARI",315,,1.7792195081710815,,1.7792195081710815,19918
"Framber Valdez","HOU",4,134.6666,-0.042228057980537415,1.8156068325042725,1.773378774523735,17295
"Josh Rojas","ARI",550,,1.7575165033340454,,1.7575165033340454,19734
"Carson Kelly","ARI",359,,1.749147653579712,,1.749147653579712,13620
"Akil Baddoo","DET",461,,1.7202163934707642,,1.7202163934707642,22168
"Lourdes Gurriel Jr.","TOR",541,,1.7200835943222046,,1.7200835943222046,19238
"Huascar Ynoa","ATL",32,91,0.33956339955329895,1.3801805973052979,1.7197439968585968,20468
"Yandy Díaz","TBR",541,,1.7180602550506592,,1.7180602550506592,16578
"Franmil Reyes","CLE",466,,1.7146178483963013,,1.7146178483963013,14566
"Michael Kopech","CHW",1,69.3333,-0.010778338648378849,1.7249866724014282,1.7142083337530494,17282
"Joe Ross","WSN",39,108,0.3574608862400055,1.3310222625732422,1.6884831488132477,12972
"Elias Díaz","COL",371,,1.6831698417663574,,1.6831698417663574,11680
"Garrett Whitlock","BOS",2,73.3333,0.04979391396045685,1.623125672340393,1.67291958630085,20191
"Danny Duffy","KCR",,61,0,1.6679730415344238,1.6679730415344238,3542
"Rich Hill","- - -",26,158.6666,-0.057932984083890915,1.7122091054916382,1.6542761214077473,4806
"Elvis Andrus","OAK",541,,1.6432290077209473,,1.6432290077209473,8709
"Ian Anderson","ATL",41,128.3333,-0.19184520840644836,1.826627492904663,1.6347822844982147,19951
"Aaron Loup","NYM",,56.6666,0,1.6293270587921143,1.6293270587921143,10343
"Nestor Cortes","NYY",1,93,-0.010412738658487797,1.6389529705047607,1.628540231846273,17874
"Madison Bumgarner","ARI",52,146.3333,0.22964447736740112,1.3915902376174927,1.6212347149848938,5524
"Isiah Kiner-Falefa","TEX",677,,1.6067951917648315,,1.6067951917648315,16512
"Ryan Tepera","- - -",,61.3333,0,1.6003711819648743,1.6003711819648743,10291
"Kenta Maeda","MIN",4,106.3333,-0.003927716054022312,1.6018078327178955,1.5978801166638732,18498
"Luis Arraez","MIN",479,,1.591239333152771,,1.591239333152771,18568
"Zac Gallen","ARI",42,121.3333,0.2269415259361267,1.3462244272232056,1.5731659531593323,19291
"Trevor Bauer","LAD",34,107.6666,-0.23350028693675995,1.8044440746307373,1.5709437876939774,12703
"Rafael Ortega","CHC",330,,1.5702484846115112,,1.5702484846115112,10323
"Chad Green","NYY",,83.6666,0,1.5664726495742798,1.5664726495742798,15552
"Nico Hoerner","CHC",170,,1.5579123497009277,,1.5579123497009277,21479
"Chris Paddack","SDP",42,108.3333,-0.22822675108909607,1.778618335723877,1.5503915846347809,20099
"Patrick Sandoval","LAA",4,87,0.03504220023751259,1.5142797231674194,1.549321923404932,19447
"Tucker Barnhart","CIN",388,,1.5465041399002075,,1.5465041399002075,10200
"Nick Ahmed","ARI",473,,1.5371006727218628,,1.5371006727218628,12147
"Taylor Rogers","MIN",,40.3333,0,1.5335522890090942,1.5335522890090942,13449
"Dylan Floro","MIA",,64,0,1.5283931493759155,1.5283931493759155,13394
"Austin Meadows","TBR",591,,1.5239214897155762,,1.5239214897155762,15672
"Adrian Houser","MIL",46,142.3333,0.026944687590003014,1.4955835342407227,1.5225282218307257,12718
"Michael Fulmer","DET",,69.6666,0,1.5204213857650757,1.5204213857650757,13218
"Johnny Cueto","SFG",37,114.6666,-0.011006132699549198,1.5180940628051758,1.5070879301056266,6893
"Lorenzo Cain","MIL",286,,1.5062247514724731,,1.5062247514724731,9077
"Leury García","CHW",474,,1.5044753551483154,,1.5044753551483154,5913
"Spencer Turnbull","DET",,50,0,1.4982781410217285,1.4982781410217285,16207
"Yadier Molina","STL",473,,1.4851880073547363,,1.4851880073547363,7007
"Drew Rasmussen","- - -",4,76,0.031028037890791893,1.4481441900134087,1.4791722279042006,25385
"Austin Slater","SFG",306,0.3333,1.494161605834961,-0.015231829136610031,1.478929776698351,16153
"Matthew Boyd","DET",5,78.6666,0.1087457463145256,1.3695029020309448,1.4782486483454704,15440
"Andrew Kittredge","TBR",,71.6666,0,1.474886178970337,1.474886178970337,12828
"César Hernández","- - -",637,,1.4738160045817494,,1.4738160045817494,10556
"Cole Sulser","BAL",,63.3333,0,1.4716922044754028,1.4716922044754028,15256
"Danny Jansen","TOR",205,,1.467184066772461,,1.467184066772461,16535
"Ian Happ","CHC",535,,1.465713381767273,,1.465713381767273,17919
"Andrew McCutchen","PHI",574,,1.4636776447296143,,1.4636776447296143,9847
"Michael Conforto","NYM",479,,1.4599502086639404,,1.4599502086639404,16376
"Aledmys Díaz","HOU",319,,1.4591715335845947,,1.4591715335845947,15937
"Reese McGuire","TOR",217,,1.4493639469146729,,1.4493639469146729,15674
"David Peralta","ARI",538,1,1.5137293338775635,-0.06650753319263458,1.447221800684929,2136
"Lucas Luetge","NYY",,72.3333,0,1.443414330482483,1.443414330482483,8337
"Tyler Naquin","CIN",454,,1.4416812658309937,,1.4416812658309937,13359
"Taijuan Walker","NYM",51,159,-0.044496599584817886,1.4770550727844238,1.432558473199606,11836
"Bradley Zimmer","CLE",348,,1.4309505224227905,,1.4309505224227905,16221
"Paul Sewald","SEA",,64.6666,0,1.4267463684082031,1.4267463684082031,13892
"Odúbel Herrera","PHI",492,,1.4194481372833252,,1.4194481372833252,11476
"Andrew Benintendi","KCR",538,,1.4180330038070679,,1.4180330038070679,17901
"Corey Kluber","NYY",2,80,-0.020825477316975594,1.4340221881866455,1.41319671086967,2429
"Christian Yelich","MIL",475,,1.4035755395889282,,1.4035755395889282,11477
"Andrew Chafin","- - -",,68.6666,0,1.4035556018352509,1.4035556018352509,12988
"Donovan Solano","SFG",344,,1.4016073942184448,,1.4016073942184448,8623
"Alcides Escobar","WSN",349,,1.3893225193023682,,1.3893225193023682,6310
"Devin Williams","MIL",,54,0,1.3777369260787964,1.3777369260787964,15816
"Gleyber Torres","NYY",516,,1.3755321502685547,,1.3755321502685547,16997
"Garrett Crochet","CHW",,54.3333,0,1.3748126029968262,1.3748126029968262,27463
"J.D. Davis","NYM",211,,1.3330072164535522,,1.3330072164535522,16219
"Adam Engel","CHW",140,,1.3305026292800903,,1.3305026292800903,15082
"Zach Thompson","MIA",18,75,0.00837403442710638,1.3179258108139038,1.3262998452410102,16094
"Rougned Odor","NYY",361,,1.3216019868850708,,1.3216019868850708,12282
"Tyrone Taylor","MIL",271,,1.3208956718444824,,1.3208956718444824,13675
"Jesús Aguilar","MIA",510,,1.3201273679733276,,1.3201273679733276,11342
"Matt Barnes","BOS",,54.6666,0,1.307235836982727,1.307235836982727,12863
"Trevor Williams","- - -",28,90.9999,0.13763834768906236,1.153713345527649,1.2913516932167113,16977
"Drew Steckenrider","SEA",,67.6666,0,1.2889587879180908,1.2889587879180908,18806
"James Kaprielian","OAK",4,119.3333,0.05636231601238251,1.231092095375061,1.2874544113874435,18331
"Michael Pineda","MIN",3,109.3333,-0.03151359781622887,1.31879460811615,1.287281010299921,5372
"Lucas Sims","CIN",2,47,-0.023650217801332474,1.306571125984192,1.2829209081828594,13470
"Casey Mize","DET",3,150.3333,0.024964746087789536,1.246364712715149,1.2713294588029385,20492
"Nick Madrigal","CHW",215,,1.2686655521392822,,1.2686655521392822,20521
"Tyler Rogers","SFG",,81,0,1.2679529190063477,1.2679529190063477,15541
"A.J. Minter","ATL",1,52.3333,-0.011368700303137302,1.2741743326187134,1.262805632315576,18655
"Kwang Hyun Kim","STL",29,106.6666,0.01433967612683773,1.2458398342132568,1.2601795103400946,27458
"José Suarez","LAA",1,98.3333,-0.01088799349963665,1.2684375047683716,1.257549511268735,19911
"Paul DeJong","STL",402,,1.251231074333191,,1.251231074333191,18015
"Gio Urshela","NYY",442,,1.2456905841827393,,1.2456905841827393,10681
"Aaron Bummer","CHW",,56.3333,0,1.2422547340393066,1.2422547340393066,16258
"Domingo Germán","NYY",3,98.3333,-0.031238211318850517,1.2719422578811646,1.240704046562314,17149
"Ryan Yarbrough","TBR",4,155,-0.040450166910886765,1.2772635221481323,1.2368133552372456,16502
"Jack Flaherty","STL",26,78.3333,0.30393093824386597,0.9315710067749023,1.2355019450187683,17479
"Ryan Jeffers","MIN",293,,1.2305424213409424,,1.2305424213409424,24618
"Brendan Rodgers","COL",415,,1.2290494441986084,,1.2290494441986084,17907
"Matt Duffy","CHC",322,0.3333,1.209385633468628,0.002137713599950075,1.211523347068578,13836
"Austin Nola","SDP",194,,1.2100473642349243,,1.2100473642349243,15941
"Jason Castro","HOU",179,,1.1924561262130737,,1.1924561262130737,8722
"Zack Greinke","HOU",2,171,-0.021114028990268707,1.208608865737915,1.1874948367476463,1943
"Génesis Cabrera","STL",,70,0,1.1828500032424927,1.1828500032424927,17490
"Jordan Romano","TOR",,63,0,1.1726361513137817,1.1726361513137817,16122
"Thairo Estrada","SFG",132,,1.1684118509292603,,1.1684118509292603,16426
"Nick Solak","TEX",511,,1.1614683866500854,,1.1614683866500854,19294
"David Bednar","PIT",1,60.6666,-0.011366551741957664,1.1720056533813477,1.16063910163939,19569
"Paolo Espino","WSN",33,109.6666,0.018808409571647644,1.1399372816085815,1.1587456911802292,8246
"Francisco Mejía","TBR",277,2,1.2259997129440308,-0.07140731066465378,1.154592402279377,16403
"Kyle Freeland","COL",40,120.6666,-0.36568158864974976,1.5185813903808594,1.1528998017311096,16256
"Gary Sánchez","NYY",440,,1.1445869207382202,,1.1445869207382202,11442
"Adam Cimber","- - -",2,71.6666,-0.02249995805323124,1.1593420803546906,1.1368421223014593,15288
"Andy Ibáñez","TEX",272,,1.1313544511795044,,1.1313544511795044,18819
"Triston McKenzie","CLE",2,120,0.051760487258434296,1.077742576599121,1.1295030638575554,18000
"Seth Brown","OAK",307,,1.1250771284103394,,1.1250771284103394,18171
"Garrett Richards","BOS",5,136.6666,0.04602833837270737,1.0774604082107544,1.1234887465834618,9784
"Austin Gomber","COL",42,115.3333,-0.20847375690937042,1.3268715143203735,1.1183977574110031,16561
"Andrew Heaney","- - -",4,129.66660000000002,0.0865549435839057,1.0313068330287933,1.117861776612699,15423
"Mitch Keller","PIT",32,100.6666,-0.0043604495003819466,1.1217459440231323,1.1173854945227504,17594
"Jose Alvarez","SFG",5,64.6666,0.08912774175405502,1.0253791809082031,1.1145069226622581,5358
"Jake McGee","SFG",,59.6666,0,1.1096713542938232,1.1096713542938232,7550
"Brad Keller","KCR",7,133.6666,-0.07810737192630768,1.1808425188064575,1.1027351468801498,15734
"Jake Fraley","SEA",265,,1.0991711616516113,,1.0991711616516113,19260
"Jake Meyers","HOU",163,,1.0978394746780396,,1.0978394746780396,20308
"Casey Sadler","SEA",,40.3333,0,1.0954152345657349,1.0954152345657349,11209
"Ji Man Choi","TBR",305,,1.0927884578704834,,1.0927884578704834,5452
"Matt Wisler","- - -",1,48.6666,-0.010731511749327183,1.0993192438036203,1.0885877320542932,12804
"Dylan Moore","SEA",377,,1.0813267230987549,,1.0813267230987549,18042
"Kyle Hendricks","CHC",61,181,-0.07044583559036255,1.1421937942504883,1.0717479586601257,12049
"Kendall Graveman","- - -",,56,0,1.0649628043174744,1.0649628043174744,15514
"Jeff McNeil","NYM",426,,1.06266188621521,,1.06266188621521,15362
"Mark Melancon","SDP",1,64.6666,-0.010550415143370628,1.0727695226669312,1.0622191075235605,4264
"Ramón Urías","BAL",296,,1.0596537590026855,,1.0596537590026855,18795
"Yusei Kikuchi","SEA",2,157,-0.0202955212444067,1.0778179168701172,1.0575223956257105,20633
"Michael Wacha","TBR",3,124.6666,-0.03033762238919735,1.087422490119934,1.0570848677307367,14078
"Clay Holmes","- - -",1,70,-0.011366551741957664,1.0641727447509766,1.052806193009019,13649
"Tommy Pham","SDP",561,,1.051956295967102,,1.051956295967102,2967
"Tyler Matzek","ATL",,63,0,1.0517758131027222,1.0517758131027222,10058
"Josh Taylor","BOS",,47.6666,0,1.050362467765808,1.050362467765808,17359
"Jake Odorizzi","HOU",1,104.6666,-0.010557014495134354,1.0606656074523926,1.0501085929572582,6397
"Daniel Hudson","- - -",,51.6666,0,1.047098383307457,1.047098383307457,7146
"Eric Haase","DET",381,,1.0420904159545898,,1.0420904159545898,14111
"Brian Anderson","MIA",264,,1.0335209369659424,,1.0335209369659424,18289
"Charlie Culberson","TEX",271,2,1.0165681838989258,0.014008806087076664,1.0305769899860024,3298
"Niko Goodrum","DET",325,,1.023566484451294,,1.023566484451294,12092
"Richard Bleier","MIA",1,58,-0.01124997902661562,1.0325546264648438,1.0213046474382281,7803
"Freddy Galvis","- - -",394,,1.0198372080922127,,1.0198372080922127,6609
"Christian Vázquez","BOS",498,,1.0186617374420166,,1.0186617374420166,9774
"Josh Staumont","KCR",,65.6666,0,1.0130925178527832,1.0130925178527832,18335
"Zach Plesac","CLE",,142.6666,0,1.002585768699646,1.002585768699646,19979
"Anthony Bender","MIA",2,61.3333,-0.02249995805323124,1.0159187316894531,0.9934187736362219,19742
"Brett Gardner","NYY",461,,0.9769628047943115,,0.9769628047943115,9927
"Gavin Lux","LAD",381,,0.9719921350479126,,0.9719921350479126,19955
"Pete Fairbanks","TBR",,42.6666,0,0.9715854525566101,0.9715854525566101,17998
"Jose Trevino","TEX",302,,0.9618490934371948,,0.9618490934371948,16725
"Tyler Alexander","DET",2,106.3333,-0.021387159824371338,0.9820524454116821,0.9606652855873108,17735
"Carlos Hernández","KCR",4,85.6666,-0.044632792472839355,1.0047518014907837,0.9601190090179443,22713
"Jesús Sánchez","MIA",251,,0.9534019231796265,,0.9534019231796265,19913
"Adalberto Mondesi","KCR",136,,0.951124370098114,,0.951124370098114,13769
"Eddie Rosario","- - -",412,,0.9492680877447128,,0.9492680877447128,12155
"Trey Mancini","BAL",616,,0.9472377300262451,,0.9472377300262451,15149
"Sergio Alcántara","CHC",255,0.3333,0.9428081512451172,0.002137713599950075,0.9449458648450673,16417
"Tyler Wells","BAL",,57,0,0.9422575235366821,0.9422575235366821,20000
"Andrelton Simmons","MIN",451,,0.9381962418556213,,0.9381962418556213,10847
"Connor Joe","COL",211,,0.9374334812164307,,0.9374334812164307,16572
"Jake Rogers","DET",127,1,0.9441804885864258,-0.009212222881615162,0.9349682657048106,19452
"Bailey Ober","MIN",2,92.3333,0.051529739052057266,0.8830959796905518,0.934625718742609,21224
"Travis d'Arnaud","ATL",229,,0.9328188896179199,,0.9328188896179199,7739
"Jimmy Nelson","LAD",3,29,-0.03270259127020836,0.9600884914398193,0.927385900169611,10547
"Jesse Chavez","ATL",3,33.6666,-0.03410609811544418,0.9596637487411499,0.9255576506257057,5448
"Tim Mayza","TOR",,53,0,0.9243347644805908,0.9243347644805908,15042
"Tylor Megill","NYM",31,89.6666,0.22558578848838806,0.6883647441864014,0.9139505326747894,21318
"Lane Thomas","- - -",264,,0.9105390310287476,,0.9105390310287476,16939
"Dominic Leone","SFG",,53.6666,0,0.8996515274047852,0.8996515274047852,13763
"Luis Cessa","- - -",,64.6666,0,0.8977525532245636,0.8977525532245636,13345
"David Price","LAD",18,73.6666,0.1647859811782837,0.7328647375106812,0.8976507186889648,3184
"Taylor Ward","LAA",237,,0.8920432925224304,,0.8920432925224304,17548
"Miguel Sanó","MIN",532,,0.87789386510849,,0.87789386510849,12164
"Jed Lowrie","OAK",512,,0.8725797533988953,,0.8725797533988953,4418
"Eric Hosmer","SDP",565,,0.8723864555358887,,0.8723864555358887,3516
"Steve Cishek","LAA",,68.3333,0,0.8603876233100891,0.8603876233100891,6483
"David Fletcher","LAA",665,,0.8455070853233337,,0.8455070853233337,17992
"Ryan Mountcastle","BAL",586,,0.8364686369895935,,0.8364686369895935,18373
"Pierce Johnson","SDP",,58.6666,0,0.8282377123832703,0.8282377123832703,13435
"Garrett Cooper","MIA",250,,0.8271416425704956,,0.8271416425704956,15279
"Jace Peterson","MIL",302,2,0.80355304479599,0.018690165132284164,0.8222432099282742,12325
"Tejay Antone","CIN",5,33.6666,0.012267093174159527,0.8059249520301819,0.8181920452043414,16233
"Brad Boxberger","MIL",,64.6666,0,0.8152446746826172,0.8152446746826172,10133
"Caleb Thielbar","MIN",,64,0,0.8115706443786621,0.8115706443786621,10078
"Chris Sale","BOS",1,42.6666,-0.011397121474146843,0.8158844113349915,0.8044872898608446,10603
"Adbert Alzolay","CHC",33,125.6666,-0.15015722811222076,0.948838472366333,0.7986812442541122,17859
"Christian Arroyo","BOS",181,1,0.8697156310081482,-0.07286269962787628,0.7968529313802719,16434
"Bryan De La Cruz","MIA",219,,0.7962135672569275,,0.7962135672569275,19600
"Matt Manning","DET",1,85.3333,-0.010693579912185669,0.8056545257568359,0.7949609458446503,20369
"Tres Barrera","WSN",107,,0.7802990674972534,,0.7802990674972534,19977
"Craig Stammen","SDP",7,88.3333,0.02778603881597519,0.7516275644302368,0.779413603246212,7274
"Jorge López","BAL",2,121.6666,-0.02181040123105049,0.7909140586853027,0.7691036574542522,14527
"Brooks Raley","HOU",,49,0,0.7666072845458984,0.7666072845458984,10061
"Tony Watson","- - -",1,57.3333,-0.01088799349963665,0.7738136500120163,0.7629256565123796,3132
"Aaron Civale","CLE",2,124.3333,0.036230914294719696,0.7258145809173584,0.7620454952120781,19479
"Erick Fedde","WSN",43,133.3333,-0.4188123345375061,1.179939866065979,0.7611275315284729,17425
"Starlin Castro","WSN",346,,0.7598063349723816,,0.7598063349723816,4579
"Yu Chang","CLE",251,,0.7539474368095398,,0.7539474368095398,14773
"Corey Dickerson","- - -",365,,0.7535904347896576,,0.7535904347896576,10762
"Brett Anderson","MIL",34,96,-0.1652754843235016,0.9168662428855896,0.751590758562088,8223
"Austin Warren","LAA",,20.3333,0,0.7492755055427551,0.7492755055427551,24937
"Cam Gallagher","KCR",124,,0.7453503012657166,,0.7453503012657166,12981
"Richard Rodríguez","- - -",,64.33330000000001,0,0.7447257041931152,0.7447257041931152,13549
"Codi Heuer","- - -",,67.3332,0,0.7417328357696533,0.7417328357696533,23293
"Mike Mayers","LAA",,75,0,0.740606963634491,0.740606963634491,15451
"Alejandro Kirk","TOR",189,,0.7380865216255188,,0.7380865216255188,22581
"Jonah Heim","TEX",285,,0.7377805113792419,,0.7377805113792419,16930
"Derek Hill","DET",150,,0.7314953804016113,,0.7314953804016113,16947
"Connor Brogdon","PHI",,57.6666,0,0.7312155365943909,0.7312155365943909,21205
"Chris Stratton","PIT",2,79.3333,-0.02273310348391533,0.7485541701316833,0.725821066647768,13761
"Alec Mills","CHC",36,119,-0.28838080167770386,1.0113985538482666,0.7230177521705627,13834
"Brad Miller","PHI",377,,0.7227888703346252,,0.7227888703346252,12775
"Reynaldo López","CHW",,57.6666,0,0.7199418544769287,0.7199418544769287,16400
"Tyler Duffey","MIN",,62.3333,0,0.7054041028022766,0.7054041028022766,13758
"Luis García","STL",,33.3333,0,0.7049029469490051,0.7049029469490051,6984
"Dallas Keuchel","CHW",2,162,-0.021556677296757698,0.7202857136726379,0.6987290363758802,9434
"Tomás Nido","NYM",161,,0.6965364217758179,,0.6965364217758179,13755
"Joey Lucchesi","NYM",11,38.3333,-0.05990561097860336,0.749935507774353,0.6900298967957497,19320
"Joe Kelly","LAD",3,44,-0.03270259127020836,0.719156801700592,0.6864542104303837,9761
"Wily Peralta","DET",2,93.6666,0.035658325999975204,0.6501455307006836,0.6858038567006588,7738
"Andrés Giménez","CLE",210,,0.6836506724357605,,0.6836506724357605,19950
"Michael King","NYY",,63.3333,0,0.6835719347000122,0.6835719347000122,19853
"Diego Castillo","- - -",,58.3333,0,0.677197627723217,0.677197627723217,17496
"Austin Barnes","LAD",225,,0.6763905882835388,,0.6763905882835388,12158
"Spencer Patton","TEX",,42.3333,0,0.6753616333007812,0.6753616333007812,12361
"Kyle Higashioka","NYY",211,,0.6685924530029297,,0.6685924530029297,5517
"Travis Jankowski","PHI",157,,0.6673306822776794,,0.6673306822776794,13768
"Pavin Smith","ARI",545,,0.664038360118866,,0.664038360118866,19892
"Robinson Chirinos","CHC",112,,0.6638330817222595,,0.6638330817222595,3142
"Luis Patiño","TBR",,77.3333,0,0.6628178954124451,0.6628178954124451,22815
"Guillermo Heredia","ATL",347,,0.659709632396698,,0.659709632396698,18721
"Joe Mantiply","ARI",,39.6666,0,0.6587197184562683,0.6587197184562683,14857
"Ryan Thompson","TBR",,34,0,0.65418940782547,0.65418940782547,16647
"José Peraza","NYM",154,,0.6467567086219788,,0.6467567086219788,13593
"Kyle Muller","ATL",13,36.6666,-0.008517234586179256,0.6541677713394165,0.6456505367532372,20167
"Óscar Mercado","CLE",238,,0.6426674723625183,,0.6426674723625183,16375
"Joely Rodríguez","- - -",,46.3333,0,0.637987494468689,0.637987494468689,11487
"Tommy La Stella","SFG",242,,0.6351743936538696,,0.6351743936538696,12371
"Tony Gonsolin","LAD",19,55.6666,0.10582525283098221,0.5265891551971436,0.6324144080281258,19388
"Phil Maton","- - -",1,66.6666,-0.010407284833490849,0.6426743417978287,0.6322670569643378,18064
"Martín Pérez","BOS",3,114,-0.03419136255979538,0.6635087132453918,0.6293173506855965,6902
"Luke Jackson","ATL",,63.6666,0,0.6264016628265381,0.6264016628265381,11752
"Paul Fry","BAL",,47.3333,0,0.6253774762153625,0.6253774762153625,15832
"Brett Martin","TEX",,62.3333,0,0.6203272342681885,0.6203272342681885,17369
"Tom Murphy","SEA",325,,0.6189906001091003,,0.6189906001091003,13499
"Dinelson Lamet","SDP",7,47,-0.0168074369430542,0.6341496706008911,0.6173422336578369,17186
"John King","TEX",1,46,-0.01069110631942749,0.6275392174720764,0.6168481111526489,22051
"Randal Grichuk","TOR",545,,0.61417555809021,,0.61417555809021,10243
"Cristian Javier","HOU",,101.3333,0,0.6103471517562866,0.6103471517562866,17606
"Nick Sandlin","CLE",,33.6666,0,0.6079961061477661,0.6079961061477661,20517
"Tarik Skubal","DET",3,149.3333,-0.03208073601126671,0.6379354000091553,0.6058546639978886,22267
"Lou Trivino","OAK",,73.6666,0,0.6039261221885681,0.6039261221885681,15043
"Tyler Wade","NYY",145,,0.6032857894897461,,0.6032857894897461,15730
"Kevin Pillar","NYM",347,0.3333,0.6001073122024536,0.0021116062998771667,0.6022189185023308,12434
"Jose Siri","HOU",49,,0.5950036644935608,,0.5950036644935608,17452
"Vladimir Gutierrez","CIN",42,114,-0.10190390050411224,0.6964967250823975,0.5945928245782852,19278
"Dietrich Enns","TBR",,22.3333,0,0.5938728451728821,0.5938728451728821,13932
"Greg Allen","NYY",48,,0.593224048614502,,0.593224048614502,16623
"Daniel Bard","COL",1,65.6666,0.059545449912548065,0.5327827334403992,0.5923281833529472,7115
"Glenn Otto","TEX",,23.3333,0,0.5894821286201477,0.5894821286201477,21366
"Corey Knebel","LAD",2,25.6666,-0.021801726892590523,0.6109464168548584,0.5891446899622679,15010
"Keegan Akin","BAL",2,95,-0.02181040123105049,0.6071674227714539,0.5853570215404034,19362
"Lars Nootbaar","STL",124,,0.5850648283958435,,0.5850648283958435,21454
"Carlos Estévez","COL",,61.6666,0,0.5807471871376038,0.5807471871376038,14542
"Jack Mayfield","- - -",290,0.3333,0.5776063501834869,0.0020808838307857513,0.5796872340142727,15402
"Luke Weaver","ARI",22,65.6666,-0.010997042059898376,0.589067280292511,0.5780702382326126,16918
"Adam Ottavino","BOS",,62,0,0.5769082307815552,0.5769082307815552,1247
"Brandon Marsh","LAA",260,,0.5734052062034607,,0.5734052062034607,20202
"Daniel Lynch IV","KCR",,68,0,0.5726497769355774,0.5726497769355774,21537
"Ehire Adrianza","ATL",209,,0.5680302381515503,,0.5680302381515503,8418
"Aroldis Chapman","NYY",,56.3333,0,0.5661330223083496,0.5661330223083496,10233
"Art Warren","CIN",,21,0,0.5596175193786621,0.5596175193786621,18251
"Kyle Lewis","SEA",147,,0.5579997897148132,,0.5579997897148132,19508
"Matt Vierling","PHI",77,,0.553335964679718,,0.553335964679718,21558
"Luke Voit","NYY",241,,0.5530346632003784,,0.5530346632003784,14811
"Josh Fleming","TBR",1,104.3333,-0.010112541727721691,0.5543966889381409,0.5442841472104192,20418
"Joe Ryan","MIN",2,26.6666,-0.021009063348174095,0.5650553107261658,0.5440462473779917,21390
"Chris Rodriguez","LAA",,29.6666,0,0.534071147441864,0.534071147441864,22310
"José Cisnero","DET",,61.6666,-0.010832209140062332,0.5444833040237427,0.5336510948836803,6399
"Domingo Tapia","- - -",,33.6666,0,0.5306205675005913,0.5306205675005913,12178
"Justin Dunn","SEA",3,50.3333,0.05543201416730881,0.47440749406814575,0.5298395082354546,19268
"Taylor Clarke","ARI",3,43.3333,0.038921013474464417,0.49049317836761475,0.5294141918420792,17611
"Héctor Neris","PHI",1,74.3333,-0.011259553954005241,0.5393314957618713,0.5280719418078661,11804
"Robert Stephenson","COL",,46,0,0.521615207195282,0.521615207195282,13594
"Trevor May","NYM",,62.6666,0,0.5208824276924133,0.5208824276924133,6398
"Jordan Luplow","- - -",193,1,0.5828785002231598,-0.06267201155424118,0.5202064886689186,16424
"Dillon Peters","PIT",8,26.6666,-0.01170369889587164,0.5313185453414917,0.5196148464456201,18790
"José Ruiz","CHW",1,65,-0.010778338648378849,0.5302013754844666,0.5194230368360877,14552
"Keibert Ruiz","- - -",96,,0.5179082965478301,,0.5179082965478301,19610
"Noé Ramirez","- - -",,35.999900000000004,0,0.5173432603478432,0.5173432603478432,12800
"Carlos Martinez","STL",25,82.3333,-0.09761276841163635,0.6087191104888916,0.5111063420772552,11682
"Jake Marisnick","- - -",198,,0.5105211567133665,,0.5105211567133665,11339
"Dustin Garneau","DET",68,,0.5079696178436279,,0.5079696178436279,9433
"Raimel Tapia","COL",533,,0.5062364935874939,,0.5062364935874939,14350
"Trevor Cahill","PIT",9,37,-0.029710805043578148,0.5352066159248352,0.5054958108812571,6249
"Kyle Isbel","KCR",83,,0.5006396770477295,,0.5006396770477295,21614
"Jakob Junis","KCR",2,39.3333,-0.022316396236419678,0.5176243782043457,0.495307981967926,13619
"Phil Bickford","- - -",3,51.3333,0.039479825645685196,0.4542370066046715,0.4937168322503567,18519
"Marco Gonzales","SEA",4,143.3333,-0.0405910424888134,0.5342565178871155,0.4936654753983021,15467
"Luis Guillorme","NYM",156,1,0.5019730925559998,-0.010888269171118736,0.491084823384881,16451
"José Quijada","LAA",,25.6666,0,0.48572444915771484,0.48572444915771484,19200
"Spencer Howard","- - -",7,49.6666,0.12029968202114105,0.3613559901714325,0.48165567219257355,23252
"Gavin Sheets","CHW",179,,0.47778603434562683,,0.47778603434562683,19901
"Chris Owings","COL",50,,0.4762509763240814,,0.4762509763240814,10030
"Trayce Thompson","CHC",35,,0.4701918661594391,,0.4701918661594391,9952
"Brent Suter","MIL",4,73.3333,-0.044889964163303375,0.5135482549667358,0.46865829080343246,13942
"Dustin May","LAD",4,23,-0.043603453785181046,0.5111124515533447,0.4675089977681637,19716
"Bobby Dalbec","BOS",453,,0.4624249041080475,,0.4624249041080475,19966
"Drew Pomeranz","SDP",,25.6666,0,0.45752575993537903,0.45752575993537903,11426
"Miles Mikolas","STL",15,44.6666,-0.06828591972589493,0.5221090912818909,0.45382317155599594,9803
"Louis Head","TBR",,35,0,0.4511733949184418,0.4511733949184418,13259
"Chris Martin","ATL",,43.3333,0,0.450276643037796,0.450276643037796,11847
"Anthony Misiewicz","SEA",,54.6666,0,0.4449158012866974,0.4449158012866974,18152
"Jose Quintana","- - -",2,62.999900000000004,0.10817061364650726,0.3363446146249771,0.4445152282714844,11423
"Sam Coonrod","PHI",1,42.3333,-0.011259553954005241,0.4493560791015625,0.43809652514755726,17264
"Abraham Toro","- - -",375,,0.4379638582468033,,0.4379638582468033,19844
"Jaime Barria","LAA",3,56.6666,-0.0326639786362648,0.4704604744911194,0.4377964958548546,18356
"Reiver Sanmartin","CIN",6,11.6666,-0.07095065712928772,0.5060750842094421,0.4351244270801544,19754
"Mitch White","LAD",16,46.6666,-0.11775806546211243,0.5493847131729126,0.43162664771080017,19225
"Erik Swanson","SEA",,35.3333,0,0.4236285090446472,0.4236285090446472,16587
"Matt Beaty","LAD",234,,0.420328289270401,,0.420328289270401,17710
"Ryne Stanek","HOU",,68.3333,0,0.413780152797699,0.413780152797699,15947
"Luis Gil","NYY",,29.3333,0,0.41355597972869873,0.41355597972869873,21052
"Will Smith","ATL",,68,0,0.41322803497314453,0.41322803497314453,8048
"Dillon Tate","BAL",,67.6666,0,0.4116360545158386,0.4116360545158386,17796
"Yimi García","- - -",,57.6666,0,0.410262867808342,0.410262867808342,12095
"Joe Barlow","TEX",,29,0,0.4086618721485138,0.4086618721485138,22296
"Sam Hentges","CLE",1,68.6666,-0.010407284833490849,0.41730597615242004,0.4068986913189292,18548
"Taylor Walls","TBR",176,,0.4060452878475189,,0.4060452878475189,22458
"Ryan Zimmerman","WSN",273,,0.4054087698459625,,0.4054087698459625,4220
"Gregory Soto","DET",,63.6666,0,0.40480539202690125,0.40480539202690125,19677
"Rob Refsnyder","MIN",157,,0.40369588136672974,,0.40369588136672974,13770
"Jorge Mateo","- - -",209,,0.399911105632782,,0.399911105632782,17273
"Conner Greene","- - -",,25.3333,0,0.3999021500349045,0.3999021500349045,16455
"Aaron Ashby","MIL",4,31.6666,0.03128507360816002,0.3668312728404999,0.3981163464486599,23550
"Deolis Guerra","OAK",,65.6666,0,0.39612817764282227,0.39612817764282227,8410
"Estevan Florial","NYY",25,,0.39442288875579834,,0.39442288875579834,19151
"Jarlín García","SFG",2,68.6666,-0.021463023498654366,0.4150104224681854,0.39354739896953106,18282
"Sean Doolittle","- - -",,49.6666,0,0.39307403564453125,0.39307403564453125,1581
"Dom Nuñez","COL",263,,0.3929567039012909,,0.3929567039012909,15055
"Seth Lugo","NYM",1,46.3333,-0.010631918907165527,0.39943012595176697,0.38879820704460144,12447
"Sam Hilliard","COL",238,,0.3870701193809509,,0.3870701193809509,17954
"Rowan Wick","CHC",,23,0,0.3869458734989166,0.3869458734989166,14646
"David Phelps","TOR",,10.3333,0,0.3844320476055145,0.3844320476055145,6316
"Rafael Montero","- - -",,49.3333,0,0.38417643308639526,0.38417643308639526,12760
"Joel Payamps","- - -",,50.3333,0,0.3819572776556015,0.3819572776556015,14332
"Kodi Whitley","STL",,25.3333,0,0.3792532682418823,0.3792532682418823,19731
"Brad Wieck","CHC",,17,0,0.374738484621048,0.374738484621048,16390
"Chris Ellis","- - -",,29.3333,0,0.37216152995824814,0.37216152995824814,16125
"Ha-Seong Kim","SDP",298,,0.3716122806072235,,0.3716122806072235,27506
"Josh Naylor","CLE",250,,0.3707023561000824,,0.3707023561000824,18839
"Kevin Plawecki","BOS",173,1,0.3628028929233551,0.007325055543333292,0.3701279484666884,13807
"David Peterson","NYM",20,66.6666,-0.013046239502727985,0.3809128701686859,0.3678666306659579,20302
"Alex Avila","WSN",111,,0.36525872349739075,,0.36525872349739075,7476
"Jharel Cotton","TEX",,30.6666,0,0.36499661207199097,0.36499661207199097,13654
"Tanner Scott","BAL",,54,0,0.36300167441368103,0.36300167441368103,17586
"Ernie Clement","CLE",133,,0.3619544208049774,,0.3619544208049774,20352
"Kervin Castro","SFG",,13.3333,0,0.3611834943294525,0.3611834943294525,21656
"Hanser Alberto","KCR",255,0.3333,0.3586871027946472,0.002201140159741044,0.36088824295438826,11902
"J.A. Happ","- - -",15,152.3333,-0.10654503852128983,0.46132204309105873,0.3547770045697689,7410
"Kyle Garlick","MIN",107,,0.35318660736083984,,0.35318660736083984,18063
"Bruce Zimmermann","BAL",4,64.3333,-0.04362080246210098,0.39450398087501526,0.3508831784129143,20370
"Tyler Gilbert","ARI",11,40,-0.12344616651535034,0.47266069054603577,0.3492145240306854,17964
"John Gant","- - -",18,109.9999,-0.19630856812000275,0.5450597852468491,0.3487512171268463,13684
"Eli Morgan","CLE",2,89.3333,-0.020814569666981697,0.3691743016242981,0.3483597319573164,20203
"Christian Walker","ARI",445,,0.34815362095832825,,0.34815362095832825,13419
"Webster Rivas","SDP",77,,0.34393301606178284,,0.34393301606178284,14636
"Joe Smith","- - -",,39.6666,0,0.343474842607975,0.343474842607975,3281
"Jon Lester","- - -",51,141.3333,0.2641422748565674,0.07811725325882435,0.34225952811539173,4930
"Héctor Santiago","SEA",,26.3333,0,0.33902254700660706,0.33902254700660706,4026
"Curt Casali","SFG",231,,0.3379175662994385,,0.3379175662994385,12510
"Josh Sborz","TEX",1,59,-0.01069110631942749,0.3462425172328949,0.3355514109134674,18323
"James McCann","NYM",412,,0.33244654536247253,,0.33244654536247253,12859
"JT Chargois","- - -",,53.6666,0,0.33085745573043823,0.33085745573043823,13767
"Bobby Bradley","CLE",279,,0.32896873354911804,,0.32896873354911804,17278
"Jake Woodford","STL",20,67.6666,-0.059494078159332275,0.3850526511669159,0.3255585730075836,18674
"Hunter Strickland","- - -",2,58.6666,-0.022444982081651688,0.3464302122592926,0.3239852301776409,7836
"Derek Holland","DET",,49.6666,0,0.32358142733573914,0.32358142733573914,4141
"Dakota Hudson","STL",4,8.6666,0.06694670021533966,0.25661396980285645,0.3235606700181961,19206
"José Ureña","DET",1,100.6666,-0.010693579912185669,0.33208945393562317,0.3213958740234375,11589
"Jake Brentz","KCR",1,64,0.045887283980846405,0.27174052596092224,0.31762780994176865,17783
"Eloy Jiménez","CHW",231,,0.31435585021972656,,0.31435585021972656,17484
"Jake Burger","CHW",42,,0.3120543658733368,,0.3120543658733368,22275
"Anthony Alford","PIT",148,,0.31091323494911194,,0.31091323494911194,14329
"Joc Pederson","- - -",481,,0.31089941784739494,,0.31089941784739494,11899
"Pablo Reyes","MIL",87,,0.3102267384529114,,0.3102267384529114,16357
"Ryan Helsley","STL",,47.3333,0,0.30868831276893616,0.30868831276893616,18138
"Zack Littell","SFG",4,61.6666,0.028353577479720116,0.27777335047721863,0.30612692795693874,15823
"Max Kranick","PIT",14,38.6666,-0.1591317057609558,0.46447861194610596,0.30534690618515015,22175
"Heath Hembree","- - -",1,57.999900000000004,-0.011825108900666237,0.3160807862877846,0.30425567738711834,11632
"Kris Bubic","KCR",5,130,-0.055790990591049194,0.36002612113952637,0.3042351305484772,21455
"Aaron Sanchez","SFG",10,35.3333,-0.10731513053178787,0.4070495069026947,0.29973437637090683,11490
"JT Brubaker","PIT",43,124.3333,-0.03570423647761345,0.3332381844520569,0.29753394797444344,17578
"Trevor Richards","- - -",1,64.3332,0.04582298919558525,0.25033358111977577,0.296156570315361,19309
"Martín Maldonado","HOU",426,,0.2959197461605072,,0.2959197461605072,6887
"Braxton Garrett","MIA",11,34,0.020786644890904427,0.2723129391670227,0.29309958405792713,21844
"Jimmy Herget","- - -",,18.666600000000003,0,0.2928309366106987,0.2928309366106987,17556
"Kyle Funkhouser","DET",,68.3333,0,0.2927742898464203,0.2927742898464203,19456
"Billy Hamilton","CHW",135,,0.2889387011528015,,0.2889387011528015,10199
"Brusdar Graterol","LAD",2,33.3333,-0.021801726892590523,0.3101416230201721,0.2883398961275816,20367
"Humberto Castellanos","ARI",7,45.6666,0.23309166729450226,0.05406790226697922,0.2871595695614815,21183
"Ben Rortvedt","MIN",98,,0.286660373210907,,0.286660373210907,20287
"Yonathan Daza","COL",331,,0.28563106060028076,,0.28563106060028076,15794
"Austin Hedges","CLE",312,,0.2849377989768982,,0.2849377989768982,12976
"John Hicks","TEX",31,,0.28458458185195923,,0.28458458185195923,12547
"T.J. McFarland","STL",,38.6666,0,0.2791627049446106,0.2791627049446106,3237
"Alex Kirilloff","MIN",231,,0.2749979496002197,,0.2749979496002197,20325
"Victor Reyes","DET",220,,0.27440348267555237,,0.27440348267555237,15487
"Ronald Torreyes","PHI",344,2.6666,0.376809298992157,-0.10289722681045532,0.27391207218170166,11400
"Camilo Doval","SFG",,27,0,0.2729198932647705,0.2729198932647705,21992
"Chi Chi González","COL",34,101.6666,0.0025411532260477543,0.267355352640152,0.26989650586619973,14663
"José Rondón","STL",90,,0.26811131834983826,,0.26811131834983826,14140
"Zach Pop","MIA",2,54.6666,-0.02249995805323124,0.2870990037918091,0.26459904573857784,20185
"Bailey Falter","PHI",5,33.6666,-0.056297775357961655,0.3198704421520233,0.26357266679406166,20070
"Sean Newcomb","ATL",2,32.3333,-0.027119020000100136,0.2898508310317993,0.2627318110316992,16943
"Steven Brault","PIT",8,27.6666,0.048795539885759354,0.21066488325595856,0.2594604231417179,15291
"Danny Coulombe","MIN",1,34.3333,-0.010504531674087048,0.26891931891441345,0.2584147872403264,13293
"Ryan Burr","CHW",,36.6666,0,0.25646618008613586,0.25646618008613586,17536
"J.P. Feyereisen","- - -",,55.999900000000004,0,0.25500237941741943,0.25500237941741943,16610
"Adrián Sanchez","WSN",38,,0.2523011863231659,,0.2523011863231659,11338
"Alex Vesia","LAD",4,40,0.0134420245885849,0.23663057386875153,0.2500725984573364,25007
"Nick Gordon","MIN",216,,0.24700243771076202,,0.24700243771076202,16337
"Justin Upton","LAA",362,,0.24621030688285828,,0.24621030688285828,5222
"Jorge Alcala","MIN",,59.6666,0,0.24603955447673798,0.24603955447673798,19459
"Austin Adams","SDP",,52.6666,0,0.24583211541175842,0.24583211541175842,13801
"Jake Faria","ARI",3,32.6666,0.09895812720060349,0.14498241245746613,0.2439405396580696,13699
"Brandon Drury","NYM",88,0.6666,0.33206599950790405,-0.08904531598091125,0.2430206835269928,11615
"Tony Santillan","CIN",8,43.3333,0.021987389773130417,0.2198489010334015,0.2418362908065319,19926
"Luis Torrens","SEA",378,,0.24177700281143188,,0.24177700281143188,15905
"Jeffrey Springs","TBR",,44.6666,0,0.23994609713554382,0.23994609713554382,17677
"Jake McCarthy","ARI",70,,0.23977604508399963,,0.23977604508399963,21622
"Anthony Rendon","LAA",249,,0.23766446113586426,,0.23766446113586426,12861
"Blake Parker","CLE",,43.6666,0,0.2351456582546234,0.2351456582546234,5224
"Jon Berti","MIA",271,,0.2321225106716156,,0.2321225106716156,12037
"Archie Bradley","PHI",1,51,-0.011259553954005241,0.24174676835536957,0.23048721440136433,12918
"Brandon Bielak","HOU",,50,0,0.2279757708311081,0.2279757708311081,19866
"Michael Lorenzen","CIN",1,29,-0.007206271402537823,0.23469454050064087,0.22748826909810305,14843
"Cody Stashak","MIN",,15.6666,0,0.22222445905208588,0.22222445905208588,18088
"Yadiel Hernandez","WSN",289,,0.2219184786081314,,0.2219184786081314,19334
"Delino DeShields","CIN",58,,0.22190897166728973,,0.22190897166728973,11379
"Luis González","CHW",11,,0.22173957526683807,,0.22173957526683807,20332
"Tayler Saucedo","TOR",,25.6666,0,0.21963970363140106,0.21963970363140106,17888
"Patrick Corbin","WSN",63,171.6666,0.05631483346223831,0.16315855085849762,0.21947338432073593,9323
"Sean Reid-Foley","NYM",2,20.6666,0.09282712638378143,0.1261809915304184,0.21900811791419983,17034
"Anthony Castro","TOR",,24.6666,0,0.21833433210849762,0.21833433210849762,19789
"Breyvic Valera","TOR",97,,0.21636508405208588,,0.21636508405208588,12758
"César Valdez","BAL",,46,0,0.21408329904079437,0.21408329904079437,9013
"Roman Quinn","PHI",62,,0.21027931571006775,,0.21027931571006775,13546
"Geraldo Perdomo","ARI",37,,0.20927897095680237,,0.20927897095680237,22799
"Dylan Coleman","KCR",,6.3333,0,0.20715031027793884,0.20715031027793884,22276
"Tyler Kinley","COL",,70.3333,0,0.20665723085403442,0.20665723085403442,18297
"Alex Reyes","STL",1,72.3333,-0.010906033217906952,0.21678157150745392,0.20587553828954697,15015
"DJ Peters","- - -",240,,0.20586923509836197,,0.20586923509836197,19348
"John Curtiss","- - -",5,44.3333,-0.058101750910282135,0.2618286609649658,0.20372691005468369,16128
"Yonny Hernández","TEX",166,,0.20327450335025787,,0.20327450335025787,19432
"Taylor Hearn","TEX",,104.3333,0,0.2030724138021469,0.2030724138021469,18325
"Jordan Sheffield","COL",,29.3333,0,0.20248380303382874,0.20248380303382874,19682
"Lucas Gilbreath","COL",,42.6666,0,0.2017272263765335,0.2017272263765335,21290
"J.B. Wendelken","- - -",,43.6666,0,0.20074908062815666,0.20074908062815666,14506
"Richard Lovelady","KCR",,20.6666,0,0.19706061482429504,0.19706061482429504,19337
"Shane Baz","TBR",,13.3333,0,0.1961415857076645,0.1961415857076645,22264
"Juan Minaya","MIN",,40,0,0.19517478346824646,0.19517478346824646,10341
"Sam Long","SFG",11,40.6666,-0.03817940503358841,0.23317977786064148,0.19500037282705307,25379
"Alex Dickerson","SFG",312,,0.1948612928390503,,0.1948612928390503,12649
"Luke Maile","MIL",34,1,0.2544265687465668,-0.059589143842458725,0.19483742490410805,13355
"Max Schrock","CIN",134,1.6665999999999999,0.15537585318088531,0.03471251204609871,0.19008836522698402,17750
"Sergio Romo","OAK",,61.6666,0,0.18976502120494843,0.18976502120494843,9817
"Trevor Larnach","MIN",301,,0.18909840285778046,,0.18909840285778046,21501
"Garrett Hampson","COL",494,,0.18890781700611115,,0.18890781700611115,19262
"Jeff Hoffman","CIN",16,73,-0.015466785058379173,0.2043331265449524,0.18886634148657322,17432
"José De León","CIN",5,18.3333,0.03169543668627739,0.15649165213108063,0.18818708881735802,15463
"Tommy Hunter","NYM",1,8,0.061952415853738785,0.12535642087459564,0.18730883672833443,1157
"Deven Marrero","MIA",19,,0.18702436983585358,,0.18702436983585358,13325
"Alfonso Rivas III","CHC",49,,0.18326091766357422,,0.18326091766357422,21560
"Justin Bruihl","LAD",1,18.6666,0.02492413856089115,0.15656504034996033,0.18148917891085148,23779
"Nick Fortes","MIA",34,,0.1803734004497528,,0.1803734004497528,21538
"Gabe Speier","KCR",,7.6666,0,0.17817525565624237,0.17817525565624237,17170
"James Karinchak","CLE",,55.3333,0,0.17785587906837463,0.17785587906837463,20151
"Anthony Gose","CLE",,6.6666,0,0.1778261363506317,0.1778261363506317,5097
"Patrick Murphy","- - -",1,27.999899999999997,-0.011242068372666836,0.18753809481859207,0.17629602644592524,19712
"Sean Poppen","- - -",1,22.6665,-0.011366551741957664,0.1871215682476759,0.17575501650571823,19583
"Angel Zerpa","KCR",,5,0,0.17546948790550232,0.17546948790550232,22717
"Stephen Ridings","NYY",,5,0,0.1752462089061737,0.1752462089061737,22358
"Jake Cousins","MIL",,30,0,0.17281556129455566,0.17281556129455566,21620
"Connor Overton","- - -",1,15.333200000000001,0.06122160330414772,0.11085644364356995,0.17207804694771767,18376
"Luis Severino","NYY",,6,0,0.16956700384616852,0.16956700384616852,15890
"Michael Hermosillo","CHC",38,,0.16890476644039154,,0.16890476644039154,16285
"Nick Maton","PHI",131,0.3333,0.15531952679157257,0.013500450178980827,0.1688199769705534,21635
"Chris Archer","TBR",,19.3333,0,0.1679965704679489,0.1679965704679489,6345
"Wandy Peralta","- - -",,50.999900000000004,0,0.16744974628090858,0.16744974628090858,14295
"Scott Effross","CHC",1,14.6666,-0.01107543334364891,0.17821848392486572,0.1671430505812168,18384
"Mychal Givens","- - -",,50.9999,0,0.16486399248242378,0.16486399248242378,10430
"Ross Stripling","TOR",6,101.3333,-0.06682831794023514,0.2303086370229721,0.16348031908273697,13273
"Andrew Wantz","LAA",,27.3333,0,0.16345526278018951,0.16345526278018951,24933
"Jake Reed","- - -",1,9.9999,-0.010631918907165527,0.173345570336096,0.16271365142893046,16209
"Chad Pinder","OAK",233,,0.1626843810081482,,0.1626843810081482,15191
"Ronald Bolaños","KCR",,6.3333,0,0.16245906054973602,0.16245906054973602,20041
"Drew Anderson","TEX",,22,0,0.15812349319458008,0.15812349319458008,15130
"Mauricio Dubón","SFG",187,,0.15615901350975037,,0.15615901350975037,16530
"Conner Menez","SFG",,14,0,0.15506517887115479,0.15506517887115479,19199
"Luke Williams","PHI",108,,0.1514371633529663,,0.1514371633529663,19931
"Gabe Klobosits","WSN",,11.3333,0,0.15114566683769226,0.15114566683769226,19881
"Jo Adell","LAA",140,,0.15026313066482544,,0.15026313066482544,20220
"Tyler Chatwood","- - -",1,32,-0.010731511749327183,0.15665467828512192,0.14592316653579473,4338
"Fernando Abad","BAL",,17.6666,0,0.14560358226299286,0.14560358226299286,4994
"Andrew Vasquez","LAD",,1.6665999999999999,0,0.1452646255493164,0.1452646255493164,19482
"Lewin Díaz","MIA",128,,0.14436329901218414,,0.14436329901218414,18365
"Connor Wong","BOS",14,,0.14375539124011993,,0.14375539124011993,19896
"A.J. Puk","OAK",,13.3333,0,0.1436600238084793,0.1436600238084793,19343
"Jhon Romero","WSN",,4,0,0.14286591112613678,0.14286591112613678,19940
"Wilmer Difo","PIT",240,2,0.2334010750055313,-0.09158197045326233,0.14181910455226898,14320
"TJ Friedl","CIN",36,,0.1417756974697113,,0.1417756974697113,19522
"Seth Beer","ARI",10,,0.14045892655849457,,0.14045892655849457,20493
"Charlie Barnes","MIN",1,38,-0.010504531674087048,0.14709442853927612,0.13658989686518908,19865
"Steven Okert","MIA",2,36,-0.02249995805323124,0.158074289560318,0.13557433150708675,13580
"Corey Oswalt","NYM",2,10.3333,-0.021263837814331055,0.15643206238746643,0.13516822457313538,13677
"Kirby Snead","TOR",,7.6666,0,0.1350375860929489,0.1350375860929489,19179
"Jorge Alfaro","MIA",311,,0.13458505272865295,,0.13458505272865295,12180
"Roansy Contreras","PIT",,3,0,0.13236261904239655,0.13236261904239655,22810
"Michael Chavis","- - -",124,,0.1312064528465271,,0.1312064528465271,17321
"Nick Vincent","MIN",,12.6666,0,0.13073766231536865,0.13073766231536865,7555
"Matt Strahm","SDP",,6.6666,0,0.12968654930591583,0.12968654930591583,13799
"Jordan Yamamoto","NYM",2,6.6666,0.05127083510160446,0.0776645690202713,0.12893540412187576,17585
"Austin Davis","- - -",1,26.333199999999998,0.027943143621087074,0.10029857233166695,0.12824171595275402,17117
"Chris Mazza","TBR",,27.3333,0,0.12451715022325516,0.12451715022325516,14151
"Peter Solomon","HOU",,14,0,0.12442213296890259,0.12442213296890259,20476
"Willi Castro","DET",450,,0.12351033836603165,,0.12351033836603165,17338
"Jordan Lyles","TEX",6,180,-0.06414663791656494,0.18765123188495636,0.12350459396839142,7593
"Kyle Finnegan","WSN",,66,0,0.12300194799900055,0.12300194799900055,15009
"Nick Nelson","NYY",,14.3333,0,0.12235433608293533,0.12235433608293533,20153
"Tucker Davidson","ATL",6,20,-0.06821219623088837,0.19031088054180145,0.12209868431091309,19871
"Jason Adam","CHC",,10.6666,0,0.11825279891490936,0.11825279891490936,11861
"Josh Lowe","TBR",2,,0.11730258166790009,,0.11730258166790009,19953
"Drew Hutchison","DET",1,21.3333,-0.010693579912185669,0.12744179368019104,0.11674821376800537,10732
"Austin Allen","OAK",8,,0.1158047765493393,,0.1158047765493393,18083
"Grayson Greiner","DET",82,,0.11496023833751678,,0.11496023833751678,17062
"Edwin Uceta","LAD",5,20.3333,0.018083829432725906,0.09518617391586304,0.11327000334858894,20539
"Evan Marshall","CHW",,27.3333,0,0.11273901164531708,0.11273901164531708,12297
"Victor González","LAD",,35.3333,0,0.11123288422822952,0.11123288422822952,16408
"José Barrero","CIN",56,,0.10761827230453491,,0.10761827230453491,23378
"Cristopher Sánchez","PHI",,12.6666,0,0.10617627948522568,0.10617627948522568,20778
"Albert Pujols","- - -",296,,0.10582181811332703,,0.10582181811332703,1177
"Griffin Canning","LAA",1,62.6666,-0.0240467619150877,0.12934260070323944,0.10529583878815174,19867
"Will Vest","SEA",,35,0,0.10491970181465149,0.10491970181465149,19769
"Miguel Castro","NYM",,70.3333,0,0.10460789501667023,0.10460789501667023,15684
"John Schreiber","BOS",,3,0,0.10424070060253143,0.10424070060253143,20020
"Tommy Milone","TOR",,14,0,0.10171739757061005,0.10171739757061005,7608
"Matt Andriese","- - -",,48.3333,0,0.09985500574111938,0.09985500574111938,12022
"Roberto Pérez","CLE",161,,0.09972919523715973,,0.09972919523715973,2900
"Ryan Sherriff","TBR",,14.6666,0,0.0989159345626831,0.0989159345626831,12249
"Joakim Soria","- - -",,37.3333,0,0.09656617790460587,0.09656617790460587,6941
"Ervin Santana","KCR",,65.3333,0,0.0965580940246582,0.0965580940246582,3200
"Adonis Medina","PHI",1,7.6666,-0.011259553954005241,0.10772411525249481,0.09646456129848957,19903
"Evan Phillips","- - -",3,13.3333,-0.03270259127020836,0.1260765828192234,0.09337399154901505,17734
"Hansel Robles","- - -",,69,0,0.0919657051563263,0.0919657051563263,11801
"René Rivera","- - -",78,,0.09174257144331932,,0.09174257144331932,3648
"Hoy Park","- - -",150,,0.09045605827122927,,0.09045605827122927,18027
"Adam Conley","TBR",,19.6666,0,0.08903709799051285,0.08903709799051285,14457
"Jordan Holloway","MIA",10,36,-0.0399189218878746,0.1288268119096756,0.088907890021801,20631
"Jonathan Araúz","BOS",75,1,0.07028418034315109,0.018243199214339256,0.08852737955749035,20275
"Deivi García","NYY",,8.3333,0,0.08842257410287857,0.08842257410287857,20276
"Miguel Del Pozo","DET",,5.3333,0,0.08767280727624893,0.08767280727624893,18792
"Duane Underwood Jr.","PIT",4,72.6666,-0.04546620696783066,0.13124223053455353,0.08577602356672287,14677
"Antonio Santos","COL",,11.3333,0,0.08486323058605194,0.08486323058605194,20383
"Daulton Jefferies","OAK",,15,0,0.08289507031440735,0.08289507031440735,19345
"Zac Lowther","BAL",,29.6666,0,0.08261114358901978,0.08261114358901978,20243
"Burch Smith","OAK",,43.3333,0,0.08139025419950485,0.08139025419950485,12784
"Dusten Knight","BAL",,8.6666,0,0.0812821164727211,0.0812821164727211,16537
"Alex Colomé","MIN",,65,0,0.080985426902771,0.080985426902771,6661
"Kohl Stewart","CHC",3,13.6666,0.03936002776026726,0.04142707586288452,0.08078710362315178,15502
"Sean Guenther","MIA",,20.3333,0,0.07994743436574936,0.07994743436574936,20045
"Hunter Harvey","BAL",,8.6666,0,0.0797378271818161,0.0797378271818161,15507
"Oliver Pérez","CLE",,3.6666,0,0.07972069829702377,0.07972069829702377,1514
"Jovani Morán","MIN",,8,0,0.07874900102615356,0.07874900102615356,20422
"Jonathan Lucroy","- - -",23,,0.07856433001870755,,0.07856433001870755,7870
"Stephen Strasburg","WSN",7,21.6666,0.1042860671877861,-0.02681642398238182,0.07746964320540428,10131
"David Robertson","TBR",,12,0,0.07704740762710571,0.07704740762710571,8241
"Kyle McGowin","WSN",1,30,-0.011242068372666836,0.08755673468112946,0.07631466630846262,15071
"Jhoulys Chacín","COL",7,64.3333,-0.09127696603536606,0.16696248948574066,0.0756855234503746,2608
"Ian Krol","DET",,18.6666,0,0.07517339289188385,0.07517339289188385,10066
"Jordy Mercer","WSN",127,,0.07369445264339447,,0.07369445264339447,6547
"DJ Stewart","BAL",318,,0.07304634898900986,,0.07304634898900986,17766
"Dennis Santana","- - -",2,54.6666,-0.021801726892590523,0.09452730417251587,0.07272557727992535,17878
"Francisco Pérez","CLE",,6.6666,0,0.07252408564090729,0.07252408564090729,21018
"Bryan Mitchell","MIA",,4,0,0.07222920656204224,0.07222920656204224,11479
"A.J. Cole","TOR",,8,0,0.07211773097515106,0.07211773097515106,11467
"Oneil Cruz","PIT",9,,0.07129346579313278,,0.07129346579313278,21711
"Bryan Abreu","HOU",,36,0,0.07102399319410324,0.07102399319410324,16609
"Yermín Mercedes","CHW",262,1,0.09279599040746689,-0.021929597482085228,0.07086639292538166,17423
"AJ Ramos","LAA",,4.6666,0,0.07059711217880249,0.07059711217880249,8350
"Blake Taylor","HOU",,42.6666,0,0.06930017471313477,0.06930017471313477,16418
"Taylor Davis","PIT",6,,0.06924402713775635,,0.06924402713775635,12782
"Rafael Dolis","TOR",,32,0,0.06908152997493744,0.06908152997493744,4185
"Drew Smyly","ATL",43,126.6666,-0.2604166269302368,0.3280470073223114,0.06763038039207458,11760
"Jacob Webb","ATL",2,34.3333,-0.022737400606274605,0.08990494161844254,0.06716754101216793,19274
"Patrick Kivlehan","SDP",8,,0.06644786894321442,,0.06644786894321442,13910
"Robert Gsellman","NYM",6,28.6666,-0.00674603134393692,0.07318670302629471,0.06644067168235779,13696
"Payton Henry","MIA",16,,0.06606730073690414,,0.06606730073690414,22164
"Nabil Crismatt","SDP",11,81.3333,-0.11605458706617355,0.18203189969062805,0.0659773126244545,17732
"Caleb Baragar","SFG",2,23,-0.021463023498654366,0.08714812248945236,0.065685098990798,19231
"Luis Barrera","OAK",8,,0.06553095579147339,,0.06553095579147339,19615
"Ryan LaMarre","NYY",24,,0.0653885155916214,,0.0653885155916214,10700
"Javy Guerra","SDP",,3.6666,0.01460900716483593,0.05061013996601105,0.06521914713084698,17292
"Jhonathan Díaz","LAA",,13,0,0.06501413136720657,0.06501413136720657,20298
"James Norwood","SDP",,5,0,0.06350751966238022,0.06350751966238022,16440
"Alex Lange","DET",,35.6666,0,0.0623723529279232,0.0623723529279232,19883
"Dylan Bundy","LAA",4,90.6666,0.029036182910203934,0.0328642912209034,0.06190047413110733,12917
"Ryan McKenna","BAL",197,,0.06097927317023277,,0.06097927317023277,19928
"Ian Kennedy","- - -",,56.3333,0,0.06045365333557129,0.06045365333557129,6986
"Drew Smith","NYM",1,41.3333,-0.010631918907165527,0.0706196054816246,0.059987686574459076,17755
"Jason Heyward","CHC",353,,0.05958525836467743,,0.05958525836467743,4940
"Ryan Lavarnway","CLE",30,,0.0593256875872612,,0.0593256875872612,8879
"Derek Fisher","MIL",8,,0.058369893580675125,,0.058369893580675125,16192
"Jakson Reetz","WSN",2,,0.05708310008049011,,0.05708310008049011,17837
"Johan Oviedo","STL",22,62.3333,0.08093956857919693,-0.02489607408642769,0.05604349449276924,22487
"Eduard Bazardo","BOS",,3,0,0.054612092673778534,0.054612092673778534,20997
"JT Riddle","MIN",6,,0.053850091993808746,,0.053850091993808746,17642
"Ben Bowden","COL",,35.6666,0,0.0503232404589653,0.0503232404589653,20198
"Jay Jackson","SFG",1,21.6666,-0.010731511749327183,0.06045776978135109,0.04972625803202391,7432
"Alex De Goti","HOU",7,,0.04651087522506714,,0.04651087522506714,19477
"Joe Biagini","CHC",,3,0,0.04607060179114342,0.04607060179114342,13194
"Daniel Camarena","SDP",3,9.3333,0.13482075929641724,-0.08922294527292252,0.04559781402349472,14467
"James Paxton","SEA",,1.3333,0,0.04451305791735649,0.04451305791735649,11828
"Tyler Nevin","BAL",18,,0.04418960586190224,,0.04418960586190224,17893
"Ivan Castillo","SDP",4,,0.04373687133193016,,0.04373687133193016,15971
"Mario Feliciano","MIL",1,,0.043624088168144226,,0.043624088168144226,20263
"Erasmo Ramírez","DET",,26.6666,0,0.043573349714279175,0.043573349714279175,10314
"Will Harris","WSN",,6,0,0.043310146778821945,0.043310146778821945,3192
"Andy Burns","LAD",15,1,0.09275306016206741,-0.04944499209523201,0.0433080680668354,12779
"Miguel Aguilar","ARI",,7,0,0.04300433769822121,0.04300433769822121,19246
"Blaine Hardy","MIL",,1,0,0.04125951603055,0.04125951603055,6499
"Billy McKinney","- - -",300,,0.041206587105989456,,0.041206587105989456,15654
"Stephen Gonsalves","BOS",,4.3333,0,0.040939413011074066,0.040939413011074066,15492
"James Hoyt","LAA",,8,0,0.04046325013041496,0.04046325013041496,14605
"Devin Smeltzer","MIN",,4.6666,0,0.039265647530555725,0.039265647530555725,19487
"Victor Caratini","SDP",356,,0.039177533239126205,,0.039177533239126205,14968
"Justin Lawrence","COL",,16.6666,0,0.038706809282302856,0.038706809282302856,17639
"Jeurys Familia","NYM",,59.3333,0,0.037294358015060425,0.037294358015060425,5114
"Andrew Bellatti","MIA",,3.3333,0,0.0367155559360981,0.0367155559360981,10657
"Austin Dean","STL",38,,0.03621714189648628,,0.03621714189648628,18288
"Jorge Soler","- - -",602,,0.03492236137390137,,0.03492236137390137,14221
"Riley Adams","- - -",120,,0.0328809916973114,,0.0328809916973114,19864
"Josh James","HOU",,5,0,0.032831963151693344,0.032831963151693344,16794
"Joan Adon","WSN",2,5.3333,-0.02248413674533367,0.05469100922346115,0.03220687247812748,22925
"Bryan Baker","TOR",,1,0,0.03132304921746254,0.03132304921746254,19804
"Cooper Criswell","LAA",,1.3333,0,0.030507847666740417,0.030507847666740417,24975
"Monte Harrison","MIA",11,,0.02992706000804901,,0.02992706000804901,17216
"Kyle Crick","PIT",,24.3333,0,0.02966843545436859,0.02966843545436859,13182
"Nick Ramirez","SDP",3,20.3333,-0.031651247292757034,0.05930376797914505,0.027652520686388016,12575
"Seranthony Domínguez","PHI",,1,0,0.026993613690137863,0.026993613690137863,19249
"Aaron Hicks","NYY",126,,0.02695804461836815,,0.02695804461836815,5297
"Brian Miller","MIA",11,,0.026928432285785675,,0.026928432285785675,20047
"Tanner Anderson","PIT",2,5,-0.02273310348391533,0.048938822001218796,0.026205718517303467,18029
"Chaz Roe","TBR",,0.6666,0,0.025640560314059258,0.025640560314059258,9866
"Alex McRae","CHW",,2,0,0.024287179112434387,0.024287179112434387,16317
"DJ Johnson","- - -",,4.3332,0,0.023357214406132698,0.023357214406132698,12578
"Pedro Strop","CHC",,2,0,0.02306649088859558,0.02306649088859558,4070
"Kelvin Gutiérrez","- - -",295,,0.02203547954559326,,0.02203547954559326,17468
"Sean Nolin","WSN",6,26.6666,-0.06745240837335587,0.08837977796792984,0.020927369594573975,11341
"Austin Voth","WSN",3,57.3333,0.09841430932283401,-0.07767435163259506,0.020739957690238953,15047
"Angel Rondón","STL",,2,0,0.020514430478215218,0.020514430478215218,22036
"Andre Jackson","LAD",4,11.6666,-0.043603453785181046,0.06354741752147675,0.0199439637362957,21298
"Edgar Santana","ATL",1,42.6666,-0.011368700303137302,0.03124528005719185,0.019876579754054546,17355
"Erick Castillo","CHC",9,,0.017479300498962402,,0.017479300498962402,12990
"Jordan Hicks","STL",,10,0,0.017456697300076485,0.017456697300076485,19618
"Andrés Machado","WSN",,35.6666,0,0.01730974204838276,0.01730974204838276,14681
"JD Hammer","PHI",1,20,-0.011259553954005241,0.028463004156947136,0.017203450202941895,19548
"Ali Sánchez","STL",4,,0.017023101449012756,,0.017023101449012756,18551
"Kevin Quackenbush","LAD",,0.3333,0,0.014310352504253387,0.014310352504253387,12360
"Seth Martinez","HOU",,3,0,0.014005689881742,0.014005689881742,21045
"Grant Dayton","ATL",,13,0,0.013770461082458496,0.013770461082458496,11203
"Tyler Beede","SFG",,1,0,0.011969673447310925,0.011969673447310925,16981
"Chadwick Tromp","SFG",18,,0.010934832505881786,,0.010934832505881786,16953
"Ryan Weathers","SDP",28,94.6666,0.14451313018798828,-0.13426515460014343,0.010247975587844849,23796
"Brian O'Grady","SDP",61,,0.010164078325033188,,0.010164078325033188,16729
"Yefry Ramírez","LAD",1,2,-0.010900863446295261,0.019398381933569908,0.008497518487274647,15655
"John Andreoli","SDP",7,,0.0074768359772861,,0.0074768359772861,13012
"Carson Fulmer","CIN",2,25.6666,-0.023650217801332474,0.031087633222341537,0.007437415421009064,18311
"Isaac Paredes","DET",85,,0.0068861511535942554,,0.0068861511535942554,20036
"Jon Jay","LAA",14,,0.006719942670315504,,0.006719942670315504,5227
"Nick Allgeyer","TOR",,1,0,0.0065658437088131905,0.0065658437088131905,24486
"Pedro Báez","HOU",,4.3333,0,0.0056575629860162735,0.0056575629860162735,5420
"Michael Feliz","- - -",,19.9998,0,0.005411256104707718,0.005411256104707718,11903
"Reymin Guduan","OAK",,14.3333,0,0.005186000838875771,0.005186000838875771,13058
"Joey Krehbiel","- - -",,8.333300000000001,0,0.004379749298095703,0.004379749298095703,13707
"Wyatt Mills","SEA",,12.6666,0,0.0030489505734294653,0.0030489505734294653,20010
"Brian Goodwin","CHW",271,,0.0026289760135114193,,0.0026289760135114193,12858
"Jack Kruger","LAA",,,0.0026140089612454176,,0.0026140089612454176,19634
"Kyle Dohy","PHI",,1,0,0.00201042671687901,0.00201042671687901,20334
"Lewis Thorpe","MIN",,15.3333,0,0.0019085549283772707,0.0019085549283772707,15906
"Yacksel Ríos","- - -",,27.3333,0,0.001621750125195831,0.001621750125195831,15007
"Taylor Trammell","SEA",178,,0.0008910371689125896,,0.0008910371689125896,19960
"Jonathan Stiever","CHW",,0,0,0,0,24584
"Bernardo Flores Jr.","STL",,0,0,0,0,19561
"Stephen Tarpley","NYM",,0,0,0,0,15859
"Tzu-Wei Lin","MIN",,,-0.00009288547880714759,,-0.00009288547880714759,14678
"Ryan McBroom","KCR",9,,-0.0013960362412035465,,-0.0013960362412035465,16524
"Brandon Brennan","BOS",,3,0,-0.0019313815282657743,-0.0019313815282657743,13527
"Zach Davies","CHC",44,148,0.0405830554664135,-0.04269562289118767,-0.00211256742477417,13183
"Raynel Espinal","BOS",,2,0,-0.0035577784292399883,-0.0035577784292399883,19516
"Tyler Ivey","HOU",,4.6666,0,-0.003595018293708563,-0.003595018293708563,20237
"Keynan Middleton","SEA",,31,0,-0.004296874161809683,-0.004296874161809683,15264
"Scott Blewett","KCR",,5,0,-0.004415189381688833,-0.004415189381688833,16427
"Josh Tomlin","ATL",5,49.3333,0.0886671394109726,-0.09372822195291519,-0.0050610825419425964,9388
"Oliver Ortega","LAA",,9.3333,0,-0.005948825739324093,-0.005948825739324093,21025
"Daniel Castano","MIA",5,20.3333,-0.056249890476465225,0.050158560276031494,-0.006091330200433731,19805
"Demarcus Evans","TEX",,26.3333,0,-0.006185873411595821,-0.006185873411595821,21087
"Mike Wright Jr.","CHW",,18,-0.010832209140062332,0.004424402490258217,-0.006407806649804115,12586
"Romy Gonzalez","CHW",33,0.3333,-0.021665310487151146,0.013558565638959408,-0.008106744848191738,21562
"Nick Margevicius","SEA",,12,0,-0.009046980179846287,-0.009046980179846287,20395
"Mike Brosseau","TBR",169,,-0.009839155711233616,,-0.009839155711233616,19683
"Joey Bart","SFG",6,,-0.011276448145508766,,-0.011276448145508766,21524
"Nick Ciuffo","BAL",6,,-0.011311881244182587,,-0.011311881244182587,16291
"Akeem Bostick","NYM",,1,0,-0.011530508287250996,-0.011530508287250996,15979
"Taylor Motter","- - -",29,,-0.012381486594676971,,-0.012381486594676971,12399
"Humberto Mejía","ARI",8,22.3333,0.03290145844221115,-0.04551321268081665,-0.0126117542386055,20739
"Isaac Mattson","BAL",,4.3333,0,-0.013007435016334057,-0.013007435016334057,20385
"Daniel Johnson","CLE",81,,-0.013330204412341118,,-0.013330204412341118,19643
"Corey Ray","MIL",3,,-0.013782327994704247,,-0.013782327994704247,19170
"Alec Bohm","PHI",417,,-0.014863266609609127,,-0.014863266609609127,21618
"Dauri Moreta","CIN",,3.6666,0,-0.015235867351293564,-0.015235867351293564,21101
"Seth Elledge","STL",2,11.6666,-0.021812066435813904,0.006170712877064943,-0.01564135355874896,19766
"Eric Campbell","SEA",12,,-0.01603728160262108,,-0.01603728160262108,6938
"Dellin Betances","NYM",,1,0,-0.01665814220905304,-0.01665814220905304,6216
"Eugenio Suárez","CIN",574,,-0.01705000177025795,,-0.01705000177025795,12552
"Brody Koerner","NYY",,3,0,-0.01745707169175148,-0.01745707169175148,17748
"Nate Pearson","TOR",,15,0,-0.019932648167014122,-0.019932648167014122,20160
"Kaleb Ort","BOS",,0.3333,0,-0.021130817010998726,-0.021130817010998726,20061
"Andrés Muñoz","SEA",,0.6666,0,-0.021275991573929787,-0.021275991573929787,20373
"Tyler Ladendorf","CHC",1,,-0.0232025645673275,,-0.0232025645673275,3211
"Otto Lopez","TOR",1,,-0.023265184834599495,,-0.023265184834599495,19608
"Cody Wilson","WSN",1,,-0.02336919866502285,,-0.02336919866502285,24671
"Jonathan Heasley","KCR",,14.6666,0,-0.023833051323890686,-0.023833051323890686,22224
"Kyle Nelson","CLE",,9.6666,0,-0.02387002669274807,-0.02387002669274807,20515
"Tucupita Marcano","SDP",50,,-0.02390015497803688,,-0.02390015497803688,22871
"Scott Alexander","LAD",,15.3333,0,-0.024295052513480186,-0.024295052513480186,10591
"Nick Snyder","TEX",,3.6666,0,-0.024456681683659554,-0.024456681683659554,23493
"Caleb Smith","ARI",25,113.6666,0.04145534336566925,-0.06614129990339279,-0.02468595653772354,14875
"Darren O'Day","NYY",,10.6666,0,-0.026165364310145378,-0.026165364310145378,3321
"Luis Marté","MIA",7,,-0.02696782350540161,,-0.02696782350540161,14515
"Julio Teheran","DET",,5,0,-0.029251080006361008,-0.029251080006361008,6797
"Jacob Wilson","- - -",21,,-0.03074415773153305,,-0.03074415773153305,13254
"Yusmeiro Petit","OAK",,78,0,-0.031339626759290695,-0.031339626759290695,4020
"Stephen Vogt","- - -",238,,-0.03137895464897156,,-0.03137895464897156,5000
"Derek Law","MIN",,15,0,-0.03217850252985954,-0.03217850252985954,13133
"Noah Syndergaard","NYM",,2,0,-0.0324636735022068,-0.0324636735022068,11762
"A.J. Alexy","TEX",,23,0,-0.032591916620731354,-0.032591916620731354,22343
"Wilfredo Tovar","NYM",12,,-0.032592084258794785,,-0.032592084258794785,10416
"John Axford","MIL",,0.3333,0,-0.03273254632949829,-0.03273254632949829,9059
"Braden Bishop","SEA",5,,-0.033306971192359924,,-0.033306971192359924,17806
"Damon Jones","PHI",,0.3333,0,-0.033538706600666046,-0.033538706600666046,23310
"Daz Cameron","DET",115,,-0.0337018184363842,,-0.0337018184363842,18353
"Roel Ramírez","STL",,0.3333,0,-0.03409124165773392,-0.03409124165773392,16470
"Nick Tropeano","- - -",1,8,-0.010631918907165527,-0.023685498163104057,-0.034317417070269585,12385
"Jake Lamb","- - -",170,,-0.034690454602241516,,-0.034690454602241516,13329
"Miguel Andujar","NYY",162,,-0.03484794497489929,,-0.03484794497489929,15878
"José Marte","LAA",,4,0,-0.03553716093301773,-0.03553716093301773,21761
"Amir Garrett","CIN",,47.6666,0,-0.0356229729950428,-0.0356229729950428,14375
"Matt Peacock","ARI",17,86.3333,0.18993116915225983,-0.22619636356830597,-0.03626519441604614,20339
"Dylan Lee","ATL",,2,0,-0.03641970455646515,-0.03641970455646515,19996
"Zac Rosscup","COL",,3,0,-0.03723026439547539,-0.03723026439547539,9419
"Hunter Wood","TEX",,5,0,-0.037841569632291794,-0.037841569632291794,15091
"Félix Peña","LAA",,1.6665999999999999,0,-0.039324305951595306,-0.039324305951595306,13403
"Andrew Miller","STL",,36,0,-0.039465904235839844,-0.039465904235839844,6785
"Mason Williams","NYM",37,,-0.039941366761922836,,-0.039941366761922836,11859
"Anthony Kay","TOR",,33.6666,0,-0.04042664170265198,-0.04042664170265198,20387
"Shaun Anderson","- - -",,23.3332,0,-0.04050826095044613,-0.04050826095044613,19453
"Tyler Payne","CHC",2,,-0.04075690731406212,,-0.04075690731406212,21139
"Rodolfo Castro","PIT",93,,-0.04099753871560097,,-0.04099753871560097,21987
"Joseph Odom","TBR",2,,-0.04178879037499428,,-0.04178879037499428,15535
"Reyes Moronta","SFG",,4,0,-0.04233967512845993,-0.04233967512845993,14966
"Colten Brewer","BOS",,1,0,-0.04271271079778671,-0.04271271079778671,12997
"Brady Lail","SEA",,2,0,-0.04433854669332504,-0.04433854669332504,14707
"Emmanuel Rivera","KCR",98,,-0.04457700252532959,,-0.04457700252532959,19890
"Jimmy Lambert","CHW",,13,0,-0.04576337710022926,-0.04576337710022926,19541
"Kevin Padlo","- - -",15,,-0.04577956721186638,,-0.04577956721186638,16593
"Patrick Weigel","MIL",,4,0,-0.04615786299109459,-0.04615786299109459,17792
"Brandon Dickson","STL",,2,0,-0.04636767506599426,-0.04636767506599426,6979
"Junior Guerra","LAA",2,65.3333,-0.0217759869992733,-0.024822205305099487,-0.04659819230437279,5702
"Clarke Schmidt","NYY",2,6.3333,0.03549918159842491,-0.0821053758263588,-0.046606194227933884,19899
"Pedro Avila","SDP",1,4,-0.010550415143370628,-0.03648361936211586,-0.04703403450548649,18864
"Pete Kozma","OAK",12,,-0.04718724638223648,,-0.04718724638223648,2539
"Matt Thaiss","LAA",8,,-0.04759205877780914,,-0.04759205877780914,19318
"Ronnie Dawson","HOU",6,,-0.04783870279788971,,-0.04783870279788971,19710
"Konner Wade","BAL",,12.3333,0,-0.04792238026857376,-0.04792238026857376,14655
"Taylor Williams","- - -",,11.6666,0,-0.04820313677191734,-0.04820313677191734,14899
"David Paulino","PHI",,2,0,-0.04879007861018181,-0.04879007861018181,17418
"Ashton Goudeau","- - -",6,34.3333,-0.00567028671503067,-0.043410107493400574,-0.049080394208431244,15139
"Daniel Vogelbach","MIL",258,,-0.05078217014670372,,-0.05078217014670372,14130
"Dillon Maples","CHC",,31.3333,0,-0.05104402080178261,-0.05104402080178261,14672
"Ryan Hartman","HOU",,2.3333,0,-0.0532379150390625,-0.0532379150390625,19480
"Taylor Jones","HOU",108,,-0.05412513390183449,,-0.05412513390183449,19533
"Charlie Blackmon","COL",582,,-0.054175883531570435,,-0.054175883531570435,7859
"Jesse Biddle","ATL",,10.6666,0,-0.054688312113285065,-0.054688312113285065,11437
"Paul Blackburn","OAK",,38.3333,0,-0.05500941723585129,-0.05500941723585129,14739
"Sam Moll","OAK",,10.3333,0,-0.05551610141992569,-0.05551610141992569,14874
"Hunter Owen","PIT",5,,-0.055690400302410126,,-0.055690400302410126,20034
"Seby Zavala","CHW",104,,-0.05684893950819969,,-0.05684893950819969,18887
"Luis Avilán","WSN",,5,0,-0.05729973316192627,-0.05729973316192627,2882
"Aaron Fletcher","SEA",,3.6666,0,-0.05768386274576187,-0.05768386274576187,22052
"Thomas Hatch","TOR",,9.3333,0,-0.05776763707399368,-0.05776763707399368,19264
"Sean Kazmar Jr.","ATL",2,,-0.057823870331048965,,-0.057823870331048965,7349
"Jorge Guzmán","MIA",,1.6665999999999999,0,-0.05791187286376953,-0.05791187286376953,17505
"Luis Frías","ARI",,3.3333,0,-0.05822443217039108,-0.05822443217039108,21997
"Asher Wojciechowski","NYY",,4,0,-0.05838388204574585,-0.05838388204574585,10836
"Kyle Tyler","LAA",,12.3333,0,-0.05920444428920746,-0.05920444428920746,22092
"Cody Poteet","MIA",11,30.6666,-0.04445452615618706,-0.016199685633182526,-0.06065421178936958,18769
"Jandel Gustave","MIL",2,18.3333,-0.022444982081651688,-0.03838203474879265,-0.060827016830444336,14665
"Ty Tice","- - -",,8,0,-0.06128159258514643,-0.06128159258514643,20177
"John Brebbia","SFG",1,18.3333,-0.010731511749327183,-0.050568487495183945,-0.06129999924451113,12777
"Ryan Brasier","BOS",,12,0,-0.06154290586709976,-0.06154290586709976,5615
"Mike Kickham","LAD",,2,0,-0.06264356523752213,-0.06264356523752213,11618
"Brad Hand","- - -",,64.6665,0,-0.06372697651386261,-0.06372697651386261,9111
"Colin Rea","MIL",2,6,-0.022444982081651688,-0.04146244004368782,-0.06390742212533951,12317
"Travis Lakins Sr.","BAL",,28,0,-0.06410609185695648,-0.06410609185695648,18600
"Ramón Rosso","PHI",1,8,-0.011259553954005241,-0.05429481714963913,-0.06555437110364437,20368
"Eric Hanhold","BAL",,10.3333,0,-0.06805672496557236,-0.06805672496557236,18332
"Sam Clay","WSN",2,45,-0.02248413674533367,-0.04611433669924736,-0.06859847344458103,16279
"Dan Altavilla","SDP",,1.3333,0,-0.06893093138933182,-0.06893093138933182,16507
"Yohel Pozo","TEX",77,,-0.07230328768491745,,-0.07230328768491745,18848
"Eli White","TEX",220,,-0.07264456897974014,,-0.07264456897974014,19346
"Jared Hoying","TOR",3,,-0.07289046794176102,,-0.07289046794176102,10882
"Geoff Hartlieb","- - -",,8.9999,0,-0.07487201876938343,-0.07487201876938343,19558
"Ender Inciarte","ATL",89,,-0.07494179159402847,,-0.07494179159402847,4922
"Rafael Marchán","PHI",56,,-0.07629633694887161,,-0.07629633694887161,21646
"Daniel Norris","- - -",2,56.999900000000004,-0.022444982081651688,-0.054975271224975586,-0.07742025330662727,13475
"Asdrúbal Cabrera","- - -",352,1.3333,-0.08581876754760742,0.007894283160567284,-0.07792448438704014,4962
"Cal Raleigh","SEA",148,,-0.07945027947425842,,-0.07945027947425842,21534
"Elvis Peguero","LAA",,2.3333,0,-0.07987663149833679,-0.07987663149833679,21652
"Anthony Bemboom","LAA",28,1,-0.02356674335896969,-0.056863002479076385,-0.08042974583804607,13854
"Trey Amburgey","NYY",4,,-0.08155988156795502,,-0.08155988156795502,18425
"Ryne Harper","WSN",2,35.6666,-0.02248413674533367,-0.0598636195063591,-0.08234775625169277,12680
"Jaylin Davis","SFG",9,,-0.08257181197404861,,-0.08257181197404861,19552
"Brad Brach","CIN",,30,0,-0.08299460262060165,-0.08299460262060165,6627
"Preston Guilmet","MIA",,2,0,-0.08329454809427261,-0.08329454809427261,7303
"Pablo Sandoval","ATL",86,,-0.0835353434085846,,-0.0835353434085846,5409
"Elieser Hernández","MIA",18,51.6666,-0.12424015998840332,0.03922359645366669,-0.08501656353473663,16933
"Jake Diekman","OAK",1,60.6666,-0.010105118155479431,-0.07608743011951447,-0.0861925482749939,5003
"Phillips Valdez","BOS",,40,0,-0.08699612319469452,-0.08699612319469452,15605
"Trevor Hildenberger","NYM",,2.3333,0,-0.08814188838005066,-0.08814188838005066,17002
"Humberto Arteaga","WSN",4,,-0.08840849995613098,,-0.08840849995613098,13595
"Ryan Dorow","TEX",7,,-0.08922692388296127,,-0.08922692388296127,23559
"Jordan Zimmermann","MIL",1,5.6666,-0.011222491040825844,-0.07848768681287766,-0.0897101778537035,4505
"Keone Kela","SDP",,10.6666,0,-0.09045302867889404,-0.09045302867889404,14696
"Josh Rogers","WSN",14,35.6666,-0.09592894464731216,0.004831013735383749,-0.09109793091192842,18510
"Chasen Shreve","PIT",,56.3333,0,-0.09269851446151733,-0.09269851446151733,10855
"Wade LeBlanc","- - -",13,48.999900000000004,-0.14177843928337097,0.04868076927959919,-0.09309767000377178,5221
"Kyle Lobstein","WSN",,1.3333,0,-0.0931142121553421,-0.0931142121553421,9178
"Jack López","BOS",16,,-0.09382426738739014,,-0.09382426738739014,13663
"Mitch Moreland","OAK",252,1,-0.11216078698635101,0.017352133989334106,-0.0948086529970169,3086
"Stuart Fairchild","ARI",17,,-0.09496395289897919,,-0.09496395289897919,20321
"Spenser Watkins","BAL",,54.6666,0,-0.0953885018825531,-0.0953885018825531,17489
"Taylor Gushue","CHC",4,,-0.09552411735057831,,-0.09552411735057831,16098
"Alex Wells","BAL",,42.6666,0,-0.09709961712360382,-0.09709961712360382,19845
"David Hale","PHI",,26.6666,0,-0.09742946177721024,-0.09742946177721024,9756
"Scott Hurst","STL",5,,-0.09886032342910767,,-0.09886032342910767,20501
"Zach McKinstry","LAD",172,,-0.09902963787317276,,-0.09902963787317276,19392
"Daniel Zamora","SEA",,4.3333,0,-0.09906157106161118,-0.09906157106161118,17811
"Carlos Carrasco","NYM",19,53.6666,-0.20200645923614502,0.1019534319639206,-0.10005302727222443,6632
"Reiss Knehr","SDP",8,29,-0.08440332114696503,-0.015657316893339157,-0.10006063804030418,21541
"Shawn Morimando","MIA",3,10.3333,-0.03374993056058884,-0.06702924519777298,-0.10077917575836182,13606
"Julian Fernández","COL",,6.6666,0,-0.10088390856981277,-0.10088390856981277,18341
"Phil Gosselin","LAA",373,,-0.10095565766096115,,-0.10095565766096115,10953
"Mike Tauchman","- - -",191,1,-0.10866754595190287,0.00518709747120738,-0.10348044848069549,15274
"Sam Selman","- - -",1,25,-0.010731511749327183,-0.09344077296555042,-0.1041722847148776,13397
"Bryan Shaw","CLE",,77.3333,0,-0.10493551194667816,-0.10493551194667816,8110
"Austin Pruitt","- - -",,7.3332,0,-0.10502059757709503,-0.10502059757709503,15290
"Dexter Fowler","LAA",21,,-0.10558594018220901,,-0.10558594018220901,4062
"Kutter Crawford","BOS",,2,0,-0.10616696625947952,-0.10616696625947952,20531
"Yohan Ramírez","SEA",,27.6666,0,-0.1065254658460617,-0.1065254658460617,19444
"Tony Wolters","CHC",30,,-0.1067742109298706,,-0.1067742109298706,11470
"Enyel De Los Santos","- - -",,35.3333,0,-0.10684348084032536,-0.10684348084032536,18403
"Jason Foley","DET",,10.3333,0,-0.10822124034166336,-0.10822124034166336,19531
"Junior Fernández","STL",1,20.6666,-0.010906033217906952,-0.09797193109989166,-0.10887796431779861,18496
"Edward Olivares","KCR",111,,-0.10978963971138,,-0.10978963971138,19698
"Cody Reed","TBR",,9.6666,0,-0.11029546707868576,-0.11029546707868576,15232
"Kyle Cody","TEX",,11.3333,0,-0.11033790558576584,-0.11033790558576584,19686
"Austin Brice","BOS",,13.6666,0,-0.11202404648065567,-0.11202404648065567,17237
"Bryse Wilson","- - -",25,73.9999,-0.1688127275556326,0.05642767250537872,-0.11238505505025387,19990
"William Contreras","ATL",185,,-0.11290253698825836,,-0.11290253698825836,20503
"Ben Gamel","- - -",400,,-0.11307555064558983,,-0.11307555064558983,12160
"Miguel Díaz","SDP",3,42,-0.031651247292757034,-0.0816309005022049,-0.11328214779496193,18815
"Matt Foster","CHW",,39,0,-0.11380935460329056,-0.11380935460329056,19647
"Reid Detmers","LAA",2,20.6666,0.035269495099782944,-0.14978794753551483,-0.11451845243573189,27468
"Aaron Northcraft","SDP",,8,0,-0.11579889059066772,-0.11579889059066772,10218
"Vinny Nittoli","SEA",,1,0,-0.11587443947792053,-0.11587443947792053,16754
"Ben Rowen","LAA",,11.3333,0,-0.11633555591106415,-0.11633555591106415,10983
"Ryan Meisinger","CHC",,7.3333,0,-0.11650128662586212,-0.11650128662586212,18105
"Janson Junk","LAA",,16.3333,0,-0.11729171872138977,-0.11729171872138977,23301
"Thomas Eshelman","BAL",1,27.6666,-0.010905200615525246,-0.10645847022533417,-0.11736367084085941,18361
"Jay Flaa","- - -",,2.6666,0,-0.11762555339373648,-0.11762555339373648,18140
"Connor Seabold","BOS",,3,0,-0.1182519868016243,-0.1182519868016243,19695
"Ryan Vilade","COL",7,,-0.1187344565987587,,-0.1187344565987587,22165
"Ian Gibaut","MIN",,6.6666,0,-0.11888101696968079,-0.11888101696968079,17871
"Johneshwy Fargas","- - -",54,,-0.11899775639176369,,-0.11899775639176369,16446
"Manny Barreda","BAL",,2.6666,0,-0.12155937403440475,-0.12155937403440475,10148
"Thomas Szapucki","NYM",1,3.6666,-0.010631918907165527,-0.11243706941604614,-0.12306898832321167,21065
"Spencer Strider","ATL",2,2.3333,-0.022737400606274605,-0.10086032748222351,-0.12359772808849812,27498
"Jimmie Sherfy","- - -",1,14.9999,-0.010900863446295261,-0.11300328373908997,-0.12390414718538523,15118
"Kyle Zimmer","KCR",,54,0,-0.1247844472527504,-0.1247844472527504,14169
"José Devers","MIA",46,,-0.12498494982719421,,-0.12498494982719421,20540
"Tyler Clippard","ARI",,25.3333,0,-0.12509724497795105,-0.12509724497795105,5640
"Dillon Thomas","SEA",9,,-0.1285509169101715,,-0.1285509169101715,12719
"Shea Spitzbarth","PIT",,5,0,-0.12915682792663574,-0.12915682792663574,18475
"Tyler Webb","STL",1,16.3333,-0.010906033217906952,-0.11826370656490326,-0.1291697397828102,14974
"Jace Fry","CHW",,6.6666,0,-0.12928494811058044,-0.12928494811058044,16159
"Domingo Acevedo","OAK",,11,0,-0.12958966195583344,-0.12958966195583344,17092
"Abraham Almonte","ATL",175,,-0.13015852868556976,,-0.13015852868556976,5486
"Ralph Garza Jr.","- - -",,30.3333,0,-0.1309233158826828,-0.1309233158826828,17682
"Stephen Nogosek","NYM",1,3,-0.010631918907165527,-0.12128046154975891,-0.13191238045692444,19545
"Packy Naughton","LAA",1,22.6666,-0.01088799349963665,-0.1221352219581604,-0.13302321545779705,23292
"Troy Stokes Jr.","PIT",20,,-0.13360171020030975,,-0.13360171020030975,17478
"Jorge Bonifacio","PHI",12,,-0.13391944766044617,,-0.13391944766044617,12174
"Jacob Nottingham","- - -",45,,-0.13399580866098404,,-0.13399580866098404,16448
"Anthony Swarzak","- - -",,12.3332,0,-0.13423970714211464,-0.13423970714211464,7466
"Robert Dugger","SEA",,25.6666,0,-0.13501036167144775,-0.13501036167144775,19191
"Michael Rucker","CHC",1,28.3333,-0.01107543334364891,-0.12526126205921173,-0.13633669540286064,19454
"Ljay Newsome","SEA",,14.6666,0,-0.136554554104805,-0.136554554104805,19942
"Luke Farrell","MIN",,24.6666,0,-0.13658146560192108,-0.13658146560192108,15101
"Sam Howard","PIT",,45,0,-0.1370539367198944,-0.1370539367198944,16265
"Drew Carlton","DET",,3.6666,0,-0.13726092875003815,-0.13726092875003815,19868
"R.J. Alaniz","CIN",1,2.6666,-0.011825108900666237,-0.12589198350906372,-0.13771709240972996,10819
"Travis Blankenhorn","- - -",24,,-0.1404670923948288,,-0.1404670923948288,18395
"Nick Martini","CHC",45,,-0.1423647105693817,,-0.1423647105693817,12005
"Josiah Gray","- - -",24,70.6666,-0.1326560489833355,-0.010160565376281738,-0.14281661435961723,24580
"Peter Lambert","COL",2,5.6666,-0.02607913687825203,-0.11680270731449127,-0.1428818441927433,17969
"Nick Senzel","CIN",124,,-0.14316438138484955,,-0.14316438138484955,19293
"Steven Souza Jr.","LAD",36,,-0.14345599710941315,,-0.14345599710941315,5667
"Kent Emanuel","HOU",,17.6666,0,-0.14455489814281464,-0.14455489814281464,15849
"Rony García","DET",1,3.6666,-0.010693579912185669,-0.138402059674263,-0.14909563958644867,20430
"Anthony Banda","- - -",1,33.6666,-0.010631918907165527,-0.1391044221818447,-0.14973634108901024,14706
"Greg Holland","KCR",,55.6666,0,-0.15097278356552124,-0.15097278356552124,7196
"Jesús Luzardo","- - -",20,95.33330000000001,0.012986624613404274,-0.16507507860660553,-0.15208845399320126,19959
"Enoli Paredes","HOU",,8.6666,0,-0.15241919457912445,-0.15241919457912445,20447
"Ryan Castellani","COL",1,3.3333,-0.013039568439126015,-0.13947941362857819,-0.1525189820677042,16377
"Eddy Alvarez","MIA",74,,-0.15361317992210388,,-0.15361317992210388,16959
"Garrett Stubbs","HOU",38,,-0.15389716625213623,,-0.15389716625213623,18067
"Zack Burdi","- - -",,10,0,-0.15700290957465768,-0.15700290957465768,19159
"Alberto Baldonado","WSN",,10.6666,0,-0.1586955487728119,-0.1586955487728119,11812
"Darwinzon Hernández","BOS",,40,0,-0.15960253775119781,-0.15960253775119781,19848
"Nick Williams","CHW",13,,-0.15989123284816742,,-0.15989123284816742,14330
"Jake Newberry","KCR",,4.3333,0,-0.1607399582862854,-0.1607399582862854,15136
"Harold Ramírez","CLE",361,,-0.16161403059959412,,-0.16161403059959412,14387
"Paul Campbell","MIA",5,26.6666,-0.056249890476465225,-0.10600586235523224,-0.16225575283169746,22248
"Yoan López","ARI",,12.3333,0,-0.1630260944366455,-0.1630260944366455,17181
"Stefan Crichton","ARI",,23.3333,0,-0.16319987177848816,-0.16319987177848816,16058
"Mason Thompson","- - -",,24.6666,0,-0.16342616453766823,-0.16342616453766823,21850
"Scott Heineman","CIN",34,,-0.16380108892917633,,-0.16380108892917633,14453
"Anthony Santander","BAL",438,,-0.16521881520748138,,-0.16521881520748138,14551
"Miguel Sánchez","MIL",1,26,-0.011222491040825844,-0.15436995029449463,-0.16559244133532047,20074
"Jacob Latz","TEX",,4.6666,0,-0.1661645472049713,-0.1661645472049713,21306
"Anderson Tejeda","TEX",17,,-0.16690261662006378,,-0.16690261662006378,19909
"Jacob Robson","DET",7,,-0.16865375638008118,,-0.16865375638008118,19528
"Joshua Palacios","TOR",42,,-0.16910971701145172,,-0.16910971701145172,19818
"Marcos Diplán","BAL",,30,0,-0.1705348640680313,-0.1705348640680313,17583
"Adrian Morejon","SDP",1,4.6666,-0.010550415143370628,-0.1640775352716446,-0.17462795041501522,20039
"Neftalí Feliz","- - -",,4,0,-0.1749066226184368,-0.1749066226184368,18
"Mickey Jannis","BAL",,3.3333,0,-0.17545713484287262,-0.17545713484287262,11071
"Keury Mella","ARI",,1.6665999999999999,0,-0.17549367249011993,-0.17549367249011993,15964
"Alex Claudio","LAA",,32.6666,0,-0.17599210143089294,-0.17599210143089294,12890
"Garrett Cleavinger","LAD",3,18,0.09559258818626404,-0.27196410298347473,-0.1763715147972107,17897
"Mike Baumann","BAL",,10,0,-0.17935003340244293,-0.17935003340244293,20206
"Ronald Guzmán","TEX",17,,-0.18042269349098206,,-0.18042269349098206,14388
"Danny Santana","BOS",127,,-0.18060816824436188,,-0.18060816824436188,10322
"Jeff Mathis","ATL",9,,-0.18238461017608643,,-0.18238461017608643,3448
"Chris Gittens","NYY",44,,-0.1832922250032425,,-0.1832922250032425,18482
"Justin Steele","CHC",13,57,-0.04136541485786438,-0.143687903881073,-0.18505331873893738,17312
"Justin Topa","MIL",1,3.3333,-0.011222491040825844,-0.1739581972360611,-0.18518068827688694,15145
"Mike Ford","NYY",72,,-0.18528865277767181,,-0.18528865277767181,15585
"Austin Romine","CHC",62,,-0.18610651791095734,,-0.18610651791095734,5491
"Tanner Roark","TOR",,7,0,-0.1865331381559372,-0.1865331381559372,8753
"Josh VanMeter","ARI",310,,-0.1865796446800232,,-0.1865796446800232,15170
"Nivaldo Rodriguez","HOU",,7.3333,0,-0.18660949170589447,-0.18660949170589447,22449
"Jarrod Dyson","- - -",149,,-0.18777725845575333,,-0.18777725845575333,4866
"Jose Rojas","LAA",184,,-0.18992465734481812,,-0.18992465734481812,19331
"Aristides Aquino","CIN",204,,-0.1900428831577301,,-0.1900428831577301,15482
"Brad Peacock","BOS",,5.3333,0,-0.19096329808235168,-0.19096329808235168,5401
"Joe Jiménez","DET",,45.3333,0,-0.1915532648563385,-0.1915532648563385,15761
"Kolby Allard","TEX",2,124.6666,-0.02138221263885498,-0.1726323366165161,-0.1940145492553711,18694
"Kyle Wright","ATL",3,6.3333,0.07324934750795364,-0.2680734097957611,-0.19482406228780746,19665
"Jake Petricka","LAA",,6,0,-0.19587074220180511,-0.19587074220180511,10534
"Alec Bettinger","MIL",1,10,-0.011222491040825844,-0.18503104150295258,-0.19625353254377842,20312
"Scott Kazmir","SFG",4,11.3333,-0.04292604699730873,-0.15455259382724762,-0.19747864082455635,4897
"Cody Ponce","PIT",7,38.3333,-0.0795658528804779,-0.1231183186173439,-0.2026841714978218,17920
"Zach Reks","LAD",10,,-0.20276767015457153,,-0.20276767015457153,19667
"Trent Giambrone","CHC",13,,-0.20327948033809662,,-0.20327948033809662,19250
"Yoshi Tsutsugo","- - -",262,,-0.2038874328136444,,-0.2038874328136444,27459
"Yennsy Díaz","NYM",1,25,-0.010631918907165527,-0.19495658576488495,-0.20558850467205048,20218
"Nick Anderson","TBR",,6,0,-0.20672422647476196,-0.20672422647476196,18337
"Tommy Nance","CHC",2,28.6666,-0.02215086668729782,-0.18525634706020355,-0.20740721374750137,19178
"Travis Bergen","TOR",,10.6666,0,-0.21047687530517578,-0.21047687530517578,18581
"Hoby Milner","MIL",2,21.6666,0.034600500017404556,-0.24701139330863953,-0.21241089329123497,13346
"Justin Garza","CLE",,28.6666,0,-0.2142866849899292,-0.2142866849899292,19784
"Tim Hill","SDP",,59.6666,0,-0.2144922912120819,-0.2144922912120819,16814
"Hirokazu Sawamura","BOS",,53,0,-0.2161312699317932,-0.2161312699317932,27515
"Andrew Young","ARI",104,,-0.21702896058559418,,-0.21702896058559418,19521
"Chris Devenski","ARI",,7.3333,0,-0.21712858974933624,-0.21712858974933624,12763
"Tim Lopes","MIL",11,,-0.2192983329296112,,-0.2192983329296112,14137
"Brent Honeywell","TBR",,4.3333,0,-0.21936582028865814,-0.21936582028865814,16466
"Nomar Mazara","DET",181,,-0.2212032675743103,,-0.2212032675743103,14553
"Henry Ramos","ARI",55,,-0.22167092561721802,,-0.22167092561721802,11481
"Andrew Stevenson","WSN",213,,-0.22482727468013763,,-0.22482727468013763,17932
"Ross Detwiler","- - -",3,52.3333,0.018714072182774544,-0.24361560866236687,-0.22490153647959232,2859
"Renato Núñez","DET",55,,-0.22518767416477203,,-0.22518767416477203,14503
"Adam Kolarek","OAK",,9,0,-0.22720780968666077,-0.22720780968666077,10843
"Justin Wilson","- - -",,34,0,-0.22728312015533447,-0.22728312015533447,4301
"Angel Perdomo","MIL",,17,0,-0.2288748174905777,-0.2288748174905777,17759
"Matt Bush","TEX",,4,0,-0.22929832339286804,-0.22929832339286804,1246
"Jordan Weems","- - -",,5.666600000000001,0,-0.2326304316520691,-0.2326304316520691,13190
"Riley O'Brien","CIN",,1.3333,0,-0.23485808074474335,-0.23485808074474335,20348
"Carl Edwards Jr.","- - -",,5.666600000000001,0,-0.23509401082992554,-0.23509401082992554,13607
"Leody Taveras","TEX",185,,-0.23567865788936615,,-0.23567865788936615,18900
"Luís Madero","MIA",1,12,-0.01124997902661562,-0.2282242774963379,-0.2394742565229535,20399
"Brock Holt","TEX",260,1,-0.24723079800605774,0.006495535373687744,-0.24073526263237,9345
"Marcell Ozuna","ATL",208,,-0.24087058007717133,,-0.24087058007717133,10324
"Zack Britton","NYY",,18.3333,0,-0.2417394071817398,-0.2417394071817398,3240
"Alex Blandino","CIN",82,3.6666,-0.16230010986328125,-0.0799454003572464,-0.24224551022052765,16271
"Alejo Lopez","CIN",23,,-0.24415194988250732,,-0.24415194988250732,21127
"Hans Crouse","PHI",1,7,-0.011259553954005241,-0.23404927551746368,-0.24530882947146893,22192
"Jeremy Beasley","TOR",,9.3333,0,-0.2455308884382248,-0.2455308884382248,20205
"Colin Moran","PIT",359,,-0.24705541133880615,,-0.24705541133880615,16909
"Jackson Kowar","KCR",,30.3333,0,-0.2474505454301834,-0.2474505454301834,21549
"Magneuris Sierra","MIA",225,,-0.25104060769081116,,-0.25104060769081116,17023
"Rob Brantly","NYY",21,,-0.2530951201915741,,-0.2530951201915741,10655
"Keegan Thompson","CHC",8,53.3333,0.008289405144751072,-0.2626189589500427,-0.25432955380529165,19795
"Darien Núñez","LAD",,7.6666,0,-0.2544277310371399,-0.2544277310371399,21197
"Andrew Vaughn","CHW",469,,-0.25464102625846863,,-0.25464102625846863,26197
"Wade Davis","KCR",,42.6666,0,-0.25570860505104065,-0.25570860505104065,7441
"Seth Frankoff","ARI",4,14.6666,0.012155963107943535,-0.26911813020706177,-0.25696216709911823,11346
"Riley Smith","ARI",17,67.3333,-0.19078046083450317,-0.0679464340209961,-0.25872689485549927,19826
"Justus Sheffield","SEA",2,80.3333,0.052292633801698685,-0.3120363652706146,-0.25974373146891594,17285
"Ryan Feltner","COL",1,6.3333,-0.013039568439126015,-0.2473181188106537,-0.2603576872497797,21446
"Jurickson Profar","SDP",412,,-0.2615613639354706,,-0.2615613639354706,10815
"Patrick Mazeika","NYM",87,,-0.2616376578807831,,-0.2616376578807831,18142
"José Alvarado","PHI",,55.6666,0,-0.26448965072631836,-0.26448965072631836,17780
"Andrew Romine","CHC",64,1,-0.21366067230701447,-0.05100713297724724,-0.2646678052842617,1159
"Trevor Megill","CHC",,23.6666,0,-0.2647785246372223,-0.2647785246372223,17722
"Chad Kuhl","PIT",24,80.3333,-0.13141755759716034,-0.13464850187301636,-0.2660660594701767,14975
"Manuel Rodríguez","CHC",1,17.6666,-0.01107543334364891,-0.25542816519737244,-0.26650359854102135,20794
"Yairo Muñoz","BOS",11,,-0.26816368103027344,,-0.26816368103027344,16313
"Rex Brothers","CHC",2,53,-0.02215086668729782,-0.24894168972969055,-0.2710925564169884,9794
"Ryan Borucki","TOR",,23.6666,0,-0.27178385853767395,-0.27178385853767395,16350
"Brent Rooker","MIN",213,,-0.2731083929538727,,-0.2731083929538727,19627
"Hernán Pérez","WSN",21,2,-0.3223417103290558,0.04847276583313942,-0.27386894449591637,5751
"Nick Neidert","MIA",12,35.6666,-0.08141148835420609,-0.19304467737674713,-0.2744561657309532,18699
"Sam Haggerty","SEA",94,,-0.2753067910671234,,-0.2753067910671234,18054
"Kyle Ryan","CHC",2,13.3333,-0.02215086668729782,-0.2537979185581207,-0.27594878524541855,11753
"Brandon Waddell","- - -",1,9.333300000000001,-0.010906033217906952,-0.2660295544192195,-0.27693558763712645,18347
"Cavan Biggio","TOR",294,,-0.2770652770996094,,-0.2770652770996094,19252
"Andrew Velazquez","NYY",68,,-0.277193158864975,,-0.277193158864975,14196
"José Godoy","SEA",40,,-0.27814263105392456,,-0.27814263105392456,15808
"Mike Freeman","CIN",65,0.3333,-0.29246658086776733,0.013378904201090336,-0.279087676666677,11241
"Randy Dobnak","MIN",,50.6666,0,-0.28256747126579285,-0.28256747126579285,23798
"J.B. Bukauskas","ARI",,17.3333,0,-0.28283441066741943,-0.28283441066741943,20491
"Brandon Workman","- - -",,28,0,-0.2841538116335869,-0.2841538116335869,11428
"Touki Toussaint","ATL",18,50,-0.0837940126657486,-0.2027808576822281,-0.2865748703479767,16929
"Zack Godley","MIL",1,3.3333,-0.011222491040825844,-0.2755373418331146,-0.28675983287394047,14862
"Vince Velasquez","- - -",30,94.3332,0.0020745471119880676,-0.29475667513906956,-0.2926821280270815,11189
"P.J. Higgins","CHC",25,,-0.2937147617340088,,-0.2937147617340088,18433
"Kole Calhoun","ARI",182,,-0.29381391406059265,,-0.29381391406059265,11200
"Jay Bruce","NYY",39,,-0.2948855459690094,,-0.2948855459690094,9892
"Danny Mendick","CHW",186,1,-0.3003392815589905,0.003662350820377469,-0.296676930738613,18889
"Mike Fiers","OAK",,9.3333,0,-0.2977272868156433,-0.2977272868156433,7754
"Cam Bedrosian","- - -",,24.999899999999997,0,-0.2983217090368271,-0.2983217090368271,13360
"Lewis Brinson","MIA",290,,-0.2983284890651703,,-0.2983284890651703,14352
"Jefry Rodriguez","WSN",2,24.3333,-0.02248413674533367,-0.2759040296077728,-0.2983881663531065,17018
"Gerardo Parra","WSN",107,,-0.3002707064151764,,-0.3002707064151764,8553
"Jacob Barnes","- - -",,28.6666,0,-0.300697460770607,-0.300697460770607,12323
"Kevin Smith","TOR",36,,-0.30258336663246155,,-0.30258336663246155,20242
"Tyler Zuber","KCR",1,27.3333,-0.011158198118209839,-0.2921060025691986,-0.30326420068740845,20379
"Rowdy Tellez","- - -",325,,-0.30365413427352905,,-0.30365413427352905,15679
"Nick Heath","ARI",39,,-0.3037987947463989,,-0.3037987947463989,19577
"Matt Carpenter","STL",249,1.3333,-0.2968142628669739,-0.008099217899143696,-0.3049134807661176,8090
"Cionel Pérez","CIN",2,24,-0.023650217801332474,-0.28188079595565796,-0.30553101375699043,19614
"Luis Oviedo","PIT",,29.6666,0,-0.30621492862701416,-0.30621492862701416,21728
"Ryan Weber","- - -",,9.666599999999999,0,-0.30645303055644035,-0.30645303055644035,10160
"Taylor Widener","ARI",18,70.3333,-0.08290654420852661,-0.22462092339992523,-0.30752746760845184,19266
"Jake Bauers","- - -",315,,-0.30822153203189373,,-0.30822153203189373,15194
"Mickey Moniak","PHI",37,,-0.31068819761276245,,-0.31068819761276245,19956
"Kyle Barraclough","MIN",,13,0,-0.311069130897522,-0.311069130897522,13713
"Bryan Holaday","ARI",34,1,-0.22232072055339813,-0.08886191993951797,-0.3111826404929161,11287
"Robert Stock","- - -",4,9,-0.043414704501628876,-0.26928938925266266,-0.31270409375429153,6576
"Julian Merryweather","TOR",,13,0,-0.31294742226600647,-0.31294742226600647,16703
"Sebastián  Rivero","KCR",44,,-0.31431278586387634,,-0.31431278586387634,21735
"Victor Robles","WSN",369,,-0.3164295256137848,,-0.3164295256137848,18363
"Shawn Armstrong","- - -",,36,0,-0.31652000546455383,-0.31652000546455383,12857
"Brandon Kintzler","PHI",,29.6666,0,-0.3166316747665405,-0.3166316747665405,9939
"Javy Guerra","WSN",1,6,-0.011242068372666836,-0.3085958957672119,-0.31983796413987875,7407
"Max Moroff","STL",16,,-0.32122132182121277,,-0.32122132182121277,14556
"Jake Hager","- - -",30,,-0.32302747666835785,,-0.32302747666835785,12198
"Chase De Jong","PIT",15,43.6666,-0.04181881248950958,-0.28259700536727905,-0.32441581785678864,15036
"Darren McCaughan","SEA",2,9,-0.0202955212444067,-0.3042912185192108,-0.3245867397636175,20038
"Jarren Duran","BOS",112,,-0.32647597789764404,,-0.32647597789764404,24617
"David Bote","CHC",327,,-0.32652050256729126,,-0.32652050256729126,14593
"Greg Deichmann","CHC",31,,-0.3265833854675293,,-0.3265833854675293,19872
"Mark Payton","CIN",24,,-0.3267199397087097,,-0.3267199397087097,16042
"Mauricio Llovera","PHI",,6.6666,0,-0.32715219259262085,-0.32715219259262085,20080
"Nick Mears","PIT",1,23.3333,-0.011366551741957664,-0.3160439431667328,-0.32741049490869045,25376
"Adam Haseley","PHI",21,,-0.32980576157569885,,-0.32980576157569885,19878
"Josh Lindblom","MIL",1,16.6666,-0.011222491040825844,-0.3188164234161377,-0.33003891445696354,7882
"Dean Kremer","BAL",,53.6666,0,-0.33189690113067627,-0.33189690113067627,19350
"Cole Tucker","PIT",131,,-0.33222874999046326,,-0.33222874999046326,17326
"Adam Morgan","CHC",,25.3333,0,-0.3363463878631592,-0.3363463878631592,12580
"Jesus Tinoco","COL",,1.3333,0,-0.33811426162719727,-0.33811426162719727,16300
"Luke Raley","LAD",72,,-0.33859291672706604,,-0.33859291672706604,19354
"Sal Romano","- - -",2,24.9999,-0.023650217801332474,-0.3163049705326557,-0.3399551883339882,13690
"Edward Cabrera","MIA",7,26.3333,0.024264097213745117,-0.3648417592048645,-0.3405776619911194,21690
"Anthony Bass","MIA",,61.3333,0,-0.3409157693386078,-0.3409157693386078,7982
"Jose Lobaton","CHC",13,,-0.3425023555755615,,-0.3425023555755615,4243
"Nick Wittgren","CLE",,62.3333,0,-0.3431016802787781,-0.3431016802787781,15594
"Tanner Rainey","WSN",,31.6666,0,-0.34424665570259094,-0.34424665570259094,17610
"Jesse Hahn","KCR",,3.3333,0,-0.34531816840171814,-0.34531816840171814,13287
"Andre Scrubb","HOU",,19.6666,0,-0.3455462157726288,-0.3455462157726288,20329
"Shed Long Jr.","SEA",121,,-0.3464149236679077,,-0.3464149236679077,16542
"Johan Camargo","ATL",18,,-0.3479180932044983,,-0.3479180932044983,14950
"Aaron Slegers","LAA",,31,0,-0.3493020236492157,-0.3493020236492157,15231
"Colton Welker","COL",40,,-0.3498806059360504,,-0.3498806059360504,19961
"Orlando Arcia","- - -",89,,-0.3498852327466011,,-0.3498852327466011,13185
"Adrian Sampson","CHC",11,35.3333,-0.12182975560426712,-0.23059041798114777,-0.3524201735854149,13339
"Josh Osich","CIN",,14.3333,0,-0.3533833622932434,-0.3533833622932434,11528
"Daniel Robertson","MIL",90,1,-0.3639332056045532,0.006777171511203051,-0.35715603409335017,14145
"Donovan Walton","SEA",69,,-0.3586541712284088,,-0.3586541712284088,19314
"Chad Wallach","MIA",66,,-0.3591238558292389,,-0.3591238558292389,17161
"Luis Campusano","SDP",38,,-0.3625389039516449,,-0.3625389039516449,22217
"Trent Thornton","TOR",,49,0,-0.3634134531021118,-0.3634134531021118,17948
"Mac Sceroler","BAL",,7.6666,0,-0.36570072174072266,-0.36570072174072266,22218
"Dustin Fowler","PIT",46,,-0.36580705642700195,,-0.36580705642700195,17098
"Todd Frazier","PIT",40,,-0.3685440123081207,,-0.3685440123081207,785
"Hyeon-Jong Yang","TEX",,35.3333,0,-0.37275242805480957,-0.37275242805480957,27513
"Jared Oliva","PIT",43,,-0.37496551871299744,,-0.37496551871299744,19968
"Jason Martin","TEX",154,,-0.38093215227127075,,-0.38093215227127075,16429
"Khris Davis","- - -",114,,-0.3831077963113785,,-0.3831077963113785,9112
"Kevin Newman","PIT",554,,-0.384844571352005,,-0.384844571352005,17696
"Alan Trejo","COL",50,,-0.38701388239860535,,-0.38701388239860535,20056
"Eric Yardley","MIL",,18.6666,0,-0.3872690796852112,-0.3872690796852112,15538
"Justin Miller","- - -",,19,0,-0.3892081007361412,-0.3892081007361412,8580
"Jon Duplantier","ARI",3,13,0.025885222479701042,-0.41717326641082764,-0.3912880439311266,19546
"Shane Greene","- - -",,23.6666,0,-0.39223066717386246,-0.39223066717386246,10756
"Wyatt Mathisen","ARI",51,1,-0.40196555852890015,0.005929801147431135,-0.396035757381469,14555
"Ryan Hendrix","CIN",1,31.6666,-0.011825108900666237,-0.3871804475784302,-0.3990055564790964,19535
"Matt Moore","PHI",20,73,-0.22519110143184662,-0.1739613562822342,-0.3991524577140808,1890
"Juan Lagares","LAA",327,,-0.3997350037097931,,-0.3997350037097931,5384
"Cameron Maybin","NYM",33,,-0.3997717499732971,,-0.3997717499732971,5223
"Mike Moustakas","CIN",206,,-0.4001122713088989,,-0.4001122713088989,4892
"Matt Joyce","PHI",69,,-0.4012545049190521,,-0.4012545049190521,3353
"Shelby Miller","- - -",1,12.6666,-0.011366551741957664,-0.39280693233013153,-0.4041734840720892,10197
"Sheldon Neuse","LAD",66,,-0.40806299448013306,,-0.40806299448013306,19635
"Scott Kingery","PHI",19,,-0.4107562303543091,,-0.4107562303543091,17975
"Brett de Geus","- - -",,49.9999,0,-0.41889528185129166,-0.41889528185129166,23592
"Emilio Pagán","SDP",2,63.3333,-0.021100830286741257,-0.40381133556365967,-0.4249121658504009,14771
"Vimael Machín","OAK",37,,-0.43139946460723877,,-0.43139946460723877,17684
"Khalil Lee","NYM",18,,-0.43348297476768494,,-0.43348297476768494,19952
"Wil Crowe","PIT",41,116.6666,-0.1576114445924759,-0.2761584222316742,-0.4337698668241501,19800
"Aramis Garcia","OAK",94,,-0.4338846504688263,,-0.4338846504688263,16925
"Kurt Suzuki","LAA",247,,-0.4344407320022583,,-0.4344407320022583,8259
"Jake Jewell","CHC",1,10,-0.01107543334364891,-0.42509645223617554,-0.43617188557982445,16958
"Stephen Piscotty","OAK",188,,-0.4373837411403656,,-0.4373837411403656,13367
"Kevin Ginkel","ARI",,28.3333,0,-0.43994686007499695,-0.43994686007499695,19876
"Jason Vosler","SFG",82,,-0.44079655408859253,,-0.44079655408859253,16686
"Rio Ruiz","- - -",141,,-0.4452790170907974,,-0.4452790170907974,14103
"JoJo Romero","PHI",,9,0,-0.44623658061027527,-0.44623658061027527,19574
"Wander Suero","WSN",1,42.6666,-0.011242068372666836,-0.44085225462913513,-0.45209432300180197,15855
"Travis Shaw","- - -",250,,-0.4537622192874551,,-0.4537622192874551,11982
"Chase Anderson","PHI",14,48,-0.15763376653194427,-0.29668596386909485,-0.4543197304010391,6895
"Vidal Bruján","TBR",26,,-0.45439502596855164,,-0.45439502596855164,20536
"Scott Schebler","LAA",34,,-0.4585895836353302,,-0.4585895836353302,12225
"Miguel Cabrera","DET",526,,-0.45925214886665344,,-0.45925214886665344,1744
"Jonathan Davis","- - -",103,,-0.4595644325017929,,-0.4595644325017929,15104
"Logan Allen","CLE",1,50.3333,-0.010407284833490849,-0.45435765385627747,-0.4647649386897683,18555
"Edwin Ríos","LAD",60,,-0.4673450291156769,,-0.4673450291156769,18316
"Alex Jackson","- - -",151,,-0.4685685485601425,,-0.4685685485601425,17276
"Brandyn Sittinger","ARI",,4.6666,0,-0.47162026166915894,-0.47162026166915894,19192
"Edgar García","- - -",,14.666599999999999,0,-0.47426436096429825,-0.47426436096429825,19276
"Cory Abbott","CHC",3,17.3333,0.0393618568778038,-0.516953706741333,-0.4775918498635292,20277
"Will Craig","PIT",65,,-0.48003390431404114,,-0.48003390431404114,19267
"Daniel Ponce de Leon","STL",5,33.3333,-0.054530177265405655,-0.42642784118652344,-0.4809580184519291,16110
"Miguel Yajure","PIT",3,15,-0.034099649637937546,-0.4507460296154022,-0.48484567925333977,21111
"Beau Burrows","- - -",,10.9999,0,-0.4910317314788699,-0.4910317314788699,18873
"Jarred Kelenic","SEA",377,,-0.4941873252391815,,-0.4941873252391815,22558
"Wes Benjamin","TEX",,22.6666,0,-0.5013965964317322,-0.5013965964317322,19243
"Willie Calhoun","TEX",284,,-0.501642644405365,,-0.501642644405365,17838
"Corbin Martin","ARI",4,16,0.027667246758937836,-0.5300316214561462,-0.5023643746972084,19884
"Ryan Buchter","ARI",,16.3333,0,-0.5045437812805176,-0.5045437812805176,9456
"Trevor Stephan","CLE",,63.3333,0,-0.5051924586296082,-0.5051924586296082,19932
"Josh Reddick","ARI",158,0.6666,-0.43131598830223083,-0.07652899622917175,-0.5078449845314026,3892
"Matt Adams","COL",40,,-0.5087193846702576,,-0.5087193846702576,9393
"Jake Cave","MIN",178,,-0.5157058835029602,,-0.5157058835029602,14477
"Yency Almonte","COL",3,47.6666,-0.039118699729442596,-0.4769269824028015,-0.5160456821322441,15068
"Harold Castro","DET",339,2.6666,-0.5022023916244507,-0.02077830210328102,-0.5229806937277317,14691
"Dan Winkler","CHC",1,39.6666,-0.01107543334364891,-0.5146921277046204,-0.5257675610482693,12237
"Kean Wong","LAA",66,,-0.5259801149368286,,-0.5259801149368286,15994
"Buck Farmer","DET",,35.3333,0,-0.5323635935783386,-0.5323635935783386,14814
"Wilson Ramos","- - -",163,,-0.5430097468197346,,-0.5430097468197346,1433
"Gregory Santos","SFG",,2,0,-0.5478253960609436,-0.5478253960609436,21894
"Adam Eaton","- - -",288,1,-0.5577499940991402,0.008211405947804451,-0.5495385881513357,11205
"José Marmolejos","SEA",122,,-0.5498470664024353,,-0.5498470664024353,15767
"J.C. Mejía","CLE",1,52.3333,-0.010407284833490849,-0.5424801111221313,-0.5528873959556222,20617
"Willians Astudillo","MIN",216,4,-0.4960341155529022,-0.058152295649051666,-0.5541864112019539,15608
"Marwin Gonzalez","- - -",307,1,-0.578918993473053,0.006815702188760042,-0.5721032912842929,5497
"Tim Locastro","- - -",156,,-0.572124588303268,,-0.572124588303268,15124
"Albert Abreu","NYY",,36.6666,0,-0.5757900476455688,-0.5757900476455688,17485
"Albert Almora Jr.","NYM",54,1,-0.4971274435520172,-0.08732675760984421,-0.5844542011618614,14109
"Jerad Eickhoff","NYM",8,19.6666,0.12628182768821716,-0.7112498879432678,-0.5849680602550507,12664
"Kohei Arihara","TEX",2,40.6666,-0.02138221263885498,-0.5649346709251404,-0.5863168835639954,27505
"Skye Bolt","- - -",60,,-0.6031830944120884,,-0.6031830944120884,17723
"Erik González","PIT",229,,-0.6034837961196899,,-0.6034837961196899,13369
"Cristian Pache","ATL",68,,-0.6044335961341858,,-0.6044335961341858,19948
"Jake Arrieta","- - -",30,98.66659999999999,0.1674286611378193,-0.7798191457986832,-0.6123904846608639,4153
"Maikel Franco","BAL",403,,-0.6226224899291992,,-0.6226224899291992,12179
"Kyle Keller","PIT",,33.3333,0,-0.6244041919708252,-0.6244041919708252,18890
"T.J. Zeuch","TOR",,15,0,-0.6304033994674683,-0.6304033994674683,19269
"Andrew Albers","MIN",,19,0,-0.6341919898986816,-0.6341919898986816,7853
"Gilberto Celestino","MIN",62,,-0.6434304118156433,,-0.6434304118156433,20233
"Drew Ellis","ARI",83,,-0.6442051529884338,,-0.6442051529884338,19873
"Ryan O'Hearn","KCR",254,,-0.6454407572746277,,-0.6454407572746277,16442
"John Nogowski","- - -",143,3,-0.6720113456249237,0.01990492269396782,-0.6521064229309559,16852
"Pedro Severino","BAL",419,,-0.6564738154411316,,-0.6564738154411316,14523
"Justin Williams","STL",137,,-0.6601331233978271,,-0.6601331233978271,15490
"Brooks Kriske","- - -",,11.3332,0,-0.6672988757491112,-0.6672988757491112,21189
"Shogo Akiyama","CIN",183,,-0.6726844906806946,,-0.6726844906806946,27461
"Luis García Jr.","WSN",247,,-0.6795642375946045,,-0.6795642375946045,20391
"Kevan Smith","- - -",106,,-0.6812621168792248,,-0.6812621168792248,12284
"Eric Sogard","CHC",180,4.3333,-0.5693860054016113,-0.11951172351837158,-0.6888977289199829,7927
"Owen Miller","CLE",202,,-0.6892586946487427,,-0.6892586946487427,24655
"Phillip Evans","PIT",247,1,-0.696111261844635,0.0066349743865430355,-0.689476287458092,12950
"Michael Pérez","PIT",231,,-0.6897984147071838,,-0.6897984147071838,12977
"Mike Foltynewicz","TEX",2,139,-0.02138221263885498,-0.6717538237571716,-0.6931360363960266,10811
"Chance Sisco","- - -",83,,-0.7050688341259956,,-0.7050688341259956,15694
"JaCoby Jones","DET",105,,-0.7156568765640259,,-0.7156568765640259,14818
"Evan White","SEA",104,,-0.7289121747016907,,-0.7289121747016907,20078
"Austin Wynns","BAL",139,1,-0.6904714107513428,-0.04569229856133461,-0.7361637093126774,15271
"Drew Butera","LAA",36,,-0.7438123226165771,,-0.7438123226165771,3411
"Curtis Terry","TEX",48,,-0.7449058294296265,,-0.7449058294296265,18881
"Richie Martin","BAL",105,,-0.7491540312767029,,-0.7491540312767029,17736
"Stevie Wilkerson","BAL",76,1,-0.6975399851799011,-0.055031586438417435,-0.7525715716183186,16041
"Matt Shoemaker","MIN",,60.3333,0,-0.7567017674446106,-0.7567017674446106,4776
"Carlos Santana","KCR",659,,-0.764646053314209,,-0.764646053314209,2396
"Keston Hiura","MIL",197,,-0.7947270274162292,,-0.7947270274162292,20003
"Clint Frazier","NYY",218,,-0.8143912553787231,,-0.8143912553787231,15983
"Zack Short","DET",184,,-0.8185220956802368,,-0.8185220956802368,19562
"Griffin Jax","MIN",3,82,-0.03151359781622887,-0.7948744297027588,-0.8263880275189877,20253
"Pat Valaika","BAL",281,1.3333,-0.8447113633155823,0.010587015189230442,-0.8341243481263518,14885
"Franchy Cordero","BOS",136,,-0.841875433921814,,-0.841875433921814,14567
"Ildemaro Vargas","- - -",83,,-0.8519271686673164,,-0.8519271686673164,13324
"Nate Jones","- - -",1,18.9999,-0.010900863446295261,-0.8605952262878418,-0.8714960897341371,4696
"Jahmai Jones","BAL",72,,-0.8742657899856567,,-0.8742657899856567,18872
"Hunter Dozier","KCR",543,,-0.8901260495185852,,-0.8901260495185852,15117
"David Dahl","TEX",220,,-0.9038177132606506,,-0.9038177132606506,13744
"Luis Rengifo","LAA",190,,-0.9143463373184204,,-0.9143463373184204,19858
"Bryan Garcia","DET",,39.3333,0,-0.9181779623031616,-0.9181779623031616,19457
"Sandy León","MIA",220,6,-0.7681187391281128,-0.16997715830802917,-0.938095897436142,5273
"David Hess","- - -",4,20,-0.04499991610646248,-0.9124019742012024,-0.9574018903076649,16130
"Joshua Fuentes","COL",284,1,-0.9756153225898743,0.007758301217108965,-0.9678570213727653,16885
"Domingo Leyba","- - -",96,,-0.9782056212425232,,-0.9782056212425232,16404
"Andrew Knizner","STL",185,,-0.9865061044692993,,-0.9865061044692993,19514
"Dominic Smith","NYM",493,,-0.9881529808044434,,-0.9881529808044434,15653
"Didi Gregorius","PHI",408,,-0.9890852570533752,,-0.9890852570533752,6012
"Cody Bellinger","LAD",350,,-1.017069697380066,,-1.017069697380066,15998
"Ka'ai Tom","- - -",133,1,-1.047106146812439,0.018002763390541077,-1.0291033834218979,18136
"Gregory Polanco","PIT",382,,-1.0456796884536743,,-1.0456796884536743,12907
"Robel García","HOU",117,1,-0.938368022441864,-0.10878410935401917,-1.0471521317958832,13167
"Carter Kieboom","WSN",249,,-1.0562986135482788,,-1.0562986135482788,19958
"Alex Young","- - -",4,51.999900000000004,-0.04488952085375786,-1.0540648400783539,-1.0989543609321117,18333
"Isan Díaz","MIA",277,,-1.1092286109924316,,-1.1092286109924316,17922
"Zack Collins","CHW",231,,-1.128782033920288,,-1.128782033920288,19181
"Adam Plutko","BAL",,56.3333,0,-1.1930688619613647,-1.1930688619613647,15846
"Joe Panik","- - -",257,,-1.225334420800209,,-1.225334420800209,11936
"Andrew Knapp","PHI",159,0.3333,-1.3111153841018677,0.0023728159721940756,-1.3087425681296736,14942
"Jackie Bradley Jr.","MIL",428,,-1.7593096494674683,,-1.7593096494674683,12984