"pitch_type","game_date","release_speed","release_pos_x","release_pos_z","player_name","batter","pitcher","events","description","spin_dir","spin_rate_deprecated","break_angle_deprecated","break_length_deprecated","zone","des","game_type","stand","p_throws","home_team","away_team","type","hit_location","bb_type","balls","strikes","game_year","pfx_x","pfx_z","plate_x","plate_z","on_3b","on_2b","on_1b","outs_when_up","inning","inning_topbot","hc_x","hc_y","tfs_deprecated","tfs_zulu_deprecated","fielder_2","umpire","sv_id","vx0","vy0","vz0","ax","ay","az","sz_top","sz_bot","hit_distance_sc","launch_speed","launch_angle","effective_speed","release_spin_rate","release_extension","game_pk","pitcher","fielder_2","fielder_3","fielder_4","fielder_5","fielder_6","fielder_7","fielder_8","fielder_9","release_pos_y","estimated_ba_using_speedangle","estimated_woba_using_speedangle","woba_value","woba_denom","babip_value","iso_value","launch_speed_angle","at_bat_number","pitch_number","pitch_name","home_score","away_score","bat_score","fld_score","post_away_score","post_home_score","post_bat_score","post_fld_score","if_fielding_alignment","of_fielding_alignment","spin_axis","delta_home_win_exp","delta_run_exp","bat_speed","swing_length"
"ST","2024-08-30","85.5","-1.35","5.51","López, Pablo",677870,641154,,"ball",,,,,14,"Leo Jiménez singles on a soft ground ball to third baseman Royce Lewis.   Nathan Lukes to 2nd.","R","R","R","MIN","TOR","B",,,0,1,2024,"1.24","-0.19","3.38","1.21",,,664770,2,8,"Top",,,,,680777,,,8.764285065423445,-124.2838587360857,-3.4669919019897364,10.968419050236786,26.53564825063247,-33.64510072692289,"3.28","1.58",,,,"86.5",2572,"7.2",745862,641154,680777,467793,666397,668904,650489,663616,668885,670242,"53.34",,,,,,,,55,2,"Sweeper",2,0,0,2,0,2,0,2,"Standard","Standard",38,"0","0.03",,
"ST","2024-08-30","84.8","-1.69","5.44","López, Pablo",677870,641154,,"called_strike",,,,,8,"Leo Jiménez singles on a soft ground ball to third baseman Royce Lewis.   Nathan Lukes to 2nd.","R","R","R","MIN","TOR","S",,,0,0,2024,"1.19","-0.16","-0.17","1.5",,,664770,2,8,"Top",,,,,680777,,,1.2034705833614552,-123.5743990676059,-2.5879855526143283,11.892396265162805,25.296965172697355,-33.46035312852627,"3.37","1.6",,,,"86.1",2523,"7.1",745862,641154,680777,467793,666397,668904,650489,663616,668885,670242,"53.37",,,,,,,,55,1,"Sweeper",2,0,0,2,0,2,0,2,"Standard","Standard",50,"0","-0.041",,
"ST","2024-08-30","84.7","-1.4","5.38","López, Pablo",676391,641154,,"foul",,,,,14,"Ernie Clement strikes out swinging.","R","R","R","MIN","TOR","S",,,0,2,2024,"0.87","-0.08","1.48","1.43",,,,1,8,"Top",,,,,680777,,,5.071936932467852,-123.29285034507366,-2.750397015284959,7.842303190673658,24.39969925021207,-32.701416782031515,"3.23","1.48",4,"73.4",-22,"86.1",2409,"7.2",745862,641154,680777,467793,666397,668904,650489,663616,668885,670242,"53.33",,,,,,,,53,4,"Sweeper",2,0,0,2,0,2,0,2,"Standard","Standard",50,"0","0","55.66155","7.48325"
"ST","2024-08-30","83.6","-1.37","5.55","López, Pablo",665489,641154,,"ball",,,,,14,"Vladimir Guerrero Jr.  grounds out, second baseman Edouard Julien to first baseman Carlos Santana.","R","R","R","MIN","TOR","B",,,0,0,2024,"1.16","-0.41","1.39","1.71",,,,0,7,"Top",,,,,680777,,,4.1302447870261485,-121.70164921408549,-1.627918061667749,10.683090928749584,24.013680249143295,-36.17037498814759,"3.57","1.62",,,,"84.8",2576,"7.1",745862,641154,680777,467793,666397,668904,650489,663616,668885,670242,"53.42",,,,,,,,46,1,"Sweeper",2,0,0,2,0,2,0,2,"Standard","Standard",48,"0","0.033",,
"ST","2024-08-30","84.9","-1.78","5.35","López, Pablo",662139,641154,"field_out","hit_into_play",,,,,8,"Daulton Varsho pops out to second baseman Edouard Julien.","R","L","R","MIN","TOR","X",4,"popup",2,2,2024,"0.98","0.03","-0.17","2.04",,,677870,0,6,"Top",156.43,141.02,,,680777,,,1.8165406568654485,-123.6733643642647,-1.5085995976528186,9.74806122452458,24.238565143464836,-31.793149265670667,"3.31","1.54",169,"86.3",62,"86.3",2415,"7.1",745862,641154,680777,467793,666397,668904,650489,663616,668885,670242,"53.43",0.02,0.018,"0",1,0,0,3,39,5,"Sweeper",2,0,0,2,0,2,0,2,"Standard","Standard",47,"0.048","-0.359","65.95864","8.43728"
"ST","2024-08-30","85.5","-1.47","5.43","López, Pablo",672386,641154,,"ball",,,,,14,"Alejandro Kirk lines out to center fielder Austin Martin.","R","R","R","MIN","TOR","B",,,0,2,2024,"1.03","-0.09","1.99","0.91",,687462,680718,0,5,"Top",,,,,680777,,,6.196107501846786,-124.484424194899,-4.299519043736283,9.548500329611274,23.65582813423093,-32.461425633836335,"3.03","1.59",,,,"87.2",2465,"7.2",745862,641154,680777,467793,666397,668904,650489,663616,668885,670242,"53.26",,,,,,,,29,3,"Sweeper",0,0,0,0,0,0,0,0,"Standard","Standard",38,"0","0.075",,
"ST","2024-08-30","85.2","-1.72","5.49","López, Pablo",662139,641154,,"ball",,,,,14,"Daulton Varsho grounds out to first baseman Carlos Santana.","R","L","R","MIN","TOR","B",,,0,0,2024,"1.13","0.01","1.05","1.83",,,,0,4,"Top",,,,,680777,,,4.28740674584919,-123.99614182524056,-2.2932669621318063,10.664537837369616,26.56000239253216,-31.799500949423635,"3.41","1.6",,,,"86.2",2458,"7.1",745862,641154,680777,467793,666397,668904,650489,663616,668885,670242,"53.4",,,,,,,,20,1,"Sweeper",0,0,0,0,0,0,0,0,"Standard","Standard",46,"0","0.033",,
"ST","2024-08-30","83.3","-1.53","5.47","López, Pablo",677870,641154,"field_out","hit_into_play",,,,,14,"Leo Jiménez grounds out, shortstop Willi Castro to first baseman Carlos Santana.","R","R","R","MIN","TOR","X",6,"ground_ball",0,2,2024,"1.11","-0.3","1.12","1.59",,,,2,3,"Top",107.89,160.42,,,680777,,,3.9737249821777096,-121.32594015207118,-1.9413262919833314,10.227714495835663,22.484535461900524,-34.94268339990063,"3.29","1.58",32,"78",0,"85",2398,"7.2",745862,641154,680777,467793,666397,668904,650489,663616,668885,670242,"53.3",0.137,0.132,"0",1,0,0,2,16,3,"Sweeper",0,0,0,0,0,0,0,0,"Standard","Standard",49,"0.011","-0.062","64.25537","8.05624"
"ST","2024-08-30","85.6","-1.7","5.45","López, Pablo",677870,641154,,"called_strike",,,,,6,"Leo Jiménez grounds out, shortstop Willi Castro to first baseman Carlos Santana.","R","R","R","MIN","TOR","S",,,0,0,2024,"1.03","0.23","0.34","2.38",,,,2,3,"Top",,,,,680777,,,2.777096083902118,-124.67104655038418,-1.4730025910685223,10.266914231971121,23.795377573719563,-29.691290212014813,"3.31","1.56",,,,"87.1",2470,"7.1",745862,641154,680777,467793,666397,668904,650489,663616,668885,670242,"53.4",,,,,,,,16,1,"Sweeper",0,0,0,0,0,0,0,0,"Standard","Standard",55,"0","-0.015",,
"ST","2024-08-30","85","-1.52","5.56","López, Pablo",676391,641154,"field_out","hit_into_play",,,,,3,"Ernie Clement flies out to center fielder Austin Martin.","R","R","R","MIN","TOR","X",8,"fly_ball",0,2,2024,"1.13","-0.11","0.52","2.8",,,,0,3,"Top",111.48,40.04,,,680777,,,2.5703089433253217,-123.83120466725913,0.008683210552598908,11.195802375153075,22.534793769298716,-33.52008365726702,"3.23","1.48",393,"98.3",27,"86.5",2442,"7",745862,641154,680777,467793,666397,668904,650489,663616,668885,670242,"53.49",0.471,0.733,"0",1,0,0,6,14,4,"Sweeper",0,0,0,0,0,0,0,0,"Standard","Standard",47,"0.025","-0.148","65.15164","6.59653"
"ST","2024-08-30","86","-1.51","5.48","López, Pablo",672386,641154,,"ball",,,,,14,"Alejandro Kirk strikes out swinging.","R","R","R","MIN","TOR","B",,,1,2,2024,"1.09","-0.01","1.92","1.48",,,,2,2,"Top",,,,,680777,,,6.032203129295228,-125.22312625051846,-3.2965691247659556,10.382374316214534,23.368011999180546,-31.882861916810334,"2.99","1.57",,,,"87.8",2372,"7.2",745862,641154,680777,467793,666397,668904,650489,663616,668885,670242,"53.28",,,,,,,,9,4,"Sweeper",0,0,0,0,0,0,0,0,"Standard","Standard",47,"0","0.016",,
"ST","2024-08-24","86.3","-1.46","5.52","López, Pablo",686780,641154,,"ball",,,,,14,"Pedro Pagés strikes out swinging.","R","R","R","MIN","STL","B",,,1,2,2024,"1.11","-0.13","1.79","1.25",,,,2,7,"Top",,,,,543877,,,5.579809970539546,-125.60551516057882,-3.7861741343504436,10.797679826062868,23.32107617492877,-33.04903015099408,"3.1","1.52",,,,"88.1",2352,"7.2",745868,641154,543877,669304,666397,668904,650489,663616,668885,596146,"53.3",,,,,,,,53,6,"Sweeper",5,0,0,5,0,5,0,5,"Standard","Standard",41,"0","0.016",,
"ST","2024-08-24","86.1","-1.68","5.4","López, Pablo",686780,641154,,"foul",,,,,9,"Pedro Pagés strikes out swinging.","R","R","R","MIN","STL","S",,,1,2,2024,"1.09","0.04","0.6","1.78",,,,2,7,"Top",,,,,543877,,,3.2438359230790614,-125.41871678404951,-2.4947964130147424,10.857615787997503,25.184274441520103,-31.46170722117941,"3.21","1.52",61,"58.6",7,"87.5",2441,"7.1",745868,641154,543877,669304,666397,668904,650489,663616,668885,596146,"53.38",,,,,,,,53,5,"Sweeper",5,0,0,5,0,5,0,5,"Standard","Standard",42,"0","0","68.3064","7.89924"
"ST","2024-08-24","85.4","-1.81","5.53","López, Pablo",502671,641154,"strikeout","called_strike",,,,,8,"Paul Goldschmidt called out on strikes.","R","R","R","MIN","STL","S",2,,3,2,2024,"1.18","0.04","0.12","2.06",,,,1,7,"Top",,,,,543877,,,2.188534216179438,-124.43763124951937,-2.0003594369792195,11.813154016219446,24.413755916324497,-31.590163457015567,"3.46","1.64",,,,"87",2439,"7.2",745868,641154,543877,669304,666397,668904,650489,663616,668885,596146,"53.35",,0,"0",1,0,0,,52,7,"Sweeper",5,0,0,5,0,5,0,5,"Standard","Standard",39,"0.004","-0.211",,
"ST","2024-08-24","85.9","-1.63","5.48","López, Pablo",502671,641154,,"ball",,,,,14,"Paul Goldschmidt called out on strikes.","R","R","R","MIN","STL","B",,,1,1,2024,"1","0.05","1.89","1.94",,,,1,7,"Top",,,,,543877,,,6.437261510136053,-125.06695953255398,-2.3114136140271904,9.336530798828079,23.611188809171733,-31.41147745608697,"3.54","1.64",,,,"87.7",2349,"7.2",745868,641154,543877,669304,666397,668904,650489,663616,668885,596146,"53.25",,,,,,,,52,3,"Sweeper",5,0,0,5,0,5,0,5,"Standard","Standard",38,"0","0.038",,
"ST","2024-08-24","85.6","-1.71","5.57","López, Pablo",663457,641154,"field_out","hit_into_play",,,,,6,"Lars Nootbaar grounds out, second baseman Edouard Julien to first baseman Jose Miranda.","R","L","R","MIN","STL","X",4,"ground_ball",0,1,2024,"1.29","-0.31","0.68","2.51",,,,0,7,"Top",152.52,154.12,,,543877,,,3.0821736392910464,-124.72830570228207,-0.32741618767723013,12.828220377343978,25.143998778627534,-35.51605005630146,"3.46","1.65",7,"69.3",-20,"86.9",2505,"7",745868,641154,543877,669304,666397,668904,650489,663616,668885,596146,"53.47",0.06,0.06,"0",1,0,0,2,51,2,"Sweeper",5,0,0,5,0,5,0,5,"Standard","Standard",46,"0.009","-0.197","67.93213","6.24855"
"ST","2024-08-24","86.1","-1.53","5.51","López, Pablo",571448,641154,"field_out","hit_into_play",,,,,14,"Nolan Arenado flies out to center fielder Austin Martin.","R","R","R","MIN","STL","X",8,"fly_ball",2,2,2024,"1.05","-0.02","0.87","2.23",,,,2,6,"Top",141.78,97.23,,,543877,,,3.6283965742771676,-125.48257514280219,-1.5733500594147365,10.452483137489436,24.612274413113713,-32.231620406252716,"3.42","1.69",258,"80",44,"88.3",2418,"7.5",745868,641154,543877,669304,666397,668904,650489,663616,668885,596146,"52.98",0.011,0.01,"0",1,0,0,3,47,7,"Sweeper",5,0,0,5,0,5,0,5,"Standard","Standard",42,"0.003","-0.087","64.95583","8.74319"
"ST","2024-08-24","87","-1.55","5.53","López, Pablo",571448,641154,,"foul",,,,,14,"Nolan Arenado flies out to center fielder Austin Martin.","R","R","R","MIN","STL","S",,,2,2,2024,"1.53","-0.22","0.91","1.84",,,,2,6,"Top",,,,,543877,,,2.8074234675518426,-126.61514142120768,-2.22898985941446,15.779651002305126,27.478212767023162,-34.28749464525698,"3.42","1.69",164,"64.2",43,"88.4",2396,"7.3",745868,641154,543877,669304,666397,668904,650489,663616,668885,596146,"53.22",,,,,,,,47,5,"Sweeper",5,0,0,5,0,5,0,5,"Standard","Standard",46,"0","0","62.29522","8.52656"
"ST","2024-08-24","85.4","-1.76","5.47","López, Pablo",571448,641154,,"called_strike",,,,,5,"Nolan Arenado flies out to center fielder Austin Martin.","R","R","R","MIN","STL","S",,,1,0,2024,"1.6","-0.39","-0.15","2.42",,,,2,6,"Top",,,,,543877,,,0.5767835052323471,-124.34728132529064,-0.0679277764481847,16.427761010161785,25.809250491114952,-36.40214973303776,"3.43","1.69",,,,"86.6",2405,"7.1",745868,641154,543877,669304,666397,668904,650489,663616,668885,596146,"53.43",,,,,,,,47,2,"Sweeper",5,0,0,5,0,5,0,5,"Standard","Standard",55,"0","-0.02",,
"ST","2024-08-24","84.7","-1.8","5.62","López, Pablo",572761,641154,,"called_strike",,,,,4,"Matt Carpenter grounds out, third baseman Royce Lewis to first baseman Jose Miranda.","R","L","R","MIN","STL","S",,,1,1,2024,"1.22","-0.04","-0.44","2.7",,,,0,6,"Top",,,,,543877,,,0.744787920623432,-123.42141572302599,-0.4469315489976212,12.442465885266028,22.23313087843444,-32.736226091016604,"3.64","1.8",,,,"86.2",2515,"7",745868,641154,543877,669304,666397,668904,650489,663616,668885,596146,"53.51",,,,,,,,45,3,"Sweeper",5,0,0,5,0,5,0,5,"Standard","Standard",51,"0","-0.051",,
"ST","2024-08-24","86.3","-1.73","5.47","López, Pablo",572761,641154,,"ball",,,,,14,"Matt Carpenter grounds out, third baseman Royce Lewis to first baseman Jose Miranda.","R","L","R","MIN","STL","B",,,0,1,2024,"1.27","-0.04","1.12","1.81",,,,0,6,"Top",,,,,543877,,,4.25735623219678,-125.80105721170091,-2.495512354057263,12.814166410535092,23.483321444387947,-32.34635674115849,"3.64","1.8",,,,"88.1",2627,"7.1",745868,641154,543877,669304,666397,668904,650489,663616,668885,596146,"53.37",,,,,,,,45,2,"Sweeper",5,0,0,5,0,5,0,5,"Standard","Standard",41,"0","0.023",,
"ST","2024-08-24","85.9","-1.57","5.49","López, Pablo",691026,641154,"strikeout","swinging_strike",,,,,14,"Masyn Winn strikes out swinging.","R","R","R","MIN","STL","S",2,,2,2,2024,"1.32","-0.16","1","1.5",,502671,687363,1,5,"Top",,,,,543877,,,3.4717441226953927,-125.02703344951799,-2.8810302232383247,13.100657132358704,26.232773331010137,-33.45741902153437,"3.5","1.64",,,,"87.3",2460,"7.3",745868,641154,543877,669304,666397,668904,650489,663616,668885,596146,"53.24",,0,"0",1,0,0,,38,6,"Sweeper",4,0,0,4,0,4,0,4,"Standard","Standard",43,"0.035","-0.407","70.684","7.9688"
"ST","2024-08-24","85.5","-1.51","5.68","López, Pablo",691026,641154,,"ball",,,,,12,"Masyn Winn strikes out swinging.","R","R","R","MIN","STL","B",,,1,2,2024,"1.28","-0.26","1.33","3.23",,502671,687363,1,5,"Top",,,,,543877,,,4.175749570342804,-124.49507946024514,1.0449338176483078,12.521015202315358,24.658695795406842,-35.330110180894344,"3.45","1.64",,,,"87.2",2490,"7.3",745868,641154,543877,669304,666397,668904,650489,663616,668885,596146,"53.23",,,,,,,,38,4,"Sweeper",4,0,0,4,0,4,0,4,"Standard","Standard",41,"0","0.061",,
"ST","2024-08-24","83.5","-1.7","5.56","López, Pablo",691026,641154,,"swinging_strike",,,,,14,"Masyn Winn strikes out swinging.","R","R","R","MIN","STL","S",,,1,1,2024,"1.33","-0.19","0.96","1.37",,502671,687363,1,5,"Top",,,,,543877,,,3.5808429110648574,-121.64089267928748,-2.878167163642279,12.488369140694523,24.351366505442567,-33.66922208403369,"3.5","1.64",,,,"85",2400,"7.3",745868,641154,543877,669304,666397,668904,650489,663616,668885,596146,"53.23",,,,,,,,38,3,"Sweeper",4,0,0,4,0,4,0,4,"Standard","Standard",43,"0","-0.072","62.89881","8.6752"
"ST","2024-08-24","84.7","-1.6","5.6","López, Pablo",502671,641154,,"ball",,,,,3,"Paul Goldschmidt doubles (20) on a sharp line drive to right fielder Max Kepler.","R","R","R","MIN","STL","B",,,0,2,2024,"1.23","-0.04","0.76","3.58",,,,0,5,"Top",,,,,543877,,,3.1115264808996552,-123.39009140367808,1.757562735520305,11.933925403801277,24.691168568275014,-33.16897744923778,"3.47","1.64",,,,"86",2540,"7.1",745868,641154,543877,669304,666397,668904,650489,663616,668885,596146,"53.42",,,,,,,,35,4,"Sweeper",4,0,0,4,0,4,0,4,"Standard","Standard",51,"0","0.02",,
"ST","2024-08-24","86.3","-1.54","5.63","López, Pablo",502671,641154,,"swinging_strike",,,,,14,"Paul Goldschmidt doubles (20) on a sharp line drive to right fielder Max Kepler.","R","R","R","MIN","STL","S",,,0,0,2024,"1.35","-0.01","1.33","1.86",,,,0,5,"Top",,,,,543877,,,4.145231464102446,-125.60417013175075,-2.7164419937999678,13.303347876705882,26.987410072116276,-31.88241203770827,"3.49","1.64",,,,"87.4",2629,"7.1",745868,641154,543877,669304,666397,668904,650489,663616,668885,596146,"53.37",,,,,,,,35,1,"Sweeper",4,0,0,4,0,4,0,4,"Standard","Standard",40,"0","-0.032","69.56983","8.81826"
"ST","2024-08-24","85.2","-1.77","5.53","López, Pablo",571448,641154,"strikeout","swinging_strike",,,,,14,"Nolan Arenado strikes out swinging.","R","R","R","MIN","STL","S",2,,1,2,2024,"0.96","0.09","2.1","1.99",,,575929,1,4,"Top",,,,,543877,,,7.283281016044014,-123.98148325577097,-2.236294769564556,8.489294092774006,24.185579411022843,-30.973234266086205,"3.42","1.69",,,,"86.7",2520,"7.2",745868,641154,543877,669304,666397,668904,650489,663616,668885,596146,"53.29",,0,"0",1,0,0,,29,4,"Sweeper",4,0,0,4,0,4,0,4,"Standard","Standard",47,"0.02","-0.217","36.0097","8.00937"
"ST","2024-08-24","85.1","-1.62","5.51","López, Pablo",571448,641154,,"ball",,,,,14,"Nolan Arenado strikes out swinging.","R","R","R","MIN","STL","B",,,0,2,2024,"0.87","-0.15","2.76","0.89",,,575929,1,4,"Top",,,,,543877,,,8.665220415773096,-123.7259591120134,-4.266674898407871,7.212076335818556,24.897640384637153,-33.01469854703142,"3.34","1.69",,,,"86.7",2509,"7.3",745868,641154,543877,669304,666397,668904,650489,663616,668885,596146,"53.15",,,,,,,,29,3,"Sweeper",4,0,0,4,0,4,0,4,"Standard","Standard",38,"0","0.023",,
"ST","2024-08-24","84.6","-1.88","5.52","López, Pablo",680977,641154,"strikeout","swinging_strike",,,,,14,"Brendan Donovan strikes out swinging.","R","L","R","MIN","STL","S",2,,0,2,2024,"1.19","-0.08","1.39","1.06",,,575929,0,4,"Top",,,,,543877,,,5.361778363894125,-123.14760557878117,-3.963059701923194,11.05644550929209,23.69800382146647,-32.44593414911585,"3.29","1.59",,,,"86.2",2346,"7.2",745868,641154,543877,669304,666397,668904,650489,663616,668885,596146,"53.29",,0,"0",1,0,0,,28,3,"Sweeper",4,0,0,4,0,4,0,4,"Infield shade","Standard",46,"0.027","-0.227","68.66303","8.79132"
"ST","2024-08-24","85.9","-1.95","5.41","López, Pablo",676475,641154,,"foul",,,,,6,"Alec Burleson strikes out swinging.","R","L","R","MIN","STL","S",,,0,0,2024,"1.02","0.46","0.79","2.24",687363,,,1,3,"Top",,,,,543877,,,4.481604053303026,-125.06269298300747,-2.227256848278461,9.817545841011883,24.946840085365494,-27.0665134424633,"3.34","1.58",7,"77.5",-17,"87.2",2434,"7.1",745868,641154,543877,669304,666397,668904,650489,663616,668885,596146,"53.43",,,,,,,,18,1,"Sweeper",0,0,0,0,0,0,0,0,"Strategic","Standard",54,"0","-0.069","70.33701","8.76289"
"ST","2024-08-24","84.2","-1.85","5.64","López, Pablo",691026,641154,"sac_bunt","hit_into_play",,,,,1,"Masyn Winn out on a sacrifice bunt, pitcher Pablo López to first baseman Jose Miranda.   Victor Scott II to 3rd.","R","R","R","MIN","STL","X",1,"ground_ball",0,1,2024,"1.09","-0.61","-0.6","2.98",,687363,,0,3,"Top",123.31,199.35,,,543877,,,0.7594577940290081,-122.57714153030422,1.4783794317196022,10.770512997349645,25.355104403316442,-38.809351312473076,"3.5","1.64",3,"23.6",-41,"85.2",2600,"7",745868,641154,543877,669304,666397,668904,650489,663616,668885,596146,"53.46",0.251,,"0.2",0,0,0,1,17,2,"Sweeper",0,0,0,0,0,0,0,0,"Standard","Standard",52,"0.012","0.013","6.83372","0.99815"
"ST","2024-08-24","85.6","-1.87","5.55","López, Pablo",691026,641154,,"swinging_strike",,,,,14,"Masyn Winn out on a sacrifice bunt, pitcher Pablo López to first baseman Jose Miranda.   Victor Scott II to 3rd.","R","R","R","MIN","STL","S",,,0,0,2024,"1.28","-0.41","0.71","1.13",,687363,,0,3,"Top",,,,,543877,,,3.534707527196119,-124.6554151701434,-3.3336156267404284,12.558660514813518,26.48373716939241,-35.93766131386411,"3.5","1.64",,,,"86.6",2634,"7",745868,641154,543877,669304,666397,668904,650489,663616,668885,596146,"53.5",,,,,,,,17,1,"Sweeper",0,0,0,0,0,0,0,0,"Standard","Standard",46,"0","-0.048","70.96861","8.74067"
"ST","2024-08-24","86.3","-1.81","5.47","López, Pablo",663457,641154,,"foul",,,,,9,"Lars Nootbaar doubles (12) on a line drive to right fielder Max Kepler.   Nolan Arenado to 3rd.","R","L","R","MIN","STL","S",,,0,1,2024,"1.05","-0.39","0.28","1.67",,,571448,1,2,"Top",,,,,543877,,,2.858449438014264,-125.75321432518955,-2.1413944667569265,10.785398605326318,22.074814268124815,-36.1587581762114,"3.46","1.65",,,,"88.2",2555,"7.1",745868,641154,543877,669304,666397,668904,650489,663616,668885,596146,"53.39",,,,,,,,9,2,"Sweeper",0,0,0,0,0,0,0,0,"Standard","Standard",50,"0","-0.061","73.1756","6.94558"
"ST","2024-08-24","87","-1.51","5.57","López, Pablo",571448,641154,,"ball",,,,,14,"Nolan Arenado singles on a line drive to left fielder Trevor Larnach.","R","R","R","MIN","STL","B",,,1,2,2024,"1.02","-0.06","3.31","2.07",,,,1,2,"Top",,,,,543877,,,9.608613367784367,-126.4245186688869,-2.119576022809355,9.029576758964966,25.077861485800817,-32.5687477799829,"3.26","1.69",,,,"88.3",2580,"7.1",745868,641154,543877,669304,666397,668904,650489,663616,668885,596146,"53.4",,,,,,,,8,4,"Sweeper",0,0,0,0,0,0,0,0,"Standard","Standard",36,"0","0.026",,
"ST","2024-08-24","85","-1.55","5.54","López, Pablo",680977,641154,"field_out","hit_into_play",,,,,9,"Brendan Donovan grounds out to first baseman Jose Miranda.","R","L","R","MIN","STL","X",3,"ground_ball",0,2,2024,"1.34","-0.29","0.48","2.07",,,,0,2,"Top",160.13,167.3,,,543877,,,2.1091103768214943,-123.8583397726218,-1.2885440229939358,13.405657678973462,24.101502520640402,-35.071700249122586,"3.29","1.59",50,"81.4",2,"86.4",2461,"7",745868,641154,543877,669304,666397,668904,650489,663616,668885,596146,"53.45",0.257,0.233,"0",1,0,0,2,7,4,"Sweeper",0,0,0,0,0,0,0,0,"Infield shade","Standard",40,"0.023","-0.148","70.44117","7.28713"
"ST","2024-08-24","86.1","-1.69","5.52","López, Pablo",680977,641154,,"foul",,,,,14,"Brendan Donovan grounds out to first baseman Jose Miranda.","R","L","R","MIN","STL","S",,,0,2,2024,"0.96","0.37","0.91","2.36",,,,0,2,"Top",,,,,543877,,,4.263029103074268,-125.4206167612826,-2.111727916201706,9.492992387650185,22.433177718373933,-28.068963221454137,"3.29","1.59",168,"64.2",38,"87.6",2600,"6.9",745868,641154,543877,669304,666397,668904,650489,663616,668885,596146,"53.59",,,,,,,,7,3,"Sweeper",0,0,0,0,0,0,0,0,"Infield shade","Standard",51,"0","0","69.76885","7.10665"
"ST","2024-08-24","85.9","-1.48","5.7","López, Pablo",691026,641154,,"foul",,,,,14,"Masyn Winn grounds out, second baseman Edouard Julien to first baseman Jose Miranda.","R","R","R","MIN","STL","S",,,0,2,2024,"1.16","-0.25","1.5","2.53",,,,0,1,"Top",,,,,543877,,,4.772476487634549,-125.03994538172489,-0.7479113734927612,11.183412786719945,25.347576013882485,-34.827172102508506,"3.5","1.64",77,"61",8,"87.1",2461,"7",745868,641154,543877,669304,666397,668904,650489,663616,668885,596146,"53.45",,,,,,,,1,3,"Sweeper",0,0,0,0,0,0,0,0,"Standard","Standard",40,"0","0","60.49658","7.58703"
"ST","2024-08-12","84.9","-1.68","5.55","López, Pablo",624428,641154,,"foul",,,,,6,"Adam Frazier singles on a sharp ground ball to right fielder Max Kepler.   MJ Melendez scores.","R","L","R","MIN","KC","S",,,0,1,2024,"1.18","-0.2","0.74","2.39",,669004,,2,6,"Top",,,,,680777,,,3.3597677773710632,-123.64862360527123,-0.6873931058247551,11.498711506144968,24.19330544644684,-34.337025533044915,"3.13","1.45",6,"70.5",-23,"86.3",2448,"7.1",745874,641154,680777,467793,668885,668904,650489,663616,622534,596146,"53.43",,,,,,,,50,2,"Sweeper",6,2,2,6,2,6,2,6,"Infield shade","Standard",48,"0","-0.076","68.79436","7.27539"
"ST","2024-08-12","85.9","-1.71","5.49","López, Pablo",624428,641154,,"foul_tip",,,,,14,"Adam Frazier singles on a sharp ground ball to right fielder Max Kepler.   MJ Melendez scores.","R","L","R","MIN","KC","S",,,0,0,2024,"1.17","-0.21","0.48","1.31",,669004,,2,6,"Top",,,,,680777,,,2.873993697410321,-125.11034363533781,-3.2588386364947795,11.7212634635495,25.1723861582056,-33.95929768895223,"3.13","1.45",,,,"87.3",2497,"7.1",745874,641154,680777,467793,668885,668904,650489,663616,622534,596146,"53.4",,,,,,,,50,1,"Sweeper",6,2,2,6,2,6,2,6,"Infield shade","Standard",44,"0","-0.047","71.06178","7.48681"
"ST","2024-08-12","85.6","-1.58","5.53","López, Pablo",592669,641154,"field_out","hit_into_play",,,,,14,"Hunter Renfroe grounds out softly, catcher Ryan Jeffers to first baseman Carlos Santana.","R","R","R","MIN","KC","X",2,"ground_ball",0,1,2024,"0.92","-0.13","0.87","2.16",,669004,,1,6,"Top",124.65,201.63,,,680777,,,3.9836248094193314,-124.64558853853525,-1.4646112044187596,8.918883610019579,23.66070509163341,-33.48900601834229,"3.4","1.63",1,"44.2",-65,"87.1",2334,"7.1",745874,641154,680777,467793,668885,668904,650489,663616,622534,596146,"53.44",0.231,0.205,"0",1,0,0,1,49,2,"Sweeper",6,2,2,6,2,6,2,6,"Standard","Standard",48,"0.023","-0.276","70.54662","8.34474"
"ST","2024-08-12","85.3","-1.72","5.45","López, Pablo",669004,641154,"double","hit_into_play",,,,,4,"MJ Melendez doubles (17) on a line drive to center fielder Manuel Margot.","R","L","R","MIN","KC","X",8,"line_drive",3,2,2024,"1.23","0.03","-0.55","2.81",,,,1,6,"Top",152.97,75.45,,,680777,,,0.28358705062799294,-124.36426497765228,-0.012649433237846841,12.814138799602183,22.953813376671782,-32.097616508279785,"3.39","1.68",217,"98.9",13,"86.9",2510,"7",745874,641154,680777,467793,668885,668904,650489,663616,622534,596146,"53.46",0.934,0.881,"1.25",1,1,1,4,48,7,"Sweeper",6,2,2,6,2,6,2,6,"Infield shade","Standard",56,"-0.025","0.375","68.99261","7.41939"
"ST","2024-08-12","85.6","-1.52","5.53","López, Pablo",521692,641154,"strikeout","swinging_strike",,,,,14,"Salvador Perez strikes out swinging.","R","R","R","MIN","KC","S",2,,1,2,2024,"1.16","-0.07","1.08","1.97",,,,0,6,"Top",,,,,680777,,,3.81670502138553,-124.65267677673285,-2.028306369418025,11.415180279018921,24.446238655261933,-32.699133564821125,"3.61","1.67",,,,"86.9",2635,"7",745874,641154,680777,467793,668885,668904,650489,663616,622534,596146,"53.5",,0,"0",1,0,0,,47,4,"Sweeper",6,2,2,6,2,6,2,6,"Standard","Standard",37,"0.015","-0.168","61.85856","9.02582"
"ST","2024-08-12","83.9","-1.66","5.47","López, Pablo",521692,641154,,"ball",,,,,14,"Salvador Perez strikes out swinging.","R","R","R","MIN","KC","B",,,0,0,2024,"1.03","0.28","1.87","2.55",,,,0,6,"Top",,,,,680777,,,6.214117020499833,-122.17320619559115,-0.9593861976353135,9.17494226173812,22.521456898097323,-29.39637405532948,"3.7","1.72",,,,"85.4",2398,"7.1",745874,641154,680777,467793,668885,668904,650489,663616,622534,596146,"53.44",,,,,,,,47,1,"Sweeper",6,2,2,6,2,6,2,6,"Infield shade","Standard",50,"0","0.033",,
"ST","2024-08-12","85.1","-1.77","5.47","López, Pablo",686469,641154,,"blocked_ball",,,,,14,"Vinnie Pasquantino flies out to center fielder Byron Buxton.","R","L","R","MIN","KC","B",,,1,0,2024,"1.19","-0.09","0.77","0.8",664728,,677951,2,5,"Top",,,,,680777,,,3.6425431624999782,-123.8523013069151,-4.5410873057863235,11.50786978387173,24.640234145429964,-32.40642288798536,"3.47","1.62",,,,"86.6",2608,"7.2",745874,641154,680777,467793,668885,668904,650489,663616,621439,596146,"53.3",,,,,,,,42,2,"Sweeper",6,2,2,6,2,6,2,6,"Infield shade","Standard",44,"0","0.103",,
"ST","2024-08-12","85.1","-1.66","5.54","López, Pablo",592669,641154,,"called_strike",,,,,5,"Hunter Renfroe grounds out sharply, pitcher Pablo López to first baseman Carlos Santana.","R","R","R","MIN","KC","S",,,0,0,2024,"1.04","-0.14","0.14","2.39",,,,1,4,"Top",,,,,680777,,,2.182198502029971,-124.13015695555251,-0.8927278520090074,10.399286906602427,22.320540606471962,-33.71288358031375,"3.4","1.61",,,,"87",2436,"7.2",745874,641154,680777,467793,668885,668904,650489,663616,621439,596146,"53.34",,,,,,,,33,1,"Sweeper",6,2,2,6,2,6,2,6,"Standard","Standard",38,"0","-0.024",,
"ST","2024-08-12","84.2","-1.89","5.54","López, Pablo",669004,641154,,"ball",,,,,13,"MJ Melendez grounds out sharply, shortstop Willi Castro to first baseman Carlos Santana.","R","L","R","MIN","KC","B",,,0,0,2024,"1.15","-0.45","-0.64","1.47",,,,0,4,"Top",,,,,680777,,,0.6162381998542291,-122.66561919611001,-2.156534299336447,11.455547595819658,25.78853702581234,-36.4724743793884,"3.45","1.81",,,,"85.5",2474,"7.2",745874,641154,680777,467793,668885,668904,650489,663616,621439,596146,"53.3",,,,,,,,32,1,"Sweeper",6,2,2,6,2,6,2,6,"Infield shade","Standard",47,"0","0.033",,
"ST","2024-08-12","85.9","-1.47","5.66","López, Pablo",521692,641154,,"ball",,,,,14,"Salvador Perez flies out to right fielder Max Kepler.","R","R","R","MIN","KC","B",,,0,2,2024,"1.21","-0.47","2.6","0.5",,,,2,3,"Top",,,,,680777,,,7.297173013024712,-124.84958203190706,-5.041244976769855,11.128869298074143,26.206656479770604,-36.22403961234506,"3.61","1.68",,,,"87.3",2502,"7.4",745874,641154,680777,467793,668885,668904,650489,663616,621439,596146,"53.14",,,,,,,,26,4,"Sweeper",6,2,2,6,2,6,2,6,"Standard","Standard",30,"0","0.009",,
"ST","2024-08-12","84.9","-1.84","5.62","López, Pablo",686469,641154,"field_out","hit_into_play",,,,,8,"Vinnie Pasquantino grounds out, first baseman Carlos Santana to pitcher Pablo López.","R","L","R","MIN","KC","X",3,"ground_ball",1,1,2024,"1.28","-0.2","0.05","1.6",,,,1,3,"Top",153.03,165.27,,,680777,,,1.8953969363056167,-123.63507959536524,-2.7105671702602923,12.786734953088413,24.452505659088455,-33.905427759459755,"3.47","1.61",3,"74.9",-30,"86.2",2484,"7",745874,641154,680777,467793,668885,668904,650489,663616,621439,596146,"53.45",0.057,0.045,"0",1,0,0,2,25,3,"Sweeper",6,2,2,6,2,6,2,6,"Infield shade","Standard",40,"0.011","-0.156","77.43183","8.04628"
"ST","2024-08-12","84.8","-1.69","5.64","López, Pablo",677951,641154,,"called_strike",,,,,12,"Bobby Witt Jr.  grounds out, third baseman Royce Lewis to first baseman Carlos Santana.","R","R","R","MIN","KC","S",,,0,0,2024,"0.88","0.1","0.87","3.12",,,,0,3,"Top",,,,,680777,,,4.269771159849747,-123.56252610974374,0.20087204617901278,8.29633564710267,23.262623924930114,-31.352580610202928,"3.47","1.58",,,,"86.1",2366,"6.9",745874,641154,680777,467793,668885,668904,650489,663616,621439,596146,"53.57",,,,,,,,24,1,"Sweeper",6,2,2,6,2,6,2,6,"Standard","Standard",55,"0","-0.032",,
"ST","2024-08-12","84.7","-1.77","5.58","López, Pablo",686681,641154,,"called_strike",,,,,7,"Michael Massey flies out to left fielder Trevor Larnach.","R","L","R","MIN","KC","S",,,0,1,2024,"1.02","-0.08","-0.54","2.03",672580,,664728,2,2,"Top",,,,,680777,,,0.8379911623614167,-123.41015888099908,-1.8125500928212768,10.269905882758358,25.172618971188395,-32.8169509956336,"3.5","1.68",,,,"86.1",2538,"7.2",745874,641154,680777,467793,668885,668904,650489,663616,621439,596146,"53.33",,,,,,,,14,2,"Sweeper",0,2,2,0,2,0,2,0,"Infield shade","Standard",37,"0","-0.143",,
"ST","2024-08-12","85.6","-1.86","5.55","López, Pablo",686681,641154,,"swinging_strike_blocked",,,,,14,"Michael Massey flies out to left fielder Trevor Larnach.","R","L","R","MIN","KC","S",,,0,0,2024,"1.08","-0.29","0.34","0.61",672580,,664728,2,2,"Top",,,,,680777,,,3.0588492116335044,-124.67874872581822,-4.9171044215514925,10.684083180771303,24.328842596069915,-34.40793046576318,"3.5","1.68",,,,"87.3",2522,"7.3",745874,641154,680777,467793,668885,668904,650489,663616,621439,596146,"53.24",,,,,,,,14,1,"Sweeper",0,2,2,0,2,0,2,0,"Infield shade","Standard",39,"0","-0.077","72.86004","9.0585"
"ST","2024-08-12","85.4","-1.77","5.49","López, Pablo",664728,641154,,"blocked_ball",,,,,13,"Kyle Isbel singles on a sharp ground ball to right fielder Max Kepler.   Adam Frazier scores.    Maikel Garcia to 3rd.","R","L","R","MIN","KC","B",,,0,1,2024,"1.46","-0.44","-0.2","0.51",,624428,672580,2,2,"Top",,,,,680777,,,0.7672475597313114,-124.37283115996162,-4.614684964446472,15.03368162493145,24.6682337518644,-36.05128945989894,"3.42","1.61",,,,"86.8",2378,"7.1",745874,641154,680777,467793,668885,668904,650489,663616,621439,596146,"53.4",,,,,,,,13,2,"Sweeper",0,1,1,0,1,0,1,0,"Infield shade","Standard",36,"0","0.051",,
"ST","2024-08-12","85.8","-1.74","5.48","López, Pablo",664728,641154,,"foul",,,,,14,"Kyle Isbel singles on a sharp ground ball to right fielder Max Kepler.   Adam Frazier scores.    Maikel Garcia to 3rd.","R","L","R","MIN","KC","S",,,0,0,2024,"1.41","-0.21","1.02","1.82",,624428,672580,2,2,"Top",,,,,680777,,,3.7253967631737086,-124.92132159806697,-2.0046135213699947,14.08976366021478,24.269935196030158,-34.20141446976896,"3.42","1.61",,,,"87.4",2470,"7.2",745874,641154,680777,467793,668885,668904,650489,663616,621439,596146,"53.33",,,,,,,,13,1,"Sweeper",0,1,1,0,1,0,1,0,"Infield shade","Standard",49,"0","-0.076","74.45806","8.24246"
"ST","2024-08-12","84.1","-1.68","5.53","López, Pablo",672580,641154,,"foul",,,,,9,"Maikel Garcia singles on a sharp line drive to right fielder Max Kepler.   Adam Frazier to 2nd.","R","R","R","MIN","KC","S",,,1,2,2024,"1.12","-0.25","0.52","1.89",,,624428,2,2,"Top",,,,,680777,,,2.9545638465274946,-122.54361915529431,-1.6094652118779729,10.701562724553623,23.771910879454644,-34.58441637635755,"3.58","1.71",,,,"85.8",2411,"7.3",745874,641154,680777,467793,668885,668904,650489,663616,621439,596146,"53.22",,,,,,,,12,6,"Sweeper",0,1,1,0,1,0,1,0,"Standard","Standard",43,"0","0","70.1828","8.06759"
"ST","2024-08-12","84.6","-1.61","5.61","López, Pablo",592669,641154,"strikeout","swinging_strike",,,,,14,"Hunter Renfroe strikes out swinging.","R","R","R","MIN","KC","S",2,,2,2,2024,"1.05","-0.06","1.1","2.04",,,669004,0,2,"Top",,,,,680777,,,4.301811333600504,-123.25444267485796,-1.8680918381852007,9.824068931746405,24.74578432042612,-32.63367169378111,"3.4","1.63",,,,"86",2355,"7.1",745874,641154,680777,467793,668885,668904,650489,663616,621439,596146,"53.38",,0,"0",1,0,0,,10,5,"Sweeper",0,1,1,0,1,0,1,0,"Infield shade","Standard",40,"0.03","-0.35","73.53572","8.12734"
"ST","2024-08-12","84.3","-1.83","5.62","López, Pablo",592669,641154,,"called_strike",,,,,8,"Hunter Renfroe strikes out swinging.","R","R","R","MIN","KC","S",,,2,1,2024,"0.91","-0.05","0.06","2.04",,,669004,0,2,"Top",,,,,680777,,,2.6113470434572847,-122.80978357359058,-1.868877011050058,8.735215163736525,24.321641291920518,-32.51806429990186,"3.4","1.68",,,,"85.6",2330,"7.1",745874,641154,680777,467793,668885,668904,650489,663616,621439,596146,"53.44",,,,,,,,10,4,"Sweeper",0,1,1,0,1,0,1,0,"Infield shade","Standard",43,"0","-0.069",,
"ST","2024-08-12","85.6","-1.66","5.57","López, Pablo",592669,641154,,"ball",,,,,14,"Hunter Renfroe strikes out swinging.","R","R","R","MIN","KC","B",,,0,0,2024,"1.21","0","0.79","1.28",,,669004,0,2,"Top",,,,,680777,,,3.3936974137847096,-124.63253559016856,-3.924960736168594,11.919261448541288,24.61629801202334,-31.601036775570023,"3.4","1.59",,,,"87",2377,"7.1",745874,641154,680777,467793,668885,668904,650489,663616,621439,596146,"53.38",,,,,,,,10,1,"Sweeper",0,1,1,0,1,0,1,0,"Standard","Standard",42,"0","0.065",,
"ST","2024-08-12","86.6","-1.57","5.65","López, Pablo",521692,641154,,"ball",,,,,14,"Salvador Perez strikes out on a foul tip.","R","R","R","MIN","KC","B",,,1,2,2024,"0.98","-0.09","2.13","2.06",,,,2,1,"Top",,,,,680777,,,6.928212992916337,-125.96598544778826,-2.231918581054291,9.048077299879004,24.80013868409268,-32.878715027340476,"3.61","1.71",,,,"87.9",2535,"7.1",745874,641154,680777,467793,668885,668904,650489,663616,621439,596146,"53.44",,,,,,,,4,4,"Sweeper",0,1,1,0,1,0,1,0,"Standard","Standard",37,"0","0.016",,
"ST","2024-08-12","85.7","-1.72","5.64","López, Pablo",677951,641154,"home_run","hit_into_play",,,,,1,"Bobby Witt Jr.  homers (23) on a line drive to left center field.","R","R","R","MIN","KC","X",,"line_drive",1,0,2024,"0.51","0.12","-0.38","3.06",,,,1,1,"Top",55.45,52.52,,,680777,,,2.175639665941173,-124.96428855767299,-0.14517127972366506,5.0359665525712645,22.846464682307644,-31.026907860534397,"3.5","1.64",401,"105.3",18,"87.4",2375,"7",745874,641154,680777,467793,668885,668904,650489,663616,621439,596146,"53.48",0.583,0.697,"2",1,0,3,5,2,2,"Sweeper",0,0,0,0,1,0,1,0,"Standard","Standard",46,"-0.103","0.975","85.87769","6.74514"
"ST","2024-08-12","85.1","-1.74","5.75","López, Pablo",686681,641154,,"foul",,,,,6,"Michael Massey strikes out swinging.","R","L","R","MIN","KC","S",,,0,1,2024,"0.82","-0.02","0.57","2.5",,,,0,1,"Top",,,,,680777,,,3.8100549439485585,-124.03174489919355,-1.325317580733201,7.8211472479027835,23.507797392204417,-32.31216109851175,"3.5","1.68",318,"95.7",45,"86.3",2609,"6.9",745874,641154,680777,467793,668885,668904,650489,663616,621439,596146,"53.64",,,,,,,,1,2,"Sweeper",0,0,0,0,0,0,0,0,"Infield shade","Standard",42,"0","-0.049","75.11269","7.54187"
"ST","2024-07-20","82.7","-1.86","5.38","López, Pablo",669003,641154,,"foul",,,,,9,"Garrett Mitchell called out on strikes.","R","L","R","MIN","MIL","S",,,3,2,2024,"1.29","-0.4","0.43","2.12",,642715,,2,7,"Top",,,,,680777,,,2.745434972928766,-120.53079579867611,-0.15304908415567486,12.074737368119361,23.243174903961016,-36.297586886107645,"3.43","1.65",4,"66.4",-27,"84.2",2476,"7.2",745880,641154,680777,467793,666397,686797,650489,670242,621439,596146,"53.34",,,,,,,,48,7,"Sweeper",0,1,1,0,1,0,1,0,"Standard","Standard",43,"0","0","76.82143","8.14554"
"ST","2024-07-20","85.7","-1.85","5.49","López, Pablo",669003,641154,,"foul",,,,,12,"Garrett Mitchell called out on strikes.","R","L","R","MIN","MIL","S",,,2,1,2024,"0.88","0.24","0.83","3.23",,642715,,2,7,"Top",,,,,680777,,,4.6062004901627125,-124.7162992062385,0.4848588712485318,8.23505477661575,25.80426687172608,-29.947327049448695,"3.43","1.65",,,,"86.8",2413,"7.1",745880,641154,680777,467793,666397,686797,650489,670242,621439,596146,"53.42",,,,,,,,48,4,"Sweeper",0,1,1,0,1,0,1,0,"Standard","Standard",47,"0","-0.076","73.11702","6.15768"
"ST","2024-07-20","84.7","-1.72","5.47","López, Pablo",656555,641154,"strikeout","swinging_strike",,,,,14,"Rhys Hoskins strikes out swinging.","R","R","R","MIN","MIL","S",2,,1,2,2024,"1.01","0.05","1.33","1.56",,642715,,1,7,"Top",,,,,680777,,,5.208116212752526,-123.32331596701877,-2.9703775777175148,9.36620252150247,23.510586184315777,-31.287985419618387,"3.55","1.67",,,,"86.3",2558,"7.2",745880,641154,680777,467793,666397,686797,650489,670242,621439,596146,"53.32",,0,"0",1,0,0,,47,4,"Sweeper",0,1,1,0,1,0,1,0,"Standard","Standard",47,"0.037","-0.249","30.67485","7.32264"
"ST","2024-07-20","83.9","-2","5.45","López, Pablo",656555,641154,,"foul",,,,,5,"Rhys Hoskins strikes out swinging.","R","R","R","MIN","MIL","S",,,1,1,2024,"1.01","-0.29","0.1","2.69",,642715,,1,7,"Top",,,,,680777,,,2.915856020629001,-122.12509697825472,0.6387814287746791,9.491827356334461,24.231642182258053,-35.468040330218656,"3.55","1.67",106,"72.5",9,"85.3",2576,"7.2",745880,641154,680777,467793,666397,686797,650489,670242,621439,596146,"53.32",,,,,,,,47,3,"Sweeper",0,1,1,0,1,0,1,0,"Standard","Standard",51,"0","-0.076","69.5132","8.13127"
"ST","2024-07-20","84.9","-1.98","5.35","López, Pablo",656555,641154,,"swinging_strike",,,,,14,"Rhys Hoskins strikes out swinging.","R","R","R","MIN","MIL","S",,,0,0,2024,"0.93","0.09","0.97","1.55",,642715,,1,7,"Top",,,,,680777,,,5.139936287664749,-123.51686869667608,-2.728203238101595,8.38997536947538,26.146227479814637,-30.927513737187006,"3.55","1.67",,,,"86.3",2527,"7.3",745880,641154,680777,467793,666397,686797,650489,670242,621439,596146,"53.19",,,,,,,,47,1,"Sweeper",0,1,1,0,1,0,1,0,"Standard","Standard",53,"0","-0.044","69.04654","9.22547"
"ST","2024-07-20","84.6","-1.9","5.32","López, Pablo",592885,641154,"strikeout","swinging_strike",,,,,14,"Christian Yelich strikes out swinging.","R","L","R","MIN","MIL","S",2,,1,2,2024,"1","-0.33","0.25","1.21",,,,2,6,"Top",,,,,680777,,,3.0709186608448285,-123.13639367027372,-2.557089599238382,9.493261772265534,25.368370842516978,-35.238657080953594,"3.4","1.73",,,,"85.8",2514,"7.1",745880,641154,680777,467793,666397,686797,650489,670242,621439,596146,"53.35",,0,"0",1,0,0,,41,5,"Sweeper",0,1,1,0,1,0,1,0,"Strategic","Standard",42,"0.012","-0.071","30.24988","7.04078"
"ST","2024-07-20","86.1","-1.98","5.4","López, Pablo",668930,641154,,"called_strike",,,,,9,"Brice Turang strikes out swinging.","R","L","R","MIN","MIL","S",,,0,1,2024,"0.89","-0.36","0.58","1.45",,,,0,6,"Top",,,,,680777,,,4.347369754958727,-125.37088030016294,-2.431301991352223,8.433667815836584,26.25803694398111,-35.667927956608054,"3.13","1.38",,,,"87.4",2592,"7.2",745880,641154,680777,467793,666397,686797,650489,670242,621439,596146,"53.33",,,,,,,,39,2,"Sweeper",0,1,1,0,1,0,1,0,"Standard","Standard",53,"0","-0.049",,
"ST","2024-07-20","83.9","-2.02","5.46","López, Pablo",687401,641154,"field_out","hit_into_play",,,,,9,"Joey Ortiz pops out to first baseman Carlos Santana.","R","R","R","MIN","MIL","X",3,"popup",1,2,2024,"0.92","-0.09","0.41","2.08",,,,1,5,"Top",165.54,152.67,,,680777,,,3.835360812339874,-122.22374023346961,-1.2863817809739748,8.501256678376327,23.809663758993313,-32.99921842779154,"3.41","1.53",154,"76",62,"85.2",2490,"7.1",745880,641154,680777,467793,666397,686797,650489,670242,621439,596146,"53.43",0.011,0.01,"0",1,0,0,3,34,5,"Sweeper",0,1,1,0,1,0,1,0,"Standard","Standard",50,"0.017","-0.117","67.0918","7.63834"
"ST","2024-07-20","85.9","-2.05","5.43","López, Pablo",669003,641154,"field_out","hit_into_play",,,,,5,"Garrett Mitchell lines out to shortstop Willi Castro.","R","L","R","MIN","MIL","X",6,"line_drive",2,2,2024,"1.02","0.17","0.17","2.5",,,,0,5,"Top",111.49,137.11,,,680777,,,3.244242324287213,-125.1100213250435,-1.0690035128667124,10.094058209165219,24.74828149292018,-30.382433264786943,"3.43","1.65",164,"85.1",12,"87.4",2546,"7.1",745880,641154,680777,467793,666397,686797,650489,670242,621439,596146,"53.35",0.634,0.573,"0",1,0,0,4,33,5,"Sweeper",0,1,1,0,1,0,1,0,"Standard","Standard",50,"0.023","-0.206","75.51451","6.52785"
"ST","2024-07-20","85","-1.85","5.45","López, Pablo",686217,641154,"field_out","hit_into_play",,,,,6,"Sal Frelick lines out to first baseman Carlos Santana.","R","L","R","MIN","MIL","X",3,"line_drive",1,2,2024,"1.25","-0.09","0.74","2.14",,,642715,1,4,"Top",155.53,163.06,,,680777,,,3.627845308448879,-123.8629453136149,-1.2991297574621345,12.204187239657436,24.289487932361816,-33.03857289972705,"3.02","1.45",121,"85.4",9,"86.5",2448,"7.1",745880,641154,680777,467793,666397,686797,650489,670242,621439,596146,"53.37",0.457,0.422,"0",1,0,0,4,27,4,"Sweeper",0,1,1,0,1,0,1,0,"Standard","Standard",51,"0.028","-0.22",,
"ST","2024-07-20","86.4","-1.91","5.45","López, Pablo",686217,641154,,"blocked_ball",,,,,14,"Sal Frelick lines out to first baseman Carlos Santana.","R","L","R","MIN","MIL","B",,,0,1,2024,"0.95","0.23","1.48","0.66",,,642715,1,4,"Top",,,,,680777,,,6.224543539555427,-125.5899466475551,-5.7221870118942455,8.82452825889306,25.38180775173964,-28.749895318719787,"3.03","1.38",,,,"87.7",2527,"7.2",745880,641154,680777,467793,666397,686797,650489,670242,621439,596146,"53.33",,,,,,,,27,2,"Sweeper",0,1,1,0,1,0,1,0,"Standard","Standard",35,"0","0.034",,
"ST","2024-07-20","85.5","-1.72","5.51","López, Pablo",642715,641154,,"ball",,,,,14,"Willy Adames singles on a line drive to right fielder Max Kepler.","R","R","R","MIN","MIL","B",,,2,2,2024,"1.09","-0.06","0.73","1.07",,,,1,4,"Top",,,,,680777,,,3.6315539667925956,-124.5190365784036,-4.1498344716416815,10.632086319779662,24.474267963881722,-32.17271844669225,"3.59","1.68",,,,"87.1",2547,"7.2",745880,641154,680777,467793,666397,686797,650489,670242,621439,596146,"53.28",,,,,,,,26,7,"Sweeper",0,1,1,0,1,0,1,0,"Standard","Standard",48,"0","0.068",,
"ST","2024-07-20","85.7","-1.88","5.56","López, Pablo",642715,641154,,"foul",,,,,1,"Willy Adames singles on a line drive to right fielder Max Kepler.","R","R","R","MIN","MIL","S",,,2,2,2024,"0.77","0.18","-0.34","3.25",,,,1,4,"Top",,,,,680777,,,2.1115521774204726,-124.9306897418287,0.3833093177151834,7.784787315798934,22.23856893646228,-30.52520792444845,"3.43","1.73",72,"68.4",84,"87.6",2318,"7.1",745880,641154,680777,467793,666397,686797,650489,670242,621439,596146,"53.36",,,,,,,,26,6,"Sweeper",0,1,1,0,1,0,1,0,"Standard","Standard",37,"0","0","72.93232","7.81296"
"ST","2024-07-20","84.9","-1.6","5.49","López, Pablo",661388,641154,,"ball",,,,,14,"William Contreras strikes out swinging.","R","R","R","MIN","MIL","B",,,2,2,2024,"0.97","0.3","1.5","1.63",,694192,,2,3,"Top",,,,,680777,,,5.408496150764089,-123.50783978327101,-3.364064264004033,8.841598937221,25.079524499450514,-28.590265347482706,"3.57","1.68",,,,"86.5",2416,"7.4",745880,641154,680777,467793,666397,686797,650489,670242,621439,596146,"53.13",,,,,,,,19,5,"Sweeper",0,1,1,0,1,0,1,0,"Standard","Standard",52,"0","0.056",,
"ST","2024-07-20","84.7","-1.92","5.42","López, Pablo",661388,641154,,"called_strike",,,,,2,"William Contreras strikes out swinging.","R","R","R","MIN","MIL","S",,,2,1,2024,"1.11","0.29","-0.18","3.03",,694192,,2,3,"Top",,,,,680777,,,1.86501288977651,-123.34510759457824,0.2038113139085994,10.917928574546215,25.374353510480322,-29.474728669178226,"3.63","1.65",,,,"86.1",2446,"7.2",745880,641154,680777,467793,666397,686797,650489,670242,621439,596146,"53.29",,,,,,,,19,4,"Sweeper",0,1,1,0,1,0,1,0,"Standard","Standard",62,"0","-0.076",,
"ST","2024-07-20","84.1","-2.07","5.51","López, Pablo",668930,641154,,"foul_bunt",,,,,12,"Brice Turang flies out to center fielder Byron Buxton.","R","L","R","MIN","MIL","S",,,2,1,2024,"1.17","0.04","0.83","2.62",,,694192,1,3,"Top",,,,,680777,,,4.458754171202345,-122.35318055737255,-0.32856622603956076,10.72445196301587,26.628010435177835,-31.983352918208876,"3.15","1.5",2,,,"84.9",2529,"7.1",745880,641154,680777,467793,666397,686797,650489,670242,621439,596146,"53.43",,,,,,,,18,4,"Sweeper",0,1,1,0,1,0,1,0,"Standard","Standard",49,"0","-0.072","4.37349","0.88044"
"ST","2024-07-20","84.5","-2.07","5.42","López, Pablo",668930,641154,,"ball",,,,,14,"Brice Turang flies out to center fielder Byron Buxton.","R","L","R","MIN","MIL","B",,,0,0,2024,"0.91","-0.01","0.86","2.32",,,694192,1,3,"Top",,,,,680777,,,5.091764614781808,-123.08616975934476,-0.9026892089776597,8.399026063850974,22.406610271480456,-32.28950904192259,"3.28","1.48",,,,"86.5",2499,"7.3",745880,641154,680777,467793,666397,686797,650489,670242,621439,596146,"53.19",,,,,,,,18,1,"Sweeper",0,1,1,0,1,0,1,0,"Standard","Standard",52,"0","0.042",,
"ST","2024-07-20","83.8","-1.79","5.55","López, Pablo",656555,641154,"field_out","hit_into_play",,,,,9,"Rhys Hoskins flies out to center fielder Byron Buxton.","R","R","R","MIN","MIL","X",8,"fly_ball",2,1,2024,"1.13","-0.22","0.56","2.17",,,686217,1,2,"Top",110.57,57.88,,,680777,,,3.240934722950143,-122.08810424347955,-0.9643122103407991,10.65651242326881,24.513611227200027,-34.41175115425524,"3.55","1.67",351,"98.2",40,"85.2",2422,"7.2",745880,641154,680777,467793,666397,686797,650489,670242,621439,596146,"53.34",0.091,0.145,"0",1,0,0,3,10,4,"Sweeper",0,0,0,0,0,0,0,0,"Standard","Standard",46,"0.029","-0.346",,
"ST","2024-07-20","84.1","-2.02","5.5","López, Pablo",656555,641154,,"called_strike",,,,,5,"Rhys Hoskins flies out to center fielder Byron Buxton.","R","R","R","MIN","MIL","S",,,2,0,2024,"1.04","0.34","-0.2","2.37",,,686217,1,2,"Top",,,,,680777,,,2.19881422401723,-122.54244960079312,-1.6005273535013735,10.128255704101356,23.012546163684444,-28.63879105237761,"3.52","1.54",,,,"85.8",2412,"7.2",745880,641154,680777,467793,666397,686797,650489,670242,621439,596146,"53.28",,,,,,,,10,3,"Sweeper",0,0,0,0,0,0,0,0,"Standard","Standard",46,"0","-0.065",,
"ST","2024-07-20","84.2","-1.94","5.53","López, Pablo",656555,641154,,"ball",,,,,14,"Rhys Hoskins flies out to center fielder Byron Buxton.","R","R","R","MIN","MIL","B",,,0,0,2024,"0.96","-0.27","1.05","2.1",,,686217,1,2,"Top",,,,,680777,,,5.107916827755959,-122.54382866547141,-1.042460764564812,8.64958156053429,24.48346466237536,-34.851694015383075,"3.57","1.55",,,,"85.5",2468,"7.2",745880,641154,680777,467793,666397,686797,650489,670242,621439,596146,"53.34",,,,,,,,10,1,"Sweeper",0,0,0,0,0,0,0,0,"Standard","Standard",47,"0","0.042",,
"ST","2024-07-20","84.8","-1.81","5.52","López, Pablo",686217,641154,"walk","ball",,,,,11,"Sal Frelick walks.","R","L","R","MIN","MIL","B",,,3,2,2024,"1.16","-0.01","-0.74","3.17",,,,1,2,"Top",,,,,680777,,,0.19053991158749614,-123.59266405726935,0.8334240950246965,11.876879878682752,23.009157418929654,-32.58076500673932,"2.92","1.3",,,,"86.5",2443,"7.2",745880,641154,680777,467793,666397,686797,650489,670242,621439,596146,"53.34",,0.689594,"0.7",1,0,0,,9,9,"Sweeper",0,0,0,0,0,0,0,0,"Standard","Standard",56,"-0.026","0.222",,
"ST","2024-07-20","86.2","-1.7","5.49","López, Pablo",686217,641154,,"ball",,,,,14,"Sal Frelick walks.","R","L","R","MIN","MIL","B",,,1,2,2024,"0.96","0.07","0.89","0.44",,,,1,2,"Top",,,,,680777,,,4.287443677324281,-125.49340056917536,-6.036831829004418,9.342917550772167,24.94793178028091,-30.44805732215114,"2.88","1.2",,,,"88",2477,"7.3",745880,641154,680777,467793,666397,686797,650489,670242,621439,596146,"53.16",,,,,,,,9,6,"Sweeper",0,0,0,0,0,0,0,0,"Standard","Standard",48,"0","0.026",,
"ST","2024-07-20","86.8","-1.87","5.57","López, Pablo",686217,641154,,"foul",,,,,8,"Sal Frelick walks.","R","L","R","MIN","MIL","S",,,1,2,2024,"0.88","-0.35","0.16","1.92",,,,1,2,"Top",,,,,680777,,,3.09967626769109,-126.45832364698573,-1.8723124725108748,8.856123798730168,24.85181879380515,-35.746385588401104,"3.02","1.45",2,"93.9",-40,"88.3",2634,"7.1",745880,641154,680777,467793,666397,686797,650489,670242,621439,596146,"53.39",,,,,,,,9,4,"Sweeper",0,0,0,0,0,0,0,0,"Standard","Standard",45,"0","0","63.92687","6.2733"
"ST","2024-07-20","85.5","-1.85","5.66","López, Pablo",686217,641154,,"called_strike",,,,,12,"Sal Frelick walks.","R","L","R","MIN","MIL","S",,,1,1,2024,"0.75","-0.13","0.18","3.27",,,,1,2,"Top",,,,,680777,,,3.3269272201650675,-124.68049244756084,0.8512410963767494,7.281438699792196,21.752522615561876,-33.911761223731375,"3.06","1.5",,,,"87.4",2528,"7.1",745880,641154,680777,467793,666397,686797,650489,670242,621439,596146,"53.39",,,,,,,,9,3,"Sweeper",0,0,0,0,0,0,0,0,"Standard","Standard",47,"0","-0.039",,
"ST","2024-07-20","86.9","-1.95","5.53","López, Pablo",592885,641154,"field_out","hit_into_play",,,,,3,"Christian Yelich grounds out, third baseman Brooks Lee to first baseman Carlos Santana.","R","L","R","MIN","MIL","X",5,"ground_ball",1,1,2024,"0.92","0.09","0.28","2.93",,,,2,1,"Top",114.47,154.15,,,680777,,,3.507149889731996,-126.52605036198048,-0.2500309729037784,9.268752668380733,24.96996080612077,-31.369773583036956,"3.4","1.73",12,"76.3",-12,"88.4",2465,"7.1",745880,641154,680777,467793,666397,686797,650489,670242,621439,596146,"53.37",0.069,0.076,"0",1,0,0,2,3,3,"Sweeper",0,0,0,0,0,0,0,0,"Infield shade","Standard",49,"0.01","-0.096","65.10661","6.27191"
"ST","2024-07-20","85.8","-1.55","5.68","López, Pablo",661388,641154,"strikeout","swinging_strike",,,,,14,"William Contreras strikes out swinging.","R","R","R","MIN","MIL","S",2,,1,2,2024,"0.93","0.11","1.27","2.11",,,,1,1,"Top",,,,,680777,,,4.882402854649715,-124.92809987379442,-2.4489818441864566,8.787053357278204,25.121188975601296,-30.69334716626631,"3.5","1.7",,,,"87.4",2422,"7.3",745880,641154,680777,467793,666397,686797,650489,670242,621439,596146,"53.24",,0,"0",1,0,0,,2,4,"Sweeper",0,0,0,0,0,0,0,0,"Standard","Standard",49,"0.015","-0.117","60.41093","8.55978"
"ST","2024-07-20","85.5","-1.77","5.56","López, Pablo",668930,641154,"strikeout","swinging_strike",,,,,9,"Brice Turang strikes out swinging.","R","L","R","MIN","MIL","S",2,,2,2,2024,"0.94","-0.07","0.81","1.58",,,,0,1,"Top",,,,,680777,,,4.2604279707740575,-124.47527542481176,-2.9730584576967445,8.83668036538359,26.436898650716422,-32.50773679240559,"3.15","1.5",,,,"86.7",2435,"7.2",745880,641154,680777,467793,666397,686797,650489,670242,621439,596146,"53.35",,0,"0",1,0,0,,1,7,"Sweeper",0,0,0,0,0,0,0,0,"Standard","Standard",47,"0.022","-0.206","72.90471","7.60801"
"ST","2024-07-05","81.9","-1.84","5.49","López, Pablo",673237,641154,,"ball",,,,,12,"Yainer Diaz singles on a sharp line drive to left fielder Manuel Margot.","R","R","R","MIN","HOU","B",,,0,1,2024,"1.07","-0.18","1.27","2.71",,,,0,6,"Top",,,,,543877,,,5.029692837997928,-119.13328516757687,0.6803492022989424,9.137623793498529,23.6973609226532,-34.27577702081796,"3","1.3",,,,"82.9",2530,"7",745884,641154,543877,467793,650489,686797,621043,622534,621439,596146,"53.46",,,,,,,,48,2,"Sweeper",4,3,3,4,3,4,3,4,"Standard","Standard",39,"0","0.023",,
"ST","2024-07-05","82.4","-1.9","5.47","López, Pablo",670541,641154,"field_out","hit_into_play",,,,,6,"Yordan Alvarez pops out softly to third baseman Brooks Lee.","R","L","R","MIN","HOU","X",5,"popup",0,0,2024,"1.34","-0.18","0.51","2.34",,,608324,2,5,"Top",97.54,160.13,,,543877,,,2.932693465141419,-120.01893430486813,-0.22244265482049486,12.31296969851529,24.036417177863054,-34.04074150597669,"3.53","1.64",125,"49.9",48,"84.2",2442,"7.5",745884,641154,543877,467793,650489,686797,621043,663616,621439,596146,"52.98",0.031,0.028,"0",1,0,0,1,41,1,"Sweeper",3,3,3,3,3,3,3,3,"Infield shade","Standard",47,"0.031","-0.231","70.71683","6.99953"
"ST","2024-07-05","83.5","-1.95","5.44","López, Pablo",608324,641154,,"foul",,,,,3,"Alex Bregman walks.","R","R","R","MIN","HOU","S",,,1,2,2024,"0.63","0.37","0.44","2.94",,,514888,1,5,"Top",,,,,543877,,,4.313742834466774,-121.51461760318647,-0.02383596121940157,5.420778787472995,24.20891136081888,-28.723154299043987,"3.35","1.59",7,"77.1",-24,"84.8",2507,"7.2",745884,641154,543877,467793,650489,686797,621043,663616,621439,596146,"53.34",,,,,,,,40,4,"Sweeper",3,3,3,3,3,3,3,3,"Standard","Standard",39,"0","0","72.41872","8.02527"
"ST","2024-07-05","84.4","-1.87","5.45","López, Pablo",514888,641154,"single","hit_into_play",,,,,6,"Jose Altuve singles on a sharp ground ball to center fielder Byron Buxton.","R","R","R","MIN","HOU","X",8,"ground_ball",0,1,2024,"0.93","0.12","0.78","1.8",,,,1,5,"Top",119.2,82.25,,,543877,,,4.379229823349961,-122.8767814649074,-2.3514669387970155,8.441470573813907,25.611016720298757,-30.74334479881389,"2.87","1.27",120,"100.2",8,"85.4",2624,"7",745884,641154,543877,467793,650489,686797,621043,663616,621439,596146,"53.49",0.583,0.563,"0.9",1,1,0,4,39,2,"Sweeper",3,3,3,3,3,3,3,3,"Standard","Standard",47,"-0.033","0.291","67.14422","7.62839"
"ST","2024-07-05","82.8","-2.09","5.38","López, Pablo",663967,641154,,"ball",,,,,13,"César Salazar called out on strikes.","R","L","R","MIN","HOU","B",,,2,2,2024,"1.04","0.06","-0.91","1.87",,,,0,5,"Top",,,,,543877,,,0.668521751458204,-120.69611347297996,-1.6964666291222734,10.036760237398864,23.071386240025575,-31.50035371943999,"3.16","1.51",,,,"84.3",2307,"7.1",745884,641154,543877,467793,650489,686797,621043,663616,621439,596146,"53.38",,,,,,,,38,5,"Sweeper",3,3,3,3,3,3,3,3,"Infield shade","Standard",53,"0","0.095",,
"ST","2024-07-05","82.8","-1.95","5.49","López, Pablo",676694,641154,,"foul",,,,,5,"Jake Meyers lines out sharply to left fielder Trevor Larnach.","R","R","R","MIN","HOU","S",,,2,2,2024,"1.17","-0.37","0.13","2.09",,,,1,4,"Top",,,,,543877,,,2.4978771185897433,-120.62121488051338,-0.523657161588154,10.87013653146362,24.92219617866359,-35.89055251355567,"3.36","1.5",97,"83.1",7,"83.7",2413,"7",745884,641154,543877,467793,650489,686797,621043,663616,621439,596146,"53.54",,,,,,,,32,5,"Sweeper",3,3,3,3,3,3,3,3,"Standard","Standard",45,"0","0","66.75315","7.79144"
"ST","2024-07-05","82.9","-1.85","5.51","López, Pablo",676694,641154,,"swinging_strike",,,,,9,"Jake Meyers lines out sharply to left fielder Trevor Larnach.","R","R","R","MIN","HOU","S",,,0,0,2024,"1.25","-0.01","0.68","1.82",,,,1,4,"Top",,,,,543877,,,3.421521830098657,-120.74728770240422,-1.942413200961787,11.518096289514336,23.88700641158216,-32.11535962223631,"3.36","1.5",,,,"84.6",2392,"7.4",745884,641154,543877,467793,650489,686797,621043,663616,621439,596146,"53.13",,,,,,,,32,1,"Sweeper",3,3,3,3,3,3,3,3,"Standard","Standard",48,"0","-0.024","67.16211","7.7785"
"ST","2024-07-05","83.7","-1.76","5.52","López, Pablo",665161,641154,"field_out","hit_into_play",,,,,6,"Jeremy Peña grounds out, shortstop Carlos Correa to first baseman Carlos Santana.","R","R","R","MIN","HOU","X",6,"ground_ball",1,2,2024,"0.87","0.18","0.81","2.75",,,,0,4,"Top",112.96,139.89,,,543877,,,4.303704362404286,-121.9205552557615,-0.3174831788027843,7.759020745188127,24.42882111951974,-30.549886951188487,"3.63","1.69",16,"99.8",-9,"85.2",2525,"7.2",745884,641154,543877,467793,650489,686797,621043,663616,621439,596146,"53.26",0.237,0.272,"0",1,0,0,2,31,5,"Sweeper",3,3,3,3,3,3,3,3,"Standard","Standard",43,"0.027","-0.168","70.99085","7.40551"
"ST","2024-07-05","83","-1.71","5.55","López, Pablo",665161,641154,,"ball",,,,,14,"Jeremy Peña grounds out, shortstop Carlos Correa to first baseman Carlos Santana.","R","R","R","MIN","HOU","B",,,0,2,2024,"1.37","-0.33","2.36","0.98",,,,0,4,"Top",,,,,543877,,,6.784904319381113,-120.6379171570353,-3.356265922635633,11.917360433276967,24.747427032747883,-34.862662792237906,"3.54","1.64",,,,"84.8",2496,"7.7",745884,641154,543877,467793,650489,686797,621043,663616,621439,596146,"52.82",,,,,,,,31,3,"Sweeper",3,3,3,3,3,3,3,3,"Standard","Standard",39,"0","0.02",,
"ST","2024-07-05","84.5","-1.96","5.45","López, Pablo",670541,641154,,"foul",,,,,14,"Yordan Alvarez grounds out to first baseman Carlos Santana.","R","L","R","MIN","HOU","S",,,2,1,2024,"0.88","-0.33","0.96","1.69",,,,0,3,"Top",,,,,543877,,,5.134794156560558,-123.06666167388336,-1.7699185441306025,7.9519555509555895,23.878786370287724,-35.43799571337983,"3.53","1.64",264,"90.6",23,"85.9",2594,"7.1",745884,641154,543877,467793,650489,686797,621043,663616,621439,596146,"53.38",,,,,,,,23,4,"Sweeper",2,3,3,2,3,2,3,2,"Infield shade","Standard",45,"0","-0.062","75.63039","8.00077"
"ST","2024-07-05","83.5","-1.69","5.46","López, Pablo",608324,641154,,"foul",,,,,14,"Alex Bregman strikes out swinging.","R","R","R","MIN","HOU","S",,,1,2,2024,"1.09","-0.18","0.94","2.06",663967,,514888,2,2,"Top",,,,,543877,,,3.9920329869702793,-121.60848428231283,-1.1080670143301634,10.146802916324829,21.763430046631147,-33.96211378709532,"3.35","1.59",119,"54.2",59,"85.3",2372,"7.2",745884,641154,543877,467793,650489,686797,621043,663616,621439,596146,"53.26",,,,,,,,14,4,"Sweeper",0,3,3,0,3,0,3,0,"Standard","Standard",47,"0","0","61.57226","8.19599"
"ST","2024-07-05","84.5","-1.68","5.54","López, Pablo",676694,641154,,"ball",,,,,14,"Jake Meyers strikes out swinging.","R","R","R","MIN","HOU","B",,,1,2,2024,"1.13","-0.11","2.11","2.19",572138,,665161,0,2,"Top",,,,,543877,,,6.6671690532326915,-122.85598506853307,-1.1680181133703313,9.92837166652648,26.949687330925663,-33.23763950417365,"3.13","1.43",,,,"85.5",2431,"7.2",745884,641154,543877,467793,650489,686797,621043,663616,621439,596146,"53.28",,,,,,,,10,4,"Sweeper",0,1,1,0,1,0,1,0,"Standard","Standard",41,"0","0.069",,
"ST","2024-07-05","84.7","-1.63","5.58","López, Pablo",665161,641154,,"foul",,,,,14,"Jeremy Peña singles on a line drive to right fielder Max Kepler.   Yainer Diaz scores.    Jon Singleton to 3rd.","R","R","R","MIN","HOU","S",,,0,2,2024,"1.02","0.02","1.05","2.5",,673237,572138,0,2,"Top",,,,,543877,,,4.276841521997747,-123.25727343623535,-0.8790429171497218,9.520476637716014,25.326502984118772,-32.02301341445207,"3.63","1.69",141,"64.2",65,"86",2437,"7.2",745884,641154,543877,467793,650489,686797,621043,663616,621439,596146,"53.31",,,,,,,,9,4,"Sweeper",0,0,0,0,0,0,0,0,"Standard","Standard",45,"0","0","74.16567","7.61239"
"ST","2024-07-05","85.9","-1.43","5.73","López, Pablo",665161,641154,,"foul",,,,,14,"Jeremy Peña singles on a line drive to right fielder Max Kepler.   Yainer Diaz scores.    Jon Singleton to 3rd.","R","R","R","MIN","HOU","S",,,0,2,2024,"0.88","0.07","1.32","2.57",,673237,572138,0,2,"Top",,,,,543877,,,4.819384116550001,-125.09944390215132,-1.3827796053989412,8.221032943823808,25.27756317622225,-31.388148057015172,"3.63","1.69",150,"66.8",62,"87.2",2599,"7.1",745884,641154,543877,467793,650489,686797,621043,663616,621439,596146,"53.41",,,,,,,,9,3,"Sweeper",0,0,0,0,0,0,0,0,"Standard","Standard",41,"0","0","68.83843","7.35184"
"ST","2024-07-05","83.7","-1.95","5.47","López, Pablo",673237,641154,,"foul",,,,,9,"Yainer Diaz walks.","R","R","R","MIN","HOU","S",,,3,1,2024,"1.23","0.05","0.28","1.76",,,,0,2,"Top",,,,,543877,,,2.7498126016274727,-121.81404826265117,-2.2417686618048123,11.66029730116679,25.421693924491997,-31.39558161947171,"3.2","1.45",196,"73.8",54,"84.9",2409,"7.2",745884,641154,543877,467793,650489,686797,621043,663616,621439,596146,"53.3",,,,,,,,7,5,"Sweeper",0,0,0,0,0,0,0,0,"Standard","Standard",42,"0","-0.073","71.90764","6.98081"
"ST","2024-07-05","83.7","-1.72","5.64","López, Pablo",673237,641154,,"ball",,,,,14,"Yainer Diaz walks.","R","R","R","MIN","HOU","B",,,0,0,2024,"1.09","-0.17","1.55","1.21",,,,0,2,"Top",,,,,543877,,,5.470749382908941,-121.76308459818544,-3.401786401155101,9.498966867344556,27.177681171299902,-33.307932644106444,"3.03","1.39",,,,"84.5",2651,"7.1",745884,641154,543877,467793,650489,686797,621043,663616,621439,596146,"53.37",,,,,,,,7,1,"Sweeper",0,0,0,0,0,0,0,0,"Standard","Standard",39,"0","0.033",,
"ST","2024-07-05","85.2","-1.65","5.71","López, Pablo",608324,641154,"field_out","hit_into_play",,,,,3,"Alex Bregman flies out to left fielder Trevor Larnach.","R","R","R","MIN","HOU","X",7,"fly_ball",0,2,2024,"0.88","0.05","0.58","3.3",,,,1,1,"Top",35.85,92.07,,,543877,,,3.5339276419042402,-124.09588826329016,0.5421339339604161,8.450675308707295,24.179802127500675,-31.986221544751228,"3.35","1.59",344,"96.4",39,"86.6",2590,"7.1",745884,641154,543877,467793,650489,686797,621043,663616,621439,596146,"53.41",0.094,0.155,"0",1,0,0,3,2,3,"Sweeper",0,0,0,0,0,0,0,0,"Standard","Standard",44,"0.015","-0.103","71.29628","7.40986"
"ST","2024-07-05","85.1","-1.69","5.69","López, Pablo",514888,641154,"strikeout","swinging_strike",,,,,12,"Jose Altuve strikes out swinging.","R","R","R","MIN","HOU","S",2,,1,2,2024,"1.06","0.1","1.73","2.5",,,,0,1,"Top",,,,,543877,,,5.977674299648376,-123.75722359048537,-1.342647965246906,9.537547560485455,26.120975984067233,-31.04494560695395,"2.87","1.27",,,,"86",2464,"7",745884,641154,543877,467793,650489,686797,621043,663616,621439,596146,"53.47",,0,"0",1,0,0,,1,4,"Sweeper",0,0,0,0,0,0,0,0,"Standard","Standard",39,"0.022","-0.168","60.30145","7.9055"
"ST","2024-06-18","84.3","-2.09","5.36","López, Pablo",670623,641154,,"called_strike",,,,,9,"Isaac Paredes strikes out swinging.","R","R","R","MIN","TB","S",,,2,0,2024,"1.04","-0.15","0.39","1.8",,,,0,5,"Top",,,,,680777,,,3.7583006382339685,-122.81385376120951,-1.621086660313944,9.785043834935976,24.554323027995856,-33.579167168140884,"3.47","1.56",,,,"85.7",2347,"7.2",745893,641154,680777,669304,650489,668904,621043,668885,621439,596146,"53.33",,,,,,,,42,3,"Sweeper",4,5,5,4,5,4,5,4,"Standard","Standard",40,"0","-0.058",,
"ST","2024-06-18","84.5","-1.87","5.48","López, Pablo",664040,641154,"home_run","hit_into_play",,,,,5,"Brandon Lowe homers (5) on a fly ball to center field.","R","L","R","MIN","TB","X",,"fly_ball",0,2,2024,"1.25","-0.12","-0.23","2.5",,,,0,5,"Top",154.69,28.47,,,680777,,,1.348482431412191,-123.03481463132638,-0.3392585746786416,12.408052003751386,25.395635283412258,-33.5415419627338,"3.29","1.51",427,"104.3",28,"85.6",2375,"7.1",745893,641154,680777,669304,650489,668904,621043,668885,621439,596146,"53.42",0.863,1.692,"2",1,0,3,6,41,3,"Sweeper",4,4,4,4,5,4,5,4,"Infield shade","Standard",47,"-0.144","1.081","74.99536","7.00204"
"ST","2024-06-18","84.8","-1.78","5.57","López, Pablo",650490,641154,,"ball",,,,,14,"Yandy Díaz grounds out sharply, second baseman Willi Castro to first baseman Jose Miranda.","R","R","R","MIN","TB","B",,,0,0,2024,"1.1","-0.6","0.88","1.48",,676356,,2,4,"Top",,,,,680777,,,4.078371965406265,-123.51847663149287,-2.07792658591911,10.532979853787609,23.875320528464904,-38.162275456667814,"3.61","1.63",,,,"86.4",2498,"7.2",745893,641154,680777,669304,650489,668904,621043,668885,621439,596146,"53.33",,,,,,,,32,1,"Sweeper",0,4,4,0,4,0,4,0,"Standard","Standard",35,"0","0.018",,
"ST","2024-06-18","84.1","-1.9","5.48","López, Pablo",676356,641154,"double","hit_into_play",,,,,6,"Jonny DeLuca doubles (4) on a ground ball to left fielder Austin Martin.","R","R","R","MIN","TB","X",7,"ground_ball",0,0,2024,"1.01","0.02","0.8","2.19",,,,2,4,"Top",53.84,141.64,,,680777,,,4.321725691396945,-122.52509502056357,-1.3579175331749895,9.397136637015684,22.387551106956337,-31.957585588657746,"3.29","1.57",110,"80.5",8,"85.8",2430,"7.1",745893,641154,680777,669304,650489,668904,621043,668885,621439,596146,"53.36",0.374,0.357,"1.25",1,1,1,4,31,1,"Sweeper",0,4,4,0,4,0,4,0,"Standard","Standard",39,"-0.009","0.238","75.33995","8.59596"
"ST","2024-06-18","84.7","-1.97","5.48","López, Pablo",642350,641154,,"foul",,,,,13,"Jose Siri called out on strikes.","R","R","R","MIN","TB","S",,,1,1,2024,"0.85","-0.57","-0.43","1.02",,,,0,4,"Top",,,,,680777,,,1.9401404115769592,-123.39704259739656,-3.0323818829978535,8.396938941251312,22.764306038140987,-37.71650749800005,"3.6","1.72",,,,"86.4",2466,"7.1",745893,641154,680777,669304,650489,668904,621043,668885,621439,596146,"53.38",,,,,,,,29,3,"Sweeper",0,4,4,0,4,0,4,0,"Standard","Standard",41,"0","-0.051","71.76857","7.93497"
"ST","2024-06-18","84.3","-1.96","5.41","López, Pablo",668227,641154,"field_out","hit_into_play",,,,,5,"Randy Arozarena flies out to left fielder Austin Martin.","R","R","R","MIN","TB","X",7,"fly_ball",0,0,2024,"0.88","-0.18","-0.18","2.36",,670623,666139,1,3,"Top",75,80.13,,,680777,,,2.4269678674954265,-122.71129044657141,-0.3156584810562083,8.353293894538712,25.42123772520829,-34.17333136110322,"3.24","1.51",319,"94.3",45,"85.7",2237,"7.3",745893,641154,680777,669304,650489,668904,621043,668885,621439,596146,"53.24",0.017,0.02,"0",1,0,0,3,22,1,"Sweeper",0,4,4,0,4,0,4,0,"Standard","Standard",46,"0.017","-0.463","73.63469","7.28598"
"ST","2024-06-18","84.6","-1.94","5.47","López, Pablo",666139,641154,"single","hit_into_play",,,,,8,"Josh Lowe singles on a sharp line drive to right fielder Max Kepler.   Yandy Díaz scores.    Isaac Paredes to 2nd.","R","L","R","MIN","TB","X",9,"line_drive",0,0,2024,"1.44","-0.27","0.26","2.2",,650490,670623,1,3,"Top",167.66,83.91,,,680777,,,2.2934876162414017,-123.29444159229027,-0.7453776865901196,14.243365452277004,25.16222911842747,-34.97726158144363,"3.79","1.81",210,"105.2",12,"86",2411,"7.2",745893,641154,680777,669304,650489,668904,621043,668885,621439,596146,"53.34",0.92,0.909,"0.9",1,1,0,4,21,1,"Sweeper",0,3,3,0,4,0,4,0,"Infield shade","Standard",43,"-0.058","0.922","75.42115","7.12032"
"ST","2024-06-18","82.9","-1.94","5.49","López, Pablo",670623,641154,"single","hit_into_play",,,,,5,"Isaac Paredes singles on a fly ball to shortstop Carlos Correa.   Yandy Díaz to 2nd.","R","R","R","MIN","TB","X",6,"fly_ball",0,1,2024,"1.49","-0.22","0.21","2.3",,,650490,1,3,"Top",73.95,142.23,,,680777,,,2.056470068393877,-120.82761309721893,-0.36600454835512497,14.153956871866697,23.717007188220155,-34.515486074229706,"3.33","1.62",184,"92.7",66,"84.5",2365,"7.2",745893,641154,680777,669304,650489,668904,621043,668885,621439,596146,"53.27",0.011,0.012,"0.9",1,1,0,3,20,2,"Sweeper",0,3,3,0,3,0,3,0,"Standard","Standard",37,"-0.019","0.525","73.00623","8.6561"
"ST","2024-06-18","83.9","-1.78","5.54","López, Pablo",664040,641154,"strikeout","swinging_strike",,,,,5,"Brandon Lowe strikes out swinging.","R","L","R","MIN","TB","S",2,,2,2,2024,"1.18","-0.19","-0.19","2.52",,,650490,0,3,"Top",,,,,680777,,,1.351249769054733,-122.24737746736027,-0.2427432754992197,11.689784143932851,22.590596846573174,-34.28697446772922,"3.29","1.51",,,,"85.5",2342,"7.1",745893,641154,680777,669304,650489,668904,621043,668885,621439,596146,"53.36",,0,"0",1,0,0,,19,5,"Sweeper",0,3,3,0,3,0,3,0,"Infield shade","Standard",36,"0.019","-0.35","74.96373","7.03962"
"ST","2024-06-18","83.6","-2.09","5.4","López, Pablo",664040,641154,,"swinging_strike",,,,,1,"Brandon Lowe strikes out swinging.","R","L","R","MIN","TB","S",,,1,1,2024,"1.09","-0.18","-0.67","3.04",,,650490,0,3,"Top",,,,,680777,,,1.1391554536846153,-121.90530965228082,1.2528562828965353,10.830342479996133,19.90085354014325,-34.36892285872221,"3.29","1.51",,,,"85.5",2449,"7",745893,641154,680777,669304,650489,668904,621043,668885,621439,596146,"53.46",,,,,,,,19,3,"Sweeper",0,3,3,0,3,0,3,0,"Infield shade","Standard",51,"0","-0.076","73.44514","6.29354"
"ST","2024-06-18","84","-2.11","5.36","López, Pablo",650490,641154,"single","hit_into_play",,,,,5,"Yandy Díaz singles on a ground ball to second baseman Willi Castro.","R","R","R","MIN","TB","X",4,"ground_ball",1,1,2024,"1.22","-0.24","0.02","2.21",,,,0,3,"Top",126.11,136.17,,,680777,,,2.5449636972436624,-122.43611982998522,-0.5053413882006172,11.944045186321942,21.42936680993581,-34.67494464415882,"3.49","1.62",96,"93.1",5,"85.9",2556,"7.2",745893,641154,680777,669304,650489,668904,621043,668885,621439,596146,"53.31",0.52,0.499,"0.9",1,1,0,4,18,3,"Sweeper",0,3,3,0,3,0,3,0,"Standard","Standard",47,"-0.02","0.413","71.55797","6.89369"
"ST","2024-06-18","83","-1.97","5.39","López, Pablo",676356,641154,"field_out","hit_into_play",,,,,9,"Jonny DeLuca lines out to center fielder Byron Buxton.","R","R","R","MIN","TB","X",8,"line_drive",0,0,2024,"1.18","-0.28","0.29","1.81",,,,2,2,"Top",118.79,65.58,,,680777,,,2.8919225198828005,-120.94895063516039,-1.1832299497563177,11.022920199128793,23.529556288943468,-34.93325356538064,"3.29","1.57",332,"99.3",16,"84.4",2424,"7.1",745893,641154,680777,669304,650489,668904,621043,668885,621439,596146,"53.38",0.603,0.611,"0",1,0,0,4,13,1,"Sweeper",0,3,3,0,3,0,3,0,"Standard","Standard",42,"0.007","-0.1","74.48056","7.35325"
"ST","2024-06-18","84.3","-1.81","5.62","López, Pablo",642350,641154,"field_out","hit_into_play",,,,,14,"Jose Siri flies out to center fielder Byron Buxton.","R","R","R","MIN","TB","X",8,"fly_ball",0,2,2024,"0.94","-0.1","1.45","1.82",,,,0,2,"Top",132.16,91.25,,,680777,,,5.802240193844057,-122.73941986530463,-2.327470743642683,8.467437702225585,23.46665057733082,-32.90199710442482,"3.6","1.72",269,"79.9",38,"85.9",2527,"7.2",745893,641154,680777,669304,650489,668904,621043,668885,621439,596146,"53.31",0.031,0.045,"0",1,0,0,3,11,3,"Sweeper",0,3,3,0,3,0,3,0,"Standard","Standard",41,"0.013","-0.148","62.84806","8.47452"
"ST","2024-06-18","82.7","-2.06","5.51","López, Pablo",642350,641154,,"called_strike",,,,,1,"Jose Siri flies out to center fielder Byron Buxton.","R","R","R","MIN","TB","S",,,0,0,2024,"0.91","-0.13","-0.73","3.08",,,,0,2,"Top",,,,,680777,,,1.2880557931307726,-120.58713288682657,1.1798578650443634,8.659943253063286,21.70974051959344,-33.90414705481184,"3.58","1.65",,,,"84.2",2539,"7",745893,641154,680777,669304,650489,668904,621043,668885,621439,596146,"53.48",,,,,,,,11,1,"Sweeper",0,3,3,0,3,0,3,0,"Standard","Standard",45,"0","-0.032",,
"ST","2024-06-18","84.4","-2.03","5.48","López, Pablo",676609,641154,"field_out","hit_into_play",,,,,12,"José Caballero flies out to center fielder Byron Buxton.","R","R","R","MIN","TB","X",8,"fly_ball",0,1,2024,"1.06","-0.21","0.93","2.65",,,,2,1,"Top",141.33,109.99,,,680777,,,4.850943634783497,-122.94061296205751,0.21324913719197625,9.794264694637874,24.585853884556126,-34.59357385077904,"3.2","1.45",226,"79.4",49,"85.8",2353,"7.1",745893,641154,680777,669304,650489,668904,621043,668885,621439,596146,"53.38",0.06,0.062,"0",1,0,0,3,6,2,"Sweeper",0,3,3,0,3,0,3,0,"Standard","Standard",45,"0.006","-0.085","66.31771","6.73882"
"ST","2024-06-18","84.5","-2.03","5.54","López, Pablo",666139,641154,"strikeout","foul_tip",,,,,3,"Josh Lowe strikes out on a foul tip.","R","L","R","MIN","TB","S",2,,1,2,2024,"1.3","-0.28","0.62","3.17",,664040,670623,1,1,"Top",,,,,680777,,,3.6476952570139565,-123.14363858764969,1.3857590709235714,12.606423673113815,22.747085301809722,-35.45554303340501,"3.79","1.81",,,,"86.3",2380,"7.2",745893,641154,680777,669304,650489,668904,621043,668885,621439,596146,"53.32",,0,"0",1,0,0,,4,5,"Sweeper",0,0,0,0,0,0,0,0,"Infield shade","Standard",38,"0.043","-0.345","75.54757","6.71615"
"ST","2024-06-18","84.9","-2.03","5.46","López, Pablo",670623,641154,"walk","ball",,,,,14,"Isaac Paredes walks.   Brandon Lowe to 2nd.","R","R","R","MIN","TB","B",,,3,2,2024,"1.2","0.2","1.85","1.36",,,664040,1,1,"Top",,,,,680777,,,6.805236470559088,-123.53844628016303,-3.746982708730978,10.956258753218428,23.876657382954267,-29.636729708398597,"3.3","1.52",,,,"86.5",2461,"7.3",745893,641154,680777,669304,650489,668904,621043,668885,621439,596146,"53.23",,0.689594,"0.7",1,0,0,,3,6,"Sweeper",0,0,0,0,0,0,0,0,"Standard","Standard",25,"-0.035","0.308",,
"ST","2024-06-18","82.7","-2.19","5.48","López, Pablo",670623,641154,,"foul",,,,,1,"Isaac Paredes walks.   Brandon Lowe to 2nd.","R","R","R","MIN","TB","S",,,2,1,2024,"1.08","-0.34","-0.8","3.01",,,664040,1,1,"Top",,,,,680777,,,1.0978414169880164,-120.5621345907606,1.4888222709580257,10.403630865368447,21.46545668963309,-35.933397640553444,"3.33","1.62",106,"67.4",75,"84.4",2416,"7.1",745893,641154,680777,669304,650489,668904,621043,668885,621439,596146,"53.37",,,,,,,,3,4,"Sweeper",0,0,0,0,0,0,0,0,"Standard","Standard",48,"0","-0.072","58.72708","7.01991"
"ST","2024-06-12","82.2","-2.07","5.54","López, Pablo",686668,641154,"field_out","hit_into_play",,,,,8,"Brenton Doyle pops out to shortstop Carlos Correa.","R","R","R","MIN","COL","X",6,"popup",1,0,2024,"1.32","-0.25","-0.19","2.05",,,,2,5,"Top",117.04,144.99,,,543877,,,1.7318964273376347,-119.8388351508418,-0.9229840971550052,12.427263831040563,22.620114322254206,-34.62273887284254,"3.4","1.6",132,"83.4",66,"83.8",2541,"7.2",745896,641154,543877,467793,571657,669304,621043,650489,621439,622534,"53.32",0.001,0,"0",1,0,0,3,43,2,"Sweeper",8,2,2,8,2,8,2,8,"Standard","Standard",41,"0.002","-0.116","72.96413","7.59543"
"ST","2024-06-12","82.6","-1.97","5.49","López, Pablo",691182,641154,,"foul",,,,,14,"Adael Amador grounds out, third baseman Jose Miranda to first baseman Carlos Santana.","R","L","R","MIN","COL","S",,,1,2,2024,"1.31","-0.2","1.1","1.59",,,,0,5,"Top",,,,,543877,,,4.528360208297608,-120.2212241410662,-1.9741012257619905,11.736414973987266,23.980043730326905,-33.93552445359678,"3.37","1.53",322,"91.8",33,"83.8",2583,"7.2",745896,641154,543877,467793,571657,669304,621043,650489,621439,622534,"53.35",,,,,,,,41,4,"Sweeper",8,2,2,8,2,8,2,8,"Infield shade","Standard",48,"0","0","74.69806","8.45049"
"ST","2024-06-12","82.9","-1.99","5.67","López, Pablo",660707,641154,"field_out","hit_into_play",,,,,8,"Elehuris Montero grounds out, shortstop Carlos Correa to first baseman Carlos Santana.","R","R","R","MIN","COL","X",6,"ground_ball",2,2,2024,"1.19","-0.41","0.14","1.98",,595909,,2,4,"Top",110.45,149.55,,,543877,,,2.598884799079647,-120.76460291241682,-1.1465296969433338,11.074234765126898,24.404951661277106,-36.184327495131605,"3.34","1.63",31,"98.1",-2,"84.2",2534,"7.1",745896,641154,543877,467793,571657,669304,621043,650489,621439,622534,"53.35",0.331,0.308,"0",1,0,0,2,33,5,"Sweeper",5,2,2,5,2,5,2,5,"Infield shade","Standard",48,"0.028","-0.277","71.92638","7.16936"
"ST","2024-06-12","83.1","-1.8","5.56","López, Pablo",660707,641154,,"blocked_ball",,,,,14,"Elehuris Montero grounds out, shortstop Carlos Correa to first baseman Carlos Santana.","R","R","R","MIN","COL","B",,,1,2,2024,"1.11","-0.16","1.99","-0.01",,595909,,2,4,"Top",,,,,543877,,,6.652676236715363,-120.92788689748176,-6.132802999974385,9.771845988714105,21.61738785567093,-32.8662687087576,"3.29","1.66",,,,"85",2518,"7.4",745896,641154,543877,467793,571657,669304,621043,650489,621439,622534,"53.14",,,,,,,,33,4,"Sweeper",5,2,2,5,2,5,2,5,"Infield shade","Standard",40,"0","0.046",,
"ST","2024-06-12","83","-1.89","5.58","López, Pablo",660707,641154,,"ball",,,,,14,"Elehuris Montero grounds out, shortstop Carlos Correa to first baseman Carlos Santana.","R","R","R","MIN","COL","B",,,0,1,2024,"1.21","-0.32","0.94","1.62",,595909,,2,4,"Top",,,,,543877,,,4.16706011645767,-120.87153868151775,-2.0563774824101038,11.151081968945542,22.167949631536555,-35.106087204217296,"3.3","1.58",,,,"84.7",2549,"7.2",745896,641154,543877,467793,571657,669304,621043,650489,621439,622534,"53.28",,,,,,,,33,2,"Sweeper",5,2,2,5,2,5,2,5,"Infield shade","Standard",41,"0","0.016",,
"ST","2024-06-12","82.9","-1.98","5.47","López, Pablo",660707,641154,,"swinging_strike",,,,,8,"Elehuris Montero grounds out, shortstop Carlos Correa to first baseman Carlos Santana.","R","R","R","MIN","COL","S",,,0,0,2024,"1.02","-0.31","0.09","2.05",,595909,,2,4,"Top",,,,,543877,,,2.807662043193368,-120.77519062308481,-0.7407026073997853,9.382595931039889,23.766787724752803,-35.254521524641035,"3.34","1.63",,,,"84.6",2497,"7.4",745896,641154,543877,467793,571657,669304,621043,650489,621439,622534,"53.13",,,,,,,,33,1,"Sweeper",5,2,2,5,2,5,2,5,"Infield shade","Standard",51,"0","-0.047","76.17625","8.61435"
"ST","2024-06-12","84.7","-1.85","5.55","López, Pablo",669911,641154,"strikeout","swinging_strike",,,,,14,"Michael Toglia strikes out swinging.","R","L","R","MIN","COL","S",2,,1,2,2024,"1.49","-0.3","0.8","1.59",,,,1,4,"Top",,,,,543877,,,3.2442606191824996,-123.31519503470157,-2.3198526568810385,14.555308432738215,25.132454782066063,-34.940439827673465,"3.69","1.77",,,,"85.9",2496,"7.1",745896,641154,543877,467793,571657,669304,621043,650489,621439,622534,"53.42",,0,"0",1,0,0,,31,4,"Sweeper",5,2,2,5,2,5,2,5,"Infield shade","Standard",40,"0.015","-0.117","65.44645","8.85435"
"ST","2024-06-12","83.9","-2.04","5.58","López, Pablo",669911,641154,,"swinging_strike",,,,,14,"Michael Toglia strikes out swinging.","R","L","R","MIN","COL","S",,,1,1,2024,"1.33","-0.33","1.51","0.76",,,,1,4,"Top",,,,,543877,,,5.680935281700772,-121.98917079995992,-4.083465519663675,12.004017703833366,25.280746209449326,-34.851558454863884,"3.69","1.77",,,,"85",2536,"7.2",745896,641154,543877,467793,571657,669304,621043,650489,621439,622534,"53.31",,,,,,,,31,3,"Sweeper",5,2,2,5,2,5,2,5,"Infield shade","Standard",37,"0","-0.039","60.23152","9.07546"
"ST","2024-06-12","81.5","-2.07","5.53","López, Pablo",607732,641154,,"ball",,,,,11,"Jacob Stallings grounds out, third baseman Jose Miranda to first baseman Carlos Santana.","R","R","R","MIN","COL","B",,,0,0,2024,"1.24","0.15","-1.06","3.24",,,,0,4,"Top",,,,,543877,,,-0.10826673721575958,-118.7212976549974,1.1236099579878074,11.83549164462589,21.351510837786428,-31.139055446862674,"3.72","1.69",,,,"82.9",2550,"7",745896,641154,543877,467793,571657,669304,621043,650489,621439,622534,"53.47",,,,,,,,30,1,"Sweeper",5,2,2,5,2,5,2,5,"Standard","Standard",55,"0","0.033",,
"ST","2024-06-12","83.9","-1.9","5.54","López, Pablo",686668,641154,,"ball",,,,,14,"Brenton Doyle flies out to second baseman Kyle Farmer.","R","R","R","MIN","COL","B",,,1,0,2024,"1.17","-0.15","1.14","2.33",,,,1,3,"Top",,,,,543877,,,4.790342865945906,-122.15018112113887,-0.7368473327519307,10.778676876567987,23.719929803463074,-33.791373022144384,"3.35","1.54",,,,"85.1",2476,"7",745896,641154,543877,467793,571657,669304,621043,650489,621439,622534,"53.48",,,,,,,,24,2,"Sweeper",5,1,1,5,1,5,1,5,"Standard","Standard",43,"0","0.046",,
"ST","2024-06-12","82.9","-1.99","5.45","López, Pablo",686668,641154,,"ball",,,,,13,"Brenton Doyle flies out to second baseman Kyle Farmer.","R","R","R","MIN","COL","B",,,0,0,2024,"1.35","-0.13","-0.24","1.23",,,,1,3,"Top",,,,,543877,,,1.378272891348496,-120.76566404597222,-2.9646411432717983,12.976609304626095,23.751535807204114,-33.05336112375143,"3.4","1.56",,,,"84.1",2482,"7",745896,641154,543877,467793,571657,669304,621043,650489,621439,622534,"53.48",,,,,,,,24,1,"Sweeper",5,1,1,5,1,5,1,5,"Standard","Standard",51,"0","0.025",,
"ST","2024-06-12","82.8","-2.11","5.54","López, Pablo",660707,641154,,"foul",,,,,5,"Elehuris Montero grounds out, third baseman Jose Miranda to first baseman Carlos Santana.","R","R","R","MIN","COL","S",,,0,0,2024,"0.9","-0.24","-0.06","2.54",,669911,,1,2,"Top",,,,,543877,,,2.9514576588451082,-120.58620850167708,0.09354198950758641,8.277879566026,22.533695256185393,-34.746314868956624,"3.34","1.63",158,"85.7",13,"84.3",2360,"7.1",745896,641154,543877,467793,571657,669304,621043,650489,621439,622534,"53.36",,,,,,,,16,1,"Sweeper",5,1,1,5,1,5,1,5,"Standard","Standard",43,"0","-0.044","77.74788","7.74432"
"ST","2024-06-12","83.7","-1.89","5.64","López, Pablo",669911,641154,,"ball",,,,,14,"Michael Toglia singles on a sharp line drive to center fielder Byron Buxton.","R","L","R","MIN","COL","B",,,0,1,2024,"1.29","-0.23","0.03","1.31",,,,0,2,"Top",,,,,543877,,,1.9151197277785288,-121.96441340578234,-3.2348151631655098,12.584589538256601,21.943105126981067,-34.05229713509831,"3.58","1.62",,,,"85.4",2410,"7.1",745896,641154,543877,467793,571657,669304,621043,650489,621439,622534,"53.37",,,,,,,,14,2,"Sweeper",5,1,1,5,1,5,1,5,"Infield shade","Standard",42,"0","0.023",,
"ST","2024-06-12","84.3","-1.87","5.66","López, Pablo",607732,641154,,"ball",,,,,9,"Jacob Stallings strikes out on a foul tip.","R","R","R","MIN","COL","B",,,0,2,2024,"1.71","-0.31","0.61","1.58",,641857,,2,1,"Top",,,,,543877,,,2.419760837099493,-122.82197558908994,-2.519454271972882,16.73374209542233,25.02032849471176,-35.04870176230156,"3.36","1.42",,,,"85.8",2457,"7.2",745896,641154,543877,467793,571657,669304,621043,650489,621439,622534,"53.26",,,,,,,,5,3,"Sweeper",0,1,1,0,1,0,1,0,"Standard","Standard",43,"0","0.019",,
"ST","2024-06-12","83.2","-1.91","5.56","López, Pablo",607732,641154,,"foul",,,,,3,"Jacob Stallings strikes out on a foul tip.","R","R","R","MIN","COL","S",,,0,1,2024,"1.5","-0.03","0.65","3.02",,641857,,2,1,"Top",,,,,543877,,,2.9959489625299347,-121.20445144195708,0.6708888553231924,14.29221630927556,21.916400851055815,-32.748604313357355,"3.34","1.56",182,"79.9",67,"84.9",2195,"7.2",745896,641154,543877,467793,571657,669304,621043,650489,621439,622534,"53.35",,,,,,,,5,2,"Sweeper",0,1,1,0,1,0,1,0,"Standard","Standard",52,"0","-0.076","64.5045","7.43751"
"ST","2024-06-12","83.2","-1.9","5.5","López, Pablo",678662,641154,,"foul",,,,,6,"Ezequiel Tovar out on a sacrifice fly to right fielder Manuel Margot.   Brenton Doyle scores.","R","R","R","MIN","COL","S",,,1,2,2024,"0.8","0.13","0.33","2.05",686668,,,1,1,"Top",,,,,543877,,,3.6199455828169067,-121.18961162465926,-1.76694378505428,7.265838817280642,22.434976924730314,-30.7836673861942,"3.09","1.38",,,,"84.9",2363,"7.2",745896,641154,543877,467793,571657,669304,621043,650489,621439,622534,"53.27",,,,,,,,3,5,"Sweeper",0,0,0,0,0,0,0,0,"Strategic","Standard",40,"0","0","68.6944","7.87555"
"ST","2024-05-26","83.4","-1.77","5.64","López, Pablo",665750,641154,,"foul",,,,,12,"Leody Taveras strikes out swinging, catcher Christian Vázquez to first baseman Carlos Santana.    Josh Smith to 3rd.","R","L","R","MIN","TEX","S",,,0,1,2024,"1.03","0.02","1.19","2.75",,669701,,1,5,"Top",,,,,543877,,,4.842148537828372,-121.41075701570414,-0.2259315434417538,9.121244335500814,25.090046440524713,-32.13243927675854,"3.61","1.69",64,"67.8",82,"84.3",2491,"7",745902,641154,543877,467793,666397,669304,621043,663616,650489,596146,"53.52",,,,,,,,40,2,"Sweeper",1,5,5,1,5,1,5,1,"Infield shade","Standard",42,"0","-0.081","74.10524","7.61286"
"ST","2024-05-26","81.4","-1.88","5.52","López, Pablo",665750,641154,,"swinging_strike",,,,,14,"Leody Taveras strikes out swinging, catcher Christian Vázquez to first baseman Carlos Santana.    Josh Smith to 3rd.","R","L","R","MIN","TEX","S",,,0,0,2024,"1.21","0.05","0.68","1.31",,669701,,1,5,"Top",,,,,543877,,,3.4624164138285516,-118.51770081466788,-2.9513682847850213,10.737170320082928,23.250011379356337,-31.36566378073116,"3.61","1.69",,,,"82.6",2451,"7.1",745902,641154,543877,467793,666397,669304,621043,663616,650489,596146,"53.41",,,,,,,,40,1,"Sweeper",1,5,5,1,5,1,5,1,"Infield shade","Standard",48,"0","-0.044","71.14093","8.41164"
"ST","2024-05-26","82.4","-1.64","5.65","López, Pablo",666969,641154,"strikeout","foul_tip",,,,,14,"Adolis García strikes out on a foul tip.","R","R","R","MIN","TEX","S",2,,1,2,2024,"1.02","0.09","1.03","2.44",,669701,,0,5,"Top",,,,,543877,,,4.11466912853087,-119.96764784671123,-0.9328122607411429,9.03557213520674,23.70865030376108,-31.342225431866222,"3.41","1.62",,,,"83.2",2406,"6.8",745902,641154,543877,467793,666397,669304,621043,663616,650489,596146,"53.65",,0,"0",1,0,0,,39,4,"Sweeper",1,5,5,1,5,1,5,1,"Standard","Standard",44,"0.014","-0.31","68.11909","8.72107"
"ST","2024-05-26","82","-1.82","5.64","López, Pablo",608369,641154,"home_run","hit_into_play",,,,,6,"Corey Seager homers (11) on a fly ball to right field.","R","L","R","MIN","TEX","X",,"fly_ball",0,0,2024,"1.14","-0.06","0.73","2.41",,,,0,5,"Top",220.57,80.61,,,543877,,,3.592465094729727,-119.45506636078422,-0.638659661912744,10.253170066879864,23.285930781177772,-32.83463244739363,"3.5","1.51",373,"98.3",27,"83",2415,"6.9",745902,641154,543877,467793,666397,669304,621043,663616,650489,596146,"53.57",0.471,0.733,"2",1,0,3,6,37,1,"Sweeper",1,4,4,1,5,1,5,1,"Infield shade","Standard",47,"-0.059","1","77.61016","6.70603"
"ST","2024-05-26","83.8","-1.8","5.58","López, Pablo",694497,641154,,"ball",,,,,14,"Evan Carter grounds out, second baseman Edouard Julien to first baseman Carlos Santana.","R","L","R","MIN","TEX","B",,,0,1,2024,"1.14","-0.46","0.21","1.26",641680,677649,,1,4,"Top",,,,,543877,,,2.420280944074202,-121.96268569618762,-2.6381037709507957,10.762382920579222,25.83700113970393,-36.38586113966047,"3.65","1.67",,,,"84.8",2538,"7.1",745902,641154,543877,467793,666397,669304,621043,663616,650489,596146,"53.41",,,,,,,,29,2,"Sweeper",0,4,4,0,4,0,4,0,"Strategic","Standard",43,"0","0.019",,
"ST","2024-05-26","83","-1.85","5.59","López, Pablo",665750,641154,,"foul",,,,,2,"Leody Taveras singles on a sharp line drive to center fielder Willi Castro.   Adolis García to 2nd.","R","L","R","MIN","TEX","S",,,1,1,2024,"1.05","-0.05","0","3.07",,,666969,0,4,"Top",,,,,543877,,,2.216670172267183,-120.76345473336309,0.8950352951330547,9.736410908759776,25.713319702365162,-33.08322044753824,"3.61","1.69",151,"67.3",18,"83.9",2380,"7.1",745902,641154,543877,467793,666397,669304,621043,663616,650489,596146,"53.4",,,,,,,,25,3,"Sweeper",0,2,2,0,2,0,2,0,"Infield shade","Standard",51,"0","-0.076","74.86292","7.20448"
"ST","2024-05-26","82.1","-1.89","5.47","López, Pablo",665750,641154,,"ball",,,,,14,"Leody Taveras singles on a sharp line drive to center fielder Willi Castro.   Adolis García to 2nd.","R","L","R","MIN","TEX","B",,,0,0,2024,"1.03","-0.14","1.85","1.6",,,666969,0,4,"Top",,,,,543877,,,6.569863206965376,-119.46983013942376,-1.9242890032694002,8.531503565225783,23.910991182688083,-33.338137503909685,"3.25","1.51",,,,"83.4",2473,"7.2",745902,641154,543877,467793,666397,669304,621043,663616,650489,596146,"53.29",,,,,,,,25,1,"Sweeper",0,2,2,0,2,0,2,0,"Infield shade","Standard",42,"0","0.065",,
"ST","2024-05-26","84.7","-1.67","5.51","López, Pablo",666969,641154,,"ball",,,,,14,"Adolis García hit by pitch.","R","R","R","MIN","TEX","B",,,1,2,2024,"1.16","-0.33","2.33","0.66",,,,0,4,"Top",,,,,543877,,,7.1349548036922625,-123.0852286443898,-4.2380362772985345,9.968169082017639,29.227412336376336,-34.73203494442039,"3.52","1.71",,,,"85.6",2511,"7.4",745902,641154,543877,467793,666397,669304,621043,663616,650489,596146,"53.1",,,,,,,,24,4,"Sweeper",0,2,2,0,2,0,2,0,"Standard","Standard",35,"0","0.038",,
"ST","2024-05-26","84.1","-1.61","5.67","López, Pablo",666969,641154,,"ball",,,,,14,"Adolis García hit by pitch.","R","R","R","MIN","TEX","B",,,0,1,2024,"1","0.49","1.84","2.33",,,,0,4,"Top",,,,,543877,,,6.111663005800013,-122.31416724052971,-2.2898054324296333,8.663445857456395,26.641204471246844,-26.9829574396097,"3.62","1.77",,,,"85.2",2570,"7.3",745902,641154,543877,467793,666397,669304,621043,663616,650489,596146,"53.2",,,,,,,,24,2,"Sweeper",0,2,2,0,2,0,2,0,"Standard","Standard",40,"0","0.023",,
"ST","2024-05-26","84.8","-2.01","5.53","López, Pablo",608369,641154,,"foul",,,,,5,"Corey Seager homers (10) on a fly ball to right center field.    Marcus Semien scores.","R","L","R","MIN","TEX","S",,,2,0,2024,"0.7","0.19","-0.18","2.28",,,543760,2,3,"Top",,,,,543877,,,2.90915858147912,-123.54487016358773,-1.679970520443458,6.617154403903973,24.382805158798732,-30.07463510000839,"3.5","1.51",4,"95.4",-27,"86.2",2662,"7.1",745902,641154,543877,467793,666397,669304,621043,663616,650489,596146,"53.41",,,,,,,,18,3,"Sweeper",0,0,0,0,0,0,0,0,"Infield shade","Standard",45,"0","-0.035","74.13014","6.86835"
"ST","2024-05-26","83.6","-1.87","5.49","López, Pablo",608369,641154,,"ball",,,,,14,"Corey Seager homers (10) on a fly ball to right center field.    Marcus Semien scores.","R","L","R","MIN","TEX","B",,,0,0,2024,"0.86","-0.21","1.15","1.22",,,543760,2,3,"Top",,,,,543877,,,5.346446992956572,-121.61273884934488,-3.0287617289754243,7.486069020964326,24.292558233076956,-33.87589217679148,"3.63","1.67",,,,"84.8",2548,"7.1",745902,641154,543877,467793,666397,669304,621043,663616,650489,596146,"53.35",,,,,,,,18,1,"Sweeper",0,0,0,0,0,0,0,0,"Infield shade","Standard",44,"0","0.027",,
"ST","2024-05-26","84.4","-1.99","5.51","López, Pablo",543760,641154,,"foul",,,,,14,"Marcus Semien walks.","R","R","R","MIN","TEX","S",,,3,2,2024,"1.13","0.25","0.11","1.35",,,,2,3,"Top",,,,,543877,,,2.664820325053821,-122.89181400658778,-3.7918039513574264,10.801787110979953,27.06028631978498,-29.047598350192043,"3.29","1.59",187,"86.2",15,"85.4",2592,"7.2",745902,641154,543877,467793,666397,669304,621043,663616,650489,596146,"53.34",,,,,,,,17,6,"Sweeper",0,0,0,0,0,0,0,0,"Standard","Standard",42,"0","0","58.6356","8.52304"
"ST","2024-05-26","84.2","-1.94","5.58","López, Pablo",543760,641154,,"ball",,,,,14,"Marcus Semien walks.","R","R","R","MIN","TEX","B",,,2,1,2024,"1.17","0.05","0.73","1.4",,,,2,3,"Top",,,,,543877,,,3.9303930194886254,-122.46177560591013,-3.372354910332037,10.803494474744834,26.751135303343563,-31.1521010449804,"3.4","1.7",,,,"85",2588,"7.1",745902,641154,543877,467793,666397,669304,621043,663616,650489,596146,"53.39",,,,,,,,17,4,"Sweeper",0,0,0,0,0,0,0,0,"Standard","Standard",39,"0","0.045",,
"ST","2024-05-26","83.5","-2.07","5.53","López, Pablo",543760,641154,,"called_strike",,,,,4,"Marcus Semien walks.","R","R","R","MIN","TEX","S",,,2,0,2024,"1.05","0.28","-0.63","2.54",,,,2,3,"Top",,,,,543877,,,1.2477516554251595,-121.65622591306105,-1.006548976901666,10.138157528382862,24.803241882854884,-29.450023482199065,"3.38","1.65",,,,"84.6",2499,"7",745902,641154,543877,467793,666397,669304,621043,663616,650489,596146,"53.46",,,,,,,,17,3,"Sweeper",0,0,0,0,0,0,0,0,"Standard","Standard",52,"0","-0.022",,
"ST","2024-05-26","82.2","-2.03","5.59","López, Pablo",694497,641154,,"called_strike",,,,,13,"Evan Carter called out on strikes.","R","L","R","MIN","TEX","S",,,2,1,2024,"1.12","-0.19","-0.99","2.15",,,,1,3,"Top",,,,,543877,,,0.16902400930439615,-119.68932096839198,-0.8389133383306666,10.678058526400347,25.349206662680178,-34.07954519745331,"3.64","1.69",,,,"83",2340,"7",745902,641154,543877,467793,666397,669304,621043,663616,650489,596146,"53.49",,,,,,,,16,4,"Sweeper",0,0,0,0,0,0,0,0,"Infield shade","Standard",47,"0","-0.051",,
"ST","2024-05-26","84.1","-2.02","5.46","López, Pablo",665750,641154,"strikeout","called_strike",,,,,4,"Leody Taveras called out on strikes.","R","L","R","MIN","TEX","S",2,,3,2,2024,"1.17","-0.19","-0.59","2.62",,,,0,2,"Top",,,,,543877,,,0.9969850200748285,-122.470793519905,0.2299695020859427,11.558984667880965,25.42329452241034,-34.37649322185466,"3.64","1.71",,,,"85.3",2344,"7.1",745902,641154,543877,467793,666397,669304,621043,663616,650489,596146,"53.36",,0,"0",1,0,0,,8,7,"Sweeper",0,0,0,0,0,0,0,0,"Infield shade","Standard",45,"0.023","-0.301",,
"ST","2024-05-26","84.6","-1.76","5.55","López, Pablo",665750,641154,,"foul",,,,,14,"Leody Taveras called out on strikes.","R","L","R","MIN","TEX","S",,,2,2,2024,"1.47","-0.11","1.07","2.22",,,,0,2,"Top",,,,,543877,,,3.703881502192365,-123.13269008979721,-1.1479451883475589,14.040975896843902,26.90773063844363,-33.23178304627676,"3.61","1.69",25,"89.1",-4,"85.6",2376,"7.1",745902,641154,543877,467793,666397,669304,621043,663616,650489,596146,"53.36",,,,,,,,8,5,"Sweeper",0,0,0,0,0,0,0,0,"Infield shade","Standard",40,"0","0","73.07129","7.96026"
"ST","2024-05-26","85.8","-1.73","5.62","López, Pablo",665750,641154,,"ball",,,,,14,"Leody Taveras called out on strikes.","R","L","R","MIN","TEX","B",,,0,1,2024,"1.19","-0.21","1.59","1.63",,,,0,2,"Top",,,,,543877,,,5.52611707641002,-124.79939782829342,-2.6796545552958086,10.999874399332008,28.757284514520418,-34.0077395388978,"3.6","1.67",,,,"86.5",2426,"7.1",745902,641154,543877,467793,666397,669304,621043,663616,650489,596146,"53.41",,,,,,,,8,2,"Sweeper",0,0,0,0,0,0,0,0,"Infield shade","Standard",40,"0","0.023",,
"ST","2024-05-26","82.9","-1.83","5.51","López, Pablo",666969,641154,,"foul",,,,,3,"Adolis García strikes out swinging.","R","R","R","MIN","TEX","S",,,1,2,2024,"1.06","-0.24","0.37","3.07",,,669701,2,1,"Top",,,,,543877,,,3.0084356919127995,-120.67356027862773,1.388774368704982,9.777550226499706,23.201450845887482,-34.97458236100571,"3.41","1.62",178,"70",58,"84.2",2372,"7.1",745902,641154,543877,467793,666397,669304,621043,663616,650489,596146,"53.41",,,,,,,,4,5,"Sweeper",0,0,0,0,0,0,0,0,"Standard","Standard",54,"0","0","73.74959","7.91017"
"ST","2024-05-26","85.2","-1.64","5.7","López, Pablo",666969,641154,,"foul",,,,,3,"Adolis García strikes out swinging.","R","R","R","MIN","TEX","S",,,1,2,2024,"0.94","0.38","0.61","3.35",,,669701,2,1,"Top",,,,,543877,,,3.4514767224715306,-124.01799674335507,0.1040047233737651,8.861860748560945,27.838830334139768,-28.602202636859957,"3.41","1.62",178,"69.3",64,"86.2",2362,"7.2",745902,641154,543877,467793,666397,669304,621043,663616,650489,596146,"53.28",,,,,,,,4,4,"Sweeper",0,0,0,0,0,0,0,0,"Standard","Standard",38,"0","0","67.82675","8.20607"
"ST","2024-05-26","83.9","-1.93","5.46","López, Pablo",666969,641154,,"ball",,,,,14,"Adolis García strikes out swinging.","R","R","R","MIN","TEX","B",,,0,0,2024,"0.91","-0.2","1.2","2.54",,,669701,2,1,"Top",,,,,543877,,,5.515778146689937,-122.08907557903693,0.14181228323906003,7.803815261272252,26.910654593508657,-34.44807131392321,"3.41","1.7",,,,"84.8",2380,"7.2",745902,641154,543877,467793,666397,669304,621043,663616,650489,596146,"53.33",,,,,,,,4,1,"Sweeper",0,0,0,0,0,0,0,0,"Standard","Standard",43,"0","0.027",,
"ST","2024-05-26","85.4","-1.73","5.54","López, Pablo",608369,641154,,"foul",,,,,14,"Corey Seager strikes out swinging.","R","L","R","MIN","TEX","S",,,0,1,2024,"1.29","-0.12","1.02","2.05",,,,1,1,"Top",,,,,543877,,,3.926907865635171,-124.30081859729138,-1.6534984295391137,12.506052056509676,26.686811340587024,-33.24851487545467,"3.5","1.51",5,"65.4",-26,"86.4",2640,"7.1",745902,641154,543877,467793,666397,669304,621043,663616,650489,596146,"53.41",,,,,,,,2,2,"Sweeper",0,0,0,0,0,0,0,0,"Infield shade","Standard",42,"0","-0.036","74.77651","6.86214"
"ST","2024-05-26","85.4","-1.96","5.56","López, Pablo",543760,641154,,"called_strike",,,,,8,"Marcus Semien flies out to center fielder Willi Castro.","R","R","R","MIN","TEX","S",,,0,0,2024,"1.01","0","0.2","1.72",,,,0,1,"Top",,,,,543877,,,3.107661925263334,-124.35870377323967,-2.7571006076255484,9.786071786734913,25.984327043975288,-31.84921451960147,"3.45","1.66",,,,"86.5",2493,"7.1",745902,641154,543877,467793,666397,669304,621043,663616,650489,596146,"53.45",,,,,,,,1,1,"Sweeper",0,0,0,0,0,0,0,0,"Infield shade","Standard",48,"0","-0.032",,
"ST","2024-05-15","84","-1.9","5.35","López, Pablo",519317,641154,"single","hit_into_play",,,,,9,"Giancarlo Stanton singles on a ground ball to shortstop Carlos Correa.   Aaron Judge to 3rd.","R","R","R","MIN","NYY","X",6,"ground_ball",2,2,2024,"1.2","-0.03","0.44","1.87",,592450,,2,5,"Top",98.21,141.62,,,680777,,,3.075936995049745,-122.31185169206537,-1.5481215336213834,11.284657126093416,27.310414115394376,-32.39431225800082,"3.59","1.71",38,"81",0,"85",2400,"7.2",745908,641154,680777,467793,666397,669304,621043,666135,650489,596146,"53.28",0.203,0.189,"0.9",1,1,0,2,40,5,"Sweeper",0,3,3,0,3,0,3,0,"Standard","Standard",52,"-0.007","0.815","82.25161","8.96099"
"ST","2024-05-15","82.7","-1.8","5.44","López, Pablo",519317,641154,,"ball",,,,,14,"Giancarlo Stanton singles on a ground ball to shortstop Carlos Correa.   Aaron Judge to 3rd.","R","R","R","MIN","NYY","B",,,1,2,2024,"1.2","-0.01","1.8","1.9",,592450,,2,5,"Top",,,,,680777,,,5.976695757705751,-120.27715765550639,-1.515184303170337,10.235679241280387,25.759114031273004,-32.13271199148517,"3.75","1.8",,,,"83.7",2308,"7.2",745908,641154,680777,467793,666397,669304,621043,666135,650489,596146,"53.31",,,,,,,,40,4,"Sweeper",0,3,3,0,3,0,3,0,"Infield shade","Standard",43,"0","0.046",,
"ST","2024-05-15","83.6","-1.83","5.37","López, Pablo",519317,641154,,"ball",,,,,14,"Giancarlo Stanton singles on a ground ball to shortstop Carlos Correa.   Aaron Judge to 3rd.","R","R","R","MIN","NYY","B",,,0,2,2024,"1.27","-0.11","2.48","1.64",,592450,,2,5,"Top",,,,,680777,,,7.549376735058928,-121.54776351972389,-1.8799371619041438,10.766581044850758,27.094453076635663,-33.11709818815189,"3.8","1.75",,,,"84.5",2377,"7.2",745908,641154,680777,467793,666397,669304,621043,666135,650489,596146,"53.27",,,,,,,,40,3,"Sweeper",0,3,3,0,3,0,3,0,"Infield shade","Standard",40,"0","0.019",,
"ST","2024-05-15","83.5","-1.79","5.43","López, Pablo",519317,641154,,"swinging_strike",,,,,9,"Giancarlo Stanton singles on a ground ball to shortstop Carlos Correa.   Aaron Judge to 3rd.","R","R","R","MIN","NYY","S",,,0,1,2024,"1.25","-0.15","0.76","1.82",,592450,,2,5,"Top",,,,,680777,,,3.4690641859071993,-121.53061110373727,-1.5443715063594758,11.51046996616198,26.190086946380365,-33.53551823823835,"3.59","1.71",,,,"84.5",2390,"7.1",745908,641154,680777,467793,666397,669304,621043,666135,650489,596146,"53.37",,,,,,,,40,2,"Sweeper",0,3,3,0,3,0,3,0,"Standard","Standard",45,"0","-0.076","78.64946","9.17534"
"ST","2024-05-15","83.4","-1.82","5.41","López, Pablo",519317,641154,,"called_strike",,,,,8,"Giancarlo Stanton singles on a ground ball to shortstop Carlos Correa.   Aaron Judge to 3rd.","R","R","R","MIN","NYY","S",,,0,0,2024,"1.22","-0.21","-0.08","1.72",,592450,,2,5,"Top",,,,,680777,,,1.6182767169491001,-121.53624626208106,-1.6643970822713707,11.737390211594242,24.756749541835717,-34.08587953189576,"4","1.68",,,,"85.2",2392,"7.4",745908,641154,680777,467793,666397,669304,621043,666135,650489,596146,"53.05",,,,,,,,40,1,"Sweeper",0,3,3,0,3,0,3,0,"Strategic","Standard",47,"0","-0.047",,
"ST","2024-05-15","83.4","-1.83","5.45","López, Pablo",657077,641154,,"called_strike",,,,,1,"Alex Verdugo lines out to left fielder Alex Kirilloff.","R","L","R","MIN","NYY","S",,,0,1,2024,"1.25","-0.06","-0.49","3.09",,592450,,1,5,"Top",,,,,680777,,,0.607796702599139,-121.5257824071645,1.1537702399185874,12.322441375202056,23.652184668451376,-33.25384335894897,"3.65","1.6",,,,"84.7",2336,"7",745908,641154,680777,467793,666397,669304,621043,666135,650489,596146,"53.47",,,,,,,,39,2,"Sweeper",0,3,3,0,3,0,3,0,"Infield shade","Standard",42,"0","-0.081",,
"ST","2024-05-15","83","-2.11","5.34","López, Pablo",657077,641154,,"called_strike",,,,,7,"Alex Verdugo lines out to left fielder Alex Kirilloff.","R","L","R","MIN","NYY","S",,,0,0,2024,"1.29","-0.06","-0.6","1.71",,592450,,1,5,"Top",,,,,680777,,,0.9527165749038735,-121.00302505806076,-1.7870793619664034,12.535470484993875,21.90636346480931,-32.67518808103211,"3.57","1.6",,,,"84.8",2306,"7.2",745908,641154,680777,467793,666397,669304,621043,666135,650489,596146,"53.29",,,,,,,,39,1,"Sweeper",0,3,3,0,3,0,3,0,"Infield shade","Standard",46,"0","-0.044",,
"ST","2024-05-15","84.4","-1.74","5.36","López, Pablo",592450,641154,"double","hit_into_play",,,,,6,"Aaron Judge doubles (12) on a sharp line drive to center fielder Willi Castro.","R","R","R","MIN","NYY","X",8,"line_drive",0,2,2024,"0.86","-0.31","0.52","2.82",,,,1,5,"Top",96.26,44.37,,,680777,,,3.600832928458525,-122.82628978690607,1.1110824361722482,7.95885834768081,24.658433387107568,-35.75544326520541,"4.04","1.88",360,"105.4",21,"85.6",2243,"7.1",745908,641154,680777,467793,666397,669304,621043,666135,650489,596146,"53.43",0.746,1.066,"1.25",1,1,1,6,38,3,"Sweeper",0,3,3,0,3,0,3,0,"Strategic","Standard",57,"-0.022","0.483","71.22073","8.44608"
"ST","2024-05-15","83.7","-1.86","5.43","López, Pablo",592450,641154,,"called_strike",,,,,4,"Aaron Judge doubles (12) on a sharp line drive to center fielder Willi Castro.","R","R","R","MIN","NYY","S",,,0,0,2024,"0.98","-0.08","-0.45","2.82",,,,1,5,"Top",,,,,680777,,,1.3291728558877356,-121.95022821093698,0.5516006595152596,9.585658816058963,23.526992714119512,-33.28368643965762,"4.15","1.88",,,,"85.1",2355,"7.1",745908,641154,680777,467793,666397,669304,621043,666135,650489,596146,"53.4",,,,,,,,38,1,"Sweeper",0,3,3,0,3,0,3,0,"Strategic","Standard",45,"0","-0.024",,
"ST","2024-05-15","86.2","-1.85","5.46","López, Pablo",665742,641154,,"ball",,,,,14,"Juan Soto strikes out on a foul tip.","R","L","R","MIN","NYY","B",,,1,2,2024,"0.92","0.15","1.87","1.04",,,,0,5,"Top",,,,,680777,,,7.066135182074411,-125.34322430780827,-4.606175394588397,8.268803970293167,25.62314208443065,-29.845308229222532,"3.1","1.42",,,,"87.6",2483,"7.2",745908,641154,680777,467793,666397,669304,621043,666135,650489,596146,"53.27",,,,,,,,37,4,"Sweeper",0,3,3,0,3,0,3,0,"Infield shade","Standard",38,"0","0.038",,
"ST","2024-05-15","84.6","-1.99","5.47","López, Pablo",624431,641154,"field_out","hit_into_play",,,,,8,"Jose Trevino grounds out, third baseman Jose Miranda to first baseman Carlos Santana.","R","R","R","MIN","NYY","X",5,"ground_ball",1,1,2024,"1.19","-0.11","0.09","1.69",,,,0,4,"Top",110.95,179.22,,,680777,,,2.4889242611013804,-123.19361161685113,-2.2747718206321954,11.688858185898502,24.027570572754666,-33.08627407379598,"3.15","1.48",2,"66.7",-46,"86",2501,"7.1",745908,641154,680777,467793,666397,669304,621043,666135,650489,596146,"53.39",0.191,0.139,"0",1,0,0,2,30,3,"Sweeper",0,3,3,0,3,0,3,0,"Standard","Standard",48,"0.012","-0.219","66.01829","6.96107"
"ST","2024-05-15","84.1","-1.87","5.5","López, Pablo",624431,641154,,"ball",,,,,14,"Jose Trevino grounds out, third baseman Jose Miranda to first baseman Carlos Santana.","R","R","R","MIN","NYY","B",,,0,1,2024,"1.2","-0.28","0.18","1.21",,,,0,4,"Top",,,,,680777,,,2.402088136133576,-122.39762588733639,-2.9962966004027782,11.515627752493614,25.677059185907755,-34.60262343109009,"3.18","1.55",,,,"85.8",2395,"7.5",745908,641154,680777,467793,666397,669304,621043,666135,650489,596146,"52.97",,,,,,,,30,2,"Sweeper",0,3,3,0,3,0,3,0,"Standard","Standard",42,"0","0.023",,
"ST","2024-05-15","84.8","-1.88","5.45","López, Pablo",650402,641154,,"ball",,,,,14,"Gleyber Torres flies out to right fielder Max Kepler.","R","R","R","MIN","NYY","B",,,1,2,2024,"0.99","-0.06","0.91","1.68",657077,,,2,3,"Top",,,,,680777,,,4.628202726916553,-123.4615560537742,-2.420723835746318,9.263960421428015,23.615488704738343,-32.517186785122114,"3.3","1.49",,,,"86.4",2345,"7.2",745908,641154,680777,467793,666397,669304,621043,666135,650489,596146,"53.31",,,,,,,,25,4,"Sweeper",0,3,3,0,3,0,3,0,"Standard","Standard",30,"0","0.031",,
"ST","2024-05-15","84.7","-1.78","5.4","López, Pablo",592450,641154,,"ball",,,,,14,"Aaron Judge doubles (11) on a sharp fly ball to center fielder Willi Castro.","R","R","R","MIN","NYY","B",,,2,2,2024,"0.8","0.08","1.8","0.89",,,,0,3,"Top",,,,,680777,,,6.903389273766533,-123.17642021501828,-4.417988432905597,6.773362175090711,24.76595404589712,-30.70972574810679,"4.14","1.88",,,,"86.5",2387,"7.5",745908,641154,680777,467793,666397,669304,621043,666135,650489,596146,"52.97",,,,,,,,21,5,"Sweeper",0,2,2,0,2,0,2,0,"Infield shade","Standard",38,"0","0.095",,
"ST","2024-05-15","82.6","-2","5.5","López, Pablo",592450,641154,,"called_strike",,,,,5,"Aaron Judge doubles (11) on a sharp fly ball to center fielder Willi Castro.","R","R","R","MIN","NYY","S",,,2,0,2024,"1.13","-0.27","-0.17","2.68",,,,0,3,"Top",,,,,680777,,,2.0023004008702614,-120.26067105351474,0.7085826552915142,10.415225420890922,26.357280145480882,-35.12803410011328,"4.14","1.88",,,,"83.5",2291,"7.2",745908,641154,680777,467793,666397,669304,621043,666135,650489,596146,"53.34",,,,,,,,21,3,"Sweeper",0,2,2,0,2,0,2,0,"Strategic","Standard",47,"0","-0.058",,
"ST","2024-05-15","85.5","-1.8","5.47","López, Pablo",665742,641154,"field_out","hit_into_play",,,,,3,"Juan Soto flies out to center fielder Willi Castro.","R","L","R","MIN","NYY","X",8,"fly_ball",0,2,2024,"0.78","0.31","0.49","2.64",,624431,665828,2,2,"Top",141.67,70.67,,,680777,,,3.8847193641931193,-124.51904095714197,-1.0446772007888288,7.441125390364047,23.849168539845394,-28.979254717135092,"3.11","1.54",321,"91.2",34,"87.1",2442,"7.2",745908,641154,680777,467793,666397,669304,621043,666135,650489,596146,"53.33",0.031,0.038,"0",1,0,0,3,14,3,"Sweeper",0,2,2,0,2,0,2,0,"Infield shade","Standard",36,"0.033","-0.308","65.07373","6.91763"
"ST","2024-05-15","84.9","-1.97","5.46","López, Pablo",683011,641154,"sac_fly","hit_into_play",,,,,6,"Anthony Volpe out on a sacrifice fly to center fielder Willi Castro.   Gleyber Torres scores.","R","R","R","MIN","NYY","X",8,"line_drive",0,0,2024,"1.03","0.42","0.8","2.46",650402,624431,665828,1,2,"Top",132.61,82.1,,,680777,,,4.499170185927917,-123.63729825437171,-1.5598945909281845,9.676499651540578,24.667355278020665,-27.792032256578,"3.41","1.58",292,"87.3",19,"86.5",2321,"7.3",745908,641154,680777,467793,666397,669304,621043,666135,650489,596146,"53.23",0.731,0.677,"0",1,0,0,4,13,1,"Sweeper",0,1,1,0,2,0,2,0,"Infield shade","Standard",33,"-0.005","-0.351","67.97901","7.36708"
"ST","2024-05-15","84.2","-1.72","5.6","López, Pablo",650402,641154,"single","hit_into_play",,,,,3,"Gleyber Torres singles on a ground ball to center fielder Willi Castro.","R","R","R","MIN","NYY","X",8,"ground_ball",0,2,2024,"0.73","0.24","0.66","2.8",,,,1,2,"Top",115.13,128.91,,,680777,,,4.150649667309864,-122.58295642143219,-0.540597186215668,6.438156619296336,26.185745122340943,-29.92912139322886,"3.21","1.49",64,"90.2",2,"85.5",2373,"7.3",745908,641154,680777,467793,666397,669304,621043,666135,650489,596146,"53.24",0.289,0.269,"0.9",1,1,0,2,10,3,"Sweeper",0,1,1,0,1,0,1,0,"Standard","Standard",47,"-0.023","0.327","59.66136","7.48505"
"ST","2024-05-15","85","-1.92","5.48","López, Pablo",650402,641154,,"foul",,,,,6,"Gleyber Torres singles on a ground ball to center fielder Willi Castro.","R","R","R","MIN","NYY","S",,,0,1,2024,"0.75","0.13","0.63","2.16",,,,1,2,"Top",,,,,680777,,,4.561060291330805,-123.75061457592787,-1.756416187304794,6.841208556520548,23.687556825532678,-30.731805274135652,"3.21","1.49",8,"61.1",-16,"86.7",2409,"7.2",745908,641154,680777,467793,666397,669304,621043,666135,650489,596146,"53.27",,,,,,,,10,2,"Sweeper",0,1,1,0,1,0,1,0,"Standard","Standard",42,"0","-0.036","66.38686","7.99734"
"ST","2024-05-15","83.7","-1.81","5.43","López, Pablo",519317,641154,"field_out","hit_into_play",,,,,9,"Giancarlo Stanton grounds out, first baseman Carlos Santana to pitcher Pablo López.","R","R","R","MIN","NYY","X",3,"ground_ball",1,2,2024,"0.84","0.37","0.38","1.92",,657077,,2,1,"Top",150.59,164.99,,,680777,,,3.448679045573148,-121.83691193654619,-2.4079368982594334,7.635342573159819,24.71246317274617,-28.27698515226084,"3.59","1.71",4,"55.7",-26,"85.1",2389,"7.2",745908,641154,680777,467793,666397,669304,621043,666135,650489,596146,"53.25",0.074,0.063,"0",1,0,0,1,5,5,"Sweeper",0,1,1,0,1,0,1,0,"Strategic","Standard",41,"0.03","-0.231","81.32478","9.35048"
"ST","2024-05-15","84.6","-1.74","5.57","López, Pablo",519317,641154,,"ball",,,,,14,"Giancarlo Stanton grounds out, first baseman Carlos Santana to pitcher Pablo López.","R","R","R","MIN","NYY","B",,,0,1,2024,"0.86","0.26","1.42","2.57",,657077,,2,1,"Top",,,,,680777,,,5.744332305543768,-123.02141859903081,-1.13740293211265,7.482334124061399,25.846892290157513,-29.505604932297075,"3.84","1.78",,,,"86",2334,"7.3",745908,641154,680777,467793,666397,669304,621043,666135,650489,596146,"53.16",,,,,,,,5,2,"Sweeper",0,1,1,0,1,0,1,0,"Standard","Standard",35,"0","0.016",,
"ST","2024-05-15","84.1","-1.98","5.49","López, Pablo",519317,641154,,"called_strike",,,,,5,"Giancarlo Stanton grounds out, first baseman Carlos Santana to pitcher Pablo López.","R","R","R","MIN","NYY","S",,,0,0,2024,"0.74","0.17","0.09","2.87",,657077,,2,1,"Top",,,,,680777,,,3.395644788042958,-122.46827595207947,-0.004935254461778449,6.71687248026376,24.96755704329857,-30.714970173789105,"3.85","1.85",,,,"85.4",2343,"7.2",745908,641154,680777,467793,666397,669304,621043,666135,650489,596146,"53.31",,,,,,,,5,1,"Sweeper",0,1,1,0,1,0,1,0,"Standard","Standard",47,"0","-0.047",,
"ST","2024-05-15","85.5","-1.77","5.59","López, Pablo",683011,641154,"field_out","hit_into_play",,,,,6,"Anthony Volpe pops out to first baseman Carlos Santana in foul territory.","R","R","R","MIN","NYY","X",3,"popup",1,2,2024,"0.52","0.58","0.45","2.56",,,,0,1,"Top",129.7,201.23,,,680777,,,4.227312896632402,-124.41856850688457,-2.001801895837175,4.499272200573439,26.70756755384122,-25.994615225969426,"3.41","1.58",10,"85.4",81,"86.7",2387,"7.2",745908,641154,680777,467793,666397,669304,621043,666135,650489,596146,"53.32",0.006,0.005,"0",1,0,0,3,1,4,"Sweeper",0,0,0,0,0,0,0,0,"Standard","Standard",43,"0.022","-0.168","68.91733","7.79573"
"ST","2024-05-09","84.9","-1.89","5.39","López, Pablo",670042,641154,,"ball",,,,,14,"Luke Raley singles on a ground ball to center fielder Austin Martin.","R","L","R","MIN","SEA","B",,,1,2,2024,"1.15","-0.3","0.63","0.97",,,,1,7,"Top",,,,,680777,,,3.630550907056901,-123.60408404123982,-3.419250100441771,11.004298816016671,26.1212043488598,-34.728586629114986,"3.49","1.61",,,,"86.2",2416,"7.2",745910,641154,680777,467793,666397,669304,650489,622534,668885,663616,"53.29",,,,,,,,55,4,"Sweeper",9,1,1,9,1,9,1,9,"Infield shade","Standard",46,"0","0.026",,
"ST","2024-05-09","84.7","-1.88","5.49","López, Pablo",670042,641154,,"swinging_strike",,,,,14,"Luke Raley singles on a ground ball to center fielder Austin Martin.","R","L","R","MIN","SEA","S",,,0,1,2024,"0.68","0.49","1.13","2.34",,,,1,7,"Top",,,,,680777,,,5.744210663071201,-123.1413763416518,-1.91707484911955,5.58804148891265,27.61516580208909,-27.067203265876252,"3.5","1.54",,,,"85.5",2407,"7.1",745910,641154,680777,467793,666397,669304,650489,622534,668885,663616,"53.37",,,,,,,,55,2,"Sweeper",9,1,1,9,1,9,1,9,"Infield shade","Standard",40,"0","-0.036","75.95286","7.66329"
"ST","2024-05-09","84","-1.9","5.48","López, Pablo",670042,641154,,"called_strike",,,,,7,"Luke Raley singles on a ground ball to center fielder Austin Martin.","R","L","R","MIN","SEA","S",,,0,0,2024,"1","0.11","-0.45","2.09",,,,1,7,"Top",,,,,680777,,,1.391401774965641,-122.31772589281258,-1.6332477613334007,9.725335042928595,26.052742839707236,-30.939136614326006,"3.49","1.48",,,,"84.9",2355,"7",745910,641154,680777,467793,666397,669304,650489,622534,668885,663616,"53.48",,,,,,,,55,1,"Sweeper",9,1,1,9,1,9,1,9,"Infield shade","Standard",40,"0","-0.024",,
"ST","2024-05-09","83.8","-1.93","5.68","López, Pablo",571745,641154,,"called_strike",,,,,2,"Mitch Haniger lines out sharply to second baseman Edouard Julien.","R","R","R","MIN","SEA","S",,,0,1,2024,"1.04","-0.06","0.24","2.83",,,,1,6,"Top",,,,,680777,,,2.9773089715245504,-121.95568983152278,0.09447245289615092,9.516422633153958,28.879224454710332,-33.06034995673631,"3.36","1.54",,,,"84.2",2412,"7",745910,641154,680777,467793,666397,669304,650489,622534,668885,663616,"53.46",,,,,,,,48,2,"Sweeper",9,1,1,9,1,9,1,9,"Standard","Standard",48,"0","-0.036",,
"ST","2024-05-09","83.9","-1.94","5.44","López, Pablo",663728,641154,"strikeout","swinging_strike_blocked",,,,,14,"Cal Raleigh strikes out swinging.","R","L","R","MIN","SEA","S",2,,2,2,2024,"1","-0.32","0.28","0.41",,,,0,6,"Top",,,,,680777,,,3.1637635800900306,-121.93934014435152,-4.432628745149032,8.94139070815264,31.918171972851198,-34.36593633893824,"3.36","1.52",,,,"83.8",2584,"7.1",745910,641154,680777,467793,666397,669304,650489,622534,668885,663616,"53.44",,0,"0",1,0,0,,47,5,"Sweeper",9,1,1,9,1,9,1,9,"Infield shade","Standard",39,"0.002","-0.206",,
"ST","2024-05-09","82","-2.02","5.48","López, Pablo",663728,641154,,"called_strike",,,,,7,"Cal Raleigh strikes out swinging.","R","L","R","MIN","SEA","S",,,1,1,2024,"1.05","-0.07","-0.6","1.72",,,,0,6,"Top",,,,,680777,,,1.1799507225422354,-119.29903560755841,-1.6378637964432108,9.501242993180464,29.103036361474903,-32.743258947563525,"3.42","1.54",,,,"82.2",2386,"7.1",745910,641154,680777,467793,666397,669304,650489,622534,668885,663616,"53.42",,,,,,,,47,3,"Sweeper",9,1,1,9,1,9,1,9,"Infield shade","Standard",43,"0","-0.051",,
"ST","2024-05-09","81.4","-2.01","5.62","López, Pablo",649966,641154,,"ball",,,,,11,"Luis Urías hit by pitch.","R","R","R","MIN","SEA","B",,,0,0,2024,"1.03","-0.08","-0.94","3.65",,,,1,5,"Top",,,,,680777,,,0.41479353193619406,-118.4675671693445,2.445779254617002,9.504686489687547,25.33423743968723,-33.63740284106298,"3.13","1.43",,,,"82.1",2228,"7",745910,641154,680777,467793,666397,669304,650489,622534,668885,663616,"53.46",,,,,,,,39,1,"Sweeper",8,1,1,8,1,8,1,8,"Standard","Standard",61,"0","0.025",,
"ST","2024-05-09","82.9","-2.07","5.5","López, Pablo",593871,641154,,"ball",,,,,14,"Jorge Polanco flies out to right fielder Trevor Larnach.","R","L","R","MIN","SEA","B",,,0,0,2024,"1.07","0.21","1.17","2.45",,,,2,4,"Top",,,,,680777,,,5.3809283185436145,-120.52892764747905,-0.8064554555994228,9.161785639266407,26.279190110724418,-30.22244426667207,"3.37","1.6",,,,"83.6",2578,"7.1",745910,641154,680777,467793,666397,669304,650489,622534,668885,663616,"53.41",,,,,,,,31,1,"Sweeper",6,1,1,6,1,6,1,6,"Standard","Standard",40,"0","0.016",,
"ST","2024-05-09","83.2","-2.21","5.42","López, Pablo",641598,641154,,"ball",,,,,14,"Mitch Garver called out on strikes.","R","R","R","MIN","SEA","B",,,2,1,2024,"1.29","0.01","1.13","2.09",,,,1,4,"Top",,,,,680777,,,5.168750156539441,-121.0180750005988,-1.131665875956163,11.558099245883353,25.529437173102163,-32.10000489467093,"3.47","1.68",,,,"84.1",2497,"7.1",745910,641154,680777,467793,666397,669304,650489,622534,668885,663616,"53.41",,,,,,,,30,4,"Sweeper",6,1,1,6,1,6,1,6,"Standard","Standard",47,"0","0.076",,
"ST","2024-05-09","82.3","-1.91","5.53","López, Pablo",641598,641154,,"ball",,,,,12,"Mitch Garver called out on strikes.","R","R","R","MIN","SEA","B",,,0,0,2024,"1.08","0.19","1.07","3.2",,,,1,4,"Top",,,,,680777,,,4.719065353808233,-119.63586058736885,1.0816495788499845,9.011676856040372,28.679570437843424,-30.911445397214028,"3.42","1.71",,,,"82.5",2424,"7.1",745910,641154,680777,467793,666397,669304,650489,622534,668885,663616,"53.43",,,,,,,,30,1,"Sweeper",6,1,1,6,1,6,1,6,"Standard","Standard",52,"0","0.025",,
"ST","2024-05-09","86.4","-1.78","5.47","López, Pablo",571745,641154,,"ball",,,,,14,"Mitch Haniger strikes out swinging.","R","R","R","MIN","SEA","B",,,0,2,2024,"0.44","0.04","1.51","0.43",,,,0,4,"Top",,,,,680777,,,7.038901968471147,-125.46349201468384,-5.783586101035962,2.919094260251892,30.00268854750588,-30.637718124640223,"3.36","1.52",,,,"86.9",2425,"7.1",745910,641154,680777,467793,666397,669304,650489,622534,668885,663616,"53.36",,,,,,,,29,3,"Sweeper",6,1,1,6,1,6,1,6,"Standard","Standard",30,"0","0.02",,
"ST","2024-05-09","83.1","-1.96","5.6","López, Pablo",571745,641154,,"called_strike",,,,,1,"Mitch Haniger strikes out swinging.","R","R","R","MIN","SEA","S",,,0,0,2024,"0.6","0.17","-0.81","3.15",,,,0,4,"Top",,,,,680777,,,1.4713696946708272,-120.87426660764424,0.6353114707812955,5.447958617986432,27.16123467668868,-30.870764817750104,"3.34","1.5",,,,"83.4",2335,"6.9",745910,641154,680777,467793,666397,669304,650489,622534,668885,663616,"53.61",,,,,,,,29,1,"Sweeper",6,1,1,6,1,6,1,6,"Standard","Standard",39,"0","-0.032",,
"ST","2024-05-09","85.2","-2.1","5.44","López, Pablo",677594,641154,,"ball",,,,,14,"Julio Rodríguez strikes out swinging.","R","R","R","MIN","SEA","B",,,2,2,2024,"0.77","-0.05","0.27","0.99",,,668942,1,3,"Top",,,,,680777,,,4.100051743218156,-123.87866533777013,-3.972754791716701,6.85080278526708,29.86310441682454,-31.92583889264825,"3.31","1.44",,,,"86",2483,"7.3",745910,641154,680777,467793,666397,669304,650489,622534,668885,663616,"53.17",,,,,,,,24,5,"Sweeper",6,1,1,6,1,6,1,6,"Standard","Standard",44,"0","0.09",,
"ST","2024-05-09","85.2","-1.95","5.5","López, Pablo",668942,641154,,"swinging_strike",,,,,14,"Josh Rojas reaches on catcher interference by Ryan Jeffers.    Josh Rojas to 1st.","R","L","R","MIN","SEA","S",,,1,1,2024,"0.7","0.08","1.23","1.12",,,,1,3,"Top",,,,,680777,,,6.1360447566989125,-123.77403873561406,-4.048323215840934,5.709912826158705,28.94445192345102,-30.63099418272053,"3.5","1.63",,,,"85.7",2489,"7.1",745910,641154,680777,467793,666397,669304,650489,622534,668885,663616,"53.42",,,,,,,,23,3,"Sweeper",6,1,1,6,1,6,1,6,"Infield shade","Standard",39,"0","-0.039",,
"ST","2024-05-09","83.7","-1.91","5.59","López, Pablo",670042,641154,,"ball",,,,,11,"Luke Raley singles on a line drive to right fielder Trevor Larnach.   Mitch Haniger scores.","R","L","R","MIN","SEA","B",,,0,0,2024,"0.56","0.88","-1.25","4.69",,571745,,2,2,"Top",,,,,680777,,,0.41295495591380427,-121.89297307161377,2.7000866669775783,5.436948732829638,25.988765846085947,-24.247569651978434,"3.49","1.7",,,,"84.7",2492,"7.1",745910,641154,680777,467793,666397,669304,650489,622534,668885,663616,"53.43",,,,,,,,16,1,"Sweeper",5,0,0,5,0,5,0,5,"Standard","Standard",54,"0","0.018",,
"ST","2024-05-09","84.8","-2.05","5.46","López, Pablo",593871,641154,,"ball",,,,,4,"Jorge Polanco flies out to right fielder Trevor Larnach.","R","L","R","MIN","SEA","B",,,1,0,2024,"0.75","-0.12","-0.8","2.36",,571745,,1,2,"Top",,,,,680777,,,1.4435845516654577,-123.48417268074634,-0.5995672397099767,7.329417795581834,26.700739997627025,-33.51519063374042,"3.37","1.6",,,,"85.8",2424,"7.1",745910,641154,680777,467793,666397,669304,650489,622534,668885,663616,"53.41",,,,,,,,15,2,"Sweeper",5,0,0,5,0,5,0,5,"Standard","Standard",41,"0","0.06",,
"ST","2024-05-09","83.7","-2","5.51","López, Pablo",641598,641154,,"ball",,,,,14,"Mitch Garver lines out, third baseman Jose Miranda to shortstop Willi Castro.","R","R","R","MIN","SEA","B",,,0,0,2024,"1.05","-0.08","0.87","1.48",,571745,,0,2,"Top",,,,,680777,,,4.624590063398772,-121.82546904147601,-2.6983869551366606,9.427278097766113,26.32035007686814,-32.58403888210985,"3.42","1.57",,,,"84.7",2395,"7.2",745910,641154,680777,467793,666397,669304,650489,622534,668885,663616,"53.33",,,,,,,,14,1,"Sweeper",5,0,0,5,0,5,0,5,"Standard","Standard",45,"0","0.049",,
"ST","2024-05-09","85.8","-1.9","5.57","López, Pablo",663728,641154,,"foul",,,,,9,"Cal Raleigh strikes out swinging.","R","L","R","MIN","SEA","S",,,1,1,2024,"0.99","-0.12","0.59","2.07",,,,2,1,"Top",,,,,680777,,,3.9246625401035935,-124.83751177372788,-1.7093419273131636,9.404255795595846,28.437876801642616,-33.22131622280652,"3.36","1.52",4,"75.6",-28,"86.6",2410,"7.1",745910,641154,680777,467793,666397,669304,650489,622534,668885,663616,"53.41",,,,,,,,3,3,"Sweeper",0,0,0,0,0,0,0,0,"Strategic","Standard",41,"0","-0.025","77.56972","8.98849"
"ST","2024-05-09","85.2","-1.99","5.53","López, Pablo",663728,641154,,"called_strike",,,,,4,"Cal Raleigh strikes out swinging.","R","L","R","MIN","SEA","S",,,0,0,2024,"0.93","-0.05","-0.54","2.44",,,,2,1,"Top",,,,,680777,,,1.5408507250896695,-124.1151773636991,-0.8593357550732057,9.29682911139275,24.95307818911152,-32.75069710193474,"3.35","1.52",,,,"86.5",2327,"7.1",745910,641154,680777,467793,666397,669304,650489,622534,668885,663616,"53.44",,,,,,,,3,1,"Sweeper",0,0,0,0,0,0,0,0,"Strategic","Standard",49,"0","-0.015",,
"ST","2024-05-04","84.4","-1.96","5.39","López, Pablo",677800,641154,,"called_strike",,,,,4,"Wilyer Abreu strikes out swinging.","R","L","R","MIN","BOS","S",,,1,1,2024,"0.77","0.18","-0.54","2.49",,,,1,6,"Top",,,,,543877,,,1.7921037251069736,-122.90377895522316,-0.7458408878588523,7.466268034844526,24.267038454484183,-30.464494018084608,"3.46","1.7",,,,"85.5",2344,"6.9",745911,641154,543877,467793,666397,669304,621043,650489,668885,596146,"53.56",,,,,,,,42,3,"Sweeper",2,1,1,2,1,2,1,2,"Infield shade","Standard",51,"0","-0.039",,
"ST","2024-05-04","83.3","-1.96","5.29","López, Pablo",677800,641154,,"called_strike",,,,,8,"Wilyer Abreu strikes out swinging.","R","L","R","MIN","BOS","S",,,0,0,2024,"0.95","0.36","-0.03","1.84",,,,1,6,"Top",,,,,543877,,,2.5933610030890706,-121.41340070801981,-2.2302625635989637,8.87323401364631,23.563952579891055,-28.400495569129347,"3.41","1.58",,,,"84.6",2404,"7.1",745911,641154,543877,467793,666397,669304,621043,650489,668885,596146,"53.45",,,,,,,,42,1,"Sweeper",2,1,1,2,1,2,1,2,"Infield shade","Standard",43,"0","-0.024",,
"ST","2024-05-04","84.6","-2.07","5.41","López, Pablo",641933,641154,,"foul",,,,,4,"Tyler O'Neill strikes out swinging.","R","R","R","MIN","BOS","S",,,0,0,2024,"0.42","0.49","-0.37","2.5",,,,0,6,"Top",,,,,543877,,,3.1621707792715616,-123.3564338889804,-1.5057106011285293,3.7889711090989304,22.353567979217583,-27.051103096028253,"3.27","1.51",104,"81.5",82,"86.3",2413,"7.1",745911,641154,543877,467793,666397,669304,621043,650489,668885,596146,"53.43",,,,,,,,41,1,"Sweeper",2,1,1,2,1,2,1,2,"Standard","Standard",50,"0","-0.032","73.84048","7.09971"
"ST","2024-05-04","86.3","-1.59","5.46","López, Pablo",646240,641154,,"ball",,,,,14,"Rafael Devers strikes out swinging.","R","L","R","MIN","BOS","B",,,1,2,2024,"0.46","0.53","2.09","1.25",666152,,,2,5,"Top",,,,,543877,,,7.955535642073239,-125.34705014827858,-4.846742587242691,2.940740639847218,28.743473340873003,-25.708081930477366,"3.35","1.55",,,,"87.2",2446,"7.3",745911,641154,543877,467793,666397,669304,621043,650489,668885,596146,"53.25",,,,,,,,36,4,"Sweeper",2,1,1,2,1,2,1,2,"Infield shade","Standard",45,"0","0.031",,
"ST","2024-05-04","85","-1.86","5.5","López, Pablo",646240,641154,,"foul",,,,,6,"Rafael Devers strikes out swinging.","R","L","R","MIN","BOS","S",,,0,0,2024,"0.74","0.48","0.76","2.79",666152,,,2,5,"Top",,,,,543877,,,4.749497298990273,-123.60923855155154,-0.9124393342624502,6.5170603248592744,27.32492445716038,-27.29288588497738,"3.41","1.58",,,,"86.2",2293,"7.4",745911,641154,543877,467793,666397,669304,621043,650489,668885,596146,"53.14",,,,,,,,36,1,"Sweeper",2,1,1,2,1,2,1,2,"Infield shade","Standard",41,"0","-0.047","73.39785","7.60012"
"ST","2024-05-04","83.4","-2.06","5.34","López, Pablo",678882,641154,,"ball",,,,,14,"Ceddanne Rafaela strikes out on a foul tip.","R","R","R","MIN","BOS","B",,,1,1,2024,"0.98","-0.06","0.81","0.93",,666152,,0,5,"Top",,,,,543877,,,4.748021086225029,-121.2859604390485,-3.5319378854406014,8.501199625803388,26.794688217644808,-32.22753412068778,"3.53","1.75",,,,"84.4",2420,"7.2",745911,641154,543877,467793,666397,669304,621043,650489,668885,596146,"53.26",,,,,,,,34,3,"Sweeper",2,1,1,2,1,2,1,2,"Standard","Standard",35,"0","0.058",,
"ST","2024-05-04","83.7","-1.91","5.38","López, Pablo",678882,641154,,"blocked_ball",,,,,14,"Ceddanne Rafaela strikes out on a foul tip.","R","R","R","MIN","BOS","B",,,0,0,2024,"1.12","-0.29","2.05","0.49",,,666152,0,5,"Top",,,,,543877,,,7.043709243531105,-121.65564594316248,-4.318600961124212,9.632133387524622,25.074683597715268,-34.32516251943812,"3.44","1.66",,,,"85",2423,"7.3",745911,641154,543877,467793,666397,669304,621043,650489,668885,596146,"53.19",,,,,,,,34,1,"Sweeper",2,1,1,2,1,2,1,2,"Standard","Standard",45,"0","0.065",,
"ST","2024-05-04","82.3","-1.87","5.51","López, Pablo",666152,641154,,"ball",,,,,12,"David Hamilton singles on a fly ball to center fielder Austin Martin.","R","L","R","MIN","BOS","B",,,0,0,2024,"0.61","0.25","0.48","3.89",,,,0,5,"Top",,,,,543877,,,4.194646439903027,-119.82807364560973,2.3256986138717957,5.178735702430591,20.435924922992633,-30.30202431737469,"3.37","1.6",,,,"83.8",2226,"7",745911,641154,543877,467793,666397,669304,621043,650489,668885,596146,"53.49",,,,,,,,33,1,"Sweeper",2,1,1,2,1,2,1,2,"Infield shade","Standard",52,"0","0.033",,
"ST","2024-05-04","84","-1.79","5.42","López, Pablo",643265,641154,"field_out","hit_into_play",,,,,9,"Garrett Cooper grounds out, third baseman Jose Miranda to first baseman Carlos Santana.","R","R","R","MIN","BOS","X",5,"ground_ball",0,2,2024,"0.86","0.17","0.76","1.8",,,642086,2,4,"Top",102.59,167.3,,,543877,,,4.260454041057425,-122.13614471623303,-2.232427874939625,7.5733343084846805,27.421272555761764,-30.219652351479187,"3.59","1.76",27,"67.6",0,"84.9",2287,"7.3",745911,641154,543877,467793,666397,669304,621043,650489,668885,596146,"53.24",0.111,0.098,"0",1,0,0,2,28,3,"Sweeper",1,1,1,1,1,1,1,1,"Standard","Standard",38,"0.028","-0.143","74.69139","8.49229"
"ST","2024-05-04","84.9","-1.94","5.35","López, Pablo",643265,641154,,"foul",,,,,9,"Garrett Cooper grounds out, third baseman Jose Miranda to first baseman Carlos Santana.","R","R","R","MIN","BOS","S",,,0,1,2024,"0.66","0.68","0.46","1.84",,,642086,2,4,"Top",,,,,543877,,,4.356871915281179,-123.47077192619273,-3.221322485227939,5.750760134803553,26.91360486153522,-24.76050601608494,"3.59","1.76",2,"64.6",-41,"85.8",2387,"7.1",745911,641154,543877,467793,666397,669304,621043,650489,668885,596146,"53.36",,,,,,,,28,2,"Sweeper",1,1,1,1,1,1,1,1,"Standard","Standard",39,"0","-0.047","71.73338","8.61358"
"ST","2024-05-04","84.9","-1.99","5.32","López, Pablo",657136,641154,"strikeout","swinging_strike",,,,,5,"Connor Wong strikes out swinging.","R","R","R","MIN","BOS","S",2,,3,2,2024,"0.65","0.63","0.15","2.64",,,,1,4,"Top",,,,,543877,,,3.791382793593218,-123.6716082290074,-1.2031653486409895,5.824532624750954,25.57128928359763,-25.72046910541729,"3.34","1.44",,,,"86.3",2326,"7.2",745911,641154,543877,467793,666397,669304,621043,650489,668885,596146,"53.3",,0,"0",1,0,0,,26,7,"Sweeper",1,1,1,1,1,1,1,1,"Standard","Standard",45,"0.019","-0.211","73.17744","8.03662"
"ST","2024-05-04","82.6","-1.25","5.77","López, Pablo",657136,641154,,"ball",,,,,14,"Connor Wong strikes out swinging.","R","R","R","MIN","BOS","B",,,2,2,2024,"0.52","-0.21","1.31","-0.48",,,,1,4,"Top",,,,,543877,,,4.91146812304962,-120.03287098873768,-7.4580726445122,4.103161030982961,23.06756670342188,-32.92700678966112,"3.16","1.35",,,,"84.2",2574,"7.4",745911,641154,543877,467793,666397,669304,621043,650489,668885,596146,"53.11",,,,,,,,26,6,"Sweeper",1,1,1,1,1,1,1,1,"Standard","Standard",31,"0","0.068",,
"ST","2024-05-04","85.1","-1.89","5.41","López, Pablo",657136,641154,,"foul_bunt",,,,,14,"Connor Wong strikes out swinging.","R","R","R","MIN","BOS","S",,,0,1,2024,"0.58","0.61","1.11","2.24",,,,1,4,"Top",,,,,543877,,,5.995906324362075,-123.90107751478679,-2.3800969823532925,4.736872890361707,24.86032494550547,-25.651892223891313,"3.34","1.44",2,,,"86.5",2259,"7.2",745911,641154,543877,467793,666397,669304,621043,650489,668885,596146,"53.33",,,,,,,,26,2,"Sweeper",1,1,1,1,1,1,1,1,"Standard","Standard",51,"0","-0.036","8.41795","1.83291"
"ST","2024-05-04","84.6","-1.83","5.51","López, Pablo",641933,641154,,"ball",,,,,3,"Tyler O'Neill strikes out swinging.","R","R","R","MIN","BOS","B",,,0,1,2024,"1.01","0.02","0.63","3.16",,,,2,3,"Top",,,,,543877,,,3.7842161373410743,-123.13287889422492,0.9246773752847095,9.396414124803876,26.314574831657964,-32.40507718181011,"3.34","1.59",,,,"85.8",2370,"7.2",745911,641154,543877,467793,666397,669304,621043,650489,668885,596146,"53.25",,,,,,,,20,2,"Sweeper",1,1,1,1,1,1,1,1,"Infield shade","Standard",49,"0","0.011",,
"ST","2024-05-04","85.6","-1.94","5.45","López, Pablo",646240,641154,"grounded_into_double_play","hit_into_play",,,,,8,"Rafael Devers grounds into a double play, first baseman Carlos Santana to shortstop Carlos Correa to first baseman Carlos Santana.   Jarren Duran out at 2nd.    Rafael Devers out at 1st.","R","L","R","MIN","BOS","X",3,"ground_ball",2,1,2024,"0.66","0.06","0.25","1.91",,,680776,0,3,"Top",153.49,168.44,,,543877,,,3.9047583591295147,-124.48340036413332,-2.1240193607970195,5.9064927349042495,28.309085209102854,-31.356549820210432,"3.41","1.58",54,"104.9",0,"86.5",2470,"7.2",745911,641154,543877,467793,666397,669304,621043,650489,668885,596146,"53.28",0.486,0.468,"0",1,0,0,4,19,4,"Sweeper",1,1,1,1,1,1,1,1,"Infield shade","Standard",42,"0.083","-0.586","82.03975","8.02039"
"ST","2024-05-04","84.7","-1.87","5.48","López, Pablo",646240,641154,,"ball",,,,,14,"Rafael Devers grounds into a double play, first baseman Carlos Santana to shortstop Carlos Correa to first baseman Carlos Santana.   Jarren Duran out at 2nd.    Rafael Devers out at 1st.","R","L","R","MIN","BOS","B",,,0,1,2024,"0.65","0.02","0.64","0.73",,,680776,0,3,"Top",,,,,543877,,,4.626539320387665,-123.15541922086534,-4.693988873315655,5.387376179168689,30.20328853431305,-31.071458693008324,"3.19","1.44",,,,"85.3",2437,"7.2",745911,641154,543877,467793,666397,669304,621043,650489,668885,596146,"53.26",,,,,,,,19,2,"Sweeper",1,1,1,1,1,1,1,1,"Infield shade","Standard",42,"0","0.054",,
"ST","2024-05-04","85.8","-1.92","5.5","López, Pablo",680776,641154,,"ball",,,,,14,"Jarren Duran walks.","R","L","R","MIN","BOS","B",,,1,0,2024,"0.69","0.09","1.88","0.33",,,,0,3,"Top",,,,,543877,,,7.698696259443558,-124.61406650075828,-6.1675119538238805,5.510413357638095,26.63892170897011,-30.074906781923172,"3.35","1.6",,,,"86.7",2425,"7.1",745911,641154,543877,467793,666397,669304,621043,650489,668885,596146,"53.38",,,,,,,,18,2,"Sweeper",1,1,1,1,1,1,1,1,"Infield shade","Standard",50,"0","0.063",,
"ST","2024-05-04","86.1","-1.91","5.54","López, Pablo",680776,641154,,"ball",,,,,14,"Jarren Duran walks.","R","L","R","MIN","BOS","B",,,0,0,2024,"0.7","-0.06","1.09","1.44",,,,0,3,"Top",,,,,543877,,,5.826222081445214,-125.34936906996218,-3.4030535041894003,6.133348375967577,25.833996220361477,-32.328512554069675,"3.52","1.64",,,,"87.6",2384,"7.2",745911,641154,543877,467793,666397,669304,621043,650489,668885,596146,"53.27",,,,,,,,18,1,"Sweeper",1,1,1,1,1,1,1,1,"Infield shade","Standard",40,"0","0.033",,
"ST","2024-05-04","85.9","-1.84","5.37","López, Pablo",678882,641154,,"ball",,,,,14,"Ceddanne Rafaela pops out to first baseman Carlos Santana in foul territory.","R","R","R","MIN","BOS","B",,,1,2,2024,"0.69","0.21","2.78","-0.84",,,,2,2,"Top",,,,,543877,,,9.707272894596782,-124.5328331571515,-8.969733651777027,5.1708570314299,26.017445927862127,-28.29107018391564,"3.42","1.62",,,,"87.3",2500,"7.4",745911,641154,543877,467793,666397,669304,621043,650489,668885,596146,"53.06",,,,,,,,14,4,"Sweeper",1,1,1,1,1,1,1,1,"Standard","Standard",26,"0","0.016",,
"ST","2024-05-04","85.3","-1.65","5.49","López, Pablo",678882,641154,,"ball",,,,,14,"Ceddanne Rafaela pops out to first baseman Carlos Santana in foul territory.","R","R","R","MIN","BOS","B",,,0,2,2024,"0.69","-0.04","2.75","1.49",,,,2,2,"Top",,,,,543877,,,9.096489568800841,-123.93596241442835,-3.035545969273726,5.284314315242426,25.220822725132813,-32.154866124600154,"3.44","1.65",,,,"86.6",2525,"7.3",745911,641154,543877,467793,666397,669304,621043,650489,668885,596146,"53.25",,,,,,,,14,3,"Sweeper",1,1,1,1,1,1,1,1,"Standard","Standard",34,"0","0.009",,
"ST","2024-05-04","86.8","-1.68","5.56","López, Pablo",666152,641154,,"ball",,,,,14,"David Hamilton grounds out, first baseman Carlos Santana to pitcher Pablo López.","R","L","R","MIN","BOS","B",,,2,2,2024,"0.38","0.56","1.72","1.79",,,,1,2,"Top",,,,,543877,,,7.480097023454378,-126.19730964034778,-3.9916482902107004,2.4112552831631624,27.17165485060684,-25.55164615164741,"3.31","1.5",,,,"87.9",2371,"7.1",745911,641154,543877,467793,666397,669304,621043,650489,668885,596146,"53.35",,,,,,,,13,5,"Sweeper",1,1,1,1,1,1,1,1,"Infield shade","Standard",51,"0","0.068",,
"ST","2024-05-04","85.5","-1.79","5.43","López, Pablo",666152,641154,,"swinging_strike",,,,,9,"David Hamilton grounds out, first baseman Carlos Santana to pitcher Pablo López.","R","L","R","MIN","BOS","S",,,1,1,2024,"1.06","0.01","0.77","1.98",,,,1,2,"Top",,,,,543877,,,3.94253147642347,-124.42007985821132,-1.8722758667518447,10.205147388471506,25.816375717860854,-31.853723548019445,"3.34","1.54",,,,"86.8",2383,"7.2",745911,641154,543877,467793,666397,669304,621043,650489,668885,596146,"53.32",,,,,,,,13,3,"Sweeper",1,1,1,1,1,1,1,1,"Infield shade","Standard",53,"0","-0.039","31.59735","5.69149"
"ST","2024-05-04","84.4","-1.87","5.5","López, Pablo",643265,641154,"strikeout","swinging_strike",,,,,9,"Garrett Cooper strikes out swinging.","R","R","R","MIN","BOS","S",2,,1,2,2024,"0.68","0.71","0.54","1.88",,,,0,2,"Top",,,,,543877,,,4.332445691055027,-122.8631145350874,-3.5116170158008,5.921303698659843,25.891177194468117,-24.489449875781215,"3.59","1.76",,,,"85.7",2466,"7.3",745911,641154,543877,467793,666397,669304,621043,650489,668885,596146,"53.23",,0,"0",1,0,0,,12,5,"Sweeper",1,1,1,1,1,1,1,1,"Standard","Standard",60,"0.023","-0.168","72.56077","9.03618"
"ST","2024-05-04","85.9","-1.59","5.6","López, Pablo",643265,641154,,"ball",,,,,14,"Garrett Cooper strikes out swinging.","R","R","R","MIN","BOS","B",,,0,2,2024,"0.68","0.27","1.53","1.63",,,,0,2,"Top",,,,,543877,,,6.126610181210485,-124.94829241512964,-3.67687550699779,5.674199991071106,27.50608061557319,-28.765574167282686,"3.61","1.85",,,,"86.9",2448,"7.2",745911,641154,543877,467793,666397,669304,621043,650489,668885,596146,"53.34",,,,,,,,12,3,"Sweeper",1,1,1,1,1,1,1,1,"Standard","Standard",42,"0","0.02",,
"ST","2024-05-04","85","-1.87","5.55","López, Pablo",643265,641154,,"called_strike",,,,,9,"Garrett Cooper strikes out swinging.","R","R","R","MIN","BOS","S",,,0,1,2024,"0.9","0.26","0.55","1.9",,,,0,2,"Top",,,,,543877,,,3.9191596857413087,-123.67275819770171,-2.7401314442908493,8.406366482767579,26.204775532611382,-29.17267083335689,"3.7","1.81",,,,"86.2",2408,"7.2",745911,641154,543877,467793,666397,669304,621043,650489,668885,596146,"53.3",,,,,,,,12,2,"Sweeper",1,1,1,1,1,1,1,1,"Infield shade","Standard",40,"0","-0.049",,
"ST","2024-05-04","86.4","-1.78","5.48","López, Pablo",677800,641154,,"ball",,,,,14,"Wilyer Abreu singles on a ground ball to left fielder Willi Castro.   Tyler O'Neill scores.","R","L","R","MIN","BOS","B",,,2,2,2024,"0.99","0.52","1.32","0.91",,641933,,2,1,"Top",,,,,543877,,,5.4606947216250665,-125.67206620365297,-5.8014619485477255,9.325761939074937,26.871570676775598,-25.60242936422254,"3.46","1.67",,,,"87.8",2492,"7.3",745911,641154,543877,467793,666397,669304,621043,650489,668885,596146,"53.16",,,,,,,,4,8,"Sweeper",0,0,0,0,0,0,0,0,"Infield shade","Standard",40,"0","0.056",,
"ST","2024-05-04","85.8","-1.98","5.5","López, Pablo",641933,641154,"double","hit_into_play",,,,,4,"Tyler O'Neill doubles (3) on a ground ball to left fielder Willi Castro.","R","R","R","MIN","BOS","X",7,"ground_ball",1,1,2024,"0.4","0.64","-0.65","2.42",,,,2,1,"Top",62.29,138.29,,,543877,,,2.372951946008858,-124.81554735445081,-2.251973352907233,3.6214465878042663,28.49351966308458,-25.261558917464022,"3.27","1.51",94,"80.5",8,"86.8",2443,"7.2",745911,641154,543877,467793,666397,669304,621043,650489,668885,596146,"53.27",0.374,0.357,"1.25",1,1,1,4,3,3,"Sweeper",0,0,0,0,0,0,0,0,"Standard","Standard",66,"-0.022","0.242","73.91424","6.98126"
"ST","2024-05-04","85.3","-1.99","5.45","López, Pablo",641933,641154,,"ball",,,,,13,"Tyler O'Neill doubles (3) on a ground ball to left fielder Willi Castro.","R","R","R","MIN","BOS","B",,,0,0,2024,"0.71","0.63","-1.39","1.85",,,,2,1,"Top",,,,,543877,,,-0.017858663288354698,-124.09316681557557,-3.405310322833959,7.307238363405013,27.723522559958393,-25.202403314104423,"3.36","1.49",,,,"86.3",2385,"7.2",745911,641154,543877,467793,666397,669304,621043,650489,668885,596146,"53.3",,,,,,,,3,1,"Sweeper",0,0,0,0,0,0,0,0,"Infield shade","Standard",43,"0","0.016",,
"ST","2024-05-04","86.4","-1.88","5.48","López, Pablo",646240,641154,"field_out","hit_into_play",,,,,14,"Rafael Devers grounds out sharply to first baseman Carlos Santana.","R","L","R","MIN","BOS","X",3,"ground_ball",2,2,2024,"0.87","0.42","0.04","1.38",,,,1,1,"Top",163.93,165.27,,,543877,,,2.8472263082887714,-125.71640012040659,-4.449860406609987,8.603769730035365,27.0478370133851,-26.95406019194623,"3.41","1.58",7,"100.1",-12,"87.7",2502,"7.2",745911,641154,543877,467793,666397,669304,621043,650489,668885,596146,"53.26",0.211,0.201,"0",1,0,0,2,2,5,"Sweeper",0,0,0,0,0,0,0,0,"Infield shade","Standard",44,"0.015","-0.143","77.41292","7.9576"
"ST","2024-05-04","85.6","-1.96","5.49","López, Pablo",646240,641154,,"swinging_strike",,,,,14,"Rafael Devers grounds out sharply to first baseman Carlos Santana.","R","L","R","MIN","BOS","S",,,1,0,2024,"0.12","0.76","1.17","1.96",,,,1,1,"Top",,,,,543877,,,7.258485787049506,-124.4567580134008,-3.5996094153574028,-0.2711845729913073,25.58512452292923,-23.749951297666442,"3.41","1.58",,,,"86.7",2491,"7.1",745911,641154,543877,467793,666397,669304,621043,650489,668885,596146,"53.41",,,,,,,,2,2,"Sweeper",0,0,0,0,0,0,0,0,"Infield shade","Standard",44,"0","-0.032","76.4413","8.24882"
"ST","2024-05-04","85.4","-1.8","5.56","López, Pablo",680776,641154,"field_out","hit_into_play",,,,,5,"Jarren Duran pops out to third baseman Jose Miranda in foul territory.","R","L","R","MIN","BOS","X",5,"popup",1,0,2024,"0.34","0.65","-0.03","2.72",,,,0,1,"Top",101.57,198.22,,,543877,,,3.516344767815357,-124.2619398210054,-1.6723920338942753,2.7423095851038584,26.95299106399167,-25.321828148732592,"3.37","1.65",95,"78.8",74,"86.4",2382,"7.1",745911,641154,543877,467793,666397,669304,621043,650489,668885,596146,"53.41",0.001,0,"0",1,0,0,3,1,2,"Sweeper",0,0,0,0,0,0,0,0,"Infield shade","Standard",37,"0.022","-0.262","66.18891","8.03114"
"ST","2024-04-23","85.1","-1.88","5.45","López, Pablo",666150,641154,,"ball",,,,,14,"Dominic Fletcher called out on strikes.","R","L","R","MIN","CWS","B",,,2,2,2024,"0.92","0.68","1.83","2.36",,,683734,2,4,"Top",,,,,543877,,,6.9318202696961855,-123.66362382828963,-2.22124886097177,7.794423275369234,28.058308811199094,-24.9927620275146,"3.28","1.47",,,,"85.6",2462,"7",745917,641154,543877,467793,666397,571657,650489,663616,621439,596146,"53.49",,,,,,,,29,5,"Sweeper",1,3,3,1,3,1,3,1,"Infield shade","Standard",53,"0","0.073",,
"ST","2024-04-23","84.3","-1.8","5.51","López, Pablo",657557,641154,,"ball",,,,,14,"Paul DeJong strikes out swinging.","R","R","R","MIN","CWS","B",,,1,2,2024,"0.89","0.5","3.02","1.76",,,683734,1,4,"Top",,,,,543877,,,9.52652542722346,-122.27598219902825,-3.2373418021007945,6.742725853053949,27.437410566670096,-26.669192090609187,"3.48","1.49",,,,"84.7",2434,"7",745917,641154,543877,467793,666397,571657,650489,663616,621439,596146,"53.47",,,,,,,,28,4,"Sweeper",1,3,3,1,3,1,3,1,"Standard","Standard",42,"0","0.054",,
"ST","2024-04-23","84.2","-2.01","5.46","López, Pablo",643217,641154,,"foul",,,,,9,"Andrew Benintendi strikes out swinging.","R","L","R","MIN","CWS","S",,,2,2,2024,"0.73","0.4","0.68","1.98",,,683734,0,4,"Top",,,,,543877,,,4.872298302686407,-122.50913094532524,-2.5081736767485086,6.347075719697458,24.74257567413768,-27.820336044181992,"3.27","1.53",146,"72.6",73,"85.3",2382,"7.1",745917,641154,543877,467793,666397,571657,650489,663616,621439,596146,"53.44",,,,,,,,27,5,"Sweeper",1,3,3,1,3,1,3,1,"Infield shade","Standard",43,"0","0","68.77463","6.94897"
"ST","2024-04-23","82.8","-1.99","5.39","López, Pablo",683734,641154,,"ball",,,,,11,"Andrew Vaughn walks.","R","R","R","MIN","CWS","B",,,1,2,2024,"0.79","0.51","-0.84","3.31",,,,0,4,"Top",,,,,543877,,,1.102647159514519,-120.48280322462504,0.8364366886856448,7.3610398468536955,26.08448338108404,-27.659342416395653,"3.25","1.5",,,,"83.5",2078,"7",745917,641154,543877,467793,666397,571657,650489,663616,621439,596146,"53.49",,,,,,,,26,4,"Sweeper",1,3,3,1,3,1,3,1,"Standard","Standard",65,"0","0.038",,
"ST","2024-04-23","84.5","-1.98","5.45","López, Pablo",650391,641154,,"ball",,,,,14,"Eloy Jiménez homers (2) on a fly ball to left field.   Danny Mendick scores.    Gavin Sheets scores.","R","R","R","MIN","CWS","B",,,0,0,2024,"1.09","0.01","1.08","0.66",664901,,657757,0,4,"Top",,,,,543877,,,5.009736814332299,-122.77898334452614,-4.73250575828785,9.753945992130177,28.65746080312908,-31.215529575382604,"3.62","1.66",,,,"85.2",2352,"7.2",745917,641154,543877,467793,666397,571657,650489,663616,621439,596146,"53.3",,,,,,,,25,1,"Sweeper",1,0,0,1,0,1,0,1,"Standard","Standard",49,"0","0.051",,
"ST","2024-04-23","83.5","-1.98","5.4","López, Pablo",657757,641154,"walk","blocked_ball",,,,,14,"Gavin Sheets walks.","R","L","R","MIN","CWS","B",,,3,2,2024,"1.28","0","1.39","0.55",664901,,,0,4,"Top",,,,,543877,,,5.298959936766395,-121.32917392772087,-4.625419932634964,11.156283752121874,29.26083385050464,-31.285202595783122,"3.39","1.72",,,,"83.9",2272,"7.2",745917,641154,543877,467793,666397,571657,650489,663616,621439,596146,"53.33",,0.689594,"0.7",1,0,0,,24,6,"Sweeper",1,0,0,1,0,1,0,1,"Strategic","Standard",41,"-0.048","0.259",,
"ST","2024-04-23","84.7","-1.76","5.46","López, Pablo",657757,641154,,"blocked_ball",,,,,14,"Gavin Sheets walks.","R","L","R","MIN","CWS","B",,,2,2,2024,"0.75","0.24","1.92","0.41",664901,,,0,4,"Top",,,,,543877,,,7.208675064200476,-123.11982953476752,-5.961278224180849,6.058899853803533,25.94011177775639,-28.670186339723696,"3.35","1.61",,,,"85.8",2378,"7.2",745917,641154,543877,467793,666397,571657,650489,663616,621439,596146,"53.33",,,,,,,,24,5,"Sweeper",1,0,0,1,0,1,0,1,"Strategic","Standard",47,"0","0.279",,
"ST","2024-04-23","84.2","-1.98","5.43","López, Pablo",657757,641154,,"ball",,,,,14,"Gavin Sheets walks.","R","L","R","MIN","CWS","B",,,0,0,2024,"0.31","0.65","0.91","1.8",,,664901,0,4,"Top",,,,,543877,,,6.198623469142213,-122.52297049816909,-3.3777916460759876,1.8536676288856486,24.794610821915594,-25.113023713853345,"3.39","1.72",,,,"85.4",2215,"7.1",745917,641154,543877,467793,666397,571657,650489,663616,621439,596146,"53.37",,,,,,,,24,1,"Sweeper",1,0,0,1,0,1,0,1,"Infield shade","Standard",59,"0","0.065",,
"ST","2024-04-23","83","-1.72","5.57","López, Pablo",664901,641154,,"ball",,,,,14,"Danny Mendick singles on a ground ball to third baseman Kyle Farmer.","R","R","R","MIN","CWS","B",,,0,1,2024,"1.04","0.31","1.07","1.6",,,,0,4,"Top",,,,,543877,,,4.421237573219421,-120.83246831711288,-3.2417939659574064,9.253811365746248,24.668113377755464,-28.685255948520407,"3.42","1.62",,,,"84.2",2249,"7.2",745917,641154,543877,467793,666397,571657,650489,663616,621439,596146,"53.31",,,,,,,,23,2,"Sweeper",1,0,0,1,0,1,0,1,"Standard","Standard",42,"0","0.023",,
"ST","2024-04-23","81.2","-2.06","5.45","López, Pablo",455117,641154,,"ball",,,,,11,"Martín Maldonado grounds out, shortstop Willi Castro to first baseman Carlos Santana.","R","R","R","MIN","CWS","B",,,0,0,2024,"0.85","0.16","-0.39","3.81",,,,1,3,"Top",,,,,543877,,,2.135661345216114,-118.18134455152116,2.78389321408595,7.423097259646837,25.98326048861407,-31.56366448006323,"3.21","1.51",,,,"81.5",2037,"6.8",745917,641154,543877,467793,666397,571657,650489,663616,621439,596146,"53.7",,,,,,,,18,1,"Sweeper",1,0,0,1,0,1,0,1,"Infield shade","Standard",62,"0","0.025",,
"ST","2024-04-23","84.1","-1.97","5.33","López, Pablo",650391,641154,,"ball",,,,,14,"Eloy Jiménez called out on strikes.","R","R","R","MIN","CWS","B",,,1,2,2024,"1.18","0.69","0.7","1.14",,657757,,2,1,"Top",,,,,543877,,,3.9024590998882323,-122.3119809748821,-4.664399713925284,10.78562544635602,27.7205368958351,-24.52971138128494,"3.49","1.58",,,,"85.1",2189,"7.3",745917,641154,543877,467793,666397,571657,650489,663616,621439,596146,"53.21",,,,,,,,4,4,"Sweeper",0,0,0,0,0,0,0,0,"Standard","Standard",54,"0","0.046",,
"ST","2024-04-23","84.9","-1.85","5.45","López, Pablo",650391,641154,,"swinging_strike",,,,,12,"Eloy Jiménez called out on strikes.","R","R","R","MIN","CWS","S",,,1,1,2024,"1.38","0.63","1.78","2.89",,657757,,2,1,"Top",,,,,543877,,,5.810748900265656,-123.45835804956351,-0.8217682337104583,12.553864827385814,28.95657701125303,-25.89759247044671,"3.53","1.65",,,,"85.4",2216,"7.1",745917,641154,543877,467793,666397,571657,650489,663616,621439,596146,"53.43",,,,,,,,4,3,"Sweeper",0,0,0,0,0,0,0,0,"Standard","Standard",42,"0","-0.073","66.52341","7.70516"
"ST","2024-04-23","83.2","-1.98","5.45","López, Pablo",650391,641154,,"ball",,,,,14,"Eloy Jiménez called out on strikes.","R","R","R","MIN","CWS","B",,,0,0,2024,"1.12","0.3","1.62","1.01",,657757,,2,1,"Top",,,,,543877,,,6.172923062942758,-121.0389341843073,-4.326817361137421,9.684528153508221,25.265189553735432,-28.57544726107289,"3.46","1.55",,,,"84.4",2330,"7.2",745917,641154,543877,467793,666397,571657,650489,663616,621439,596146,"53.25",,,,,,,,4,1,"Sweeper",0,0,0,0,0,0,0,0,"Standard","Standard",52,"0","0.018",,
"ST","2024-04-23","85.2","-1.88","5.39","López, Pablo",657757,641154,,"ball",,,,,14,"Gavin Sheets doubles (6) on a sharp line drive to center fielder Byron Buxton.","R","L","R","MIN","CWS","B",,,1,2,2024,"0.98","0.24","2","1.14",,,,2,1,"Top",,,,,543877,,,7.229684614367888,-123.70874788110642,-4.029117143871476,8.157166419920898,30.39878227026038,-28.958532536540567,"3.37","1.7",,,,"85.5",2352,"7.1",745917,641154,543877,467793,666397,571657,650489,663616,621439,596146,"53.39",,,,,,,,3,4,"Sweeper",0,0,0,0,0,0,0,0,"Infield shade","Standard",55,"0","0.016",,
"ST","2024-04-04","82.7","-2.13","5.44","López, Pablo",671289,641154,,"called_strike",,,,,8,"Tyler Freeman flies out to center fielder Byron Buxton.","R","R","R","MIN","CLE","S",,,1,0,2024,"0.88","0.58","0.24","1.89",,,,1,6,"Top",,,,,543877,,,3.7573210756630226,-120.31829439921826,-2.651886590477521,7.553505319887968,28.483264798204683,-26.290982400794988,"3.25","1.48",,,,"84.2",2370,"7.8",745928,641154,543877,467793,666397,650489,621043,670242,621439,596146,"52.69",,,,,,,,45,2,"Sweeper",1,3,3,1,3,1,3,1,"Standard","Standard",50,"0","-0.032",,
"ST","2024-04-04","82.7","-2.06","5.44","López, Pablo",677587,641154,,"foul",,,,,6,"Brayan Rocchio walks.","R","L","R","MIN","CLE","S",,,2,2,2024,"0.84","0.23","0.29","2.09",,,,1,5,"Top",,,,,543877,,,3.7559151152718,-120.26296779023812,-1.473208672112937,7.229191951006112,27.4274020194261,-29.872057391628367,"3.11","1.4",72,"86.8",3,"83",2363,"6.9",745928,641154,543877,467793,666397,650489,621043,670242,621439,596146,"53.58",,,,,,,,36,5,"Sweeper",0,3,3,0,3,0,3,0,"Infield shade","Standard",40,"0","0","72.66547","7.15578"
"ST","2024-04-04","83.6","-1.89","5.43","López, Pablo",666310,641154,"strikeout","swinging_strike",,,,,14,"Bo Naylor strikes out swinging.","R","L","R","MIN","CLE","S",2,,2,2,2024,"0.9","0.27","0.65","1.03",,,,0,5,"Top",,,,,543877,,,4.163844357316524,-121.68329692922863,-4.332647618292343,8.207770421529972,22.786360341752054,-28.911133476329862,"3.37","1.54",,,,"85.6",2521,"7.5",745928,641154,543877,467793,666397,650489,621043,670242,621439,596146,"53.04",,0,"0",1,0,0,,35,5,"Sweeper",0,3,3,0,3,0,3,0,"Infield shade","Standard",41,"0.011","-0.206","69.37887","8.81691"
"ST","2024-04-04","81.8","-2.16","5.38","López, Pablo",666310,641154,,"ball",,,,,13,"Bo Naylor strikes out swinging.","R","L","R","MIN","CLE","B",,,1,2,2024,"1.4","-0.01","-0.08","1.3",,,,0,5,"Top",,,,,543877,,,2.0297982200388036,-119.04762878805103,-2.5484495948614647,12.72624817319002,26.343798011362114,-31.975667599832292,"3.29","1.55",,,,"83.6",2342,"7.8",745928,641154,543877,467793,666397,650489,621043,670242,621439,596146,"52.68",,,,,,,,35,4,"Sweeper",0,3,3,0,3,0,3,0,"Infield shade","Standard",43,"0","0.038",,
"ST","2024-04-04","83.3","-2.01","5.36","López, Pablo",657656,641154,,"ball",,,,,12,"Ramón Laureano strikes out swinging.","R","R","R","MIN","CLE","B",,,1,2,2024,"0.79","0.71","2.17","3.04",,,671289,2,4,"Top",,,,,543877,,,8.300899229882692,-121.07399944549242,-0.2124354199969305,5.9947772759773335,25.058062535961096,-25.421230500920203,"3.22","1.45",,,,"85.5",2344,"7.9",745928,641154,543877,467793,666397,650489,621043,670242,621439,596146,"52.59",,,,,,,,29,4,"Sweeper",0,3,3,0,3,0,3,0,"Standard","Standard",41,"0","0.034",,
"ST","2024-04-04","85.4","-2.18","5.38","López, Pablo",686823,641154,,"ball",,,,,14,"Will Brennan out on a sacrifice fly to left fielder Matt Wallner.   Josh Naylor scores.","R","L","R","MIN","CLE","B",,,0,1,2024,"0.79","0.27","1.47","2.38",647304,,671289,1,4,"Top",,,,,543877,,,7.171559741611301,-124.24936744190407,-1.3246041195975646,6.733910336229656,25.59653977143404,-29.29442821180879,"3.33","1.54",,,,"87.5",2430,"7.7",745928,641154,543877,467793,666397,650489,621043,670242,621439,596146,"52.79",,,,,,,,28,2,"Sweeper",0,2,2,0,2,0,2,0,"Strategic","Standard",46,"0","0.011",,
"ST","2024-04-04","84.5","-2.23","5.28","López, Pablo",647304,641154,,"foul",,,,,14,"Josh Naylor reaches on a fielder's choice out, third baseman Willi Castro to catcher Christian Vázquez to third baseman Willi Castro to pitcher Pablo López.   Andrés Giménez out at home.    José Ramírez to 3rd.    Josh Naylor to 2nd.","R","L","R","MIN","CLE","S",,,1,2,2024,"0.86","0.28","0.87","2.08",665926,,608070,0,4,"Top",,,,,543877,,,5.674851847191005,-123.0803031041929,-1.6970434694596663,7.669594060880253,23.975054078003467,-29.218609567770375,"3.17","1.52",338,"99.7",28,"87.2",2367,"7.9",745928,641154,543877,467793,666397,650489,621043,670242,621439,596146,"52.61",,,,,,,,26,4,"Sweeper",0,1,1,0,1,0,1,0,"Infield shade","Standard",43,"0","0","71.47563","8.24019"
"ST","2024-04-04","83.2","-2.27","5.24","López, Pablo",608070,641154,"single","hit_into_play",,,,,7,"José Ramírez singles on a line drive to right fielder Max Kepler.   Steven Kwan scores.    Andrés Giménez to 3rd.","R","L","R","MIN","CLE","X",9,"line_drive",3,2,2024,"0.91","0.27","-0.75","1.5",680757,,665926,0,4,"Top",167.33,81.95,,,543877,,,1.7225928310437708,-121.0681061263199,-2.5611246390606994,8.418312132660144,27.6863882143735,-29.20741931693273,"3.4","1.57",258,"99.4",13,"84",2317,"7.2",745928,641154,543877,467793,666397,650489,621043,670242,621439,596146,"53.31",0.934,0.881,"0.9",1,1,0,4,25,7,"Sweeper",0,0,0,0,1,0,1,0,"Infield shade","Standard",48,"-0.102","0.832","66.15139","7.47329"
"ST","2024-04-04","84.3","-2.22","5.31","López, Pablo",608070,641154,,"ball",,,,,14,"José Ramírez singles on a line drive to right fielder Max Kepler.   Steven Kwan scores.    Andrés Giménez to 3rd.","R","L","R","MIN","CLE","B",,,1,2,2024,"1.24","0.2","1.41","1.13",680757,,665926,0,4,"Top",,,,,543877,,,6.125309066766983,-122.4778183709727,-3.65724608469706,10.81049360555111,29.447530523630437,-29.600101113203582,"3.39","1.57",,,,"85.8",2465,"7.8",745928,641154,543877,467793,666397,650489,621043,670242,621439,596146,"52.66",,,,,,,,25,5,"Sweeper",0,0,0,0,0,0,0,0,"Infield shade","Standard",45,"0","0.069",,
"ST","2024-04-04","85.2","-2.17","5.32","López, Pablo",608070,641154,,"ball",,,,,14,"José Ramírez singles on a line drive to right fielder Max Kepler.   Steven Kwan scores.    Andrés Giménez to 3rd.","R","L","R","MIN","CLE","B",,,0,2,2024,"0.76","0.12","1.43","1.67",680757,,665926,0,4,"Top",,,,,543877,,,7.125710757798173,-123.96024155212702,-2.595974697239589,6.5180072618304,24.12186080886309,-30.59155802267618,"3.39","1.57",,,,"87.9",2387,"7.9",745928,641154,543877,467793,666397,650489,621043,670242,621439,596146,"52.58",,,,,,,,25,3,"Sweeper",0,0,0,0,0,0,0,0,"Infield shade","Standard",46,"0","-0.007",,
"ST","2024-04-04","85.1","-2.2","5.4","López, Pablo",608070,641154,,"foul",,,,,5,"José Ramírez singles on a line drive to right fielder Max Kepler.   Steven Kwan scores.    Andrés Giménez to 3rd.","R","L","R","MIN","CLE","S",,,0,1,2024,"0.86","0.7","0.27","2.34",680757,,665926,0,4,"Top",,,,,543877,,,4.130601707215089,-123.84977308145116,-2.196025402005297,7.729337329584469,29.081836674525388,-24.81220401365252,"3.4","1.57",4,"85.4",-31,"85.8",2496,"7.1",745928,641154,543877,467793,666397,650489,621043,670242,621439,596146,"53.37",,,,,,,,25,2,"Sweeper",0,0,0,0,0,0,0,0,"Infield shade","Standard",45,"0","-0.123","76.15497","7.40428"
"ST","2024-04-04","84.7","-2.29","5.36","López, Pablo",608070,641154,,"swinging_strike",,,,,14,"José Ramírez singles on a line drive to right fielder Max Kepler.   Steven Kwan scores.    Andrés Giménez to 3rd.","R","L","R","MIN","CLE","S",,,0,0,2024,"1.06","0.11","0.25","1.34",680757,,665926,0,4,"Top",,,,,543877,,,3.8557550548316657,-123.29544275239417,-3.217425953630146,9.881572355203271,27.38245245932982,-30.569623169212505,"3.4","1.57",,,,"85.6",2426,"7.1",745928,641154,543877,467793,666397,650489,621043,670242,621439,596146,"53.4",,,,,,,,25,1,"Sweeper",0,0,0,0,0,0,0,0,"Infield shade","Standard",46,"0","-0.084","69.24003","8.30886"
"ST","2024-04-04","83.5","-2.3","5.46","López, Pablo",665926,641154,"single","hit_into_play",,,,,5,"Andrés Giménez singles on a ground ball to right fielder Max Kepler.   Steven Kwan to 3rd.","R","L","R","MIN","CLE","X",9,"ground_ball",1,0,2024,"1.07","0.34","-0.17","2.51",,,680757,0,4,"Top",148.56,105.41,,,543877,,,2.823611852071055,-121.64058910780759,-0.996537308775761,9.966656880518798,25.68938719634957,-28.837845145764344,"3.2","1.48",130,"90.2",10,"84.4",2269,"7",745928,641154,543877,467793,666397,650489,621043,670242,621439,596146,"53.5",0.6,0.586,"0.9",1,1,0,4,24,2,"Sweeper",0,0,0,0,0,0,0,0,"Infield shade","Standard",48,"-0.106","0.618","69.29783","6.82396"
"ST","2024-04-04","83.5","-2.23","5.4","López, Pablo",677587,641154,"field_out","hit_into_play",,,,,8,"Brayan Rocchio grounds out, second baseman Edouard Julien to first baseman Carlos Santana.","R","L","R","MIN","CLE","X",4,"ground_ball",0,1,2024,"0.88","0.11","-0.25","1.73",,,,2,3,"Top",150.48,154.36,,,543877,,,2.9178089009043604,-121.53250106877627,-2.267959862493136,8.09029005290255,24.413147008239875,-30.804594710248868,"3.11","1.4",12,"91.9",-8,"85.7",2366,"7.7",745928,641154,543877,467793,666397,650489,621043,670242,621439,596146,"52.75",0.191,0.178,"0",1,0,0,2,19,2,"Sweeper",0,0,0,0,0,0,0,0,"Infield shade","Standard",47,"0.011","-0.085","74.25786","7.57858"
"ST","2024-04-04","82.5","-2.22","5.38","López, Pablo",666310,641154,,"swinging_strike",,,,,5,"Bo Naylor grounds out, second baseman Edouard Julien to first baseman Carlos Santana.","R","L","R","MIN","CLE","S",,,1,1,2024,"0.76","0.72","0.16","2.61",,,,1,3,"Top",,,,,543877,,,3.9707419700075097,-120.10122829573582,-1.105993100305385,6.467820736027347,26.124565159614413,-25.254611585206124,"3.37","1.54",,,,"83.2",2437,"7",745928,641154,543877,467793,666397,650489,621043,670242,621439,596146,"53.51",,,,,,,,18,3,"Sweeper",0,0,0,0,0,0,0,0,"Infield shade","Standard",48,"0","-0.039","73.98966","7.63718"
"ST","2024-04-04","83.3","-2.23","5.37","López, Pablo",686823,641154,,"ball",,,,,13,"Will Brennan grounds out, second baseman Edouard Julien to first baseman Carlos Santana.","R","L","R","MIN","CLE","B",,,0,0,2024,"1.06","-0.04","-0.97","2.06",,,,2,2,"Top",,,,,543877,,,0.8442989834859451,-121.12323204854341,-0.9052344081838205,10.011388186292404,29.501291625299523,-32.57816586460499,"3.26","1.54",,,,"84.8",2231,"7.9",745928,641154,543877,467793,666397,650489,621043,670242,621439,596146,"52.63",,,,,,,,10,1,"Sweeper",0,0,0,0,0,0,0,0,"Infield shade","Standard",49,"0","0.016",,
"ST","2024-04-04","83.9","-2.06","5.36","López, Pablo",608070,641154,"field_out","hit_into_play",,,,,8,"José Ramírez flies out to right fielder Max Kepler.","R","L","R","MIN","CLE","X",9,"fly_ball",1,1,2024,"0.81","0.33","0.22","1.98",,,,2,1,"Top",159.48,80.97,,,543877,,,3.7907724926616404,-122.25660393812082,-2.1433191166849856,7.388110121718225,23.41431605876254,-28.624113837691986,"3.4","1.57",304,"94.1",40,"86.5",2239,"7.8",745928,641154,543877,467793,666397,650489,621043,670242,621439,596146,"52.67",0.017,0.036,"0",1,0,0,3,3,3,"Sweeper",0,0,0,0,0,0,0,0,"Infield shade","Standard",44,"0.01","-0.096","71.79194","7.31022"
"ST","2024-04-04","84.4","-2.29","5.33","López, Pablo",608070,641154,,"swinging_strike",,,,,14,"José Ramírez flies out to right fielder Max Kepler.","R","L","R","MIN","CLE","S",,,1,0,2024,"0.98","0.09","0.65","1.04",,,,2,1,"Top",,,,,543877,,,4.953041425263157,-122.82614481221675,-3.8462436176863584,8.88256543164023,24.741935627171078,-30.690701724879112,"3.4","1.57",,,,"85.5",2385,"7",745928,641154,543877,467793,666397,650489,621043,670242,621439,596146,"53.48",,,,,,,,3,2,"Sweeper",0,0,0,0,0,0,0,0,"Infield shade","Standard",45,"0","-0.02","70.09508","8.80651"
"ST","2024-04-04","83.5","-2.11","5.4","López, Pablo",665926,641154,"field_out","hit_into_play",,,,,3,"Andrés Giménez pops out to shortstop Carlos Correa.","R","L","R","MIN","CLE","X",6,"popup",1,2,2024,"1.07","0.64","0.6","2.99",,,,1,1,"Top",111.19,143.29,,,543877,,,4.260251491628198,-121.45579786847412,-0.2578886272315011,9.45843186846605,27.695343874257603,-26.140779362240686,"3.2","1.48",149,"78.5",60,"85.2",2375,"7.8",745928,641154,543877,467793,666397,650489,621043,670242,621439,596146,"52.7",0.02,0.018,"0",1,0,0,3,2,4,"Sweeper",0,0,0,0,0,0,0,0,"Infield shade","Standard",45,"0.015","-0.117","59.45347","6.00593"
"ST","2024-04-04","84","-2.16","5.36","López, Pablo",665926,641154,,"swinging_strike",,,,,9,"Andrés Giménez pops out to shortstop Carlos Correa.","R","L","R","MIN","CLE","S",,,1,1,2024,"1.27","0.18","0.68","1.45",,,,1,1,"Top",,,,,543877,,,4.157877160564603,-122.18655664389475,-2.9826543551036844,11.685507357098711,26.937137145467673,-29.98227193783824,"3.2","1.48",,,,"85.6",2372,"7.6",745928,641154,543877,467793,666397,650489,621043,670242,621439,596146,"52.87",,,,,,,,2,3,"Sweeper",0,0,0,0,0,0,0,0,"Infield shade","Standard",40,"0","-0.039","71.37031","8.11389"
"ST","2023-09-27","84.8","-2.06","5.25","López, Pablo",671732,641154,"double","hit_into_play",,,,,14,"Lawrence Butler doubles (4) on a ground ball to right fielder Max Kepler.","R","L","R","MIN","OAK","X",9,"ground_ball",2,2,2023,"1.03","0.21","0.85","1.82",,,,1,5,"Top",215.39,114.07,,,543877,,,4.8030980596987645,-123.40709543082401,-2.0835648594299383,9.453733263872756,25.72705535621828,-29.82912109719626,"3.44","1.63",94,"99.1",4,"86",2482,"7.2",716410,641154,543877,456781,666397,593871,571657,670242,650489,596146,"53.31",0.509,0.47,"1.25",1,1,1,4,35,5,"Sweeper",2,1,1,2,1,2,1,2,"Infield shade","Standard",50,"-0.059","0.44",,
"ST","2023-09-27","85.8","-2.01","5.37","López, Pablo",691016,641154,,"foul",,,,,6,"Tyler Soderstrom grounds out, pitcher Pablo Lopez to first baseman Donovan Solano.","R","L","R","MIN","OAK","S",,,0,2,2023,"1.23","0.01","0.6","2.35",,,,2,4,"Top",,,,,543877,,,3.718781608966065,-124.94143617392014,-0.9145137949343406,12.08561902094378,25.271603665786202,-32.050619905308345,"3.41","1.56",4,"65.8",-34,"87",2658,"7",716410,641154,543877,456781,666397,593871,571657,670242,650489,596146,"53.49",,,,,,,,30,3,"Sweeper",2,1,1,2,1,2,1,2,"Infield shade","Standard",53,"0","0",,
"ST","2023-09-27","84.7","-2.16","5.31","López, Pablo",672478,641154,"field_out","hit_into_play",,,,,8,"Jordan Diaz grounds out, third baseman Jorge Polanco to first baseman Donovan Solano.","R","R","R","MIN","OAK","X",5,"ground_ball",1,1,2023,"1.28","0.01","0.28","1.48",,,,1,4,"Top",104.87,158.17,,,543877,,,3.203496073960814,-123.3692640496735,-2.6890864589354195,12.416214485200856,24.079020227796594,-31.791036643656536,"3.24","1.53",10,"86.3",-8,"86.5",2511,"7.4",716410,641154,543877,456781,666397,593871,571657,670242,650489,596146,"53.14",0.149,0.117,"0",1,0,0,2,29,3,"Sweeper",2,1,1,2,1,2,1,2,"Standard","Standard",52,"0.02","-0.162",,
"ST","2023-09-27","85.5","-2.21","5.36","López, Pablo",668709,641154,,"foul",,,,,2,"JJ Bleday called out on strikes.","R","L","R","MIN","OAK","S",,,2,2,2023,"1.44","-0.13","0.2","2.96",,,,0,4,"Top",,,,,543877,,,2.8276979318197393,-124.493147068707,0.9106908236444373,14.38390639125486,24.868656332965504,-33.96463728890319,"3.5","1.74",,,,"86.9",2613,"7.1",716410,641154,543877,456781,666397,593871,571657,670242,650489,596146,"53.36",,,,,,,,28,5,"Sweeper",2,1,1,2,1,2,1,2,"Infield shade","Standard",47,"0","0",,
"ST","2023-09-27","84.1","-2.18","5.4","López, Pablo",668709,641154,,"called_strike",,,,,1,"JJ Bleday called out on strikes.","R","L","R","MIN","OAK","S",,,2,1,2023,"1.32","0.06","-0.5","3.06",,,,0,4,"Top",,,,,543877,,,1.3114826335236573,-122.50238625773379,0.8779106359557161,13.062930435198531,23.821050351899718,-31.991928651888834,"3.54","1.74",,,,"86.1",2517,"7.5",716410,641154,543877,456781,666397,593871,571657,670242,650489,596146,"53.01",,,,,,,,28,4,"Sweeper",2,1,1,2,1,2,1,2,"Infield shade","Standard",51,"0","-0.067",,
"ST","2023-09-27","84.1","-2.25","5.37","López, Pablo",668709,641154,,"ball",,,,,14,"JJ Bleday called out on strikes.","R","L","R","MIN","OAK","B",,,1,1,2023,"1.33","-0.27","0.1","1",,,,0,4,"Top",,,,,543877,,,2.863501513629583,-122.52867793209013,-3.290251274583597,12.867066622420928,24.2135856405014,-34.433873555061474,"3.66","1.74",,,,"86.1",2579,"7.5",716410,641154,543877,456781,666397,593871,571657,670242,650489,596146,"53.01",,,,,,,,28,3,"Sweeper",2,1,1,2,1,2,1,2,"Infield shade","Standard",45,"0","0.053",,
"ST","2023-09-27","83.1","-2.14","5.58","López, Pablo",668709,641154,,"ball",,,,,12,"JJ Bleday called out on strikes.","R","L","R","MIN","OAK","B",,,0,0,2023,"1.49","-0.1","0.94","2.87",,,,0,4,"Top",,,,,543877,,,4.17458412280277,-121.00453225920045,0.4854124771341908,13.824172607412354,23.9022936860482,-33.50746875163101,"3.69","1.8",,,,"84.3",2549,"7.1",716410,641154,543877,456781,666397,593871,571657,670242,650489,596146,"53.44",,,,,,,,28,1,"Sweeper",2,1,1,2,1,2,1,2,"Infield shade","Standard",51,"0","0.036",,
"ST","2023-09-27","85.1","-2.09","5.4","López, Pablo",667670,641154,,"foul",,,,,6,"Twins challenged (play at 1st), call on the field was overturned: Brent Rooker grounds out softly, third baseman Jorge Polanco to first baseman Donovan Solano.","R","R","R","MIN","OAK","S",,,2,2,2023,"1.18","-0.06","0.35","2.53",,,664913,2,3,"Top",,,,,543877,,,3.404672986790389,-123.92042546439099,-0.29394392240161593,11.489525016174474,24.90950170245209,-32.92726679304686,"3.63","1.71",220,"77.9",46,"86.5",2478,"7.2",716410,641154,543877,456781,666397,593871,571657,670242,650489,596146,"53.34",,,,,,,,23,5,"Sweeper",2,1,1,2,1,2,1,2,"Standard","Standard",51,"0","0",,
"ST","2023-09-27","85.4","-2.09","5.47","López, Pablo",667670,641154,,"called_strike",,,,,5,"Twins challenged (play at 1st), call on the field was overturned: Brent Rooker grounds out softly, third baseman Jorge Polanco to first baseman Donovan Solano.","R","R","R","MIN","OAK","S",,,2,1,2023,"1.43","-0.13","-0.16","2.89",,,664913,2,3,"Top",,,,,543877,,,1.6904895972640093,-124.4034853197503,0.48426587330773607,14.502780425528464,24.438566233844547,-33.88285325880493,"3.51","1.69",,,,"86.5",2524,"6.9",716410,641154,543877,456781,666397,593871,571657,670242,650489,596146,"53.62",,,,,,,,23,4,"Sweeper",2,1,1,2,1,2,1,2,"Standard","Standard",56,"0","-0.053",,
"ST","2023-09-27","85.9","-2.21","5.4","López, Pablo",667670,641154,,"blocked_ball",,,,,14,"Twins challenged (play at 1st), call on the field was overturned: Brent Rooker grounds out softly, third baseman Jorge Polanco to first baseman Donovan Solano.","R","R","R","MIN","OAK","B",,,0,1,2023,"1.31","0.1","1.21","0.83",,,664913,2,3,"Top",,,,,543877,,,5.548606316686683,-124.92988286104658,-4.813965475518181,12.470146298896646,26.85495780365362,-30.313906082457844,"3.63","1.74",,,,"87.3",2588,"7.4",716410,641154,543877,456781,666397,593871,571657,670242,650489,596146,"53.14",,,,,,,,23,2,"Sweeper",2,1,1,2,1,2,1,2,"Standard","Standard",47,"0","0.021",,
"ST","2023-09-27","85.1","-2.11","5.48","López, Pablo",667670,641154,,"called_strike",,,,,6,"Twins challenged (play at 1st), call on the field was overturned: Brent Rooker grounds out softly, third baseman Jorge Polanco to first baseman Donovan Solano.","R","R","R","MIN","OAK","S",,,0,0,2023,"1.18","-0.24","0.61","2.69",,,664913,2,3,"Top",,,,,543877,,,4.05842010718823,-123.96011321161491,0.28177307788370487,11.336675393310243,25.336570590919106,-34.94771728648923,"3.57","1.71",,,,"86.6",2545,"7.2",716410,641154,543877,456781,666397,593871,571657,670242,650489,596146,"53.27",,,,,,,,23,1,"Sweeper",2,1,1,2,1,2,1,2,"Standard","Standard",48,"0","-0.038",,
"ST","2023-09-27","84","-2.25","5.47","López, Pablo",676116,641154,,"foul",,,,,6,"Ryan Noda grounds out, second baseman Edouard Julien to first baseman Donovan Solano.   Lawrence Butler to 3rd.","R","L","R","MIN","OAK","S",,,1,2,2023,"1.52","0.08","0.39","2.75",,671732,,0,3,"Top",,,,,543877,,,3.1293998790822273,-122.2995285173725,-0.021253041386615434,14.59543328035681,25.155883922047593,-31.6000321900192,"3.45","1.68",3,"55.4",-40,"85.1",2579,"7.1",716410,641154,543877,456781,666397,593871,571657,670242,650489,596146,"53.4",,,,,,,,20,4,"Sweeper",2,0,0,2,0,2,0,2,"Standard","Standard",54,"0","0",,
"ST","2023-09-27","85.4","-2.09","5.46","López, Pablo",669397,641154,,"foul",,,,,3,"Nick Allen strikes out swinging.","R","R","R","MIN","OAK","S",,,2,2,2023,"0.95","0.06","0.31","2.86",,,,2,2,"Top",,,,,543877,,,3.794880486157004,-124.2727886811583,0.11321295821105215,8.923084507787745,27.021308713354543,-31.8291181085707,"2.98","1.39",182,"73.7",56,"86.2",2529,"7",716410,641154,543877,456781,666397,593871,571657,670242,650489,596146,"53.48",,,,,,,,13,5,"Sweeper",1,0,0,1,0,1,0,1,"Standard","Standard",50,"0","0",,
"ST","2023-09-27","82.9","-2.1","5.48","López, Pablo",669397,641154,,"called_strike",,,,,14,"Nick Allen strikes out swinging.","R","R","R","MIN","OAK","S",,,1,1,2023,"1.44","-0.34","0.9","2",,,,2,2,"Top",,,,,543877,,,4.077761076906841,-120.56379823736063,-0.6528360205421517,12.909820228229433,28.225449811431155,-35.57131287059594,"3.02","1.37",,,,"83.4",2409,"7.1",716410,641154,543877,456781,666397,593871,571657,670242,650489,596146,"53.41",,,,,,,,13,3,"Sweeper",1,0,0,1,0,1,0,1,"Standard","Standard",49,"0","-0.027",,
"ST","2023-09-27","85.1","-2.02","5.38","López, Pablo",669397,641154,,"ball",,,,,14,"Nick Allen strikes out swinging.","R","R","R","MIN","OAK","B",,,0,1,2023,"1.21","0.13","1.39","1.63",,,,2,2,"Top",,,,,543877,,,5.64364984719651,-123.76909660987772,-2.6320473351644456,10.894936383432096,29.664481630157923,-30.47521771257075,"2.7","1.05",,,,"85.7",2494,"7.2",716410,641154,543877,456781,666397,593871,571657,670242,650489,596146,"53.32",,,,,,,,13,2,"Sweeper",1,0,0,1,0,1,0,1,"Standard","Standard",39,"0","0.012",,
"ST","2023-09-27","86.9","-2.02","5.39","López, Pablo",691016,641154,"strikeout","swinging_strike",,,,,14,"Tyler Soderstrom strikes out swinging.","R","L","R","MIN","OAK","S",2,,0,2,2023,"0.96","-0.01","1.45","1.84",,,,1,2,"Top",,,,,543877,,,6.443103837120009,-126.38212010882053,-2.2481447049453225,8.789397778645938,28.20280345795328,-32.027560282564075,"3.41","1.56",,,,"87.9",2453,"7.2",716410,641154,543877,456781,666397,593871,571657,670242,650489,596146,"53.34",,0,"0",1,0,0,,12,3,"Sweeper",1,0,0,1,0,1,0,1,"Infield shade","Standard",48,"0.017","-0.107",,
"ST","2023-09-27","84.1","-1.91","5.44","López, Pablo",672478,641154,"strikeout","swinging_strike",,,,,14,"Jordan Diaz strikes out swinging.","R","R","R","MIN","OAK","S",2,,0,2,2023,"1.22","-0.23","1.14","1.62",,,,0,2,"Top",,,,,543877,,,4.7105365964653005,-122.46479832804346,-2.000452993719988,11.23862496314691,25.403044848507125,-34.306264034089786,"3.24","1.53",,,,"85.3",2460,"7.1",716410,641154,543877,456781,666397,593871,571657,670242,650489,596146,"53.36",,0,"0",1,0,0,,11,4,"Sweeper",1,0,0,1,0,1,0,1,"Standard","Standard",53,"0.024","-0.152",,
"ST","2023-09-27","84.8","-1.94","5.47","López, Pablo",668709,641154,"field_out","hit_into_play",,,,,9,"JJ Bleday grounds out, pitcher Pablo Lopez to first baseman Donovan Solano.","R","L","R","MIN","OAK","X",1,"ground_ball",1,1,2023,"1.54","-0.37","0.73","2.09",,676116,680869,2,1,"Top",127.68,180.98,,,543877,,,3.217024455793523,-123.41949108293542,-0.7634228683957587,14.872755488221761,27.27513116214167,-36.019079775746945,"3.5","1.74",9,"76.6",-11,"86",2609,"7.3",716410,641154,543877,456781,666397,593871,571657,670242,650489,596146,"53.23",0.077,0.073,"0",1,0,0,2,5,3,"Sweeper",0,0,0,0,0,0,0,0,"Infield shade","Standard",45,"0.042","-0.448",,
"ST","2023-09-27","84.5","-1.87","5.53","López, Pablo",667670,641154,,"ball",,,,,14,"Brent Rooker strikes out swinging.","R","R","R","MIN","OAK","B",,,1,2,2023,"1.43","-0.5","1.74","1.79",,676116,680869,1,1,"Top",,,,,543877,,,5.689438554050359,-122.98281937929261,-1.3187298308772035,13.299033922046176,25.77156935603043,-37.18137479770361,"3.63","1.71",,,,"86.5",2551,"7.7",716410,641154,543877,456781,666397,593871,571657,670242,650489,596146,"52.81",,,,,,,,4,4,"Sweeper",0,0,0,0,0,0,0,0,"Standard","Standard",43,"0","0.055",,
"ST","2023-09-27","85.1","-1.92","5.55","López, Pablo",667670,641154,,"swinging_strike",,,,,14,"Brent Rooker strikes out swinging.","R","R","R","MIN","OAK","S",,,1,1,2023,"1.43","-0.25","1.53","2.03",,676116,680869,1,1,"Top",,,,,543877,,,5.295621294508798,-123.91389110895045,-1.4334696402011793,13.630324516828619,25.399052402072492,-34.70177914892991,"3.63","1.71",,,,"86.3",2631,"7.1",716410,641154,543877,456781,666397,593871,571657,670242,650489,596146,"53.44",,,,,,,,4,3,"Sweeper",0,0,0,0,0,0,0,0,"Standard","Standard",48,"0","-0.115",,
"ST","2023-09-27","84.9","-2.06","5.39","López, Pablo",667670,641154,,"ball",,,,,14,"Brent Rooker strikes out swinging.","R","R","R","MIN","OAK","B",,,0,0,2023,"1.12","-0.16","1.28","1.68",,676116,680869,1,1,"Top",,,,,543877,,,5.680931183249856,-123.64896583520681,-2.118940720852644,10.55355416847138,22.237518841051433,-33.63426906624888,"3.63","1.69",,,,"86.9",2549,"7.3",716410,641154,543877,456781,666397,593871,571657,670242,650489,596146,"53.19",,,,,,,,4,1,"Sweeper",0,0,0,0,0,0,0,0,"Standard","Standard",46,"0","0.082",,
"ST","2023-09-27","85.1","-1.95","5.47","López, Pablo",664913,641154,,"ball",,,,,14,"Seth Brown strikes out swinging.","R","L","R","MIN","OAK","B",,,1,2,2023,"1.16","-0.26","1.17","2.21",,676116,680869,0,1,"Top",,,,,543877,,,5.081840552863742,-123.93194375414215,-0.78964789768423,10.965845904996577,24.94841233516541,-34.95176232534561,"3.51","1.6",,,,"86.7",2557,"7.3",716410,641154,543877,456781,666397,593871,571657,670242,650489,596146,"53.19",,,,,,,,3,4,"Sweeper",0,0,0,0,0,0,0,0,"Infield shade","Standard",48,"0","0.07",,
"ST","2023-09-27","85","-2.05","5.45","López, Pablo",664913,641154,,"swinging_strike_blocked",,,,,13,"Seth Brown strikes out swinging.","R","L","R","MIN","OAK","S",,,1,1,2023,"1.06","0.13","0","0.67",,676116,680869,0,1,"Top",,,,,543877,,,2.7384591718263174,-123.81138441221435,-5.290152367427375,10.464753381338873,22.041077740092657,-30.111839353713655,"3.47","1.69",,,,"86.9",2628,"7.2",716410,641154,543877,456781,666397,593871,571657,670242,650489,596146,"53.27",,,,,,,,3,3,"Sweeper",0,0,0,0,0,0,0,0,"Infield shade","Standard",39,"0","-0.154",,
"ST","2023-09-27","84.8","-2.01","5.54","López, Pablo",664913,641154,,"called_strike",,,,,9,"Seth Brown strikes out swinging.","R","L","R","MIN","OAK","S",,,0,0,2023,"1.14","0.17","0.54","2.08",,676116,680869,0,1,"Top",,,,,543877,,,3.728416811627838,-123.44952840944536,-2.1303447010596184,10.894004838203236,24.348689384722455,-30.228884353664146,"3.51","1.63",,,,"86.3",2522,"7.2",716410,641154,543877,456781,666397,593871,571657,670242,650489,596146,"53.31",,,,,,,,3,1,"Sweeper",0,0,0,0,0,0,0,0,"Infield shade","Standard",44,"0","-0.097",,
"ST","2023-09-27","83.8","-2","5.59","López, Pablo",676116,641154,,"ball",,,,,11,"Ryan Noda walks.","R","L","R","MIN","OAK","B",,,2,2,2023,"0.93","-0.45","-1.7","3.39",,,,0,1,"Top",,,,,543877,,,-1.1661882585688377,-122.11464970090238,2.186596179926342,9.543921648218895,21.944742276804984,-37.25454609295403,"3.57","1.66",,,,"85.3",2389,"7",716410,641154,543877,456781,666397,593871,571657,670242,650489,596146,"53.52",,,,,,,,1,5,"Sweeper",0,0,0,0,0,0,0,0,"Infield shade","Standard",54,"0","0.103",,
"ST","2023-09-27","83.9","-2.02","5.61","López, Pablo",676116,641154,,"ball",,,,,14,"Ryan Noda walks.","R","L","R","MIN","OAK","B",,,0,1,2023,"1.47","-0.36","0.37","1.41",,,,0,1,"Top",,,,,543877,,,2.642123458856076,-122.11132806213713,-2.5898338404862224,14.115852187196017,25.721324071186114,-35.409580567496384,"3.63","1.71",,,,"84.8",2571,"7",716410,641154,543877,456781,666397,593871,571657,670242,650489,596146,"53.45",,,,,,,,1,2,"Sweeper",0,0,0,0,0,0,0,0,"Infield shade","Standard",40,"0","0.028",,
"ST","2023-09-22","84.4","-1.92","5.36","López, Pablo",665120,641154,"strikeout","foul_tip",,,,,14,"Jared Walsh strikes out on a foul tip.","R","L","R","MIN","LAA","S",2,,2,2,2023,"1.3","0.06","0.84","1.9",,,,2,6,"Top",,,,,680777,,,3.863362915700986,-122.81014830599985,-1.758451228428929,12.244792700147116,26.77994513722476,-31.445057699301532,"3.52","1.61",,,,"85.2",2595,"7.1",716475,641154,680777,666135,666397,650489,571657,670242,572191,596146,"53.45",,0,"0",1,0,0,,49,5,"Sweeper",3,3,3,3,3,3,3,3,"Infield shade","Standard",50,"0.016","-0.09",,
"ST","2023-09-22","84.8","-2.09","5.61","López, Pablo",666176,641154,,"called_strike",,,,,6,"Jo Adell grounds out, second baseman Edouard Julien to first baseman Alex Kirilloff.","R","R","R","MIN","LAA","S",,,1,0,2023,"1.34","-0.02","0.43","2.71",,,,1,6,"Top",,,,,680777,,,3.2341272568351833,-123.38672663330613,-0.27929879190641815,12.812502241037178,28.23965491941311,-32.580690472540425,"3.78","1.82",,,,"85.4",2526,"7",716475,641154,680777,666135,666397,650489,571657,670242,572191,596146,"53.46",,,,,,,,48,2,"Sweeper",3,3,3,3,3,3,3,3,"Standard","Standard",52,"0","-0.031",,
"ST","2023-09-22","84.2","-2.12","5.43","López, Pablo",681351,641154,"field_out","hit_into_play",,,,,6,"Logan O'Hoppe grounds out, shortstop Kyle Farmer to first baseman Alex Kirilloff.","R","R","R","MIN","LAA","X",6,"ground_ball",3,1,2023,"0.96","0.13","0.34","2.58",,,,0,6,"Top",115.2,153.89,,,680777,,,3.8671270127774457,-122.52185026477085,-0.4434431964163462,8.78439714913356,25.80283243766552,-31.013702850120495,"3.24","1.6",12,"89.3",-11,"85",2542,"7",716475,641154,680777,666135,666397,650489,571657,670242,572191,596146,"53.54",0.137,0.134,"0",1,0,0,2,47,5,"Sweeper",3,3,3,3,3,3,3,3,"Standard","Standard",55,"0.033","-0.396",,
"ST","2023-09-22","83.5","-2.09","5.5","López, Pablo",681351,641154,,"ball",,,,,8,"Logan O'Hoppe grounds out, shortstop Kyle Farmer to first baseman Alex Kirilloff.","R","R","R","MIN","LAA","B",,,1,1,2023,"0.86","0.08","-0.18","1.45",,,,0,6,"Top",,,,,680777,,,2.743561346949241,-121.65249285956736,-3.111986916704552,8.041185175594917,23.443559504363666,-30.94416132833022,"3.24","1.44",,,,"84.9",2460,"7.1",716475,641154,680777,666135,666397,650489,571657,670242,572191,596146,"53.39",,,,,,,,47,3,"Sweeper",3,3,3,3,3,3,3,3,"Standard","Standard",50,"0","0.053",,
"ST","2023-09-22","84.4","-2.04","5.48","López, Pablo",592273,641154,"field_out","hit_into_play",,,,,8,"Brandon Drury flies out to center fielder Michael A.   Taylor.","R","R","R","MIN","LAA","X",8,"fly_ball",1,1,2023,"1.2","0.11","0.24","2.32",,683021,694384,2,5,"Top",121.56,79.34,,,680777,,,2.962737745262313,-122.89354115968302,-1.1345906859454518,11.406135993718504,26.970334630225107,-31.0972948172658,"3.56","1.77",297,"92.5",45,"85.4",2565,"7.1",716475,641154,680777,666135,666397,650489,571657,670242,572191,596146,"53.37",0.009,0.009,"0",1,0,0,3,42,3,"Sweeper",3,3,3,3,3,3,3,3,"Standard","Standard",49,"0.058","-0.448",,
"ST","2023-09-22","85.5","-1.85","5.59","López, Pablo",687263,641154,"strikeout","foul_tip",,,,,14,"Zach Neto strikes out on a foul tip.","R","R","R","MIN","LAA","S",2,,1,2,2023,"0.83","0.21","1.43","2.01",,683021,694384,1,5,"Top",,,,,680777,,,6.160364229675616,-124.45231985051673,-2.5985216711854258,7.307163693776443,25.99855585660923,-29.684774627932402,"3.49","1.65",,,,"86.8",2527,"7.2",716475,641154,680777,666135,666397,650489,571657,670242,572191,596146,"53.34",,0,"0",1,0,0,,41,4,"Sweeper",3,3,3,3,3,3,3,3,"Standard","Standard",35,"0.057","-0.336",,
"ST","2023-09-22","84.2","-1.99","5.55","López, Pablo",687263,641154,,"swinging_strike",,,,,9,"Zach Neto strikes out on a foul tip.","R","R","R","MIN","LAA","S",,,1,1,2023,"1.03","-0.09","0.51","1.56",,683021,694384,1,5,"Top",,,,,680777,,,3.833771166470989,-122.60414921137547,-2.7062675011903483,9.489943634061593,25.72783877836933,-32.710611477732925,"3.49","1.65",,,,"85.4",2527,"7.2",716475,641154,680777,666135,666397,650489,571657,670242,572191,596146,"53.32",,,,,,,,41,3,"Sweeper",3,3,3,3,3,3,3,3,"Standard","Standard",40,"0","-0.115",,
"ST","2023-09-22","84.3","-2.08","5.51","López, Pablo",687263,641154,,"ball",,,,,14,"Zach Neto strikes out on a foul tip.","R","R","R","MIN","LAA","B",,,0,0,2023,"1.09","-0.36","0.26","1.43",,683021,694384,1,5,"Top",,,,,680777,,,3.3416933272463987,-122.72781986045047,-2.37198910566258,10.19725577786547,26.516164077531037,-35.47836613603914,"3.47","1.62",,,,"85.4",2506,"7.2",716475,641154,680777,666135,666397,650489,571657,670242,572191,596146,"53.3",,,,,,,,41,1,"Sweeper",3,3,3,3,3,3,3,3,"Infield shade","Standard",42,"0","0.082",,
"ST","2023-09-22","84","-1.92","5.52","López, Pablo",664058,641154,,"ball",,,,,14,"David Fletcher flies out to right fielder Max Kepler.","R","R","R","MIN","LAA","B",,,1,2,2023,"0.82","-0.18","1","1.33",,,545341,0,5,"Top",,,,,680777,,,5.199772062504644,-122.22618046339579,-2.982000367953079,7.2131270271508745,23.597195635260405,-33.635164612254684,"3.1","1.38",,,,"85.1",2582,"7",716475,641154,680777,666135,666397,650489,571657,670242,572191,596146,"53.53",,,,,,,,38,4,"Sweeper",3,2,2,3,2,3,2,3,"Standard","Standard",48,"0","0.068",,
"ST","2023-09-22","83.3","-2.13","5.56","López, Pablo",664058,641154,,"foul",,,,,6,"David Fletcher flies out to right fielder Max Kepler.","R","R","R","MIN","LAA","S",,,0,0,2023,"1.11","-0.13","0.81","2.26",,,545341,0,5,"Top",,,,,680777,,,4.655082040900635,-121.2632111305957,-0.89225917735915,10.109178120915935,22.471696835331418,-33.51877059609676,"3.24","1.5",150,"59.3",53,"84.8",2530,"7.1",716475,641154,680777,666135,666397,650489,571657,670242,572191,596146,"53.37",,,,,,,,38,1,"Sweeper",3,2,2,3,2,3,2,3,"Standard","Standard",47,"0","-0.054",,
"ST","2023-09-22","85.2","-1.75","5.68","López, Pablo",666176,641154,,"ball",,,,,14,"Jo Adell walks.","R","R","R","MIN","LAA","B",,,0,1,2023,"0.8","0.2","2.65","2.55",,,,0,5,"Top",,,,,680777,,,8.831728498798034,-123.71111943806534,-1.3523211027991848,6.26763403331885,27.048158026362046,-30.086080128358212,"3.88","1.85",,,,"86",2512,"7.1",716475,641154,680777,666135,666397,650489,571657,670242,572191,596146,"53.39",,,,,,,,35,2,"Sweeper",3,0,0,3,0,3,0,3,"Standard","Standard",41,"0","0.028",,
"ST","2023-09-22","84.4","-1.81","5.64","López, Pablo",681351,641154,,"ball",,,,,14,"Logan O'Hoppe flies out sharply to center fielder Michael A.   Taylor.","R","R","R","MIN","LAA","B",,,0,1,2023,"1.09","-0.47","1","0.66",,,,2,4,"Top",,,,,680777,,,4.424350838891136,-122.87374975330219,-4.343595913144688,10.135884125724868,24.364858078683206,-36.26544794638139,"3.21","1.53",,,,"85.7",2546,"7.1",716475,641154,680777,666135,666397,650489,571657,670242,572191,596146,"53.38",,,,,,,,26,2,"Sweeper",1,0,0,1,0,1,0,1,"Standard","Standard",45,"0","0.012",,
"ST","2023-09-22","85.1","-1.86","5.62","López, Pablo",592273,641154,,"ball",,,,,14,"Brandon Drury strikes out swinging.","R","R","R","MIN","LAA","B",,,0,2,2023,"0.99","-0.26","2.18","2.15",,,,1,4,"Top",,,,,680777,,,7.628986503143544,-123.90219001617665,-1.3738182727962098,8.963331187405386,22.191677601730138,-34.850501539802835,"3.45","1.65",,,,"87",2473,"7.2",716475,641154,680777,666135,666397,650489,571657,670242,572191,596146,"53.29",,,,,,,,25,3,"Sweeper",1,0,0,1,0,1,0,1,"Standard","Standard",38,"0","0.012",,
"ST","2023-09-22","83.8","-1.85","5.67","López, Pablo",592273,641154,,"swinging_strike",,,,,14,"Brandon Drury strikes out swinging.","R","R","R","MIN","LAA","S",,,0,0,2023,"1.42","-0.28","1.14","1.63",,,,1,4,"Top",,,,,680777,,,4.145405226632548,-121.92603392021196,-2.3135786510956726,13.075386992769486,27.218551168789475,-34.62551712206445,"3.56","1.77",,,,"84.4",2667,"7",716475,641154,680777,666135,666397,650489,571657,670242,572191,596146,"53.48",,,,,,,,25,1,"Sweeper",1,0,0,1,0,1,0,1,"Standard","Standard",47,"0","-0.026",,
"ST","2023-09-22","84.5","-1.93","5.55","López, Pablo",687263,641154,,"ball",,,,,14,"Zach Neto called out on strikes.","R","R","R","MIN","LAA","B",,,2,2,2023,"1.44","-0.41","1.14","1.82",,,,0,4,"Top",,,,,680777,,,4.345734726408376,-123.02961347822995,-1.4980112778068595,13.679214335682646,25.477134882678847,-36.18951574654469,"3.36","1.65",,,,"85.6",2601,"7.1",716475,641154,680777,666135,666397,650489,571657,670242,572191,596146,"53.43",,,,,,,,24,5,"Sweeper",1,0,0,1,0,1,0,1,"Standard","Standard",46,"0","0.103",,
"ST","2023-09-22","84.8","-1.94","5.63","López, Pablo",687263,641154,,"called_strike",,,,,6,"Zach Neto called out on strikes.","R","R","R","MIN","LAA","S",,,2,1,2023,"1.32","-0.18","0.54","2.54",,,,0,4,"Top",,,,,680777,,,3.172646525317086,-123.51575867381462,-0.49607433826066527,12.804692428889304,26.36221300925095,-34.107031067919,"3.49","1.65",,,,"85.6",2618,"6.9",716475,641154,680777,666135,666397,650489,571657,670242,572191,596146,"53.56",,,,,,,,24,4,"Sweeper",1,0,0,1,0,1,0,1,"Standard","Standard",56,"0","-0.067",,
"ST","2023-09-22","86.9","-1.91","5.65","López, Pablo",694384,641154,,"swinging_strike",,,,,14,"Nolan Schanuel flies out to left fielder Matt Wallner.","R","L","R","MIN","LAA","S",,,0,0,2023,"1.1","-0.27","1.04","1.48",,,,2,3,"Top",,,,,680777,,,4.862749900797001,-126.41391729293505,-3.2391724497422274,10.70311550951216,27.296668029308844,-34.56432421471442,"3.4","1.66",,,,"87.7",2581,"7",716475,641154,680777,666135,666397,650489,571657,670242,572191,596146,"53.53",,,,,,,,20,1,"Sweeper",1,0,0,1,0,1,0,1,"Strategic","Standard",47,"0","-0.017",,
"ST","2023-09-22","84","-1.86","5.84","López, Pablo",664058,641154,,"called_strike",,,,,3,"David Fletcher grounds out, second baseman Edouard Julien to first baseman Alex Kirilloff.","R","R","R","MIN","LAA","S",,,0,1,2023,"1.39","-0.07","0.5","3",,,,0,3,"Top",,,,,680777,,,2.751613217815402,-122.26898838000866,-0.02594582678567514,13.353296984227176,24.68522509732743,-33.09632330414072,"3.1","1.38",,,,"84.9",2586,"6.9",716475,641154,680777,666135,666397,650489,571657,670242,572191,596146,"53.58",,,,,,,,18,2,"Sweeper",1,0,0,1,0,1,0,1,"Standard","Standard",48,"0","-0.049",,
"ST","2023-09-22","84.8","-1.95","5.69","López, Pablo",666176,641154,,"foul",,,,,14,"Jo Adell strikes out swinging.","R","R","R","MIN","LAA","S",,,0,0,2023,"1.27","-0.05","0.91","2.35",,,,0,2,"Top",,,,,680777,,,4.205097553361642,-123.52381060110557,-1.3864645728525984,12.205344393090666,24.187219394175067,-32.65201464035688,"3.78","1.86",,,,"86.2",2475,"7.1",716475,641154,680777,456781,666397,650489,571657,670242,572191,596146,"53.43",,,,,,,,8,1,"Sweeper",0,0,0,0,0,0,0,0,"Standard","Standard",49,"0","-0.038",,
"ST","2023-09-22","86","-1.9","5.73","López, Pablo",681351,641154,,"swinging_strike",,,,,14,"Logan O'Hoppe grounds into a force out, shortstop Kyle Farmer to second baseman Edouard Julien.   Brandon Drury out at 2nd.","R","R","R","MIN","LAA","S",,,1,1,2023,"1.2","-0.04","0.73","1.26",,,592273,2,1,"Top",,,,,680777,,,3.854258276011358,-125.1354217283071,-4.275215876080523,11.702075271819401,27.1261897655213,-31.849203977073618,"3.24","1.6",,,,"87.1",2572,"7.2",716475,641154,680777,456781,666397,650489,571657,670242,572191,596146,"53.32",,,,,,,,4,3,"Sweeper",0,0,0,0,0,0,0,0,"Standard","Standard",44,"0","-0.05",,
"ST","2023-09-22","86.3","-1.92","5.75","López, Pablo",687263,641154,,"swinging_strike",,,,,14,"Zach Neto called out on strikes.","R","R","R","MIN","LAA","S",,,1,1,2023,"0.83","-0.1","1.4","2.45",,,,1,1,"Top",,,,,680777,,,6.282753864014042,-125.65728090055295,-1.4626526376751334,7.594336405970099,24.875180299805265,-33.10957911256747,"3.49","1.65",,,,"87.5",2558,"7",716475,641154,680777,456781,666397,650489,571657,670242,572191,596146,"53.52",,,,,,,,2,3,"Sweeper",0,0,0,0,0,0,0,0,"Standard","Standard",47,"0","-0.043",,
"ST","2023-09-22","86","-1.73","5.8","López, Pablo",687263,641154,,"ball",,,,,12,"Zach Neto called out on strikes.","R","R","R","MIN","LAA","B",,,0,1,2023,"1.03","-0.02","0.99","3.04",,,,1,1,"Top",,,,,680777,,,4.40627795687914,-125.27868512980606,-0.2451269014784735,9.98082239785452,25.645139379305185,-32.57375534253695,"3.58","1.63",,,,"87.1",2543,"7",716475,641154,680777,456781,666397,650489,571657,670242,572191,596146,"53.54",,,,,,,,2,2,"Sweeper",0,0,0,0,0,0,0,0,"Standard","Standard",48,"0","0.019",,
"ST","2023-09-22","85.5","-1.82","5.85","López, Pablo",694384,641154,,"foul",,,,,5,"Nolan Schanuel strikes out swinging.","R","L","R","MIN","LAA","S",,,0,2,2023,"1.21","0.14","-0.21","2.57",,,,0,1,"Top",,,,,680777,,,1.3717011630873543,-124.52032335716109,-1.7063873619246306,12.215203279879715,26.32723255368184,-30.538019111977977,"3.4","1.66",175,"64.8",51,"86.4",2639,"6.9",716475,641154,680777,456781,666397,650489,571657,670242,572191,596146,"53.56",,,,,,,,1,3,"Sweeper",0,0,0,0,0,0,0,0,"Standard","Standard",49,"0","0",,
"ST","2023-09-10","84","-2.18","5.37","López, Pablo",607043,641154,,"called_strike",,,,,5,"Brandon Nimmo grounds out, third baseman Royce Lewis to first baseman Alex Kirilloff.","R","L","R","MIN","NYM","S",,,1,1,2023,"1.21","-0.22","0","2.55",,,,2,8,"Top",,,,,543877,,,2.698244887928882,-122.2469576516249,0.3721060130320786,11.449862467348447,26.654663831017583,-34.63753906724274,"3.31","1.67",,,,"84.8",2505,"7.1",716639,641154,543877,666135,456781,668904,621043,670242,650489,596146,"53.44",,,,,,,,56,3,"Sweeper",0,0,0,0,0,0,0,0,"Strategic","Standard",49,"0","-0.027",,
"ST","2023-09-10","83.6","-2.21","5.34","López, Pablo",607043,641154,,"ball",,,,,11,"Brandon Nimmo grounds out, third baseman Royce Lewis to first baseman Alex Kirilloff.","R","L","R","MIN","NYM","B",,,0,1,2023,"1.41","-0.24","-1.1","2.76",,,,2,8,"Top",,,,,543877,,,-0.22572096592447888,-121.7001366902421,1.1001172703754534,13.836521404609,28.279294834282535,-35.050455618869705,"3.36","1.69",,,,"84.3",2404,"7.2",716639,641154,543877,666135,456781,668904,621043,670242,650489,596146,"53.33",,,,,,,,56,2,"Sweeper",0,0,0,0,0,0,0,0,"Standard","Standard",53,"0","0.012",,
"ST","2023-09-10","85.4","-2.25","5.25","López, Pablo",683146,641154,"strikeout","foul_tip",,,,,14,"Brett Baty strikes out on a foul tip.","R","L","R","MIN","NYM","S",2,,2,2,2023,"1.29","-0.02","0.6","1.13",,,,0,8,"Top",,,,,543877,,,4.152780026549807,-124.15080557818493,-3.2826081196146584,12.25370771423203,28.741502456742488,-31.89255436210876,"3.71","1.73",,,,"86",2697,"7.1",716639,641154,543877,666135,456781,668904,621043,670242,650489,596146,"53.4",,0,"0",1,0,0,,54,5,"Sweeper",0,0,0,0,0,0,0,0,"Strategic","Standard",55,"0.046","-0.214",,
"ST","2023-09-10","82.9","-2.2","5.31","López, Pablo",668901,641154,,"swinging_strike",,,,,9,"Mark Vientos strikes out swinging.","R","R","R","MIN","NYM","S",,,1,1,2023,"1.43","-0.28","0.6","1.55",,,,2,7,"Top",,,,,543877,,,3.6419326565967722,-120.64979157923176,-1.4682944662411177,13.025812009285202,26.867745664399145,-34.83997877317893,"3.58","1.66",,,,"83.6",2557,"7.1",716639,641154,543877,666135,456781,668904,621043,670242,650489,596146,"53.4",,,,,,,,49,3,"Sweeper",0,0,0,0,0,0,0,0,"Infield shade","Standard",50,"0","-0.027",,
"ST","2023-09-10","83.1","-2.14","5.36","López, Pablo",668901,641154,,"foul_tip",,,,,9,"Mark Vientos strikes out swinging.","R","R","R","MIN","NYM","S",,,1,0,2023,"1.53","-0.35","0.75","1.7",,,,2,7,"Top",,,,,543877,,,3.663941838946663,-121.01681633012313,-1.193819953454587,14.102224089996279,26.159952138681977,-35.522871021301285,"3.58","1.66",,,,"84",2574,"7.1",716639,641154,543877,666135,456781,668904,621043,670242,650489,596146,"53.43",,,,,,,,49,2,"Sweeper",0,0,0,0,0,0,0,0,"Infield shade","Standard",52,"0","-0.022",,
"ST","2023-09-10","82.6","-2.23","5.32","López, Pablo",621466,641154,,"ball",,,,,13,"DJ Stewart strikes out swinging.","R","L","R","MIN","NYM","B",,,1,1,2023,"1.47","-0.27","-0.17","1.14",,,,0,7,"Top",,,,,543877,,,1.8556082214218106,-120.27623271972936,-2.511410755987664,13.93849493375406,23.18679674171823,-34.55773505207929,"2.97","1.4",,,,"83.8",2581,"7",716639,641154,543877,666135,456781,668904,621043,670242,650489,596146,"53.47",,,,,,,,47,3,"Sweeper",0,0,0,0,0,0,0,0,"Strategic","Standard",53,"0","0.053",,
"ST","2023-09-10","83.2","-2.23","5.29","López, Pablo",643446,641154,,"foul",,,,,9,"Jeff McNeil strikes out swinging.","R","L","R","MIN","NYM","S",,,2,1,2023,"1.77","-0.15","0.43","1.71",,,,1,6,"Top",,,,,543877,,,2.6446937907366137,-121.13141046442232,-1.4240549360568142,16.754550115385413,26.27211849760858,-33.563527880723555,"3.47","1.63",4,"90.2",-21,"83.8",2655,"6.9",716639,641154,543877,666135,456781,668904,621043,670242,650489,596146,"53.57",,,,,,,,41,4,"Sweeper",0,0,0,0,0,0,0,0,"Infield shade","Standard",48,"0","-0.048",,
"ST","2023-09-10","85.1","-2.04","5.48","López, Pablo",596019,641154,,"foul",,,,,14,"Francisco Lindor strikes out swinging.","R","L","R","MIN","NYM","S",,,0,1,2023,"1.27","-0.13","1.34","1.74",,,,0,6,"Top",,,,,543877,,,5.451723593948222,-123.75527293934968,-2.1534363462149204,11.683063844284385,27.508471917629176,-33.26652415627384,"3.32","1.52",,,,"85.8",2669,"7",716639,641154,543877,666135,456781,668904,621043,670242,650489,596146,"53.46",,,,,,,,40,2,"Sweeper",0,0,0,0,0,0,0,0,"Infield shade","Standard",37,"0","-0.049",,
"ST","2023-09-10","84.1","-1.94","5.57","López, Pablo",607043,641154,,"called_strike",,,,,5,"Brandon Nimmo grounds out to first baseman Alex Kirilloff.","R","L","R","MIN","NYM","S",,,1,1,2023,"1.39","-0.07","0.02","2.29",,,682626,2,5,"Top",,,,,543877,,,1.8131648963508757,-122.49261824765094,-1.0566997249125856,13.56521391248401,25.514915330747222,-32.8758690525883,"3.52","1.73",,,,"85.1",2518,"7",716639,641154,543877,666135,456781,668904,621043,670242,650489,596146,"53.49",,,,,,,,35,3,"Sweeper",0,0,0,0,0,0,0,0,"Infield shade","Standard",45,"0","-0.05",,
"ST","2023-09-10","83","-1.89","5.45","López, Pablo",607043,641154,,"blocked_ball",,,,,13,"Brandon Nimmo grounds out to first baseman Alex Kirilloff.","R","L","R","MIN","NYM","B",,,0,1,2023,"1.21","-0.52","-0.04","0.85",,,682626,2,5,"Top",,,,,543877,,,1.882952019411081,-120.87056222035072,-3.076408851302613,11.508773092365217,23.58169298606615,-36.86543971167729,"3.4","1.63",,,,"84.4",2615,"7.1",716639,641154,543877,666135,456781,668904,621043,670242,650489,596146,"53.37",,,,,,,,35,2,"Sweeper",0,0,0,0,0,0,0,0,"Standard","Standard",43,"0","0.021",,
"ST","2023-09-10","83","-1.92","5.56","López, Pablo",668901,641154,"field_out","hit_into_play",,,,,9,"Mark Vientos flies out to left fielder Matt Wallner.","R","R","R","MIN","NYM","X",7,"fly_ball",0,1,2023,"1.45","-0.31","0.47","2.18",,,,0,5,"Top",99.75,94.77,,,543877,,,2.657584898526218,-120.71046608789925,-0.5040201783071898,13.344965242767707,28.098204282287774,-35.28784207412168,"3.58","1.66",268,"92.6",47,"83.4",2463,"7",716639,641154,543877,666135,456781,668904,621043,670242,650489,596146,"53.47",0.003,0.003,"0",1,0,0,3,32,2,"Sweeper",0,0,0,0,0,0,0,0,"Infield shade","Standard",46,"0.03","-0.2",,
"ST","2023-09-10","82.1","-2.04","5.58","López, Pablo",668901,641154,,"called_strike",,,,,1,"Mark Vientos flies out to left fielder Matt Wallner.","R","R","R","MIN","NYM","S",,,0,0,2023,"0.98","-0.11","-0.74","3.23",,,,0,5,"Top",,,,,543877,,,1.0625520531559092,-119.42968568605924,1.5718986611325834,9.060443304555534,26.528768803825642,-33.79311492693903,"3.5","1.67",,,,"82.6",2418,"7",716639,641154,543877,666135,456781,668904,621043,670242,650489,596146,"53.51",,,,,,,,32,1,"Sweeper",0,0,0,0,0,0,0,0,"Infield shade","Standard",40,"0","-0.038",,
"ST","2023-09-10","84.2","-2.08","5.39","López, Pablo",677595,641154,,"foul",,,,,9,"Ronny Mauricio strikes out swinging.","R","L","R","MIN","NYM","S",,,0,0,2023,"1.43","-0.05","0.53","2.17",,,,2,4,"Top",,,,,543877,,,3.2575464877334652,-122.5464000928193,-0.9454851523042622,13.688516518057162,25.849559003788798,-32.720504827043,"3.49","1.6",330,"115.7",17,"85.4",2547,"7.2",716639,641154,543877,666135,456781,668904,621043,670242,650489,596146,"53.32",,,,,,,,27,1,"Sweeper",0,0,0,0,0,0,0,0,"Strategic","Standard",43,"0","-0.017",,
"ST","2023-09-10","84.5","-2.18","5.35","López, Pablo",621466,641154,"strikeout","called_strike",,,,,4,"DJ Stewart called out on strikes.","R","L","R","MIN","NYM","S",2,,1,2,2023,"1.03","0.03","-0.75","1.96",,,,1,4,"Top",,,,,543877,,,1.2820350616580916,-123.16299072570331,-1.658966171548659,10.207051712991282,24.43899512455505,-31.709071784332114,"2.93","1.37",,,,"85.7",2570,"7",716639,641154,543877,666135,456781,668904,621043,670242,650489,596146,"53.54",,0,"0",1,0,0,,26,4,"Sweeper",0,0,0,0,0,0,0,0,"Strategic","Standard",51,"0.019","-0.119",,
"ST","2023-09-10","83.5","-1.62","5.82","López, Pablo",624413,641154,"strikeout","swinging_strike",,,,,9,"Pete Alonso strikes out swinging.","R","R","R","MIN","NYM","S",2,,2,2,2023,"0.79","-0.3","0.35","2.14",,,,0,4,"Top",,,,,543877,,,3.034810487793702,-121.60871918887491,-1.4764108653806578,7.311594758363954,23.157864289766206,-35.092440410593866,"3.39","1.61",,,,"84.8",2554,"7",716639,641154,543877,666135,456781,668904,621043,670242,650489,596146,"53.48",,0,"0",1,0,0,,25,5,"Sweeper",0,0,0,0,0,0,0,0,"Infield shade","Standard",42,"0.027","-0.214",,
"ST","2023-09-10","85","-2.03","5.45","López, Pablo",596019,641154,"hit_by_pitch","hit_by_pitch",,,,,14,"Francisco Lindor hit by pitch.    Francisco Alvarez to 2nd.","R","L","R","MIN","NYM","B",,,0,1,2023,"1.52","-0.04","2.58","0.68",,,682626,2,3,"Top",,,,,543877,,,7.915184930257899,-123.45369818747362,-4.750048482090982,13.577363701704892,27.7891506193287,-31.773764329418597,"3.32","1.52",,,,"86.1",2522,"7.4",716639,641154,543877,666135,456781,668904,621043,670242,650489,596146,"53.09",,0.726005,"0.7",1,0,0,,18,2,"Sweeper",0,0,0,0,0,0,0,0,"Standard","Standard",43,"-0.022","0.269",,
"ST","2023-09-10","83.4","-2.16","5.4","López, Pablo",596019,641154,,"called_strike",,,,,11,"Francisco Lindor hit by pitch.    Francisco Alvarez to 2nd.","R","L","R","MIN","NYM","S",,,0,0,2023,"1.56","-0.09","-0.88","2.39",,,682626,2,3,"Top",,,,,543877,,,-0.14456293077024718,-121.5000724221297,-0.24656737906068604,15.427263887743873,25.291601312825385,-33.24018531789175,"3.16","1.33",,,,"84.8",2459,"7.2",716639,641154,543877,666135,456781,668904,621043,670242,650489,596146,"53.25",,,,,,,,18,1,"Sweeper",0,0,0,0,0,0,0,0,"Infield shade","Standard",50,"0","-0.038",,
"ST","2023-09-10","83.7","-2.18","5.44","López, Pablo",607043,641154,,"called_strike",,,,,8,"Brandon Nimmo strikes out swinging.","R","L","R","MIN","NYM","S",,,0,0,2023,"1.46","-0.03","0.11","1.84",,,682626,1,3,"Top",,,,,543877,,,2.4395762645218153,-121.96533223765466,-1.839009249976319,13.98878288494502,25.002320624713125,-32.32464848568914,"3.49","1.7",,,,"85",2526,"7.1",716639,641154,543877,666135,456781,668904,621043,670242,650489,596146,"53.36",,,,,,,,17,1,"Sweeper",0,0,0,0,0,0,0,0,"Standard","Standard",52,"0","-0.05",,
"ST","2023-09-10","84.1","-1.95","5.43","López, Pablo",668901,641154,,"ball",,,,,14,"Mark Vientos strikes out on a foul tip.","R","R","R","MIN","NYM","B",,,0,2,2023,"0.77","-0.24","1.93","2.16",,,,2,2,"Top",,,,,543877,,,7.614532942528381,-122.33123270537126,-0.6840783294257752,6.122018009392414,25.39236299266789,-34.66862302884901,"3.64","1.68",,,,"85.5",2601,"7.3",716639,641154,543877,666135,456781,668904,621043,670242,650489,596146,"53.16",,,,,,,,11,3,"Sweeper",0,0,0,0,0,0,0,0,"Infield shade","Standard",47,"0","0.009",,
"ST","2023-09-10","83.4","-2.14","5.43","López, Pablo",668901,641154,,"called_strike",,,,,7,"Mark Vientos strikes out on a foul tip.","R","R","R","MIN","NYM","S",,,0,1,2023,"0.94","-0.21","-0.64","2",,,,2,2,"Top",,,,,543877,,,1.6101050656487534,-121.57490009916653,-1.0571402347715693,9.027417742845017,22.7287560241886,-34.31990684736521,"3.44","1.62",,,,"84.7",2600,"6.9",716639,641154,543877,666135,456781,668904,621043,670242,650489,596146,"53.56",,,,,,,,11,2,"Sweeper",0,0,0,0,0,0,0,0,"Infield shade","Standard",48,"0","-0.023",,
"ST","2023-09-10","85","-2.13","5.49","López, Pablo",677595,641154,"field_out","hit_into_play",,,,,5,"Ronny Mauricio grounds out, second baseman Donovan Solano to first baseman Alex Kirilloff.","R","L","R","MIN","NYM","X",4,"ground_ball",1,0,2023,"1.01","0.18","0.22","2.81",,,,1,2,"Top",141.92,162.06,,,543877,,,3.5481247008279966,-123.81981209847828,-0.3136981457580038,9.655140624303105,25.316309805431967,-30.45111959749054,"3.49","1.6",51,"70",3,"86.3",2488,"7.1",716639,641154,543877,666135,456781,668904,621043,670242,650489,596146,"53.4",0.14,0.136,"0",1,0,0,2,10,2,"Sweeper",0,0,0,0,0,0,0,0,"Infield shade","Standard",53,"0.017","-0.194",,
"ST","2023-09-10","86.2","-2.08","5.53","López, Pablo",624413,641154,"field_out","hit_into_play",,,,,12,"Pete Alonso flies out to center fielder Willi Castro.","R","R","R","MIN","NYM","X",8,"fly_ball",2,2,2023,"0.67","0.1","0.96","2.6",,,607043,2,1,"Top",132.39,86.59,,,543877,,,5.941853089194191,-125.41674016769959,-0.9200860904936751,5.863554247046909,25.854298523428632,-31.146915500274464,"3.39","1.61",276,"79.5",32,"87.4",2625,"7.1",716639,641154,543877,666135,456781,668904,621043,670242,650489,596146,"53.39",0.071,0.079,"0",1,0,0,3,4,5,"Sweeper",0,0,0,0,0,0,0,0,"Infield shade","Standard",45,"0.022","-0.202",,
"ST","2023-09-10","83.5","-1.62","5.86","López, Pablo",624413,641154,,"called_strike",,,,,5,"Pete Alonso flies out to center fielder Willi Castro.","R","R","R","MIN","NYM","S",,,1,1,2023,"0.79","-0.26","0.05","2.43",,,607043,2,1,"Top",,,,,543877,,,2.334675027585258,-121.53225177066287,-0.9015857517780224,7.269429470132161,25.193698622149345,-34.79368315610537,"3.22","1.55",,,,"84.5",2577,"7.1",716639,641154,543877,666135,456781,668904,621043,670242,650489,596146,"53.43",,,,,,,,4,3,"Sweeper",0,0,0,0,0,0,0,0,"Infield shade","Standard",47,"0","-0.05",,
"ST","2023-09-10","85","-2.23","5.39","López, Pablo",643446,641154,,"foul",,,,,9,"Jeff McNeil strikes out swinging.","R","L","R","MIN","NYM","S",,,0,1,2023,"1.56","-0.07","0.69","1.66",,,607043,1,1,"Top",,,,,543877,,,3.791188442548076,-123.67937600233431,-2.2295159470001082,14.938933722657595,28.048414720549342,-32.601696551875406,"3.47","1.63",4,"66.5",-23,"86.2",2411,"7.4",716639,641154,543877,666135,456781,668904,621043,670242,650489,596146,"53.15",,,,,,,,3,2,"Sweeper",0,0,0,0,0,0,0,0,"Infield shade","Standard",43,"0","-0.062",,
"ST","2023-09-10","85.4","-2.17","5.43","López, Pablo",643446,641154,,"swinging_strike",,,,,14,"Jeff McNeil strikes out swinging.","R","L","R","MIN","NYM","S",,,0,0,2023,"1.5","-0.07","1.31","2.18",,,607043,1,1,"Top",,,,,543877,,,5.2559354838531185,-124.24500324912741,-1.1837614653588893,14.363574568019013,26.289484579898826,-32.87505137177158,"3.47","1.63",,,,"86.6",2463,"7.2",716639,641154,543877,666135,456781,668904,621043,670242,650489,596146,"53.31",,,,,,,,3,1,"Sweeper",0,0,0,0,0,0,0,0,"Standard","Standard",37,"0","-0.05",,
"ST","2023-09-10","85.5","-2.27","5.47","López, Pablo",596019,641154,"strikeout","swinging_strike",,,,,6,"Francisco Lindor strikes out swinging.","R","L","R","MIN","NYM","S",2,,1,2,2023,"1","-0.33","0.49","2.23",,,607043,0,1,"Top",,,,,543877,,,4.565924693367891,-124.39927669875706,-0.6770847952687923,9.396981120549034,25.960453023870905,-35.62924855671602,"3.32","1.52",,,,"86.7",2507,"7.1",716639,641154,543877,666135,456781,668904,621043,670242,650489,596146,"53.36",,0,"0",1,0,0,,2,5,"Sweeper",0,0,0,0,0,0,0,0,"Infield shade","Standard",39,"0.033","-0.247",,
"ST","2023-09-10","85.1","-2.21","5.57","López, Pablo",596019,641154,,"called_strike",,,,,12,"Francisco Lindor strikes out swinging.","R","L","R","MIN","NYM","S",,,0,1,2023,"1.36","-0.07","0.83","2.68",,,607043,0,1,"Top",,,,,543877,,,4.483704568399101,-123.78540985148499,-0.24922919595988258,12.898950812301848,26.9586972403811,-33.11040254517654,"3.21","1.42",,,,"86.3",2599,"7.3",716639,641154,543877,666135,456781,668904,621043,670242,650489,596146,"53.24",,,,,,,,2,2,"Sweeper",0,0,0,0,0,0,0,0,"Infield shade","Standard",42,"0","-0.064",,
"ST","2023-09-10","84.3","-2.02","5.6","López, Pablo",607043,641154,"single","hit_into_play",,,,,6,"Brandon Nimmo singles on a line drive to left fielder Matt Wallner.","R","L","R","MIN","NYM","X",7,"line_drive",1,2,2023,"1.57","-0.13","0.64","2.95",,,,0,1,"Top",85.52,128.69,,,543877,,,3.1085807941410035,-122.78723483356114,0.49602598251521046,15.319834915768924,24.27161491943114,-33.81687744650206,"3.52","1.73",166,"60.5",26,"85.7",2493,"7.1",716639,641154,543877,666135,456781,668904,621043,670242,650489,596146,"53.36",0.48,0.432,"0.9",1,1,0,4,1,4,"Sweeper",0,0,0,0,0,0,0,0,"Strategic","Standard",43,"-0.036","0.453",,
"ST","2023-09-10","82.8","-2.28","5.59","López, Pablo",607043,641154,,"called_strike",,,,,8,"Brandon Nimmo singles on a line drive to left fielder Matt Wallner.","R","L","R","MIN","NYM","S",,,1,0,2023,"1.27","0.27","0.07","2.26",,,,0,1,"Top",,,,,543877,,,2.935650412366982,-120.56264613939774,-1.6186720212612984,11.65965816010741,25.42977100320935,-29.428065372463355,"3.5","1.73",,,,"83.6",2468,"7",716639,641154,543877,666135,456781,668904,621043,670242,650489,596146,"53.49",,,,,,,,1,2,"Sweeper",0,0,0,0,0,0,0,0,"Strategic","Standard",43,"0","-0.046",,
"ST","2023-08-29","84.4","-2.13","5.4","López, Pablo",660757,641154,,"called_strike",,,,,11,"Oscar Gonzalez strikes out swinging.","R","R","R","MIN","CLE","S",,,0,0,2023,"1.13","0.05","-0.28","3.57",,,,2,5,"Top",,,,,543877,,,2.0867021161849935,-122.81712708926439,2.1079080808683597,10.9357039261672,25.719699781975027,-32.30669365675794,"3.4","1.59",,,,"85.6",2447,"7.2",716796,641154,543877,608336,666397,593871,621043,670242,572191,596146,"53.3",,,,,,,,45,1,"Sweeper",1,3,3,1,3,1,3,1,"Standard","Standard",58,"0","-0.017",,
"ST","2023-08-29","84.7","-2.3","5.36","López, Pablo",665926,641154,"field_out","hit_into_play",,,,,8,"Andres Gimenez grounds out, second baseman Edouard Julien to first baseman Joey Gallo.","R","L","R","MIN","CLE","X",4,"ground_ball",0,1,2023,"0.72","0.37","0.12","1.92",,,,0,5,"Top",141.98,156.51,,,543877,,,4.26595864225561,-123.2789993469732,-2.406554463834371,6.406421870766432,26.660822481486996,-28.10898495406337,"3.23","1.49",37,"76.6",1,"85.6",2565,"7",716796,641154,543877,608336,666397,593871,621043,670242,572191,596146,"53.47",0.143,0.152,"0",1,0,0,2,43,2,"Sweeper",1,3,3,1,3,1,3,1,"Standard","Standard",47,"0.017","-0.2",,
"ST","2023-08-29","85.5","-2.29","5.44","López, Pablo",594777,641154,,"foul",,,,,4,"Kole Calhoun grounds out, first baseman Joey Gallo to pitcher Pablo Lopez.   Gabriel Arias scores.    Steven Kwan to 3rd.    Jose Ramirez to 2nd.","R","L","R","MIN","CLE","S",,,1,0,2023,"0.64","0.03","-0.41","2.1",672356,680757,608070,1,4,"Top",,,,,543877,,,3.168639477930152,-124.44392215743592,-1.6199239369397693,5.967409772272461,26.69533267303229,-31.759927402541077,"2.81","1.36",,,,"86.7",2520,"7.2",716796,641154,543877,608336,666397,593871,621043,670242,572191,596146,"53.3",,,,,,,,35,2,"Sweeper",0,2,2,0,2,0,2,0,"Infield shade","Standard",46,"0","-0.153",,
"ST","2023-08-29","84.8","-2.36","5.36","López, Pablo",594777,641154,,"blocked_ball",,,,,13,"Kole Calhoun grounds out, first baseman Joey Gallo to pitcher Pablo Lopez.   Gabriel Arias scores.    Steven Kwan to 3rd.    Jose Ramirez to 2nd.","R","L","R","MIN","CLE","B",,,0,0,2023,"1.25","-0.16","-0.19","0.78",672356,680757,608070,1,4,"Top",,,,,543877,,,2.5896207842624106,-123.49126700780066,-4.080489217281168,12.166799693955014,26.861182122913974,-33.160724484603655,"2.87","1.45",,,,"86.2",2438,"7.3",716796,641154,543877,608336,666397,593871,621043,670242,572191,596146,"53.16",,,,,,,,35,1,"Sweeper",0,2,2,0,2,0,2,0,"Infield shade","Standard",45,"0","0.088",,
"ST","2023-08-29","85.3","-2.33","5.39","López, Pablo",666310,641154,,"ball",,,,,13,"Bo Naylor singles on a ground ball to right fielder Max Kepler.","R","L","R","MIN","CLE","B",,,2,2,2023,"0.9","-0.09","-0.33","1.05",,,,0,4,"Top",,,,,543877,,,2.935499869385895,-124.24482705763165,-3.8082178610124826,8.774204178956454,23.594140946580662,-32.61966451993676,"3.24","1.5",,,,"86.7",2629,"7",716796,641154,543877,608336,666397,593871,621043,670242,572191,596146,"53.48",,,,,,,,31,5,"Sweeper",0,2,2,0,2,0,2,0,"Infield shade","Standard",45,"0","0.103",,
"ST","2023-08-29","83.4","-2.38","5.51","López, Pablo",666310,641154,,"called_strike",,,,,4,"Bo Naylor singles on a ground ball to right fielder Max Kepler.","R","L","R","MIN","CLE","S",,,0,0,2023,"1.23","0.13","-0.55","2.31",,,,0,4,"Top",,,,,543877,,,1.7873191360603626,-121.41231398055946,-1.10272680989538,11.685150054683367,26.760750084804506,-30.88619695251899,"3.32","1.53",,,,"83.9",2435,"6.9",716796,641154,543877,608336,666397,593871,621043,670242,572191,596146,"53.6",,,,,,,,31,1,"Sweeper",0,2,2,0,2,0,2,0,"Standard","Standard",49,"0","-0.038",,
"ST","2023-08-29","85.5","-2.11","5.39","López, Pablo",660757,641154,,"ball",,,,,14,"Oscar Gonzalez grounds out, shortstop Carlos Correa to first baseman Joey Gallo.","R","R","R","MIN","CLE","B",,,0,1,2023,"1.09","0.45","1.53","1.55",594777,,686823,2,3,"Top",,,,,543877,,,6.493760002345363,-124.28543304616494,-3.663637093849858,9.807480974367762,27.111892810430806,-26.989192374411935,"3.38","1.64",,,,"86.8",2538,"7.4",716796,641154,543877,608336,666397,593871,621043,670242,572191,596146,"53.12",,,,,,,,26,2,"Sweeper",0,2,2,0,2,0,2,0,"Infield shade","Standard",42,"0","0.066",,
"ST","2023-08-29","85","-2.22","5.45","López, Pablo",660757,641154,,"swinging_strike",,,,,6,"Oscar Gonzalez grounds out, shortstop Carlos Correa to first baseman Joey Gallo.","R","R","R","MIN","CLE","S",,,0,0,2023,"1.01","0.61","0.54","2.78",594777,,686823,2,3,"Top",,,,,543877,,,4.571134314224201,-123.75168587406071,-1.1475567414476382,9.295733546363138,26.620458206734494,-25.875567053182824,"3.52","1.7",,,,"86.6",2486,"7.5",716796,641154,543877,608336,666397,593871,621043,670242,572191,596146,"53.01",,,,,,,,26,1,"Sweeper",0,2,2,0,2,0,2,0,"Standard","Standard",53,"0","-0.088",,
"ST","2023-08-29","85","-2.26","5.28","López, Pablo",665926,641154,"strikeout","swinging_strike",,,,,14,"Andres Gimenez strikes out swinging.","R","L","R","MIN","CLE","S",2,,0,2,2023,"0.92","-0.29","0.44","1.08",608070,594777,,1,3,"Top",,,,,543877,,,4.571040710063689,-123.68107203739048,-2.944206932963884,8.49113692318805,25.899955791756945,-34.70205540274841,"3.23","1.49",,,,"86.4",2638,"7.3",716796,641154,543877,608336,666397,593871,621043,670242,572191,596146,"53.19",,0,"0",1,0,0,,24,3,"Sweeper",0,1,1,0,1,0,1,0,"Standard","Standard",58,"0.075","-0.587",,
"ST","2023-08-29","84.1","-2.32","5.41","López, Pablo",594777,641154,,"called_strike",,,,,11,"Kole Calhoun doubles (5) on a fly ball to right fielder Max Kepler.   Jose Ramirez to 3rd.","R","L","R","MIN","CLE","S",,,0,0,2023,"0.91","0.28","-0.93","2.44",,,608070,0,3,"Top",,,,,543877,,,1.4528045801638827,-122.5573576531947,-1.1256372153499066,8.931847255056416,22.06403604719648,-29.30930087771509,"2.87","1.36",,,,"85.8",2507,"7.1",716796,641154,543877,608336,666397,593871,621043,670242,572191,596146,"53.4",,,,,,,,22,1,"Sweeper",0,1,1,0,1,0,1,0,"Infield shade","Standard",61,"0","-0.054",,
"ST","2023-08-29","84.7","-2.25","5.44","López, Pablo",660757,641154,,"ball",,,,,14,"Oscar Gonzalez strikes out swinging.","R","R","R","MIN","CLE","B",,,2,2,2023,"1.14","0.06","0.89","1.28",,,,1,2,"Top",,,,,543877,,,5.145851104959233,-123.33538926472619,-3.5407422088004687,10.54751430398112,25.1581715815434,-31.050359632345476,"3.35","1.61",,,,"86.1",2614,"7.2",716796,641154,543877,608336,666397,593871,621043,670242,572191,596146,"53.27",,,,,,,,13,5,"Sweeper",0,0,0,0,0,0,0,0,"Standard","Standard",46,"0","0.059",,
"ST","2023-08-29","84.1","-2.18","5.44","López, Pablo",660757,641154,,"swinging_strike",,,,,14,"Oscar Gonzalez strikes out swinging.","R","R","R","MIN","CLE","S",,,1,1,2023,"0.92","-0.13","0.27","1.26",,,,1,2,"Top",,,,,543877,,,3.9081449393712537,-122.48083465963067,-3.057110071520011,8.471235197818364,25.14980365893422,-33.06798274207872,"3.52","1.7",,,,"85.5",2557,"7.2",716796,641154,543877,608336,666397,593871,621043,670242,572191,596146,"53.25",,,,,,,,13,3,"Sweeper",0,0,0,0,0,0,0,0,"Infield shade","Standard",48,"0","-0.043",,
"ST","2023-08-29","86.5","-2.24","5.4","López, Pablo",665926,641154,"field_out","hit_into_play",,,,,8,"Andres Gimenez grounds out softly, pitcher Pablo Lopez to first baseman Joey Gallo.","R","L","R","MIN","CLE","X",1,"ground_ball",0,2,2023,"1.05","-0.03","0.18","1.91",,680757,594777,2,1,"Top",125.49,194.07,,,543877,,,3.684185353051623,-125.98502989840897,-2.0790155654711318,10.354887881529535,26.21894003260283,-32.3126743040015,"3.23","1.49",1,"46.7",-71,"88",2480,"7.2",716796,641154,543877,608336,666397,593871,621043,670242,572191,596146,"53.27",0.223,0.234,"0",1,0,0,1,5,3,"Sweeper",0,0,0,0,0,0,0,0,"Standard","Standard",46,"0.042","-0.31",,
"ST","2023-08-29","85.3","-2.23","5.42","López, Pablo",665926,641154,,"foul",,,,,4,"Andres Gimenez grounds out softly, pitcher Pablo Lopez to first baseman Joey Gallo.","R","L","R","MIN","CLE","S",,,0,0,2023,"1.03","-0.13","-0.34","2.32",,680757,594777,2,1,"Top",,,,,543877,,,2.386966902484281,-124.24362412079248,-0.7047411763121222,10.149948565778068,26.526680496718797,-33.57902241334815,"3.23","1.49",180,"66.9",45,"86.7",2466,"7.3",716796,641154,543877,608336,666397,593871,621043,670242,572191,596146,"53.24",,,,,,,,5,1,"Sweeper",0,0,0,0,0,0,0,0,"Infield shade","Standard",52,"0","-0.063",,
"ST","2023-08-29","85.8","-2.23","5.51","López, Pablo",657656,641154,,"ball",,,,,11,"Ramon Laureano flies out to center fielder Michael A.   Taylor.","R","R","R","MIN","CLE","B",,,1,1,2023,"0.71","0.39","-1.02","2.56",,680757,594777,1,1,"Top",,,,,543877,,,1.454841532716399,-125.02604611574041,-1.4933224870298152,7.065125127963523,26.492681207890303,-28.02668880825213,"3","1.31",,,,"87",2541,"7.1",716796,641154,543877,608336,666397,593871,621043,670242,572191,596146,"53.41",,,,,,,,4,3,"Sweeper",0,0,0,0,0,0,0,0,"Standard","Standard",59,"0","0.076",,
"ST","2023-08-24","85.1","-1.94","5.44","López, Pablo",608369,641154,"single","hit_into_play",,,,,9,"Corey Seager singles on a line drive to right fielder Max Kepler.","R","L","R","MIN","TEX","X",9,"line_drive",0,2,2023,"1.11","-0.03","0.29","1.6",,,,2,4,"Top",153.44,78.55,,,543877,,,3.0363963466452457,-123.89817400279725,-2.642929463835425,10.788308189955439,25.605797418607164,-32.191376178365,"3.49","1.53",221,"91.3",13,"86.2",2492,"7",716867,641154,543877,456781,571657,668904,621043,656669,572191,596146,"53.48",0.954,0.905,"0.9",1,1,0,4,33,3,"Sweeper",2,5,5,2,5,2,5,2,"Infield shade","Standard",56,"-0.007","0.173",,
"ST","2023-08-24","83.8","-2.05","5.51","López, Pablo",543760,641154,"field_out","hit_into_play",,,,,6,"Marcus Semien flies out to shortstop Carlos Correa.","R","R","R","MIN","TEX","X",6,"fly_ball",2,1,2023,"1.24","0.1","0.32","2.37",,,,1,4,"Top",103.36,119.23,,,543877,,,3.0706502004258187,-121.98526004236689,-0.9986555578742771,11.678664656750314,25.295151179145527,-31.220359767318758,"3.32","1.62",209,"78.5",56,"84.7",2461,"7",716867,641154,543877,456781,571657,668904,621043,656669,572191,596146,"53.51",0.037,0.036,"0",1,0,0,3,32,4,"Sweeper",2,5,5,2,5,2,5,2,"Standard","Standard",54,"0.009","-0.196",,
"ST","2023-08-24","84.5","-2.09","5.56","López, Pablo",543760,641154,,"called_strike",,,,,14,"Marcus Semien flies out to shortstop Carlos Correa.","R","R","R","MIN","TEX","S",,,1,0,2023,"1.26","0.08","0.88","1.86",,,,1,4,"Top",,,,,543877,,,4.496087550491283,-122.92797898429036,-2.3727903569578412,11.675805874421194,26.508900805668237,-31.117073850586596,"3.32","1.49",,,,"85.5",2542,"7.1",716867,641154,543877,456781,571657,668904,621043,656669,572191,596146,"53.37",,,,,,,,32,2,"Sweeper",2,5,5,2,5,2,5,2,"Standard","Standard",36,"0","-0.031",,
"ST","2023-08-24","86","-1.92","5.47","López, Pablo",543760,641154,,"ball",,,,,14,"Marcus Semien flies out to shortstop Carlos Correa.","R","R","R","MIN","TEX","B",,,0,0,2023,"1.11","0.27","2.1","1.6",,,,1,4,"Top",,,,,543877,,,7.397923271651017,-124.99370609923957,-3.433974195132235,9.902331461318889,27.476825684284815,-28.845516734451632,"3.35","1.63",,,,"87",2597,"7.2",716867,641154,543877,456781,571657,668904,621043,656669,572191,596146,"53.28",,,,,,,,32,1,"Sweeper",2,5,5,2,5,2,5,2,"Standard","Standard",40,"0","0.025",,
"ST","2023-08-24","86","-1.85","5.53","López, Pablo",677649,641154,,"foul",,,,,9,"Ezequiel Duran strikes out swinging.","R","R","R","MIN","TEX","S",,,0,1,2023,"0.56","0.34","0.77","2.14",,641598,608671,2,3,"Top",,,,,543877,,,5.1798787049108,-125.16033871252513,-2.4770542135279836,4.784187669871301,26.515005589780678,-28.34327308488761,"3.38","1.62",193,"68.8",27,"87.3",2535,"7.2",716867,641154,543877,456781,571657,668904,621043,656669,572191,596146,"53.29",,,,,,,,24,2,"Sweeper",1,4,4,1,4,1,4,1,"Standard","Standard",51,"0","-0.098",,
"ST","2023-08-24","84.9","-1.89","5.48","López, Pablo",608671,641154,"single","hit_into_play",,,,,5,"Travis Jankowski singles on a line drive to center fielder Michael A.   Taylor.   Nathaniel Lowe scores.    Adolis Garcia scores.    Mitch Garver to 2nd.","R","L","R","MIN","TEX","X",8,"line_drive",2,2,2023,"1.33","-0.22","0.05","2.4",663993,666969,641598,2,3,"Top",142.92,97.71,,,543877,,,1.9200082841724317,-123.62957795980543,-0.4501519707488648,13.228075144249514,24.76542623510343,-34.51794083923993,"3.52","1.75",206,"89.7",13,"86.4",2575,"7.2",716867,641154,543877,456781,571657,668904,621043,656669,572191,596146,"53.3",0.934,0.876,"0.9",1,1,0,4,23,6,"Sweeper",1,2,2,1,4,1,4,1,"Standard","Standard",50,"-0.162","1.635",,
"ST","2023-08-24","85.4","-2.16","5.4","López, Pablo",608671,641154,,"swinging_strike",,,,,14,"Travis Jankowski singles on a line drive to center fielder Michael A.   Taylor.   Nathaniel Lowe scores.    Adolis Garcia scores.    Mitch Garver to 2nd.","R","L","R","MIN","TEX","S",,,2,1,2023,"0.74","0.02","0.54","1.51",663993,666969,641598,2,3,"Top",,,,,543877,,,4.944205897071897,-124.18841881981501,-2.827006878207917,6.492342457567944,28.396623580016506,-31.576163369492477,"3.52","1.75",,,,"86.3",2599,"7.2",716867,641154,543877,456781,571657,668904,621043,656669,572191,596146,"53.28",,,,,,,,23,4,"Sweeper",1,2,2,1,2,1,2,1,"Standard","Standard",43,"0","-0.22",,
"ST","2023-08-24","86.2","-2.01","5.5","López, Pablo",608671,641154,,"ball",,,,,12,"Travis Jankowski singles on a line drive to center fielder Michael A.   Taylor.   Nathaniel Lowe scores.    Adolis Garcia scores.    Mitch Garver to 2nd.","R","L","R","MIN","TEX","B",,,1,1,2023,"0.91","-0.11","1.18","3.26",663993,666969,641598,2,3,"Top",,,,,543877,,,5.851327075300855,-125.34477540090488,1.3001486131120945,8.09631191362436,30.141314350629084,-33.90145293991932,"3.49","1.75",,,,"87.3",2458,"7.4",716867,641154,543877,456781,571657,668904,621043,656669,572191,596146,"53.07",,,,,,,,23,3,"Sweeper",1,2,2,1,2,1,2,1,"Standard","Standard",53,"0","0.137",,
"ST","2023-08-24","86.3","-1.97","5.52","López, Pablo",608671,641154,,"ball",,,,,14,"Travis Jankowski singles on a line drive to center fielder Michael A.   Taylor.   Nathaniel Lowe scores.    Adolis Garcia scores.    Mitch Garver to 2nd.","R","L","R","MIN","TEX","B",,,0,0,2023,"0.5","0.1","0.88","1.93",663993,666969,641598,2,3,"Top",,,,,543877,,,5.8666340282505525,-125.55502594612092,-2.575825562880021,4.130126949370436,24.65253822386164,-30.81715573492971,"3.58","1.75",,,,"88.1",2527,"7.3",716867,641154,543877,456781,571657,668904,621043,656669,572191,596146,"53.16",,,,,,,,23,1,"Sweeper",1,2,2,1,2,1,2,1,"Standard","Standard",38,"0","0.101",,
"ST","2023-08-24","85.9","-2.2","5.46","López, Pablo",641598,641154,,"foul",,,,,1,"Mitch Garver walks.   Nathaniel Lowe to 3rd.    Adolis Garcia to 2nd.","R","R","R","MIN","TEX","S",,,3,2,2023,"0.32","0.7","-0.34","2.91",,663993,666969,2,3,"Top",,,,,543877,,,3.817846825410111,-125.11198540551472,-1.2190103730538202,2.6169206975020405,25.723714572426143,-24.83917099301285,"3.42","1.61",224,"75.1",27,"87.7",2506,"7.4",716867,641154,543877,456781,571657,668904,621043,656669,572191,596146,"53.11",,,,,,,,22,7,"Sweeper",1,2,2,1,2,1,2,1,"Infield shade","Standard",61,"0","0",,
"ST","2023-08-24","85.9","-1.86","5.38","López, Pablo",641598,641154,,"ball",,,,,14,"Mitch Garver walks.   Nathaniel Lowe to 3rd.    Adolis Garcia to 2nd.","R","R","R","MIN","TEX","B",,,2,2,2023,"1.02","-0.33","2.09","1.28",,663993,666969,2,3,"Top",,,,,543877,,,7.403477254670632,-124.84130002953245,-2.7082569717937393,8.863984472558386,28.49271114674209,-35.20609267253132,"3.35","1.6",,,,"86.8",2501,"7.2",716867,641154,543877,456781,571657,668904,621043,656669,572191,596146,"53.29",,,,,,,,22,5,"Sweeper",1,2,2,1,2,1,2,1,"Standard","Standard",48,"0","0.103",,
"ST","2023-08-24","85.1","-2.13","5.44","López, Pablo",641598,641154,,"called_strike",,,,,7,"Mitch Garver walks.   Nathaniel Lowe to 3rd.    Adolis Garcia to 2nd.","R","R","R","MIN","TEX","S",,,2,1,2023,"0.37","0.26","-0.46","1.94",,663993,666969,2,3,"Top",,,,,543877,,,3.2257645409044127,-123.90392278929848,-2.4272462649123314,3.1809570956635684,25.316899033011797,-29.22005740873748,"3.4","1.61",,,,"86.5",2476,"7.2",716867,641154,543877,456781,571657,668904,621043,656669,572191,596146,"53.27",,,,,,,,22,4,"Sweeper",1,2,2,1,2,1,2,1,"Standard","Standard",49,"0","-0.096",,
"ST","2023-08-24","86.3","-2.06","5.49","López, Pablo",641598,641154,,"ball",,,,,14,"Mitch Garver walks.   Nathaniel Lowe to 3rd.    Adolis Garcia to 2nd.","R","R","R","MIN","TEX","B",,,0,0,2023,"0.97","-0.05","1.28","1.95",,663993,666969,2,3,"Top",,,,,543877,,,6.054028795847376,-125.52534050555387,-2.066581280593585,8.968833971376561,26.577821651123944,-32.49308617656809,"3.35","1.55",,,,"87.6",2502,"7.2",716867,641154,543877,456781,571657,668904,621043,656669,572191,596146,"53.29",,,,,,,,22,1,"Sweeper",1,2,2,1,2,1,2,1,"Standard","Standard",48,"0","0.048",,
"ST","2023-08-24","84.2","-2.15","5.37","López, Pablo",543760,641154,"strikeout","swinging_strike",,,,,14,"Marcus Semien strikes out swinging.","R","R","R","MIN","TEX","S",2,,2,2,2023,"1.67","-0.16","1.54","1.43",,,,1,3,"Top",,,,,543877,,,5.301900961485576,-122.55179305429667,-2.4081747746282858,15.609138622983503,26.287491328843544,-33.45204030585213,"3.32","1.62",,,,"85.1",2560,"7.1",716867,641154,543877,456781,571657,668904,621043,656669,572191,596146,"53.45",,0,"0",1,0,0,,18,5,"Sweeper",1,1,1,1,1,1,1,1,"Standard","Standard",54,"0.018","-0.148",,
"ST","2023-08-24","85.5","-1.88","5.48","López, Pablo",543760,641154,,"ball",,,,,14,"Marcus Semien strikes out swinging.","R","R","R","MIN","TEX","B",,,1,2,2023,"1.4","-0.17","2.2","0.46",,,,1,3,"Top",,,,,543877,,,6.88555121620844,-124.19231180116122,-5.151740136333285,12.871599175016117,27.64769195465429,-33.02085675498528,"3.35","1.63",,,,"86.3",2570,"7.2",716867,641154,543877,456781,571657,668904,621043,656669,572191,596146,"53.34",,,,,,,,18,4,"Sweeper",1,1,1,1,1,1,1,1,"Standard","Standard",49,"0","0.029",,
"ST","2023-08-24","84.6","-2.08","5.56","López, Pablo",543760,641154,,"called_strike",,,,,8,"Marcus Semien strikes out swinging.","R","R","R","MIN","TEX","S",,,1,0,2023,"1.26","-0.11","0.1","1.92",,,,1,3,"Top",,,,,543877,,,2.6034815773333166,-123.15257578515322,-1.880126570392114,12.16687297651658,26.997376389578758,-33.09859833717745,"3.35","1.6",,,,"85.5",2520,"7.1",716867,641154,543877,456781,571657,668904,621043,656669,572191,596146,"53.4",,,,,,,,18,2,"Sweeper",1,1,1,1,1,1,1,1,"Standard","Standard",54,"0","-0.031",,
"ST","2023-08-24","84.2","-1.82","5.66","López, Pablo",641598,641154,"field_out","hit_into_play",,,,,6,"Mitch Garver flies out to left fielder Jordan Luplow.","R","R","R","MIN","TEX","X",7,"fly_ball",1,2,2023,"1.28","-0.14","0.53","2.29",,,,0,2,"Top",88.16,116.65,,,543877,,,2.9337231826862737,-122.53890794922299,-1.1177802560941004,12.232395346202983,26.111366914652645,-33.61065233421252,"3.42","1.61",227,"81.5",52,"84.8",2507,"6.8",716867,641154,543877,456781,571657,668904,621043,656669,572191,596146,"53.65",0.037,0.041,"0",1,0,0,3,9,4,"Sweeper",0,1,1,0,1,0,1,0,"Infield shade","Standard",51,"0.02","-0.173",,
"ST","2023-08-24","85.8","-1.78","5.74","López, Pablo",641598,641154,,"swinging_strike",,,,,6,"Mitch Garver flies out to left fielder Jordan Luplow.","R","R","R","MIN","TEX","S",,,1,1,2023,"1.35","-0.13","0.7","2.32",,,,0,2,"Top",,,,,543877,,,3.1602038499338354,-124.78159384361474,-1.4689830716690335,13.16969031565678,29.044244516433217,-33.446702713294705,"3.42","1.61",,,,"86.2",2421,"6.9",716867,641154,543877,456781,571657,668904,621043,656669,572191,596146,"53.56",,,,,,,,9,3,"Sweeper",0,1,1,0,1,0,1,0,"Infield shade","Standard",60,"0","-0.055",,
"ST","2023-08-24","83.1","-2.12","5.71","López, Pablo",641598,641154,,"ball",,,,,11,"Mitch Garver flies out to left fielder Jordan Luplow.","R","R","R","MIN","TEX","B",,,0,1,2023,"1.39","-0.12","-1.33","3.5",,,,0,2,"Top",,,,,543877,,,-0.9329649041885348,-120.93364432743142,1.7013616057879737,13.76373188552883,25.309278979891754,-33.93027488083766,"3.4","1.58",,,,"83.6",2365,"6.8",716867,641154,543877,456781,571657,668904,621043,656669,572191,596146,"53.7",,,,,,,,9,2,"Sweeper",0,1,1,0,1,0,1,0,"Infield shade","Standard",52,"0","0.028",,
"ST","2023-08-24","86.5","-1.99","5.68","López, Pablo",608369,641154,,"foul",,,,,14,"Corey Seager strikes out swinging.","R","L","R","MIN","TEX","S",,,1,1,2023,"0.95","0.24","0.88","2.28",,,,0,1,"Top",,,,,543877,,,4.96023268137787,-126.01186912679603,-2.4246362082476196,9.199830100728398,25.08719736178066,-29.360594698065004,"3.49","1.53",150,"108.2",8,"87.9",2502,"7.1",716867,641154,543877,456781,571657,668904,621043,656669,572191,596146,"53.43",,,,,,,,2,3,"Sweeper",0,1,1,0,1,0,1,0,"Infield shade","Standard",55,"0","-0.055",,
"ST","2023-08-18","85.7","-2.21","5.43","López, Pablo",663845,641154,"field_out","hit_into_play",,,,,8,"Alfonso Rivas grounds out, second baseman Jorge Polanco to first baseman Donovan Solano.","R","L","R","MIN","PIT","X",4,"ground_ball",1,1,2023,"1.06","-0.45","-0.19","1.73",,682848,,2,6,"Top",146.89,166.82,,,543877,,,2.6711164746058946,-124.81389618858947,-1.6030387292250472,10.56778902568413,24.49837859142964,-36.75321637756348,"3.33","1.58",2,"68.5",-46,"87",2451,"7",716951,641154,543877,456781,593871,668904,621043,670242,572191,596146,"53.49",0.209,0.185,"0",1,0,0,2,48,3,"Sweeper",2,0,0,2,0,2,0,2,"Infield shade","Standard",60,"0.04","-0.297",,
"ST","2023-08-18","86.9","-2.05","5.41","López, Pablo",669261,641154,"field_out","hit_into_play",,,,,6,"Jack Suwinski pops out to third baseman Royce Lewis.","R","L","R","MIN","PIT","X",5,"popup",1,2,2023,"1.03","-0.33","0.59","2.86",663845,678225,663647,2,5,"Top",101.97,154.18,,,543877,,,4.288561410173821,-126.5520873330872,0.7191766274242051,10.250738170055797,24.611030152909798,-36.05096488083245,"3.45","1.62",133,"51.5",48,"88.5",2475,"7.1",716951,641154,543877,456781,593871,668904,621043,670242,572191,596146,"53.38",0.049,0.044,"0",1,0,0,1,41,4,"Sweeper",2,0,0,2,0,2,0,2,"Standard","Standard",46,"0.096","-0.506",,
"ST","2023-08-18","85.1","-2.12","5.37","López, Pablo",669261,641154,,"ball",,,,,13,"Jack Suwinski pops out to third baseman Royce Lewis.","R","L","R","MIN","PIT","B",,,0,0,2023,"1.41","-0.12","-0.24","1.23",663845,678225,663647,2,5,"Top",,,,,543877,,,1.6028150341583225,-124.0327591429982,-3.2734704402042105,14.366728938074065,22.65071344396021,-33.03285911899952,"3.55","1.58",,,,"87.1",2620,"7.2",716951,641154,543877,456781,593871,668904,621043,670242,572191,596146,"53.25",,,,,,,,41,1,"Sweeper",2,0,0,2,0,2,0,2,"Standard","Standard",52,"0","0.101",,
"ST","2023-08-18","86.4","-2.01","5.29","López, Pablo",663647,641154,,"ball",,,,,14,"Ke'Bryan Hayes walks.","R","R","R","MIN","PIT","B",,,1,2,2023,"1.12","-0.19","2.02","0.94",663845,678225,,2,5,"Top",,,,,543877,,,7.455673548375564,-125.59335957348418,-3.7479495395173306,10.164117882789276,27.08075449187924,-33.572577388152055,"3.11","1.49",,,,"87.7",2646,"7.3",716951,641154,543877,456781,593871,668904,621043,670242,572191,596146,"53.21",,,,,,,,40,4,"Sweeper",2,0,0,2,0,2,0,2,"Standard","Standard",39,"0","0.035",,
"ST","2023-08-18","85.1","-2.16","5.34","López, Pablo",663647,641154,,"foul",,,,,2,"Ke'Bryan Hayes walks.","R","R","R","MIN","PIT","S",,,0,0,2023,"1.06","0.11","-0.05","3.08",663845,678225,,2,5,"Top",,,,,543877,,,2.8690148849798,-124.16590835039021,0.659475602700851,10.731810340993663,19.643353596301875,-31.266600134789126,"3.27","1.55",226,"78.1",49,"87.4",2514,"7.1",716951,641154,543877,456781,593871,668904,621043,670242,572191,596146,"53.36",,,,,,,,40,1,"Sweeper",2,0,0,2,0,2,0,2,"Standard","Standard",49,"0","-0.073",,
"ST","2023-08-18","84.6","-2.08","5.44","López, Pablo",668804,641154,"field_out","hit_into_play",,,,,4,"Bryan Reynolds grounds out, third baseman Royce Lewis to first baseman Donovan Solano.   Alfonso Rivas to 3rd.    Ji Hwan Bae to 2nd.","R","L","R","MIN","PIT","X",5,"ground_ball",0,1,2023,"0.87","-0.39","-0.44","2.48",,663845,678225,1,5,"Top",113.52,161.26,,,543877,,,2.127841443826889,-123.35993682903415,0.18236462766249129,8.584285062033771,22.193155704134462,-36.4262307886341,"3.1","1.49",3,"92.1",-33,"86.7",2534,"7.3",716951,641154,543877,456781,593871,668904,621043,670242,572191,596146,"53.17",0.063,0.062,"0",1,0,0,2,39,2,"Sweeper",2,0,0,2,0,2,0,2,"Infield shade","Standard",51,"0.037","-0.552",,
"ST","2023-08-18","85.2","-2.08","5.48","López, Pablo",675961,641154,"strikeout","called_strike",,,,,8,"Alika Williams called out on strikes.","R","R","R","MIN","PIT","S",2,,2,2,2023,"1.43","0.14","-0.12","1.91",,,663845,0,5,"Top",,,,,543877,,,1.7673952044216166,-124.24865836579451,-2.4868643866987425,14.641213050817344,21.065072387872007,-30.492931992456768,"3.49","1.61",,,,"87.2",2557,"7.1",716951,641154,543877,456781,593871,668904,621043,670242,572191,596146,"53.43",,0,"0",1,0,0,,37,5,"Sweeper",2,0,0,2,0,2,0,2,"Standard","Standard",54,"0.044","-0.314",,
"ST","2023-08-18","84.7","-1.95","5.5","López, Pablo",675961,641154,,"ball",,,,,14,"Alika Williams called out on strikes.","R","R","R","MIN","PIT","B",,,1,2,2023,"1.5","-0.22","2.17","1.23",,,663845,0,5,"Top",,,,,543877,,,6.773091985949006,-123.27786062307517,-3.30156151042418,14.189473356251657,21.773758425673034,-34.0758676417812,"3.41","1.52",,,,"86.7",2595,"7.3",716951,641154,543877,456781,593871,668904,621043,670242,572191,596146,"53.21",,,,,,,,37,4,"Sweeper",2,0,0,2,0,2,0,2,"Standard","Standard",50,"0","0.068",,
"ST","2023-08-18","85.1","-1.99","5.53","López, Pablo",675961,641154,,"swinging_strike",,,,,14,"Alika Williams called out on strikes.","R","R","R","MIN","PIT","S",,,1,1,2023,"0.91","0.06","0.35","1.43",,,663845,0,5,"Top",,,,,543877,,,3.7253988797941893,-124.16786113426512,-3.64459597555089,9.07293127311085,18.49087902880022,-31.171832051059013,"3.49","1.64",,,,"87.6",2575,"7.1",716951,641154,543877,456781,593871,668904,621043,670242,572191,596146,"53.36",,,,,,,,37,3,"Sweeper",2,0,0,2,0,2,0,2,"Standard","Standard",46,"0","-0.088",,
"ST","2023-08-18","84.2","-2.21","5.44","López, Pablo",675961,641154,,"swinging_strike",,,,,14,"Alika Williams called out on strikes.","R","R","R","MIN","PIT","S",,,0,0,2023,"1.62","0.03","0.9","1.78",,,663845,0,5,"Top",,,,,543877,,,4.066187570987858,-122.61313386208293,-2.206971045956461,15.555620222537039,24.170761210498878,-31.678825161126774,"3.49","1.64",,,,"85.7",2600,"7.2",716951,641154,543877,456781,593871,668904,621043,670242,572191,596146,"53.28",,,,,,,,37,1,"Sweeper",2,0,0,2,0,2,0,2,"Standard","Standard",59,"0","-0.054",,
"ST","2023-08-18","85.1","-1.96","5.55","López, Pablo",663845,641154,"hit_by_pitch","hit_by_pitch",,,,,14,"Alfonso Rivas hit by pitch.","R","L","R","MIN","PIT","B",,,1,2,2023,"1.43","-0.47","1.8","1.34",,,,0,5,"Top",,,,,543877,,,6.013654945820438,-123.73780990468404,-2.5700040679140743,13.298507381681334,26.263941931076335,-36.68540157112541,"3.33","1.58",,,,"85.7",2561,"6.9",716951,641154,543877,456781,593871,668904,621043,670242,572191,596146,"53.65",,0.726005,"0.7",1,0,0,,36,4,"Sweeper",2,0,0,2,0,2,0,2,"Infield shade","Standard",43,"-0.049","0.456",,
"ST","2023-08-18","85.3","-2.23","5.17","López, Pablo",678894,641154,"strikeout","swinging_strike",,,,,14,"Liover Peguero strikes out swinging.","R","R","R","MIN","PIT","S",2,,2,2,2023,"0.85","0.18","1.61","1.24",,682848,,2,4,"Top",,,,,543877,,,7.441083246561455,-124.12014720146466,-3.4429535842849455,7.652748924245619,20.76827674426616,-29.871467437710287,"3.68","1.73",,,,"87.4",2567,"7.2",716951,641154,543877,456781,593871,668904,621043,670242,572191,596146,"53.27",,0,"0",1,0,0,,30,5,"Sweeper",0,0,0,0,0,0,0,0,"Standard","Standard",56,"0.041","-0.242",,
"ST","2023-08-18","83.5","-2.11","5.16","López, Pablo",678894,641154,,"ball",,,,,14,"Liover Peguero strikes out swinging.","R","R","R","MIN","PIT","B",,,1,2,2023,"1.27","-0.09","2.01","1.73",,682848,,2,4,"Top",,,,,543877,,,7.103327645276836,-121.59060559396093,-1.406908052729439,11.65924334086101,19.161097761886932,-33.00389947281613,"3.76","1.78",,,,"85.6",2515,"7.2",716951,641154,543877,456781,593871,668904,621043,670242,572191,596146,"53.34",,,,,,,,30,4,"Sweeper",0,0,0,0,0,0,0,0,"Standard","Standard",49,"0","0.017",,
"ST","2023-08-18","84.6","-2.28","5.22","López, Pablo",680779,641154,,"ball",,,,,14,"Henry Davis grounds out, third baseman Royce Lewis to first baseman Donovan Solano.","R","R","R","MIN","PIT","B",,,0,1,2023,"0.96","-0.25","1.26","1.42",,,,1,4,"Top",,,,,543877,,,6.415194305088424,-123.15103915483483,-2.0968916168217318,8.662699591488833,22.37950945575435,-34.529906571507034,"3.34","1.72",,,,"86",2496,"6.9",716951,641154,543877,456781,593871,668904,621043,670242,572191,596146,"53.55",,,,,,,,28,2,"Sweeper",0,0,0,0,0,0,0,0,"Standard","Standard",52,"0","0.019",,
"ST","2023-08-18","86.2","-2.11","5.27","López, Pablo",663647,641154,,"ball",,,,,14,"Ke'Bryan Hayes strikes out swinging.","R","R","R","MIN","PIT","B",,,2,2,2023,"1.18","-0.17","1.58","1.53",,675961,,2,3,"Top",,,,,543877,,,6.460632908128344,-125.4803689402396,-2.4110944615528735,11.414266406226806,22.20809615277763,-33.748352849533546,"3.27","1.58",,,,"88",2623,"7.1",716951,641154,543877,456781,593871,668904,621043,670242,572191,596146,"53.36",,,,,,,,23,6,"Sweeper",0,0,0,0,0,0,0,0,"Standard","Standard",51,"0","0.057",,
"ST","2023-08-18","83.6","-1.87","5.2","López, Pablo",663647,641154,,"ball",,,,,12,"Ke'Bryan Hayes strikes out swinging.","R","R","R","MIN","PIT","B",,,0,2,2023,"1.18","-0.07","2","2.73",,675961,,2,3,"Top",,,,,543877,,,6.704129224094032,-121.70271333629826,0.7909677626906595,10.83105510736859,19.53897154575427,-33.15028710386876,"3.27","1.52",,,,"85.5",2510,"7.1",716951,641154,543877,456781,593871,668904,621043,670242,572191,596146,"53.4",,,,,,,,23,3,"Sweeper",0,0,0,0,0,0,0,0,"Standard","Standard",54,"0","0.02",,
"ST","2023-08-18","85","-2.5","5.26","López, Pablo",668804,641154,"strikeout","swinging_strike",,,,,14,"Bryan Reynolds strikes out swinging.","R","L","R","MIN","PIT","S",2,,2,2,2023,"1.56","-0.11","1.22","1.67",,675961,,1,3,"Top",,,,,543877,,,5.697688670939267,-123.8503755042062,-1.9922516007393831,15.189015581200382,22.21461814444992,-33.09664607058106,"3.1","1.49",,,,"86.9",2538,"7.2",716951,641154,543877,456781,593871,668904,621043,670242,572191,596146,"53.28",,0,"0",1,0,0,,22,5,"Sweeper",0,0,0,0,0,0,0,0,"Infield shade","Standard",53,"0.039","-0.3",,
"ST","2023-08-18","84.6","-2.09","5.3","López, Pablo",678894,641154,,"swinging_strike",,,,,14,"Liover Peguero grounds into a double play, second baseman Jorge Polanco to first baseman Donovan Solano.   Endy Rodriguez out at 2nd.    Liover Peguero out at 1st.","R","R","R","MIN","PIT","S",,,1,1,2023,"1.14","-0.44","0.66","0.88",,,682848,0,2,"Top",,,,,543877,,,4.2134240646622825,-123.23580509999603,-3.1044294523305043,10.730114310225645,24.85880606729375,-36.26713265340885,"3.68","1.73",,,,"85.9",2450,"7.1",716951,641154,543877,456781,593871,668904,621043,670242,572191,596146,"53.41",,,,,,,,12,3,"Sweeper",0,0,0,0,0,0,0,0,"Standard","Standard",39,"0","-0.088",,
"ST","2023-08-18","84","-2.45","5.16","López, Pablo",669261,641154,"strikeout","called_strike",,,,,14,"Jack Suwinski called out on strikes.","R","L","R","MIN","PIT","S",2,,2,2,2023,"1.15","0","0.02","1.48",678225,,668804,1,1,"Top",,,,,543877,,,3.5011362260711434,-122.39115816863837,-2.2097519478574124,11.019918213432458,22.365435464108405,-31.922695300016844,"3.55","1.63",,,,"85.6",2541,"7.1",716951,641154,543877,456781,593871,668904,621043,670242,572191,596146,"53.4",,0,"0",1,0,0,,4,5,"Sweeper",0,0,0,0,0,0,0,0,"Standard","Standard",50,"0.064","-0.512",,
"ST","2023-08-18","84.6","-2.38","5.32","López, Pablo",669261,641154,,"ball",,,,,14,"Jack Suwinski called out on strikes.","R","L","R","MIN","PIT","B",,,0,0,2023,"1.54","-0.06","0.95","1.85",678225,,668804,1,1,"Top",,,,,543877,,,4.74115325192899,-123.20973759477735,-1.5984141172311923,14.619236329766704,26.000166016307027,-32.71650624001108,"3.45","1.63",,,,"85.5",2535,"7",716951,641154,543877,456781,593871,668904,621043,670242,572191,596146,"53.52",,,,,,,,4,1,"Sweeper",0,0,0,0,0,0,0,0,"Standard","Standard",50,"0","0.074",,
"ST","2023-08-18","85.7","-2.34","5.21","López, Pablo",668804,641154,,"blocked_ball",,,,,14,"Bryan Reynolds singles on a ground ball to right fielder Max Kepler.   Ji Hwan Bae to 2nd.","R","L","R","MIN","PIT","B",,,0,2,2023,"0.65","-0.15","0.5","0.5",,,678225,0,1,"Top",,,,,543877,,,5.486273198793272,-124.82672851468193,-4.720827987381995,5.986718065228029,20.9330789093563,-33.13858953612316,"3.03","1.52",,,,"87.6",2479,"7.1",716951,641154,543877,456781,593871,668904,621043,670242,572191,596146,"53.44",,,,,,,,2,3,"Sweeper",0,0,0,0,0,0,0,0,"Infield shade","Standard",41,"0","0.012",,
"ST","2023-07-25","84.5","-2.13","5.5","López, Pablo",677594,641154,,"ball",,,,,14,"Julio Rodriguez strikes out on a foul tip.","R","R","R","MIN","SEA","B",,,0,0,2023,"0.99","-0.01","1.57","1.83",,,,0,7,"Top",,,,,680777,,,6.789103412028912,-123.00949197230341,-2.244181219838154,8.814891053935401,23.00316769822316,-32.02714541933905,"3.3","1.47",,,,"86.5",2509,"7.4",717264,641154,680777,666135,666397,650489,621043,663616,572191,596146,"53.09",,,,,,,,51,1,"Sweeper",6,2,2,6,2,6,2,6,"Standard","Standard",32,"0","0.036",,
"ST","2023-07-25","84.3","-2.13","5.27","López, Pablo",553993,641154,"field_out","hit_into_play",,,,,9,"Eugenio Suarez flies out to center fielder Joey Gallo.   J.P. Crawford to 3rd.","R","R","R","MIN","SEA","X",8,"fly_ball",1,2,2023,"1.21","-0.59","0.47","1.67",,641487,,0,6,"Top",154.64,54.53,,,680777,,,3.7190691321480833,-122.87207058888075,-0.8826919651879241,11.63966508035123,22.36651175174764,-38.176073544971864,"3.48","1.62",363,"97.7",27,"86.5",2446,"7.4",717264,641154,680777,666135,666397,650489,621043,663616,608336,596146,"53.09",0.417,0.699,"0",1,0,0,6,43,4,"Sweeper",5,2,2,5,2,5,2,5,"Infield shade","Standard",44,"0.023","-0.239",,
"ST","2023-07-25","83.1","-2.12","5.36","López, Pablo",553993,641154,,"called_strike",,,,,5,"Eugenio Suarez flies out to center fielder Joey Gallo.   J.P. Crawford to 3rd.","R","R","R","MIN","SEA","S",,,1,0,2023,"1.21","-0.4","-0.21","2.72",,641487,,0,6,"Top",,,,,680777,,,2.0319276698705053,-121.08727373206099,1.1681724603079615,11.583314159638414,21.69716440544338,-36.58168717608883,"3.53","1.61",,,,"84.9",2409,"7.2",717264,641154,680777,666135,666397,650489,621043,663616,608336,596146,"53.32",,,,,,,,43,2,"Sweeper",5,2,2,5,2,5,2,5,"Standard","Standard",50,"0","-0.083",,
"ST","2023-07-25","83.8","-2.28","5.38","López, Pablo",664034,641154,,"ball",,,,,14,"Ty France grounds out, third baseman Willi Castro to first baseman Alex Kirilloff.","R","R","R","MIN","SEA","B",,,1,0,2023,"1.28","-0.41","1.15","2.02",,,,1,5,"Top",,,,,680777,,,5.484989312081864,-121.9157766189721,-0.4783427159734054,11.547601873688011,25.293811945543286,-36.41689234152896,"3.15","1.46",,,,"84.9",2465,"7.2",717264,641154,680777,666135,666397,650489,621043,663616,608336,596146,"53.34",,,,,,,,36,2,"Sweeper",5,1,1,5,1,5,1,5,"Infield shade","Standard",45,"0","0.042",,
"ST","2023-07-25","82.4","-2.19","5.5","López, Pablo",645801,641154,,"foul",,,,,6,"Mike Ford called out on strikes.","R","L","R","MIN","SEA","S",,,0,1,2023,"1.22","-0.13","0.33","2.36",,,,0,5,"Top",,,,,680777,,,3.407535946876008,-120.03646461346152,-0.40732817589653636,11.190114119977915,21.97823902337681,-33.5840043316917,"3.34","1.6",157,"86.6",12,"84",2427,"7.1",717264,641154,680777,666135,666397,650489,621043,663616,608336,596146,"53.36",,,,,,,,35,2,"Sweeper",5,1,1,5,1,5,1,5,"Infield shade","Standard",39,"0","-0.049",,
"ST","2023-07-25","83.9","-2.33","5.27","López, Pablo",677594,641154,,"ball",,,,,14,"Julio Rodriguez grounds out sharply, shortstop Carlos Correa to first baseman Alex Kirilloff.","R","R","R","MIN","SEA","B",,,1,0,2023,"0.53","-0.08","0.83","1.29",,,606192,2,4,"Top",,,,,680777,,,6.4058727153993,-122.31350562668375,-2.847865775885239,4.40567675406642,18.52630712603117,-32.69022993396086,"3.18","1.44",,,,"86.5",2534,"7.3",717264,641154,680777,666135,666397,650489,621043,663616,608336,596146,"53.16",,,,,,,,31,2,"Sweeper",5,1,1,5,1,5,1,5,"Infield shade","Standard",38,"0","0.031",,
"ST","2023-07-25","84.3","-2.18","5.36","López, Pablo",606192,641154,"force_out","hit_into_play",,,,,9,"Teoscar Hernandez grounds into a force out, third baseman Willi Castro to second baseman Edouard Julien.   Cal Raleigh out at 2nd.    Teoscar Hernandez to 1st.","R","R","R","MIN","SEA","X",5,"ground_ball",0,1,2023,"1.07","-0.38","0.35","1.95",,,663728,1,4,"Top",103.2,166.82,,,680777,,,3.831414159338221,-122.75814065505973,-0.8474894771275636,10.166649119302903,23.04437354107172,-36.03267585777118,"3.53","1.67",4,"65.3",-27,"86",2495,"7.2",717264,641154,680777,666135,666397,650489,621043,663616,608336,596146,"53.29",0.034,0.047,"0",1,0,0,2,30,2,"Sweeper",5,1,1,5,1,5,1,5,"Infield shade","Standard",39,"0.02","-0.343",,
"ST","2023-07-25","84.7","-2.07","5.39","López, Pablo",606192,641154,,"swinging_strike",,,,,14,"Teoscar Hernandez grounds into a force out, third baseman Willi Castro to second baseman Edouard Julien.   Cal Raleigh out at 2nd.    Teoscar Hernandez to 1st.","R","R","R","MIN","SEA","S",,,0,0,2023,"0.96","-0.51","0.55","1.07",,,663728,1,4,"Top",,,,,680777,,,4.265830143014918,-123.30377670467753,-2.789567015517926,9.013660135465587,23.406329240537207,-37.11342397274848,"3.53","1.67",,,,"86.4",2511,"7.2",717264,641154,680777,666135,666397,650489,621043,663616,608336,596146,"53.27",,,,,,,,30,1,"Sweeper",5,1,1,5,1,5,1,5,"Infield shade","Standard",29,"0","-0.05",,
"ST","2023-07-25","84.8","-2.14","5.24","López, Pablo",553993,641154,,"ball",,,,,14,"Eugenio Suarez strikes out swinging.","R","R","R","MIN","SEA","B",,,1,2,2023,"1.12","-0.4","1.49","0.36",,,,0,4,"Top",,,,,680777,,,6.394804094399255,-123.44456492057212,-4.4028988149437005,10.340280932318036,22.93515759725012,-35.64251243703963,"3.5","1.61",,,,"87",2451,"7.5",717264,641154,680777,666135,666397,650489,621043,663616,608336,596146,"53",,,,,,,,28,4,"Sweeper",5,1,1,5,1,5,1,5,"Standard","Standard",34,"0","0.041",,
"ST","2023-07-25","82.9","-2.32","5.45","López, Pablo",641487,641154,,"ball",,,,,11,"J.P. Crawford grounds out, first baseman Alex Kirilloff to pitcher Pablo Lopez.","R","L","R","MIN","SEA","B",,,1,1,2023,"1.24","-0.51","-0.95","2.66",,,,2,3,"Top",,,,,680777,,,0.7259244088916765,-120.72635236042858,1.1139811071917536,11.997538569084272,23.122450438280843,-37.620964062117146,"3.45","1.6",,,,"84.3",2405,"7.1",717264,641154,680777,666135,666397,650489,621043,663616,608336,596146,"53.4",,,,,,,,22,3,"Sweeper",4,1,1,4,1,4,1,4,"Infield shade","Standard",52,"0","0.02",,
"ST","2023-07-25","85.1","-2.21","5.48","López, Pablo",641487,641154,,"ball",,,,,14,"J.P. Crawford grounds out, first baseman Alex Kirilloff to pitcher Pablo Lopez.","R","L","R","MIN","SEA","B",,,0,0,2023,"0.96","0.2","1.92","1.28",,,,2,3,"Top",,,,,680777,,,7.896059481423878,-123.85930930287576,-4.046223831746501,8.508928386040612,22.067832136292783,-29.56783229014141,"3.5","1.6",,,,"87",2537,"7.2",717264,641154,680777,666135,666397,650489,621043,663616,608336,596146,"53.25",,,,,,,,22,1,"Sweeper",4,1,1,4,1,4,1,4,"Infield shade","Standard",35,"0","0.016",,
"ST","2023-07-25","84.3","-2.06","5.57","López, Pablo",687799,641154,"field_out","hit_into_play",,,,,6,"Cade Marlowe flies out to right fielder Max Kepler.","R","L","R","MIN","SEA","X",9,"fly_ball",0,1,2023,"1.21","-0.1","0.81","2.48",,,,0,3,"Top",172.02,99.18,,,680777,,,4.317614493879503,-122.88488893583222,-0.7094720258639807,11.64937085785275,21.481806332572887,-33.27922423905824,"3.41","1.56",273,"75.4",36,"86",2476,"7",717264,641154,680777,666135,666397,650489,621043,663616,608336,596146,"53.46",0.186,0.201,"0",1,0,0,3,20,2,"Sweeper",4,1,1,4,1,4,1,4,"Infield shade","Standard",33,"0.02","-0.2",,
"ST","2023-07-25","84.6","-2.06","5.32","López, Pablo",664034,641154,,"blocked_ball",,,,,14,"Ty France grounds into a double play, second baseman Edouard Julien to shortstop Carlos Correa to first baseman Alex Kirilloff.   Mike Ford out at 2nd.    Ty France out at 1st.","R","R","R","MIN","SEA","B",,,2,2,2023,"1.05","-0.23","2.48","0.69",,,645801,1,2,"Top",,,,,680777,,,8.68906940110409,-122.98341421135447,-4.069186195332517,8.981817932193866,23.49623198226051,-33.89663577802537,"3.1","1.41",,,,"86.4",2495,"7.4",717264,641154,680777,666135,666397,650489,621043,663616,608336,596146,"53.08",,,,,,,,14,5,"Sweeper",4,1,1,4,1,4,1,4,"Standard","Standard",33,"0","0.099",,
"ST","2023-07-25","83.5","-1.99","5.47","López, Pablo",664034,641154,,"ball",,,,,12,"Ty France grounds into a double play, second baseman Edouard Julien to shortstop Carlos Correa to first baseman Alex Kirilloff.   Mike Ford out at 2nd.    Ty France out at 1st.","R","R","R","MIN","SEA","B",,,1,1,2023,"1.02","-0.13","0.23","3.64",,,645801,1,2,"Top",,,,,680777,,,3.1639255980872023,-121.69232828173084,2.4601810573815666,9.662740513285256,21.79466960410355,-34.075608907158546,"3.13","1.46",,,,"85.3",2464,"7.2",717264,641154,680777,666135,666397,650489,621043,663616,608336,596146,"53.35",,,,,,,,14,3,"Sweeper",4,1,1,4,1,4,1,4,"Infield shade","Standard",47,"0","0.054",,
"ST","2023-07-25","84.2","-2.16","5.41","López, Pablo",664034,641154,,"ball",,,,,11,"Ty France grounds into a double play, second baseman Edouard Julien to shortstop Carlos Correa to first baseman Alex Kirilloff.   Mike Ford out at 2nd.    Ty France out at 1st.","R","R","R","MIN","SEA","B",,,0,1,2023,"1.04","-0.17","-0.96","2.73",,,645801,1,2,"Top",,,,,680777,,,0.7071395103875522,-122.66850591535788,0.47016057551922263,10.434281166749077,22.819728812881735,-34.21104155087804,"3.1","1.36",,,,"85.8",2460,"7.1",717264,641154,680777,666135,666397,650489,621043,663616,608336,596146,"53.4",,,,,,,,14,2,"Sweeper",4,1,1,4,1,4,1,4,"Infield shade","Standard",49,"0","0.03",,
"ST","2023-07-25","84.5","-2.25","5.4","López, Pablo",645801,641154,,"ball",,,,,14,"Mike Ford walks.","R","L","R","MIN","SEA","B",,,1,0,2023,"1.19","-0.14","0.53","1.19",,,,1,2,"Top",,,,,680777,,,4.166005451401415,-123.02466182509099,-3.1810075589388562,11.155525447605175,25.557221839617632,-33.19801691266806,"3.39","1.59",,,,"85.8",2516,"7.2",717264,641154,680777,666135,666397,650489,621043,663616,608336,596146,"53.27",,,,,,,,13,2,"Sweeper",4,1,1,4,1,4,1,4,"Infield shade","Standard",49,"0","0.042",,
"ST","2023-07-25","85.6","-2.24","5.52","López, Pablo",606192,641154,"strikeout","swinging_strike",,,,,9,"Teoscar Hernandez strikes out swinging.","R","R","R","MIN","SEA","S",2,,0,2,2023,"0.85","0.06","0.74","1.91",,,,0,2,"Top",,,,,680777,,,5.423651536166219,-124.60652792554288,-2.4585562941308865,7.929736539790155,23.11120966549016,-31.283398358480405,"3.53","1.67",,,,"87.6",2627,"7.3",717264,641154,680777,666135,666397,650489,621043,663616,608336,596146,"53.16",,0,"0",1,0,0,,11,3,"Sweeper",4,0,0,4,0,4,0,4,"Infield shade","Standard",40,"0.016","-0.152",,
"ST","2023-07-25","84.9","-2.06","5.52","López, Pablo",606192,641154,,"swinging_strike",,,,,14,"Teoscar Hernandez strikes out swinging.","R","R","R","MIN","SEA","S",,,0,1,2023,"1.33","-0.43","1.15","1.87",,,,0,2,"Top",,,,,680777,,,4.936500631377555,-123.56981113393871,-1.348165246423076,12.572019464180585,25.043733895101646,-36.469198230729745,"3.53","1.67",,,,"86.3",2477,"7.2",717264,641154,680777,666135,666397,650489,621043,663616,608336,596146,"53.28",,,,,,,,11,2,"Sweeper",4,0,0,4,0,4,0,4,"Standard","Standard",37,"0","-0.049",,
"ST","2023-07-25","85.9","-2.24","5.43","López, Pablo",553993,641154,"strikeout","called_strike",,,,,6,"Eugenio Suarez called out on strikes.","R","R","R","MIN","SEA","S",2,,1,2,2023,"1.25","-0.44","0.78","2.73",,,,1,1,"Top",,,,,680777,,,4.69085367777738,-125.06204207901993,0.835636027151667,12.045032715439996,27.3819028376613,-37.155270460050765,"3.47","1.5",,,,"87.3",2381,"7.4",717264,641154,680777,666135,666397,650489,621043,663616,608336,596146,"53.14",,0,"0",1,0,0,,2,4,"Sweeper",0,0,0,0,0,0,0,0,"Standard","Standard",42,"0.015","-0.119",,
"ST","2023-07-25","87","-2","5.42","López, Pablo",553993,641154,,"ball",,,,,14,"Eugenio Suarez called out on strikes.","R","R","R","MIN","SEA","B",,,0,2,2023,"1.38","-0.26","1.58","2.18",,,,1,1,"Top",,,,,680777,,,5.862323632859533,-126.54703215398267,-1.038968840594503,13.51788636188231,26.65610376341545,-34.960791383192536,"3.45","1.5",,,,"88.6",2485,"7.4",717264,641154,680777,666135,666397,650489,621043,663616,608336,596146,"53.13",,,,,,,,2,3,"Sweeper",0,0,0,0,0,0,0,0,"Standard","Standard",45,"0","0.012",,
"ST","2023-07-05","81.4","-2.19","5.37","López, Pablo",669004,641154,"field_out","hit_into_play",,,,,8,"MJ Melendez lines out sharply to center fielder Michael A.   Taylor.","R","L","R","MIN","KC","X",8,"line_drive",0,0,2023,"1.05","-0.21","0.03","2.18",,,,2,9,"Top",102.86,59.02,,,680777,,,3.002860408097155,-118.55368532351302,-0.13288752704648177,9.286912553214135,23.073670546681498,-34.366826850724536,"3.4","1.65",352,"100",17,"82.4",2473,"7",717482,641154,680777,666135,571657,650489,621043,608336,572191,596146,"53.55",0.449,0.464,"0",1,0,0,4,66,1,"Sweeper",5,0,0,5,0,5,0,5,"Infield shade","Standard",46,"0","-0.106",,
"ST","2023-07-05","82.4","-2.14","5.28","López, Pablo",677951,641154,"field_out","hit_into_play",,,,,14,"Bobby Witt Jr.  grounds out, shortstop Carlos Correa to first baseman Alex Kirilloff.","R","R","R","MIN","KC","X",6,"ground_ball",0,0,2023,"1.25","-0.21","0.19","1.48",,,,1,9,"Top",112.53,158.08,,,680777,,,2.924893464228323,-119.99105407294542,-1.736888762187359,11.471577409884981,23.307797013829763,-34.06187010266945,"3.56","1.7",130,"91",6,"83.7",2414,"7.1",717482,641154,680777,666135,571657,650489,621043,608336,572191,596146,"53.36",0.457,0.411,"0",1,0,0,4,65,1,"Sweeper",5,0,0,5,0,5,0,5,"Standard","Standard",55,"0.002","-0.169",,
"ST","2023-07-05","83.4","-2.02","5.39","López, Pablo",672580,641154,"field_out","hit_into_play",,,,,14,"Maikel Garcia grounds out, third baseman Willi Castro to first baseman Alex Kirilloff.","R","R","R","MIN","KC","X",5,"ground_ball",1,2,2023,"0.63","0.25","0.97","2.11",,,,0,9,"Top",108.56,173.97,,,680777,,,5.806700050078073,-121.32299158210071,-1.6053230512435603,5.043940552791913,24.345218243166503,-29.65042302463935,"3.47","1.71",9,"72.6",-14,"85.8",2521,"7.9",717482,641154,680777,666135,571657,650489,621043,608336,572191,596146,"52.58",0.06,0.061,"0",1,0,0,2,64,4,"Sweeper",5,0,0,5,0,5,0,5,"Standard","Standard",46,"0.003","-0.173",,
"ST","2023-07-05","83.2","-2.2","5.34","López, Pablo",672580,641154,,"called_strike",,,,,8,"Maikel Garcia grounds out, third baseman Willi Castro to first baseman Alex Kirilloff.","R","R","R","MIN","KC","S",,,1,1,2023,"0.74","0.16","-0.17","2.09",,,,0,9,"Top",,,,,680777,,,3.2790498568462647,-121.25004003929432,-1.3826530825869587,6.718690096198393,21.929226650400395,-30.5357241765766,"3.46","1.72",,,,"85.1",2422,"7.3",717482,641154,680777,666135,571657,650489,621043,608336,572191,596146,"53.2",,,,,,,,64,3,"Sweeper",5,0,0,5,0,5,0,5,"Standard","Standard",51,"0","-0.055",,
"ST","2023-07-05","83.3","-2.26","5.44","López, Pablo",672580,641154,,"foul",,,,,9,"Maikel Garcia grounds out, third baseman Willi Castro to first baseman Alex Kirilloff.","R","R","R","MIN","KC","S",,,0,0,2023,"1","0.2","0.65","1.65",,,,0,9,"Top",,,,,680777,,,4.82806189212048,-121.39484037102591,-2.7626102975124605,9.097234723582114,21.400732529577613,-29.869446762260587,"3.47","1.71",2,"44.1",-48,"85.7",2519,"7.5",717482,641154,680777,666135,571657,650489,621043,608336,572191,596146,"52.96",,,,,,,,64,1,"Sweeper",5,0,0,5,0,5,0,5,"Standard","Standard",51,"0","-0.038",,
"ST","2023-07-05","83.3","-2.1","5.34","López, Pablo",669004,641154,,"ball",,,,,14,"MJ Melendez flies out to left fielder Joey Gallo.","R","L","R","MIN","KC","B",,,0,1,2023,"1.08","-0.01","1.91","1.42",,,,0,7,"Top",,,,,680777,,,7.283891051492067,-121.14879778709424,-2.5500403107402687,9.121890839074789,24.307258179222107,-31.929632942447927,"3.46","1.72",,,,"85.4",2533,"7.8",717482,641154,680777,666135,456781,571657,621043,608336,650489,596146,"52.74",,,,,,,,47,2,"Sweeper",3,0,0,3,0,3,0,3,"Infield shade","Standard",30,"0","0.028",,
"ST","2023-07-05","84.3","-2.3","5.34","López, Pablo",677951,641154,,"called_strike",,,,,7,"Bobby Witt Jr.  called out on strikes.","R","R","R","MIN","KC","S",,,0,0,2023,"0.87","0.16","-0.56","2.14",,,,2,6,"Top",,,,,680777,,,2.3623459506817626,-122.79053873019637,-1.4182244015311047,8.384871322110836,23.296457359646926,-30.510575819083034,"3.57","1.69",,,,"85.6",2602,"7",717482,641154,680777,666135,666397,456781,621043,608336,650489,596146,"53.52",,,,,,,,42,1,"Sweeper",3,0,0,3,0,3,0,3,"Standard","Standard",55,"0","-0.017",,
"ST","2023-07-05","83.4","-2.22","5.25","López, Pablo",622110,641154,,"foul",,,,,14,"Matt Duffy strikes out swinging.","R","R","R","MIN","KC","S",,,1,2,2023,"1.18","0.17","0.57","1.47",,,,0,6,"Top",,,,,680777,,,4.161257275276599,-121.45259587986713,-2.6473547627710214,10.94757711384859,23.118373035107915,-30.205704645207533,"3.54","1.65",2,"69.9",-34,"84.8",2535,"7.1",717482,641154,680777,666135,666397,456781,621043,608336,650489,596146,"53.41",,,,,,,,40,4,"Sweeper",3,0,0,3,0,3,0,3,"Standard","Standard",58,"0","0",,
"ST","2023-07-05","82","-2.31","5.31","López, Pablo",622110,641154,,"called_strike",,,,,5,"Matt Duffy strikes out swinging.","R","R","R","MIN","KC","S",,,1,1,2023,"1.29","0.11","-0.14","2.88",,,,0,6,"Top",,,,,680777,,,2.431188044080879,-119.44963695173378,0.8553886821310781,11.888502272460538,22.893419897792366,-31.464359915230002,"3.55","1.63",,,,"83.2",2551,"7",717482,641154,680777,666135,666397,456781,621043,608336,650489,596146,"53.49",,,,,,,,40,3,"Sweeper",3,0,0,3,0,3,0,3,"Standard","Standard",59,"0","-0.055",,
"ST","2023-07-05","82.7","-2.11","5.36","López, Pablo",622110,641154,,"ball",,,,,12,"Matt Duffy strikes out swinging.","R","R","R","MIN","KC","B",,,0,1,2023,"1.04","0.09","0.86","3.32",,,,0,6,"Top",,,,,680777,,,4.88135198885339,-120.2790607976976,1.7665895761770447,9.066729570603695,24.19668031383525,-31.890973060676203,"3.55","1.63",,,,"84.9",2438,"7.8",717482,641154,680777,666135,666397,456781,621043,608336,650489,596146,"52.65",,,,,,,,40,2,"Sweeper",3,0,0,3,0,3,0,3,"Standard","Standard",51,"0","0.028",,
"ST","2023-07-05","83.5","-2.26","5.2","López, Pablo",664728,641154,"strikeout","called_strike",,,,,8,"Kyle Isbel called out on strikes.","R","L","R","MIN","KC","S",2,,2,2,2023,"1.03","-0.12","-0.09","1.72",,,,2,5,"Top",,,,,680777,,,3.0294946494594455,-121.59551024508211,-1.3412429962590948,9.60578226856926,23.98542064340767,-33.305581008199056,"3.46","1.72",,,,"85.9",2519,"7.8",717482,641154,680777,666135,666397,456781,621043,608336,650489,596146,"52.72",,0,"0",1,0,0,,35,6,"Sweeper",3,0,0,3,0,3,0,3,"Infield shade","Standard",51,"0.009","-0.09",,
"ST","2023-07-05","83.5","-2.19","5.26","López, Pablo",686681,641154,,"foul_tip",,,,,12,"Michael Massey strikes out swinging.","R","L","R","MIN","KC","S",,,0,1,2023,"0.88","0.64","1.34","2.79",,,,0,5,"Top",,,,,680777,,,6.544678565624205,-121.50343893124413,-0.4898759375141642,7.4143759155868425,24.27410450083134,-25.973739330665154,"3.58","1.71",,,,"85.4",2521,"7.6",717482,641154,680777,666135,666397,456781,621043,608336,650489,596146,"52.93",,,,,,,,33,2,"Sweeper",3,0,0,3,0,3,0,3,"Infield shade","Standard",60,"0","-0.049",,
"ST","2023-07-05","83.8","-2.16","5.45","López, Pablo",677951,641154,,"foul",,,,,14,"Bobby Witt Jr.  strikes out swinging.","R","R","R","MIN","KC","S",,,1,0,2023,"1.08","-0.21","0.46","1.42",,,672580,2,3,"Top",,,,,680777,,,4.035184682517266,-122.03402238975133,-2.5171104171765757,9.888784972841316,25.12245535985818,-33.95027525121835,"3.56","1.7",6,"63.8",-14,"86.1",2450,"7.9",717482,641154,680777,666135,666397,456781,621043,608336,650489,596146,"52.64",,,,,,,,20,2,"Sweeper",1,0,0,1,0,1,0,1,"Infield shade","Standard",35,"0","-0.042",,
"ST","2023-07-05","82.9","-2.12","5.44","López, Pablo",677951,641154,,"ball",,,,,14,"Bobby Witt Jr.  strikes out swinging.","R","R","R","MIN","KC","B",,,0,0,2023,"1.11","-0.06","0.89","2.27",,,672580,2,3,"Top",,,,,680777,,,4.849324104002098,-120.60308230863644,-0.5951242594878797,9.765150268083147,25.183374053548686,-32.82668539175554,"3.41","1.58",,,,"85.1",2430,"7.9",717482,641154,680777,666135,666397,456781,621043,608336,650489,596146,"52.61",,,,,,,,20,1,"Sweeper",1,0,0,1,0,1,0,1,"Infield shade","Standard",46,"0","0.025",,
"ST","2023-07-05","84.2","-2.24","5.39","López, Pablo",622110,641154,"field_out","hit_into_play",,,,,5,"Matt Duffy grounds out, third baseman Donovan Solano to first baseman Alex Kirilloff.","R","R","R","MIN","KC","X",5,"ground_ball",0,1,2023,"0.62","0.03","0.11","2.73",,,,1,3,"Top",94.14,161.12,,,680777,,,4.285929680469069,-122.44546933684072,0.2416940171166404,5.206182435973934,26.88778011310144,-32.183277419975546,"3.54","1.65",17,"93.2",-9,"84.8",2501,"6.9",717482,641154,680777,666135,666397,456781,621043,608336,650489,596146,"53.56",0.189,0.184,"0",1,0,0,2,18,2,"Sweeper",1,0,0,1,0,1,0,1,"Standard","Standard",61,"0.018","-0.143",,
"ST","2023-07-05","82.2","-2.25","5.5","López, Pablo",671221,641154,,"called_strike",,,,,4,"Drew Waters singles on a line drive to left fielder Joey Gallo.","R","L","R","MIN","KC","S",,,1,1,2023,"0.88","-0.12","-0.43","2.77",,,,2,2,"Top",,,,,680777,,,2.4371766385485603,-119.72069708830352,0.572729566285249,7.966376883536581,23.005381938906293,-33.61289455949212,"3.41","1.52",,,,"82.9",2433,"6.7",717482,641154,680777,666135,666397,456781,621043,608336,650489,596146,"53.81",,,,,,,,11,3,"Sweeper",1,0,0,1,0,1,0,1,"Infield shade","Standard",51,"0","-0.027",,
"ST","2023-07-05","85.4","-2.06","5.35","López, Pablo",671221,641154,,"ball",,,,,14,"Drew Waters singles on a line drive to left fielder Joey Gallo.","R","L","R","MIN","KC","B",,,0,1,2023,"0.58","-0.08","1.51","1.25",,,,2,2,"Top",,,,,680777,,,7.450160422541963,-124.1704249542233,-3.269540664015425,4.570538715933849,24.172894528937796,-32.57961281754281,"3.45","1.52",,,,"87.8",2391,"7.8",717482,641154,680777,666135,666397,456781,621043,608336,650489,596146,"52.72",,,,,,,,11,2,"Sweeper",1,0,0,1,0,1,0,1,"Infield shade","Standard",52,"0","0.012",,
"ST","2023-07-05","83.9","-2.05","5.43","López, Pablo",669004,641154,"double","hit_into_play",,,,,6,"MJ Melendez doubles (15) on a line drive to right fielder Max Kepler, deflected by first baseman Alex Kirilloff.","R","L","R","MIN","KC","X",3,"line_drive",1,2,2023,"0.97","-0.05","0.41","2.23",,,,2,1,"Top",191.18,131.87,,,680777,,,3.827217229710254,-122.19718339436751,-0.9282045500770515,9.017334166138019,23.748921715989297,-32.675267976906866,"3.4","1.65",157,"79",15,"85.1",2463,"7",717482,641154,680777,666135,666397,456781,621043,608336,650489,596146,"53.53",0.809,0.745,"1.25",1,1,1,4,3,5,"Sweeper",0,0,0,0,0,0,0,0,"Infield shade","Standard",46,"-0.022","0.254",,
"ST","2023-07-05","84.4","-2.16","5.43","López, Pablo",677951,641154,,"called_strike",,,,,3,"Bobby Witt Jr.  strikes out swinging.","R","R","R","MIN","KC","S",,,0,1,2023,"0.6","0.1","0.58","3.04",,,,1,1,"Top",,,,,680777,,,5.262392834782139,-123.01630943055832,0.5394145225025586,5.226438032775924,21.741890740784502,-31.472363115430802,"3.57","1.75",,,,"86",2488,"7",717482,641154,680777,666135,666397,456781,621043,608336,650489,596146,"53.52",,,,,,,,2,2,"Sweeper",0,0,0,0,0,0,0,0,"Infield shade","Standard",52,"0","-0.036",,
"ST","2023-07-05","85.5","-2.12","5.43","López, Pablo",672580,641154,,"ball",,,,,14,"Maikel Garcia called out on strikes.","R","R","R","MIN","KC","B",,,0,1,2023,"0.89","0.08","1.1","2.26",,,,0,1,"Top",,,,,680777,,,5.93786734783981,-124.57634645306814,-1.4562595328882442,8.317667190019833,21.968458318402437,-31.312066306093186,"3.48","1.75",,,,"88.1",2343,"7.6",717482,641154,680777,666135,666397,456781,621043,608336,650489,596146,"52.91",,,,,,,,1,2,"Sweeper",0,0,0,0,0,0,0,0,"Infield shade","Standard",55,"0","0.028",,
"ST","2023-07-05","84.7","-2.25","5.5","López, Pablo",672580,641154,,"called_strike",,,,,2,"Maikel Garcia called out on strikes.","R","R","R","MIN","KC","S",,,0,0,2023,"0.98","0.15","0","3.21",,,,0,1,"Top",,,,,680777,,,3.3881679745836406,-123.41414287573566,0.6381760794273839,9.517359460111042,21.34185790352823,-30.94357829543482,"3.44","1.55",,,,"87.1",2274,"7.5",717482,641154,680777,666135,666397,456781,621043,608336,650489,596146,"53.02",,,,,,,,1,1,"Sweeper",0,0,0,0,0,0,0,0,"Infield shade","Standard",50,"0","-0.038",,
"ST","2023-06-19","84","-2.24","5.15","López, Pablo",622569,641154,,"called_strike",,,,,9,"Pablo Reyes strikes out swinging.","R","R","R","MIN","BOS","S",,,0,0,2023,"0.73","0.02","0.6","1.46",671213,657136,,1,6,"Top",,,,,543877,,,5.2714505179917905,-122.29118115142066,-2.2790961298537113,6.441980556136883,22.358883306877015,-31.750328315682804,"3.33","1.5",,,,"86.9",2498,"8",717693,641154,543877,456781,666397,571657,621043,608336,650489,666135,"52.55",,,,,,,,46,1,"Sweeper",3,3,3,3,3,3,3,3,"Strategic","Standard",53,"0","-0.07",,
"ST","2023-06-19","82.3","-1.64","5.6","López, Pablo",657136,641154,,"blocked_ball",,,,,14,"Connor Wong doubles (14) on a line drive to center fielder Willi Castro.   Triston Casas to 3rd.","R","R","R","MIN","BOS","B",,,0,2,2023,"0.76","-0.34","1.73","0.39",,,671213,1,6,"Top",,,,,543877,,,6.341262984666483,-119.68868704563295,-4.764881693072985,6.204345056678136,21.513209756044297,-34.747006445248566,"3.22","1.42",,,,"84.8",2472,"7.8",717693,641154,543877,456781,666397,571657,621043,608336,650489,666135,"52.71",,,,,,,,45,3,"Sweeper",3,3,3,3,3,3,3,3,"Standard","Standard",36,"0","0.027",,
"ST","2023-06-19","82.4","-1.83","5.62","López, Pablo",657136,641154,,"swinging_strike",,,,,14,"Connor Wong doubles (14) on a line drive to center fielder Willi Castro.   Triston Casas to 3rd.","R","R","R","MIN","BOS","S",,,0,1,2023,"0.61","-0.37","0.65","1.09",,,671213,1,6,"Top",,,,,543877,,,4.606900299136309,-119.96846332943389,-3.1756788570617323,5.0921920653254125,21.769126544646365,-35.35701587780077,"3.19","1.45",,,,"85.3",2450,"8",717693,641154,543877,456781,666397,571657,621043,608336,650489,666135,"52.49",,,,,,,,45,2,"Sweeper",3,3,3,3,3,3,3,3,"Standard","Standard",36,"0","-0.062",,
"ST","2023-06-19","83.2","-1.99","5.59","López, Pablo",807799,641154,,"ball",,,,,8,"Masataka Yoshida strikes out swinging.","R","L","R","MIN","BOS","B",,,0,2,2023,"1.05","-0.52","-0.18","1.47",,,,2,5,"Top",,,,,543877,,,2.125621273728088,-121.1531102010068,-2.028056028587208,9.956881618069467,23.51903930455735,-37.072165943903755,"3.2","1.46",,,,"85.7",2643,"7.8",717693,641154,543877,456781,666397,571657,621043,608336,650489,666135,"52.68",,,,,,,,36,3,"Sweeper",0,3,3,0,3,0,3,0,"Infield shade","Standard",40,"0","0.009",,
"ST","2023-06-19","85","-2.37","5.27","López, Pablo",657136,641154,,"ball",,,,,14,"Connor Wong walks.","R","R","R","MIN","BOS","B",,,2,2,2023,"1.15","-0.07","1.53","1.63",,,,2,4,"Top",,,,,543877,,,7.084769873780014,-123.66939412525375,-2.0992922047356775,10.33189199837897,24.949281521497856,-32.66130685605858,"3.16","1.45",,,,"87.8",2463,"8.1",717693,641154,543877,456781,666397,571657,621043,608336,650489,666135,"52.39",,,,,,,,27,5,"Sweeper",0,1,1,0,1,0,1,0,"Standard","Standard",42,"0","0.04",,
"ST","2023-06-19","86","-2.22","5.33","López, Pablo",657136,641154,,"ball",,,,,14,"Connor Wong walks.","R","R","R","MIN","BOS","B",,,0,1,2023,"0.9","-0.11","1.35","1.15",,,,2,4,"Top",,,,,543877,,,6.838273350897245,-125.12558201362188,-3.5422829451856526,8.163317210679747,24.43863028402951,-32.850302434284785,"3.24","1.39",,,,"88.8",2447,"8",717693,641154,543877,456781,666397,571657,621043,608336,650489,666135,"52.53",,,,,,,,27,2,"Sweeper",0,1,1,0,1,0,1,0,"Standard","Standard",48,"0","0.012",,
"ST","2023-06-19","84.6","-2.3","5.29","López, Pablo",594807,641154,,"ball",,,,,14,"Adam Duvall walks.   Pablo Reyes scores.    Jarren Duran to 3rd.    Alex Verdugo to 2nd.","R","R","R","MIN","BOS","B",,,0,0,2023,"1.04","-0.05","1.37","2.13",622569,680776,657077,2,3,"Top",,,,,543877,,,6.702779602845798,-123.1641349489714,-0.9185421901935307,9.210302021894195,24.63944756284479,-32.73401735766393,"3.36","1.56",,,,"87.4",2426,"8.1",717693,641154,543877,456781,666397,571657,621043,608336,650489,666135,"52.44",,,,,,,,19,1,"Sweeper",0,0,0,0,0,0,0,0,"Infield shade","Standard",44,"0","0.101",,
"ST","2023-06-19","84.3","-2.47","5.38","López, Pablo",622569,641154,,"ball",,,,,11,"Pablo Reyes walks.","R","R","R","MIN","BOS","B",,,2,2,2023,"1.33","-0.16","-0.92","3.53",,,,1,3,"Top",,,,,543877,,,0.9532507037274728,-122.83705336960149,2.4215398239954347,13.326130895786683,23.520932349352705,-34.508223729985374,"3.33","1.59",,,,"85.9",2456,"7.2",717693,641154,543877,456781,666397,571657,621043,608336,650489,666135,"53.35",,,,,,,,15,6,"Sweeper",0,0,0,0,0,0,0,0,"Standard","Standard",51,"0","0.059",,
"ST","2023-06-19","85.3","-2.25","5.36","López, Pablo",622569,641154,,"ball",,,,,14,"Pablo Reyes walks.","R","R","R","MIN","BOS","B",,,0,2,2023,"1.21","-0.59","2.02","-0.32",,,,1,3,"Top",,,,,543877,,,7.824506238674321,-123.93371180869491,-5.922281725399548,10.619924987760019,27.262362580995504,-37.13821625019964,"3.36","1.62",,,,"87.3",2570,"7.9",717693,641154,543877,456781,666397,571657,621043,608336,650489,666135,"52.61",,,,,,,,15,3,"Sweeper",0,0,0,0,0,0,0,0,"Standard","Standard",37,"0","0.012",,
"ST","2023-06-19","86.5","-2.27","5.36","López, Pablo",594807,641154,,"ball",,,,,14,"Adam Duvall grounds out, shortstop Carlos Correa to first baseman Donovan Solano.","R","R","R","MIN","BOS","B",,,0,0,2023,"1.13","-0.43","1.47","0.99",680776,,,2,1,"Top",,,,,543877,,,6.81467639704082,-125.70779036347017,-3.283179862397164,10.215515864124642,29.508553228173508,-36.14926745352286,"3.28","1.5",,,,"88.4",2584,"7.9",717693,641154,543877,456781,666397,571657,621043,608336,650489,666135,"52.58",,,,,,,,4,1,"Sweeper",0,0,0,0,0,0,0,0,"Infield shade","Standard",38,"0","0.033",,
"ST","2023-06-13","84","-2.12","5.36","López, Pablo",605119,641154,"field_out","hit_into_play",,,,,14,"Brian Anderson grounds out, second baseman Kyle Farmer to first baseman Donovan Solano.","R","R","R","MIN","MIL","X",4,"ground_ball",0,2,2023,"0.87","0.08","0.96","1.81",,,680911,2,6,"Top",138.98,149.39,,,680777,,,5.591561856645598,-122.38170623016725,-2.105598585570567,7.780392519125089,21.552792514625896,-31.133860773078148,"3.36","1.57",6,"64.3",-16,"87.1",2470,"8",717783,641154,680777,456781,571657,668904,621043,608336,572191,666135,"52.55",0.029,0.035,"0",1,0,0,2,45,4,"Sweeper",2,3,3,2,3,2,3,2,"Standard","Standard",39,"0.026","-0.157",,
"ST","2023-06-13","84.2","-2.27","5.24","López, Pablo",642133,641154,,"ball",,,,,13,"Rowdy Tellez singles on a sharp line drive to left fielder Joey Gallo.","R","L","R","MIN","MIL","B",,,1,1,2023,"1.03","-0.3","-0.01","1.33",,,,0,6,"Top",,,,,680777,,,3.269051437067604,-122.73984399263554,-2.1898145924696033,9.817190001352454,23.084135472361687,-34.97787763813762,"3.75","1.75",,,,"85.5",2471,"6.9",717783,641154,680777,456781,571657,668904,621043,608336,572191,666135,"53.59",,,,,,,,42,3,"Sweeper",2,3,3,2,3,2,3,2,"Infield shade","Standard",41,"0","0.053",,
"ST","2023-06-13","83.2","-2.03","5.53","López, Pablo",642715,641154,"field_out","hit_into_play",,,,,1,"Willy Adames pops out to shortstop Carlos Correa.","R","R","R","MIN","MIL","X",6,"popup",0,0,2023,"0.91","-0.1","-0.37","2.97",,,592885,2,5,"Top",85.52,149.35,,,680777,,,2.075812817446265,-121.18335530704454,0.7531743861703744,8.605739247626952,22.09681957213448,-33.55058317366042,"3.38","1.68",183,"98.9",63,"85.1",2419,"7.3",717783,641154,680777,456781,571657,668904,621043,608336,572191,666135,"53.2",0.031,0.037,"0",1,0,0,3,38,1,"Sweeper",2,3,3,2,3,2,3,2,"Standard","Standard",49,"0.025","-0.241",,
"ST","2023-06-13","85.2","-2.12","5.49","López, Pablo",649966,641154,,"foul",,,,,6,"Luis Urias grounds out, pitcher Pablo Lopez to first baseman Donovan Solano.","R","R","R","MIN","MIL","S",,,0,1,2023,"1.29","-0.19","0.68","2.65",,,,2,4,"Top",,,,,680777,,,4.0517922222786895,-124.09211160468145,0.02257737020648176,12.565930332131307,24.24046520573104,-34.385890691770115,"3.18","1.52",246,"74.2",41,"87",2468,"7.3",717783,641154,680777,456781,571657,668904,621043,608336,572191,666135,"53.18",,,,,,,,30,2,"Sweeper",2,3,3,2,3,2,3,2,"Standard","Standard",45,"0","-0.023",,
"ST","2023-06-13","84.2","-1.75","5.67","López, Pablo",605119,641154,,"foul",,,,,14,"Brian Anderson strikes out swinging.","R","R","R","MIN","MIL","S",,,0,1,2023,"0.93","-0.42","0.97","1.99",,,,1,4,"Top",,,,,680777,,,4.542245940287353,-122.55655797260519,-1.3442900384817082,8.465853532155306,23.62351616487007,-36.39467686052986,"3.36","1.57",117,"67.9",13,"85.6",2615,"7.1",717783,641154,680777,456781,571657,668904,621043,608336,572191,666135,"53.37",,,,,,,,29,2,"Sweeper",2,3,3,2,3,2,3,2,"Standard","Standard",46,"0","-0.036",,
"ST","2023-06-13","86","-2.19","5.46","López, Pablo",680911,641154,"field_out","hit_into_play",,,,,8,"Owen Miller flies out to center fielder Michael A.   Taylor.","R","R","R","MIN","MIL","X",8,"fly_ball",0,0,2023,"0.9","-0.51","0.24","1.52",,,642133,2,3,"Top",112.66,66.41,,,680777,,,4.0417343356499185,-125.19655302910567,-2.0759269599074606,8.58767587150857,26.471870177026954,-37.293937991598106,"3.11","1.38",330,"89.6",34,"87.9",2424,"7.6",717783,641154,680777,456781,571657,668904,621043,608336,572191,666135,"52.94",0.023,0.021,"0",1,0,0,3,21,1,"Sweeper",0,3,3,0,3,0,3,0,"Standard","Standard",53,"0.014","-0.241",,
"ST","2023-06-13","86.9","-2.21","5.43","López, Pablo",642715,641154,,"blocked_ball",,,,,14,"Willy Adames grounds out, shortstop Carlos Correa to first baseman Donovan Solano.","R","R","R","MIN","MIL","B",,,0,0,2023,"0.5","-0.19","0.59","0.7",,592885,,1,3,"Top",,,,,680777,,,5.80207626352905,-126.35972434481285,-4.819554072975355,4.099089649874472,27.313947315750312,-33.335629816468035,"3.46","1.75",,,,"88.8",2457,"7.6",717783,641154,680777,456781,571657,668904,621043,608336,572191,666135,"52.88",,,,,,,,19,1,"Sweeper",0,2,2,0,2,0,2,0,"Standard","Standard",32,"0","0.042",,
"ST","2023-06-13","86.1","-2.12","5.37","López, Pablo",592885,641154,,"blocked_ball",,,,,14,"Christian Yelich doubles (11) on a sharp line drive to right fielder Alex Kirilloff.   Luis Urias scores.    Victor Caratini scores.","R","L","R","MIN","MIL","B",,,1,2,2023,"0.72","-0.02","0.61","0.72",,649966,605170,1,3,"Top",,,,,680777,,,5.111431079533551,-125.35215884687814,-4.851801206371785,6.610481789677947,25.24542541767024,-31.635522319815657,"3.32","1.83",,,,"88",2460,"7.4",717783,641154,680777,456781,571657,668904,621043,608336,572191,666135,"53.05",,,,,,,,18,4,"Sweeper",0,0,0,0,0,0,0,0,"Infield shade","Standard",46,"0","0.055",,
"ST","2023-06-13","84.2","-2.14","5.36","López, Pablo",592885,641154,,"swinging_strike",,,,,14,"Christian Yelich doubles (11) on a sharp line drive to right fielder Alex Kirilloff.   Luis Urias scores.    Victor Caratini scores.","R","L","R","MIN","MIL","S",,,0,1,2023,"1.06","0.02","0.09","1.34",,649966,605170,1,3,"Top",,,,,680777,,,3.1348630173843497,-122.6762559669692,-3.042977230434534,10.126002218386303,23.86208564615426,-31.613365115469474,"3.31","1.67",,,,"85.7",2375,"7.2",717783,641154,680777,456781,571657,668904,621043,608336,572191,666135,"53.34",,,,,,,,18,2,"Sweeper",0,0,0,0,0,0,0,0,"Standard","Standard",47,"0","-0.097",,
"ST","2023-06-13","86.1","-1.97","5.4","López, Pablo",686894,641154,,"ball",,,,,14,"Joey Wiemer strikes out swinging.","R","R","R","MIN","MIL","B",,,1,2,2023,"0.63","0.06","1.91","1.15",,649966,605170,0,3,"Top",,,,,680777,,,8.115207547534373,-125.09963739741279,-3.9880499553484485,4.8089071145221824,26.860078179450543,-30.886408672215882,"3.21","1.43",,,,"87.7",2295,"7.6",717783,641154,680777,456781,571657,668904,621043,608336,572191,666135,"52.95",,,,,,,,17,4,"Sweeper",0,0,0,0,0,0,0,0,"Standard","Standard",54,"0","0.07",,
"ST","2023-06-13","85.2","-2.24","5.43","López, Pablo",686894,641154,,"called_strike",,,,,7,"Joey Wiemer strikes out swinging.","R","R","R","MIN","MIL","S",,,1,1,2023,"0.73","-0.05","-0.52","1.8",,649966,605170,0,3,"Top",,,,,680777,,,2.613881330966335,-124.17585202139843,-2.229290693412936,7.240145073855009,21.241094537707923,-32.5299278582504,"3.21","1.51",,,,"87",2382,"7",717783,641154,680777,456781,571657,668904,621043,608336,572191,666135,"53.47",,,,,,,,17,3,"Sweeper",0,0,0,0,0,0,0,0,"Standard","Standard",56,"0","-0.154",,
"ST","2023-06-13","84.4","-2.14","5.47","López, Pablo",649966,641154,,"ball",,,,,3,"Luis Urias walks.","R","R","R","MIN","MIL","B",,,1,0,2023,"0.95","0.07","0.42","3.26",,,,0,3,"Top",,,,,680777,,,4.139516060778954,-122.86772572926914,1.1099435784904783,8.786754784730732,24.06163044660413,-31.856239548813758,"3.17","1.54",,,,"85.9",2493,"7.2",717783,641154,680777,456781,571657,668904,621043,608336,572191,666135,"53.28",,,,,,,,15,2,"Sweeper",0,0,0,0,0,0,0,0,"Standard","Standard",58,"0","0.064",,
"ST","2023-06-13","86","-1.95","5.57","López, Pablo",605119,641154,"strikeout","swinging_strike",,,,,14,"Brian Anderson strikes out swinging.","R","R","R","MIN","MIL","S",2,,1,2,2023,"0.69","-0.18","1.61","1.02",,,,2,2,"Top",,,,,680777,,,7.157311443153746,-125.19021246448361,-4.28519747654227,5.964229759869425,22.926405029703442,-33.47312553470741,"3.36","1.57",,,,"87.5",2434,"7",717783,641154,680777,456781,571657,668904,621043,608336,572191,666135,"53.5",,0,"0",1,0,0,,10,5,"Sweeper",0,0,0,0,0,0,0,0,"Standard","Standard",61,"0.01","-0.074",,
"ST","2023-06-13","87.3","-1.85","5.4","López, Pablo",605119,641154,,"ball",,,,,14,"Brian Anderson strikes out swinging.","R","R","R","MIN","MIL","B",,,0,2,2023,"0.78","-0.09","1.41","0.56",,,,2,2,"Top",,,,,680777,,,6.410657518967443,-127.00027520628397,-5.459754738982029,7.149360985194599,25.87131263897377,-32.17798178039718,"3.37","1.6",,,,"89.8",2478,"7.9",717783,641154,680777,456781,571657,668904,621043,608336,572191,666135,"52.65",,,,,,,,10,3,"Sweeper",0,0,0,0,0,0,0,0,"Standard","Standard",42,"0","0.009",,
"ST","2023-06-13","86.2","-1.86","5.54","López, Pablo",680911,641154,"strikeout","swinging_strike",,,,,14,"Owen Miller strikes out swinging.","R","R","R","MIN","MIL","S",2,,1,2,2023,"1.24","-0.19","2.1","1.44",,,,0,2,"Top",,,,,680777,,,7.094252292365055,-125.30007995722909,-3.1137827230892468,11.364710419012145,27.637227382493446,-33.72127340508631,"3.11","1.38",,,,"88.2",2561,"7.8",717783,641154,680777,456781,571657,668904,621043,608336,572191,666135,"52.67",,0,"0",1,0,0,,8,4,"Sweeper",0,0,0,0,0,0,0,0,"Standard","Standard",38,"0.023","-0.173",,
"ST","2023-06-13","85.1","-1.88","5.54","López, Pablo",680911,641154,,"ball",,,,,14,"Owen Miller strikes out swinging.","R","R","R","MIN","MIL","B",,,0,2,2023,"1.34","-0.26","0.78","0.83",,,,0,2,"Top",,,,,680777,,,3.6295227981959775,-123.78863473953368,-4.2503869415335425,12.91416254949707,26.35321077147403,-34.189623536904534,"3.12","1.34",,,,"86.8",2504,"7.6",717783,641154,680777,456781,571657,668904,621043,608336,572191,666135,"52.94",,,,,,,,8,3,"Sweeper",0,0,0,0,0,0,0,0,"Standard","Standard",40,"0","0.022",,
"ST","2023-06-13","84.8","-2","5.63","López, Pablo",680911,641154,,"foul",,,,,8,"Owen Miller strikes out swinging.","R","R","R","MIN","MIL","S",,,0,1,2023,"1.09","-0.18","0.1","1.89",,,,0,2,"Top",,,,,680777,,,2.8061915294358992,-123.56879428305655,-2.098456364489313,10.62392909285333,24.741892062407604,-33.84593901449301,"3.11","1.38",193,"67.4",28,"87.3",2539,"7.8",717783,641154,680777,456781,571657,668904,621043,608336,572191,666135,"52.68",,,,,,,,8,2,"Sweeper",0,0,0,0,0,0,0,0,"Standard","Standard",46,"0","-0.049",,
"ST","2023-06-13","85.1","-2.19","5.43","López, Pablo",642715,641154,,"foul",,,,,12,"Willy Adames strikes out swinging.","R","R","R","MIN","MIL","S",,,1,2,2023,"0.8","-0.25","0.85","3.05",,,,1,1,"Top",,,,,680777,,,5.579407569361238,-124.01269717185158,1.172148929550078,7.408075785746461,21.348909761396897,-35.191098296092775,"3.38","1.68",146,"80.3",71,"86.7",2617,"6.9",717783,641154,680777,456781,571657,668904,621043,608336,572191,666135,"53.56",,,,,,,,2,6,"Sweeper",0,0,0,0,0,0,0,0,"Standard","Standard",56,"0","0",,
"ST","2023-06-13","85.7","-2.11","5.47","López, Pablo",642715,641154,,"foul",,,,,7,"Willy Adames strikes out swinging.","R","R","R","MIN","MIL","S",,,1,2,2023,"1.21","-0.06","-0.54","2.16",,,,1,1,"Top",,,,,680777,,,1.2906687388987432,-124.89976496170193,-1.4997730220495706,12.490265337999205,23.30725808052332,-32.68928653583166,"3.38","1.68",176,"72",63,"88",2582,"7.5",717783,641154,680777,456781,571657,668904,621043,608336,572191,666135,"53.04",,,,,,,,2,4,"Sweeper",0,0,0,0,0,0,0,0,"Standard","Standard",55,"0","0",,
"ST","2023-06-13","88.3","-2.06","5.41","López, Pablo",642715,641154,,"ball",,,,,14,"Willy Adames strikes out swinging.","R","R","R","MIN","MIL","B",,,0,1,2023,"0.39","-0.2","1.24","0.23",,,,1,1,"Top",,,,,680777,,,7.41363666857736,-128.2823514775313,-6.222422209398055,2.7903159476089465,26.46303011526832,-33.29058057837105,"3.34","1.6",,,,"90.6",2464,"7.8",717783,641154,680777,456781,571657,668904,621043,608336,572191,666135,"52.72",,,,,,,,2,2,"Sweeper",0,0,0,0,0,0,0,0,"Standard","Standard",27,"0","0.019",,
"ST","2023-06-13","87.3","-2.11","5.6","López, Pablo",642715,641154,,"called_strike",,,,,9,"Willy Adames strikes out swinging.","R","R","R","MIN","MIL","S",,,0,0,2023,"0.73","-0.38","0.51","1.9",,,,1,1,"Top",,,,,680777,,,4.8870124184472035,-127.06775143711609,-2.0039599409137168,6.954618143695626,25.487921159120738,-36.069589555956,"3.29","1.66",,,,"89.2",2529,"7.4",717783,641154,680777,456781,571657,668904,621043,608336,572191,666135,"53.08",,,,,,,,2,1,"Sweeper",0,0,0,0,0,0,0,0,"Standard","Standard",46,"0","-0.026",,
"ST","2023-06-01","86.2","-2.24","5.28","López, Pablo",572287,641154,"single","hit_into_play",,,,,5,"Mike Zunino singles on a sharp ground ball to left fielder Joey Gallo.   Josh Bell scores.    Gabriel Arias scores.    Will Brennan to 2nd.","R","R","R","MIN","CLE","X",7,"ground_ball",3,2,2023,"1.01","-0.4","0.18","1.99",605137,672356,686823,2,6,"Top",74.4,104.07,,,543877,,,3.8176551083892147,-125.55163722018308,-0.7408554939359087,9.780241935852928,27.0881931011475,-36.4163092083656,"3.13","1.48",18,"103.7",-6,"88.5",2515,"7.8",717937,641154,543877,666135,593871,668904,621043,608336,572191,596146,"52.69",0.357,0.299,"0.9",1,1,0,2,49,8,"Sweeper",3,4,4,3,6,3,6,3,"Standard","Standard",41,"-0.18","1.466",,
"ST","2023-06-01","85","-2.18","5.36","López, Pablo",642708,641154,,"ball",,,,,1,"Amed Rosario pops out to first baseman Alex Kirilloff on the infield fly rule.","R","R","R","MIN","CLE","B",,,0,1,2023,"1.41","-0.02","-0.66","3.4",,664702,680757,0,6,"Top",,,,,543877,,,0.745635918639137,-123.82479023936253,1.7377919181199188,14.528180021945005,22.28969953499321,-32.85949851092006,"3.33","1.53",,,,"86.6",2499,"7",717937,641154,543877,666135,593871,668904,621043,608336,572191,596146,"53.5",,,,,,,,43,2,"Sweeper",3,1,1,3,1,3,1,3,"Standard","Standard",65,"0","0.07",,
"ST","2023-06-01","86.6","-2.18","5.38","López, Pablo",642708,641154,,"foul",,,,,8,"Amed Rosario pops out to first baseman Alex Kirilloff on the infield fly rule.","R","R","R","MIN","CLE","S",,,0,0,2023,"1.57","-0.27","0.16","1.77",,664702,680757,0,6,"Top",,,,,543877,,,2.4074805429848545,-126.11482125012256,-1.8056960479327033,16.07021507064908,28.732049196156037,-34.87352352385354,"3.24","1.56",4,"48",-24,"87.8",2493,"7.3",717937,641154,543877,666135,593871,668904,621043,608336,572191,596146,"53.2",,,,,,,,43,1,"Sweeper",3,1,1,3,1,3,1,3,"Standard","Standard",58,"0","-0.097",,
"ST","2023-06-01","83.9","-2.24","5.42","López, Pablo",664702,641154,,"ball",,,,,11,"Myles Straw walks.","R","R","R","MIN","CLE","B",,,1,1,2023,"1.83","-0.27","-1.08","2.51",,,,0,6,"Top",,,,,543877,,,-0.9493103200759798,-122.16930981371654,0.23004799206208482,18.515309920988756,24.56632025304443,-35.09679133738213,"3.28","1.48",,,,"84.9",2584,"6.9",717937,641154,543877,666135,593871,668904,621043,608336,572191,596146,"53.55",,,,,,,,41,3,"Sweeper",3,1,1,3,1,3,1,3,"Standard","Standard",56,"0","0.053",,
"ST","2023-06-01","83","-2.4","5.27","López, Pablo",605137,641154,"field_out","hit_into_play",,,,,8,"Josh Bell flies out to right fielder Max Kepler.","R","L","R","MIN","CLE","X",9,"fly_ball",1,1,2023,"1.42","-0.18","-0.16","2.34",,,,2,4,"Top",188.79,127.9,,,543877,,,2.3673525271291727,-120.89365537211572,0.1049757293556306,13.481735635504842,23.12355584804836,-34.134663674355465,"3.66","1.75",222,"95",52,"84.1",2540,"6.9",717937,641154,543877,666135,593871,668904,621043,608336,572191,596146,"53.57",0.009,0.013,"0",1,0,0,3,24,3,"Sweeper",0,1,1,0,1,0,1,0,"Infield shade","Standard",42,"0.011","-0.1",,
"ST","2023-06-01","84.2","-2.3","5.33","López, Pablo",664702,641154,"strikeout","called_strike",,,,,5,"Myles Straw called out on strikes.","R","R","R","MIN","CLE","S",2,,0,2,2023,"1.48","-0.13","0.03","2.4",,,,0,3,"Top",,,,,543877,,,2.5301790054173154,-122.7297694495024,-0.17152614134322952,14.496880472350657,23.107665123622937,-33.69837214225986,"3.28","1.51",,,,"86.7",2574,"7.7",717937,641154,543877,666135,593871,668904,621043,608336,572191,596146,"52.85",,0,"0",1,0,0,,15,3,"Sweeper",0,1,1,0,1,0,1,0,"Standard","Standard",53,"0.021","-0.152",,
"ST","2023-06-01","86.5","-2.09","5.35","López, Pablo",672356,641154,,"ball",,,,,12,"Gabriel Arias strikes out swinging.","R","R","R","MIN","CLE","B",,,1,2,2023,"1.31","-0.19","1.6","2.6",,665926,,1,2,"Top",,,,,543877,,,6.194382329325144,-125.90460916022745,0.07398887583402791,12.560127020004854,26.461626568114376,-34.483723754665505,"3.28","1.48",,,,"87.2",2481,"6.8",717937,641154,543877,666135,593871,668904,621043,608336,572191,596146,"53.7",,,,,,,,9,4,"Sweeper",0,0,0,0,0,0,0,0,"Standard","Standard",56,"0","0.049",,
"ST","2023-06-01","86","-2.21","5.38","López, Pablo",605137,641154,,"foul",,,,,14,"Josh Bell strikes out swinging.","R","L","R","MIN","CLE","S",,,0,2,2023,"1.54","-0.18","0.99","1.66",,665926,,0,2,"Top",,,,,543877,,,4.512153148988869,-125.26746712126672,-2.2118262709369736,15.245326796798171,25.5263477670319,-33.879841618179185,"3.66","1.75",95,"34.9",51,"86.8",2514,"6.7",717937,641154,543877,666135,593871,668904,621043,608336,572191,596146,"53.75",,,,,,,,8,3,"Sweeper",0,0,0,0,0,0,0,0,"Infield shade","Standard",44,"0","0",,
"ST","2023-06-01","84.8","-2.16","5.45","López, Pablo",605137,641154,,"foul",,,,,8,"Josh Bell strikes out swinging.","R","L","R","MIN","CLE","S",,,0,1,2023,"1.33","-0.18","-0.16","1.88",,665926,,0,2,"Top",,,,,543877,,,2.0634693520980827,-123.5503928351643,-1.658461577625751,13.139189239099968,25.56130240804594,-33.90192671688498,"3.66","1.75",78,"37.5",43,"87",2594,"7.7",717937,641154,543877,666135,593871,668904,621043,608336,572191,596146,"52.79",,,,,,,,8,2,"Sweeper",0,0,0,0,0,0,0,0,"Infield shade","Standard",54,"0","-0.084",,
"ST","2023-06-01","85.4","-2.11","5.47","López, Pablo",642708,641154,,"foul",,,,,11,"Amed Rosario grounds out, third baseman Royce Lewis to first baseman Alex Kirilloff.","R","R","R","MIN","CLE","S",,,2,2,2023,"1.26","0.12","-0.36","3.42",,,,1,1,"Top",,,,,543877,,,1.602895983684927,-124.43343284090004,1.217659649425756,12.84372653412578,23.455438095351298,-31.354950258524685,"3.24","1.56",169,"68.9",60,"87.7",2621,"7.5",717937,641154,543877,666135,593871,668904,621043,608336,572191,596146,"52.99",,,,,,,,2,7,"Sweeper",0,0,0,0,0,0,0,0,"Standard","Standard",59,"0","0",,
"ST","2023-06-01","87.2","-2.13","5.42","López, Pablo",642708,641154,,"ball",,,,,12,"Amed Rosario grounds out, third baseman Royce Lewis to first baseman Alex Kirilloff.","R","R","R","MIN","CLE","B",,,1,2,2023,"0.97","-0.05","0.23","3.56",,,,1,1,"Top",,,,,543877,,,3.7313978465559,-127.142195754833,1.7189853105772641,9.947675262122885,23.08348976627387,-33.20009818950962,"3.28","1.54",,,,"88.9",2607,"7",717937,641154,543877,666135,593871,668904,621043,608336,572191,596146,"53.51",,,,,,,,2,5,"Sweeper",0,0,0,0,0,0,0,0,"Standard","Standard",56,"0","0.029",,
"ST","2023-06-01","87.2","-2.08","5.48","López, Pablo",642708,641154,,"ball",,,,,14,"Amed Rosario grounds out, third baseman Royce Lewis to first baseman Alex Kirilloff.","R","R","R","MIN","CLE","B",,,0,2,2023,"1.28","0.23","1.37","2.31",,,,1,1,"Top",,,,,543877,,,5.687884265019299,-126.96265686289134,-1.996157908699737,12.963184543769604,23.306497849682046,-29.515411482987307,"3.28","1.59",,,,"88.3",2566,"6.7",717937,641154,543877,666135,593871,668904,621043,608336,572191,596146,"53.79",,,,,,,,2,3,"Sweeper",0,0,0,0,0,0,0,0,"Standard","Standard",50,"0","0.012",,
"ST","2023-06-01","87.9","-2.2","5.55","López, Pablo",642708,641154,,"swinging_strike",,,,,2,"Amed Rosario grounds out, third baseman Royce Lewis to first baseman Alex Kirilloff.","R","R","R","MIN","CLE","S",,,0,1,2023,"1.15","-0.07","0.19","3.28",,,,1,1,"Top",,,,,543877,,,3.4458574629682897,-128.06441949278832,0.7145839092916355,12.03335887967197,24.559825112196492,-33.277110027396404,"3.24","1.56",,,,"89.1",2639,"6.8",717937,641154,543877,666135,593871,668904,621043,608336,572191,596146,"53.72",,,,,,,,2,2,"Sweeper",0,0,0,0,0,0,0,0,"Standard","Standard",58,"0","-0.036",,
"ST","2023-05-27","84.6","-2.15","5.36","López, Pablo",593160,641154,,"ball",,,,,14,"Whit Merrifield walks.","R","R","R","MIN","TOR","B",,,2,2,2023,"1.48","-0.14","1.66","1.39",,,,2,6,"Top",,,,,680777,,,6.101581539936468,-123.14603183296397,-2.70883463425289,13.936582397935162,23.472494067304638,-33.31108425635646,"3.28","1.42",,,,"87.2",2581,"7.8",718008,641154,680777,608336,666397,650489,571657,666135,572191,670242,"52.68",,,,,,,,51,6,"Sweeper",7,4,4,7,4,7,4,7,"Standard","Standard",55,"0","0.04",,
"ST","2023-05-27","83.7","-2.14","5.4","López, Pablo",593160,641154,,"foul",,,,,6,"Whit Merrifield walks.","R","R","R","MIN","TOR","S",,,1,2,2023,"1.51","-0.3","0.56","2.27",,,,2,6,"Top",,,,,680777,,,3.3398213952899294,-121.90052676256025,-0.2161429986611828,14.47226848023659,23.324846880681424,-35.368251984778624,"3.35","1.54",284,"82.8",34,"85.8",2356,"7.5",718008,641154,680777,608336,666397,650489,571657,666135,572191,670242,"52.96",,,,,,,,51,4,"Sweeper",7,4,4,7,4,7,4,7,"Standard","Standard",53,"0","0",,
"ST","2023-05-27","84.3","-2.19","5.48","López, Pablo",593160,641154,,"foul",,,,,5,"Whit Merrifield walks.","R","R","R","MIN","TOR","S",,,1,1,2023,"1.07","0.12","0.26","2.7",,,,2,6,"Top",,,,,680777,,,3.688574716066341,-122.79488297820053,-0.34586170996962984,10.132332452438922,23.203158223785497,-31.0985279217706,"3.35","1.54",212,"72",41,"87.1",2513,"7.9",718008,641154,680777,608336,666397,650489,571657,666135,572191,670242,"52.59",,,,,,,,51,3,"Sweeper",7,4,4,7,4,7,4,7,"Standard","Standard",47,"0","-0.027",,
"ST","2023-05-27","85.3","-2.11","5.42","López, Pablo",593160,641154,,"ball",,,,,14,"Whit Merrifield walks.","R","R","R","MIN","TOR","B",,,0,0,2023,"0.98","0.59","1.1","2.1",,,,2,6,"Top",,,,,680777,,,5.709251591688362,-124.1455735400243,-2.7432492838607336,8.961380297196625,24.764044852123355,-25.77687755929726,"3.35","1.57",,,,"87.4",2432,"7.6",718008,641154,680777,608336,666397,650489,571657,666135,572191,670242,"52.91",,,,,,,,51,1,"Sweeper",7,4,4,7,4,7,4,7,"Standard","Standard",44,"0","0.016",,
"ST","2023-05-27","83.1","-2.05","5.4","López, Pablo",656305,641154,,"ball",,,,,14,"Matt Chapman flies out to left fielder Alex Kirilloff.","R","R","R","MIN","TOR","B",,,1,0,2023,"1.21","0.06","1.76","0.26",,,,1,6,"Top",,,,,680777,,,6.524673934259642,-120.9297323086913,-5.610783479547412,10.825377053699702,21.478075624767076,-30.772020085027666,"3.46","1.59",,,,"85.6",2474,"7.7",718008,641154,680777,608336,666397,650489,571657,666135,572191,670242,"52.78",,,,,,,,50,2,"Sweeper",7,4,4,7,4,7,4,7,"Standard","Standard",33,"0","0.042",,
"ST","2023-05-27","87.4","-1.9","5.39","López, Pablo",666182,641154,,"ball",,,,,14,"Bo Bichette strikes out swinging.","R","R","R","MIN","TOR","B",,,0,2,2023,"0.82","-0.34","2.53","-1.3",,,,1,5,"Top",,,,,680777,,,9.217958543042544,-126.70158591463857,-9.458218339422677,6.8898615252239725,26.441044466209853,-33.965765010479174,"3.48","1.51",,,,"89.5",2509,"7.8",718008,641154,680777,608336,666397,650489,571657,666135,572191,670242,"52.68",,,,,,,,41,3,"Sweeper",4,4,4,4,4,4,4,4,"Standard","Standard",40,"0","0.012",,
"ST","2023-05-27","83.8","-2.12","5.52","López, Pablo",593160,641154,"strikeout","swinging_strike",,,,,11,"Whit Merrifield strikes out swinging.","R","R","R","MIN","TOR","S",2,,1,2,2023,"1.22","0.11","-0.4","3.6",,,,0,4,"Top",,,,,680777,,,1.5879886374824494,-122.163833432564,1.7511023440003124,12.07579214752904,21.442545744030788,-31.565598489837654,"3.35","1.54",,,,"86.9",2378,"7.9",718008,641154,680777,608336,666397,650489,571657,666135,572191,670242,"52.57",,0,"0",1,0,0,,33,4,"Sweeper",4,3,3,4,3,4,3,4,"Standard","Standard",57,"0.028","-0.173",,
"ST","2023-05-27","85.7","-2.12","5.52","López, Pablo",593160,641154,,"foul",,,,,3,"Whit Merrifield strikes out swinging.","R","R","R","MIN","TOR","S",,,1,1,2023,"0.99","0.39","0.48","3.03",,,,0,4,"Top",,,,,680777,,,4.1880741854547585,-124.93100076356556,-0.5489739367280326,9.892915544058678,19.91049533260312,-28.089379973561805,"3.35","1.54",108,"77.2",8,"87.7",2392,"7",718008,641154,680777,608336,666397,650489,571657,666135,572191,670242,"53.49",,,,,,,,33,3,"Sweeper",4,3,3,4,3,4,3,4,"Standard","Standard",38,"0","-0.055",,
"ST","2023-05-27","85.7","-2.24","5.57","López, Pablo",593160,641154,,"swinging_strike",,,,,14,"Whit Merrifield strikes out swinging.","R","R","R","MIN","TOR","S",,,0,0,2023,"1.2","0.13","0.98","1.77",,,,0,4,"Top",,,,,680777,,,5.265287510207493,-124.87049299330316,-3.1324891186144903,11.89999882412651,20.677937643767184,-30.45399764399306,"3.35","1.54",,,,"88",2463,"7.3",718008,641154,680777,608336,666397,650489,571657,666135,572191,670242,"53.24",,,,,,,,33,1,"Sweeper",4,3,3,4,3,4,3,4,"Standard","Standard",42,"0","-0.038",,
"ST","2023-05-27","86.9","-2.03","5.44","López, Pablo",656305,641154,,"ball",,,,,14,"Matt Chapman lines out sharply to right fielder Matt Wallner.","R","R","R","MIN","TOR","B",,,0,2,2023,"1.17","-0.1","1.37","1.18",666182,,474832,2,3,"Top",,,,,680777,,,5.943672111845583,-126.6166363510256,-4.036223093548555,11.673678492033956,22.52480683845691,-32.66759172664134,"3.46","1.57",,,,"90.2",2495,"7.9",718008,641154,680777,608336,666397,650489,571657,666135,572191,670242,"52.56",,,,,,,,26,3,"Sweeper",4,3,3,4,3,4,3,4,"Standard","Standard",57,"0","0.033",,
"ST","2023-05-27","83.3","-2.33","5.48","López, Pablo",656305,641154,,"called_strike",,,,,1,"Matt Chapman lines out sharply to right fielder Matt Wallner.","R","R","R","MIN","TOR","S",,,0,0,2023,"1.22","-0.31","-0.42","3.33",666182,,474832,2,3,"Top",,,,,680777,,,2.0198240712160835,-121.28645627989955,2.2578472543118044,11.538753080304618,26.089013819784547,-35.90615826228193,"3.42","1.59",,,,"85.4",2465,"7.8",718008,641154,680777,608336,666397,650489,571657,666135,572191,670242,"52.67",,,,,,,,26,1,"Sweeper",4,3,3,4,3,4,3,4,"Standard","Standard",46,"0","-0.088",,
"ST","2023-05-27","83.5","-2.31","5.3","López, Pablo",474832,641154,,"ball",,,,,13,"Brandon Belt walks.","R","L","R","MIN","TOR","B",,,1,0,2023,"1.17","-0.3","-1.9","2.1",666182,,,2,3,"Top",,,,,680777,,,-1.4090656104499013,-121.66677352587969,-0.3580919301654111,11.882738519035188,22.570057383237447,-35.343012507318036,"3.26","1.59",,,,"86.3",2455,"7.9",718008,641154,680777,608336,666397,650489,571657,666135,572191,670242,"52.6",,,,,,,,25,2,"Sweeper",4,3,3,4,3,4,3,4,"Standard","Standard",57,"0","0.049",,
"ST","2023-05-27","85.1","-2.06","5.73","López, Pablo",665489,641154,,"ball",,,,,11,"Vladimir Guerrero Jr.  strikes out swinging.","R","R","R","MIN","TOR","B",,,1,2,2023,"0.95","-0.35","-0.82","4.23",666182,,,1,3,"Top",,,,,680777,,,1.036112892609794,-123.91713630860282,3.5593240133293307,9.583536743984883,24.17737161890305,-36.6489830612634,"3.7","1.71",,,,"86.9",2426,"7.3",718008,641154,680777,608336,666397,650489,571657,666135,572191,670242,"53.16",,,,,,,,24,5,"Sweeper",4,3,3,4,3,4,3,4,"Strategic","Standard",48,"0","0.033",,
"ST","2023-05-27","87","-2.17","5.42","López, Pablo",665489,641154,,"swinging_strike",,,,,14,"Vladimir Guerrero Jr.  strikes out swinging.","R","R","R","MIN","TOR","S",,,1,0,2023,"0.62","0.04","0.94","1.3",666182,,,1,3,"Top",,,,,680777,,,6.2705153189233425,-126.54039049121849,-3.848230845230229,5.411588134835607,25.16530990930323,-31.12977862559483,"3.7","1.68",,,,"88.2",2534,"7",718008,641154,680777,608336,666397,650489,571657,666135,572191,670242,"53.49",,,,,,,,24,2,"Sweeper",4,3,3,4,3,4,3,4,"Strategic","Standard",62,"0","-0.089",,
"ST","2023-05-27","85.1","-2.23","5.49","López, Pablo",666182,641154,"triple","hit_into_play",,,,,5,"Bo Bichette triples (1) on a sharp fly ball to center fielder Michael A.   Taylor, deflected by right fielder Matt Wallner.   Tyler Heineman scores.    George Springer scores.","R","R","R","MIN","TOR","X",9,"fly_ball",3,2,2023,"1.27","-0.07","0.09","2.53",,623168,543807,1,3,"Top",189.62,63.65,,,680777,,,2.9650172232197782,-124.14348399604421,-0.6042016168979589,12.801354766191215,21.125267378004054,-33.006351490575454,"3.71","1.71",369,"101.9",25,"87.6",2375,"7.4",718008,641154,680777,608336,666397,650489,571657,666135,572191,670242,"53.09",0.717,1.265,"1.6",1,1,2,6,23,6,"Sweeper",4,1,1,4,3,4,3,4,"Strategic","Standard",47,"-0.204","1.972",,
"ST","2023-05-27","85.4","-2.18","5.39","López, Pablo",666182,641154,,"ball",,,,,14,"Bo Bichette triples (1) on a sharp fly ball to center fielder Michael A.   Taylor, deflected by right fielder Matt Wallner.   Tyler Heineman scores.    George Springer scores.","R","R","R","MIN","TOR","B",,,2,2,2023,"1.3","-0.05","1.07","1.21",,623168,543807,1,3,"Top",,,,,680777,,,5.204974761515151,-124.4287980548519,-3.6523187834453528,12.76058520246345,21.225606594388474,-32.26830279507958,"3.4","1.57",,,,"88.8",2381,"8",718008,641154,680777,608336,666397,650489,571657,666135,572191,670242,"52.48",,,,,,,,23,5,"Sweeper",4,1,1,4,1,4,1,4,"Strategic","Standard",55,"0","0.121",,
"ST","2023-05-27","87.3","-1.81","5.58","López, Pablo",666182,641154,,"ball",,,,,14,"Bo Bichette triples (1) on a sharp fly ball to center fielder Michael A.   Taylor, deflected by right fielder Matt Wallner.   Tyler Heineman scores.    George Springer scores.","R","R","R","MIN","TOR","B",,,0,2,2023,"1.19","-0.04","2.9","1.56",,623168,543807,1,3,"Top",,,,,680777,,,9.13787672193531,-126.82906561163477,-3.510898860685887,11.052504904084122,25.168256087507448,-32.11791453661742,"3.43","1.51",,,,"90",2448,"8",718008,641154,680777,608336,666397,650489,571657,666135,572191,670242,"52.54",,,,,,,,23,3,"Sweeper",4,1,1,4,1,4,1,4,"Standard","Standard",36,"0","0.043",,
"ST","2023-05-27","85.2","-2.07","5.47","López, Pablo",666182,641154,,"foul",,,,,5,"Bo Bichette triples (1) on a sharp fly ball to center fielder Michael A.   Taylor, deflected by right fielder Matt Wallner.   Tyler Heineman scores.    George Springer scores.","R","R","R","MIN","TOR","S",,,0,1,2023,"1.1","-0.1","0.07","2.87",,623168,543807,1,3,"Top",,,,,680777,,,2.879348491764817,-124.01756149274497,0.4803381430678091,10.689716418247308,26.048456601753912,-33.542821026891055,"3.71","1.71",210,"80.1",56,"87.4",2515,"7.8",718008,641154,680777,608336,666397,650489,571657,666135,572191,670242,"52.7",,,,,,,,23,2,"Sweeper",4,1,1,4,1,4,1,4,"Standard","Standard",51,"0","-0.097",,
"ST","2023-05-27","86.4","-2.2","5.48","López, Pablo",666182,641154,,"called_strike",,,,,14,"Bo Bichette triples (1) on a sharp fly ball to center fielder Michael A.   Taylor, deflected by right fielder Matt Wallner.   Tyler Heineman scores.    George Springer scores.","R","R","R","MIN","TOR","S",,,0,0,2023,"0.89","0.48","0.86","2.14",,623168,543807,1,3,"Top",,,,,680777,,,5.624086260523319,-125.73952790990143,-2.759241063039458,8.222196774095215,26.317765161012012,-26.777739109078713,"3.71","1.65",,,,"88.9",2509,"7.9",718008,641154,680777,608336,666397,650489,571657,666135,572191,670242,"52.57",,,,,,,,23,1,"Sweeper",4,1,1,4,1,4,1,4,"Standard","Standard",42,"0","-0.078",,
"ST","2023-05-27","85.9","-2.18","5.5","López, Pablo",543807,641154,,"ball",,,,,14,"George Springer singles on a line drive to center fielder Michael A.   Taylor.   Tyler Heineman to 2nd.","R","R","R","MIN","TOR","B",,,0,2,2023,"1.01","0.3","0.94","1.05",,,623168,1,3,"Top",,,,,680777,,,5.509854844385805,-125.06345672028176,-5.019306293871912,9.548750249302866,24.584906055081003,-28.242716312991874,"3.4","1.57",,,,"88.5",2411,"7.8",718008,641154,680777,608336,666397,650489,571657,666135,572191,670242,"52.65",,,,,,,,22,3,"Sweeper",4,1,1,4,1,4,1,4,"Standard","Standard",41,"0","0.027",,
"ST","2023-05-27","83.2","-2.24","5.47","López, Pablo",543807,641154,,"foul",,,,,9,"George Springer singles on a line drive to center fielder Michael A.   Taylor.   Tyler Heineman to 2nd.","R","R","R","MIN","TOR","S",,,0,0,2023,"1.76","0.06","0.32","2.13",,,623168,1,3,"Top",,,,,680777,,,2.4842678631092183,-121.2303439622112,-1.3367933926449105,16.81177608028953,24.251836593613312,-31.52827958728524,"3.59","1.62",198,"69.6",52,"85.8",2531,"7.9",718008,641154,680777,608336,666397,650489,571657,666135,572191,670242,"52.57",,,,,,,,22,1,"Sweeper",4,1,1,4,1,4,1,4,"Standard","Standard",42,"0","-0.05",,
"ST","2023-05-27","85.2","-1.96","5.52","López, Pablo",662139,641154,,"ball",,,,,14,"Daulton Varsho pops out softly to second baseman Edouard Julien.","R","L","R","MIN","TOR","B",,,0,1,2023,"1.27","0.07","1.05","1.82",,,,2,2,"Top",,,,,680777,,,4.6617240868320176,-123.98835661102461,-2.5718966568762403,12.123465367756015,25.20881906204786,-31.18738453691635,"3.35","1.57",,,,"87.6",2528,"7.9",718008,641154,680777,608336,666397,650489,571657,666135,572191,670242,"52.64",,,,,,,,14,2,"Sweeper",3,1,1,3,1,3,1,3,"Standard","Standard",48,"0","0.012",,
"ST","2023-05-27","84.9","-2.12","5.57","López, Pablo",593160,641154,,"called_strike",,,,,2,"Whit Merrifield grounds out, shortstop Kyle Farmer to first baseman Joey Gallo.","R","R","R","MIN","TOR","S",,,0,0,2023,"1.25","-0.06","0.23","2.84",,,,1,2,"Top",,,,,680777,,,3.0675862090349155,-123.75324434110026,0.0028874533101801436,12.38598375754378,22.649947983245287,-32.987266143863,"3.25","1.45",,,,"87.1",2496,"7.4",718008,641154,680777,608336,666397,650489,571657,666135,572191,670242,"53.09",,,,,,,,13,1,"Sweeper",3,1,1,3,1,3,1,3,"Standard","Standard",46,"0","-0.026",,
"ST","2023-05-27","85.5","-2.17","5.58","López, Pablo",656305,641154,"strikeout","swinging_strike",,,,,5,"Matt Chapman strikes out swinging.","R","R","R","MIN","TOR","S",2,,2,2,2023,"1.34","0.01","0.04","2.63",,,,0,2,"Top",,,,,680777,,,2.54500860566465,-124.56739408233828,-0.7116734364032782,13.521798315938774,24.3944014915721,-32.15766691485276,"3.46","1.65",,,,"87.3",2491,"7.3",718008,641154,680777,608336,666397,650489,571657,666135,572191,670242,"53.18",,0,"0",1,0,0,,12,5,"Sweeper",3,1,1,3,1,3,1,3,"Standard","Standard",49,"0.023","-0.214",,
"ST","2023-05-27","85.4","-2.19","5.61","López, Pablo",656305,641154,,"swinging_strike",,,,,6,"Matt Chapman strikes out swinging.","R","R","R","MIN","TOR","S",,,2,1,2023,"1.31","-0.12","0.57","2.52",,,,0,2,"Top",,,,,680777,,,3.9657794006067504,-124.3959931865173,-0.8069927755775742,13.003947603289703,22.581764001329596,-33.479743310009574,"3.46","1.65",,,,"87.8",2540,"7.6",718008,641154,680777,608336,666397,650489,571657,666135,572191,670242,"52.95",,,,,,,,12,4,"Sweeper",3,1,1,3,1,3,1,3,"Standard","Standard",43,"0","-0.067",,
"ST","2023-05-27","85.4","-2.07","5.53","López, Pablo",656305,641154,,"ball",,,,,14,"Matt Chapman strikes out swinging.","R","R","R","MIN","TOR","B",,,1,0,2023,"1.13","0.19","1.72","0.91",,,,0,2,"Top",,,,,680777,,,6.830003925952395,-124.29926606106902,-5.132234450787365,10.493048322679895,23.75278335954335,-29.344329348161658,"3.34","1.51",,,,"88.1",2562,"7.8",718008,641154,680777,608336,666397,650489,571657,666135,572191,670242,"52.67",,,,,,,,12,2,"Sweeper",3,1,1,3,1,3,1,3,"Standard","Standard",37,"0","0.064",,
"ST","2023-05-27","85.3","-2.23","5.46","López, Pablo",474832,641154,,"called_strike",,,,,4,"Brandon Belt flies out to left fielder Alex Kirilloff.","R","L","R","MIN","TOR","S",,,1,1,2023,"1.22","0.29","-0.46","2.62",,,,2,1,"Top",,,,,680777,,,1.7522338619277193,-124.3467836151081,-0.9986891963992105,12.363734308032642,24.05621792989776,-29.140002095894655,"3.26","1.54",,,,"87.9",2625,"7.7",718008,641154,680777,608336,666397,650489,571657,666135,572191,670242,"52.76",,,,,,,,4,3,"Sweeper",0,1,1,0,1,0,1,0,"Standard","Standard",49,"0","-0.027",,
"ST","2023-05-27","86.7","-2.05","5.6","López, Pablo",665489,641154,"field_out","hit_into_play",,,,,14,"Vladimir Guerrero Jr.  pops out to first baseman Joey Gallo in foul territory.","R","R","R","MIN","TOR","X",3,"popup",0,1,2023,"1.14","0.38","0.9","2.41",,,,1,1,"Top",160.95,190,,,680777,,,4.872627715057785,-126.23993968791488,-2.230792382803272,11.162618068595322,26.646383488164368,-27.857688321518836,"3.7","1.68",89,"82.8",75,"89.2",2579,"7.9",718008,641154,680777,608336,666397,650489,571657,666135,572191,670242,"52.6",0.003,0.003,"0",1,0,0,3,3,2,"Sweeper",0,1,1,0,1,0,1,0,"Infield shade","Standard",47,"0.014","-0.143",,
"ST","2023-05-27","86.3","-2.17","5.53","López, Pablo",665489,641154,,"foul",,,,,6,"Vladimir Guerrero Jr.  pops out to first baseman Joey Gallo in foul territory.","R","R","R","MIN","TOR","S",,,0,0,2023,"0.92","0.21","0.54","2.48",,,,1,1,"Top",,,,,680777,,,4.7016901810076455,-125.79455070154047,-1.5471499455726139,8.980557132099305,23.091505308390303,-29.83330629631584,"3.7","1.68",89,"81.1",75,"89",2536,"7.7",718008,641154,680777,608336,666397,650489,571657,666135,572191,670242,"52.83",,,,,,,,3,1,"Sweeper",0,1,1,0,1,0,1,0,"Standard","Standard",56,"0","-0.026",,
"ST","2023-05-27","87.4","-2.01","5.57","López, Pablo",666182,641154,,"ball",,,,,14,"Bo Bichette homers (11) on a fly ball to left center field.","R","R","R","MIN","TOR","B",,,1,1,2023,"0.94","-0.1","1.96","1.1",,,,1,1,"Top",,,,,680777,,,7.770326813138346,-127.09556458399292,-4.513559088281529,8.770627466253812,24.02066296827814,-32.59415797050609,"3.71","1.74",,,,"89.3",2534,"7.3",718008,641154,680777,608336,666397,650489,571657,666135,572191,670242,"53.19",,,,,,,,2,3,"Sweeper",0,0,0,0,0,0,0,0,"Standard","Standard",36,"0","0.034",,
"ST","2023-05-27","87.4","-2.34","5.53","López, Pablo",543807,641154,"strikeout","swinging_strike",,,,,8,"George Springer strikes out swinging.","R","R","R","MIN","TOR","S",2,,2,2,2023,"1.35","-0.07","0.14","2.2",,,,0,1,"Top",,,,,680777,,,3.240123902369407,-127.3478412622828,-1.7752531455540677,14.040696928602674,25.854303795168565,-32.779586105056644,"3.59","1.62",,,,"89",2503,"7.2",718008,641154,680777,608336,666397,650489,571657,666135,572191,670242,"53.32",,0,"0",1,0,0,,1,5,"Sweeper",0,0,0,0,0,0,0,0,"Standard","Standard",37,"0.022","-0.214",,
"ST","2023-05-27","88.8","-2.16","5.58","López, Pablo",543807,641154,,"ball",,,,,14,"George Springer strikes out swinging.","R","R","R","MIN","TOR","B",,,0,1,2023,"0.92","-0.16","0.08","0.7",,,,0,1,"Top",,,,,680777,,,3.632465814418815,-129.23493380861882,-5.6740816843482635,9.602804672523575,26.33545091241799,-32.98032097660959,"3.59","1.57",,,,"90.5",2461,"7.2",718008,641154,680777,608336,666397,650489,571657,666135,572191,670242,"53.26",,,,,,,,1,2,"Sweeper",0,0,0,0,0,0,0,0,"Standard","Standard",23,"0","0.028",,
"ST","2023-05-27","86.1","-2.23","5.61","López, Pablo",543807,641154,,"called_strike",,,,,6,"George Springer strikes out swinging.","R","R","R","MIN","TOR","S",,,0,0,2023,"1.23","-0.15","0.38","2.66",,,,0,1,"Top",,,,,680777,,,3.7721524690286232,-125.52244542960312,-0.5257699188894331,12.42131719663235,23.32255259991219,-33.91901281041154,"3.42","1.62",,,,"88.1",2483,"7.2",718008,641154,680777,608336,666397,650489,571657,666135,572191,670242,"53.26",,,,,,,,1,1,"Sweeper",0,0,0,0,0,0,0,0,"Standard","Standard",46,"0","-0.038",,
"ST","2023-05-10","83.8","-2.29","5.12","López, Pablo",593428,641154,,"ball",,,,,14,"Xander Bogaerts strikes out swinging.","R","R","R","MIN","SD","B",,,2,2,2023,"1.15","-0.26","1.06","1.28",,,,0,7,"Top",,,,,543877,,,5.525109457850365,-121.93457093482242,-1.9599678990117237,10.377419162030838,24.017123843203873,-34.62979884109394,"3.54","1.71",,,,"84.8",2423,"6.9",718224,641154,543877,666135,593871,571657,621043,608336,572191,596146,"53.57",,,,,,,,46,6,"Sweeper",2,1,1,2,1,2,1,2,"Standard","Standard",55,"0","0.103",,
"ST","2023-05-10","84.3","-2.32","5.21","López, Pablo",593428,641154,,"foul",,,,,6,"Xander Bogaerts strikes out swinging.","R","R","R","MIN","SD","S",,,1,2,2023,"1.16","0.01","0.29","2.52",,,,0,7,"Top",,,,,543877,,,3.8130020380700196,-122.79971777451408,0.0817872387033618,10.933348317508157,24.59712540745832,-32.257994432825356,"3.67","1.71",130,"66.2",25,"85.3",2491,"6.9",718224,641154,543877,666135,593871,571657,621043,608336,572191,596146,"53.59",,,,,,,,46,4,"Sweeper",2,1,1,2,1,2,1,2,"Standard","Standard",57,"0","0",,
"ST","2023-05-10","84.4","-2.21","5.18","López, Pablo",665742,641154,,"ball",,,,,14,"Juan Soto homers (6) on a fly ball to center field.","R","L","R","MIN","SD","B",,,0,2,2023,"1.02","0.16","0.74","0.66",,,,0,7,"Top",,,,,543877,,,4.892088874926005,-122.80345571175431,-4.460652288926925,9.215696388346746,25.80966674079914,-29.845415678246926,"2.97","1.5",,,,"85",2565,"6.8",718224,641154,543877,666135,593871,571657,621043,608336,572191,596146,"53.68",,,,,,,,45,4,"Sweeper",2,0,0,2,0,2,0,2,"Infield shade","Standard",39,"0","0.022",,
"ST","2023-05-10","84.1","-2.26","5.15","López, Pablo",665742,641154,,"swinging_strike",,,,,14,"Juan Soto homers (6) on a fly ball to center field.","R","L","R","MIN","SD","S",,,0,1,2023,"1.36","0.11","1.25","1.81",,,,0,7,"Top",,,,,543877,,,5.471037820492487,-122.30115952543491,-1.4703685173223031,12.276917606098142,27.954574488254554,-31.030813659874287,"2.97","1.49",,,,"84.5",2522,"7",718224,641154,543877,666135,593871,571657,621043,608336,572191,596146,"53.54",,,,,,,,45,2,"Sweeper",2,0,0,2,0,2,0,2,"Infield shade","Standard",45,"0","-0.049",,
"ST","2023-05-10","85.2","-2.44","5.28","López, Pablo",592518,641154,"field_out","hit_into_play",,,,,9,"Manny Machado grounds out, third baseman Kyle Farmer to first baseman Alex Kirilloff.","R","R","R","MIN","SD","X",5,"ground_ball",0,0,2023,"1.11","-0.17","0.62","2.08",,,630105,2,6,"Top",107.17,168.41,,,543877,,,5.03106973803284,-124.0735522514983,-0.8894980964900927,10.459786095656922,24.423714721546016,-33.947633964026835,"3.7","1.73",5,"71.6",-24,"86.3",2482,"6.9",718224,641154,543877,666135,593871,571657,621043,608336,572191,596146,"53.55",0.04,0.037,"0",1,0,0,2,40,1,"Sweeper",2,0,0,2,0,2,0,2,"Standard","Standard",63,"0.03","-0.241",,
"ST","2023-05-10","83.3","-2.37","5.12","López, Pablo",630105,641154,,"ball",,,,,14,"Jake Cronenworth walks.","R","L","R","MIN","SD","B",,,1,1,2023,"1.5","-0.17","0.36","0.39",,,,2,6,"Top",,,,,543877,,,3.354861979919445,-121.29283234964717,-4.122353913990447,14.159108181999926,24.176528701519963,-33.242398290103594,"3.36","1.65",,,,"84.4",2549,"7",718224,641154,543877,666135,593871,571657,621043,608336,572191,596146,"53.48",,,,,,,,39,3,"Sweeper",2,0,0,2,0,2,0,2,"Standard","Standard",48,"0","0.02",,
"ST","2023-05-10","85.7","-2.1","5.27","López, Pablo",665487,641154,,"ball",,,,,14,"Fernando Tatis Jr.  strikes out swinging.","R","R","R","MIN","SD","B",,,0,1,2023,"1.25","0.17","2.39","2",,,,1,6,"Top",,,,,543877,,,8.190157131970466,-124.69808661819228,-1.806294977940393,11.458886390088685,24.464471195076005,-30.291475321148457,"3.62","1.71",,,,"86.8",2516,"6.9",718224,641154,543877,666135,593871,571657,621043,608336,572191,596146,"53.58",,,,,,,,38,2,"Sweeper",2,0,0,2,0,2,0,2,"Standard","Standard",47,"0","0.019",,
"ST","2023-05-10","83.8","-2.21","5.3","López, Pablo",664954,641154,,"foul",,,,,4,"Brett Sullivan strikes out swinging.","R","L","R","MIN","SD","S",,,1,2,2023,"1.5","0.02","-0.32","2.65",,,,0,6,"Top",,,,,543877,,,1.4238721987593506,-122.08390481386851,0.24007919247341536,14.624934374774314,24.867800655267423,-32.21176217738705,"3.41","1.56",54,"85.9",1,"84.6",2598,"6.8",718224,641154,543877,666135,593871,571657,621043,608336,572191,596146,"53.67",,,,,,,,37,4,"Sweeper",2,0,0,2,0,2,0,2,"Infield shade","Standard",52,"0","0",,
"ST","2023-05-10","82.1","-2.32","5.21","López, Pablo",663757,641154,,"ball",,,,,14,"Trent Grisham grounds out, second baseman Jorge Polanco to first baseman Alex Kirilloff.","R","L","R","MIN","SD","B",,,1,0,2023,"1.45","-0.21","0.88","1.17",,,593428,2,5,"Top",,,,,543877,,,4.490659966786051,-119.50627728101614,-2.20802537390522,12.942438322427806,23.826069395352373,-33.96508680100402,"3.51","1.77",,,,"83.2",2567,"7.1",718224,641154,543877,666135,593871,571657,621043,608336,572191,596146,"53.45",,,,,,,,33,2,"Sweeper",2,0,0,2,0,2,0,2,"Infield shade","Standard",48,"0","0.031",,
"ST","2023-05-10","84.6","-2.31","5.23","López, Pablo",596059,641154,"strikeout","swinging_strike",,,,,14,"Rougned Odor strikes out swinging.","R","L","R","MIN","SD","S",2,,2,2,2023,"1.28","-0.04","1.16","1.3",,,593428,1,5,"Top",,,,,543877,,,5.636590785085551,-123.04260000212975,-2.7454017005523617,11.832259085671078,25.2493174697669,-32.1982858106059,"2.97","1.32",,,,"86",2587,"7.3",718224,641154,543877,666135,593871,571657,621043,608336,572191,596146,"53.21",,0,"0",1,0,0,,32,5,"Sweeper",2,0,0,2,0,2,0,2,"Infield shade","Standard",43,"0.036","-0.271",,
"ST","2023-05-10","83","-2.46","5.27","López, Pablo",572761,641154,"strikeout","called_strike",,,,,7,"Matt Carpenter called out on strikes.","R","L","R","MIN","SD","S",2,,1,2,2023,"1.51","-0.13","-0.53","2.06",,,593428,0,5,"Top",,,,,543877,,,1.4864433475558956,-120.81245469753063,-0.5726441790117726,14.411857634880434,25.20533327679645,-33.53640789671524,"3.62","1.79",,,,"84",2555,"7.1",718224,641154,543877,666135,593871,571657,621043,608336,572191,596146,"53.42",,0,"0",1,0,0,,31,4,"Sweeper",2,0,0,2,0,2,0,2,"Infield shade","Standard",43,"0.044","-0.247",,
"ST","2023-05-10","84.7","-2.26","5.25","López, Pablo",630105,641154,"hit_by_pitch","hit_by_pitch",,,,,14,"Jake Cronenworth hit by pitch.","R","L","R","MIN","SD","B",,,2,2,2023,"1.41","-0.16","1.97","0.85",,,,0,4,"Top",,,,,543877,,,7.157260909859356,-123.13699277763745,-3.584262807951953,12.679029003906086,27.34261521813425,-33.16956488490619,"3.18","1.55",,,,"85.7",2507,"7.2",718224,641154,543877,666135,593871,571657,621043,608336,572191,596146,"53.28",,0.726005,"0.7",1,0,0,,24,6,"Sweeper",2,0,0,2,0,2,0,2,"Infield shade","Standard",40,"-0.044","0.415",,
"ST","2023-05-10","84","-2.33","5.24","López, Pablo",630105,641154,,"foul",,,,,14,"Jake Cronenworth hit by pitch.","R","L","R","MIN","SD","S",,,2,2,2023,"1.39","-0.22","0.35","1.36",,,,0,4,"Top",,,,,543877,,,3.505532758955509,-122.32539763673726,-2.2012983263618766,13.319019649344888,23.101271252516906,-34.21463415358194,"3.18","1.55",,,,"85.2",2613,"6.9",718224,641154,543877,666135,593871,571657,621043,608336,572191,596146,"53.59",,,,,,,,24,5,"Sweeper",2,0,0,2,0,2,0,2,"Infield shade","Standard",48,"0","0",,
"ST","2023-05-10","83.4","-2.36","5.29","López, Pablo",630105,641154,,"ball",,,,,14,"Jake Cronenworth hit by pitch.","R","L","R","MIN","SD","B",,,1,1,2023,"1.27","0.05","0.93","1.54",,,,0,4,"Top",,,,,543877,,,5.143132365766951,-121.46323049095267,-2.3165977980532633,11.61986277525963,23.493224134612298,-31.433125003993705,"3.3","1.56",,,,"84.6",2595,"7",718224,641154,543877,666135,593871,571657,621043,608336,572191,596146,"53.53",,,,,,,,24,3,"Sweeper",2,0,0,2,0,2,0,2,"Infield shade","Standard",43,"0","0.053",,
"ST","2023-05-10","82.3","-2.29","5.35","López, Pablo",665487,641154,,"swinging_strike",,,,,5,"Fernando Tatis Jr.  strikes out swinging.","R","R","R","MIN","SD","S",,,1,1,2023,"0.83","0.11","-0.01","2.5",,,663757,2,3,"Top",,,,,543877,,,3.602828611456093,-119.87874542213575,-0.2228828173392431,7.419977350256913,21.36930073268567,-31.224639778354774,"3.62","1.78",,,,"83.5",2488,"6.9",718224,641154,543877,666135,593871,571657,621043,608336,572191,596146,"53.62",,,,,,,,18,3,"Sweeper",1,0,0,1,0,1,0,1,"Standard","Standard",49,"0","-0.05",,
"ST","2023-05-10","83.9","-2.24","5.48","López, Pablo",593428,641154,,"ball",,,,,14,"Xander Bogaerts strikes out swinging.  Juan Soto steals (2) 2nd base.","R","R","R","MIN","SD","B",,,1,1,2023,"1.19","0.12","1.2","1.47",,,665742,0,2,"Top",,,,,543877,,,5.654357680935613,-122.09475886662007,-3.1005831538351787,10.621845213928149,25.902440481741735,-30.51316647482438,"3.51","1.59",,,,"84.4",2703,"6.8",718224,641154,543877,666135,593871,571657,621043,608336,572191,596146,"53.7",,,,,,,,9,3,"Sweeper",1,0,0,1,0,1,0,1,"Standard","Standard",44,"0","0.063",,
"ST","2023-05-10","84","-2.33","5.34","López, Pablo",592518,641154,"double_play","hit_into_play",,,,,5,"Manny Machado flies into a double play, left fielder Joey Gallo to first baseman Alex Kirilloff.   Jake Cronenworth out at 1st.","R","R","R","MIN","SD","X",7,"fly_ball",3,2,2023,"1.37","0.14","-0.13","2.78",,,630105,1,1,"Top",67.98,143.32,,,543877,,,2.410624887051302,-122.37774736051404,0.23962117601070365,13.200188996210123,25.753168314443016,-31.08516128018507,"3.7","1.73",199,"89",57,"85.1",2516,"7.1",718224,641154,543877,666135,593871,571657,621043,608336,572191,596146,"53.38",0.014,0.019,"0",1,0,0,3,3,6,"Sweeper",0,0,0,0,0,0,0,0,"Standard","Standard",55,"0.05","-0.373",,
"ST","2023-05-10","85","-2.13","5.39","López, Pablo",592518,641154,,"ball",,,,,14,"Manny Machado flies into a double play, left fielder Joey Gallo to first baseman Alex Kirilloff.   Jake Cronenworth out at 1st.","R","R","R","MIN","SD","B",,,0,1,2023,"1.11","0.21","1.38","2.24",,,630105,1,1,"Top",,,,,543877,,,6.0751673949928175,-123.67477719273093,-1.4390297304055186,10.079633998114176,26.13277545343947,-29.978454162848077,"3.54","1.68",,,,"86.1",2450,"7.1",718224,641154,543877,666135,593871,571657,621043,608336,572191,596146,"53.39",,,,,,,,3,2,"Sweeper",0,0,0,0,0,0,0,0,"Standard","Standard",49,"0","0.03",,
"ST","2023-05-10","86.6","-2.17","5.39","López, Pablo",665487,641154,,"ball",,,,,14,"Fernando Tatis Jr.  strikes out on a foul tip.","R","R","R","MIN","SD","B",,,1,2,2023,"0.91","0.02","2.47","0.36",,,,0,1,"Top",,,,,543877,,,9.322554085496952,-125.7450004222975,-5.842273691334797,7.62430918716146,27.071915428663537,-30.863380899758315,"3.62","1.74",,,,"87.3",2563,"7",718224,641154,543877,666135,593871,571657,621043,608336,572191,596146,"53.51",,,,,,,,1,4,"Sweeper",0,0,0,0,0,0,0,0,"Standard","Standard",49,"0","0.041",,
"ST","2023-04-28","82.2","-2.1","5.34","López, Pablo",641531,641154,,"ball",,,,,14,"Hunter Dozier walks.","R","R","R","MIN","KC","B",,,1,1,2023,"1.14","0.49","1.34","1.55",,,,0,7,"Top",,,,,543877,,,5.615040223519316,-119.53915160381322,-2.893368234771062,9.532349625613868,27.292790554694275,-27.158180170400588,"3.33","1.6",,,,"82.2",2450,"6.8",718387,641154,543877,608336,593871,669304,621043,663616,572191,596146,"53.75",,,,,,,,56,3,"Sweeper",8,4,4,8,4,8,4,8,"Standard","Standard",56,"0","0.053",,
"ST","2023-04-28","80","-2.01","5.42","López, Pablo",641531,641154,,"called_strike",,,,,9,"Hunter Dozier walks.","R","R","R","MIN","KC","S",,,1,0,2023,"1.25","-0.47","0.48","1.63",,,,0,7,"Top",,,,,543877,,,3.1633154017996867,-116.41765121220638,-0.6758739047062162,10.63274291501205,24.53212152343403,-36.50353234845747,"3.33","1.63",,,,"80.4",2367,"6.8",718387,641154,543877,608336,593871,669304,621043,663616,572191,596146,"53.67",,,,,,,,56,2,"Sweeper",8,4,4,8,4,8,4,8,"Standard","Standard",51,"0","-0.046",,
"ST","2023-04-28","80.4","-2.16","5.47","López, Pablo",521692,641154,"home_run","hit_into_play",,,,,4,"Salvador Perez homers (3) on a fly ball to center field.","R","R","R","MIN","KC","X",,"fly_ball",0,1,2023,"1.13","-0.43","-0.42","2.92",,,,1,6,"Top",85,35.69,,,543877,,,1.7199022688960903,-117.06193760898944,1.9300095567684692,9.932045123985054,24.2127207533464,-36.7288841197596,"3.55","1.67",416,"105.5",35,"81",2303,"6.9",718387,641154,543877,608336,593871,669304,621043,663616,572191,596146,"53.63",0.677,1.344,"2",1,0,3,6,48,2,"Sweeper",8,2,2,8,3,8,3,8,"Strategic","Standard",51,"-0.015","1.026",,
"ST","2023-04-28","80.6","-2.26","5.36","López, Pablo",677951,641154,,"foul",,,,,14,"Bobby Witt Jr.  flies out sharply to center fielder Michael A.   Taylor.","R","R","R","MIN","KC","S",,,1,0,2023,"1.25","-0.01","0.39","1.34",,,,2,5,"Top",,,,,543877,,,3.5373206919262326,-117.29154396759895,-2.119890179166564,10.570278528415763,26.658496336450597,-32.04524276739762,"3.53","1.66",9,"53.8",-8,"80.8",2446,"6.9",718387,641154,543877,608336,593871,669304,621043,663616,572191,596146,"53.61",,,,,,,,42,2,"Sweeper",7,2,2,7,2,7,2,7,"Standard","Standard",57,"0","-0.022",,
"ST","2023-04-28","82.1","-2.27","5.34","López, Pablo",677951,641154,,"ball",,,,,13,"Bobby Witt Jr.  flies out sharply to center fielder Michael A.   Taylor.","R","R","R","MIN","KC","B",,,0,0,2023,"1.24","-0.17","-1.01","1.98",,,,2,5,"Top",,,,,543877,,,0.4453810299187157,-119.45625943556487,-0.6617715104442989,11.643802484949742,25.723297586766204,-33.87697582121532,"3.53","1.72",,,,"82.6",2390,"6.9",718387,641154,543877,608336,593871,669304,621043,663616,572191,596146,"53.58",,,,,,,,42,1,"Sweeper",7,2,2,7,2,7,2,7,"Standard","Standard",57,"0","0.016",,
"ST","2023-04-28","80.5","-2.16","5.48","López, Pablo",641531,641154,"field_out","hit_into_play",,,,,9,"Hunter Dozier grounds out, third baseman Jose Miranda to first baseman Joey Gallo.","R","R","R","MIN","KC","X",5,"ground_ball",0,0,2023,"1.49","-0.17","0.4","1.68",,,,0,5,"Top",108.76,170,,,543877,,,2.868354578308593,-117.07116370647078,-1.2932651096533008,12.856182004611911,26.452859763347245,-33.64060666813834,"3.33","1.63",71,"69.5",7,"80.7",2520,"6.9",718387,641154,543877,608336,593871,669304,621043,663616,572191,596146,"53.62",0.226,0.217,"0",1,0,0,2,40,1,"Sweeper",7,2,2,7,2,7,2,7,"Standard","Standard",50,"0.011","-0.238",,
"ST","2023-04-28","79.8","-2.19","5.55","López, Pablo",521692,641154,,"called_strike",,,,,6,"Salvador Perez lines out to left fielder Trevor Larnach.","R","R","R","MIN","KC","S",,,0,0,2023,"1.39","-0.2","0.62","2.74",,,,0,4,"Top",,,,,543877,,,3.6083922149541277,-116.02103410789645,1.0955802593415889,11.565522329890308,25.38444966653366,-34.47392077717092,"3.55","1.72",,,,"80",2403,"6.8",718387,641154,543877,608336,593871,669304,621043,663616,572191,596146,"53.65",,,,,,,,27,1,"Sweeper",3,1,1,3,1,3,1,3,"Strategic","Standard",54,"0","-0.038",,
"ST","2023-04-28","82.2","-2.21","5.39","López, Pablo",641531,641154,,"foul",,,,,14,"Hunter Dozier pops out to shortstop Carlos Correa.","R","R","R","MIN","KC","S",,,1,2,2023,"1.37","0.03","0.83","1.31",,,668472,2,2,"Top",,,,,543877,,,4.27519717233252,-119.55297309158057,-2.6681187875039285,12.031758934684106,27.1583791828679,-31.54553121993311,"3.33","1.63",61,"68.5",5,"82.9",2542,"7.2",718387,641154,543877,608336,593871,669304,621043,663616,572191,596146,"53.28",,,,,,,,12,4,"Sweeper",1,1,1,1,1,1,1,1,"Standard","Standard",53,"0","0",,
"ST","2023-04-28","82.3","-2.15","5.46","López, Pablo",641531,641154,,"ball",,,,,14,"Hunter Dozier pops out to shortstop Carlos Correa.","R","R","R","MIN","KC","B",,,0,2,2023,"1.24","0.02","1.28","1.7",,,668472,2,2,"Top",,,,,543877,,,5.441622615156246,-119.62014976909403,-1.9588747741759822,10.549333136307323,26.646110303225996,-31.774011608195327,"3.33","1.57",,,,"82.7",2536,"7",718387,641154,543877,608336,593871,669304,621043,663616,572191,596146,"53.5",,,,,,,,12,3,"Sweeper",1,1,1,1,1,1,1,1,"Standard","Standard",56,"0","0.017",,
"ST","2023-04-28","80.6","-2.2","5.42","López, Pablo",641531,641154,,"foul",,,,,8,"Hunter Dozier pops out to shortstop Carlos Correa.","R","R","R","MIN","KC","S",,,0,1,2023,"1.23","0.09","0.24","2.02",,,668472,2,2,"Top",,,,,543877,,,3.102750319852632,-117.3734204045175,-1.0124565303818671,10.610383242252816,24.763257770055013,-31.35395079684299,"3.33","1.63",83,"67.2",7,"81.2",2532,"6.9",718387,641154,543877,608336,593871,669304,621043,663616,572191,596146,"53.58",,,,,,,,12,2,"Sweeper",1,1,1,1,1,1,1,1,"Standard","Standard",54,"0","-0.046",,
"ST","2023-04-28","81.4","-2.4","5.46","López, Pablo",641531,641154,,"called_strike",,,,,5,"Hunter Dozier pops out to shortstop Carlos Correa.","R","R","R","MIN","KC","S",,,0,0,2023,"0.96","0.06","-0.03","2.01",,,668472,2,2,"Top",,,,,543877,,,3.502848165234872,-118.47507866442282,-1.2320677864264646,8.319013559656781,23.836654842253775,-31.58760178818962,"3.17","1.4",,,,"81.6",2516,"6.6",718387,641154,543877,608336,593871,669304,621043,663616,572191,596146,"53.94",,,,,,,,12,1,"Sweeper",1,1,1,1,1,1,1,1,"Standard","Standard",52,"0","-0.038",,
"ST","2023-04-28","81.7","-2.22","5.34","López, Pablo",521692,641154,"sac_fly","hit_into_play",,,,,14,"Salvador Perez out on a sacrifice fly to right fielder Max Kepler.   Bobby Witt Jr.  scores.","R","R","R","MIN","KC","X",9,"fly_ball",1,2,2023,"1.06","-0.1","0.68","1.18",677951,,,1,1,"Top",188.2,109.63,,,543877,,,4.537876328051106,-118.86567787843973,-2.5685955285499826,9.0690267381368,24.859498994824726,-32.7795010016126,"3.55","1.67",308,"91",34,"82.5",2517,"7.1",718387,641154,543877,608336,593871,669304,621043,663616,572191,596146,"53.44",0.037,0.045,"0",1,0,0,3,3,6,"Sweeper",0,0,0,0,1,0,1,0,"Strategic","Standard",55,"-0.018","0.001",,
"ST","2023-04-28","84.3","-2.05","5.37","López, Pablo",521692,641154,,"ball",,,,,12,"Salvador Perez out on a sacrifice fly to right fielder Max Kepler.   Bobby Witt Jr.  scores.","R","R","R","MIN","KC","B",,,0,2,2023,"0.74","0.78","3.04","2.83",677951,,,1,1,"Top",,,,,543877,,,10.57256892947403,-122.38396938525239,-1.034969748174401,5.271676896301084,25.218114738951485,-24.354979815906393,"3.57","1.66",,,,"86",2469,"7.6",718387,641154,543877,608336,593871,669304,621043,663616,572191,596146,"52.92",,,,,,,,3,5,"Sweeper",0,0,0,0,0,0,0,0,"Strategic","Standard",59,"0","-0.013",,
"ST","2023-04-28","81.4","-2.07","5.51","López, Pablo",521692,641154,,"foul",,,,,9,"Salvador Perez out on a sacrifice fly to right fielder Max Kepler.   Bobby Witt Jr.  scores.","R","R","R","MIN","KC","S",,,0,2,2023,"1.14","-0.26","0.59","2.22",677951,,,1,1,"Top",,,,,543877,,,3.8378262222181054,-118.5342734727282,-0.2382783577370029,9.890565374801817,24.53170661170249,-34.75900415177105,"3.55","1.67",6,"73.2",-19,"82.4",2515,"7.1",718387,641154,543877,608336,593871,669304,621043,663616,572191,596146,"53.36",,,,,,,,3,4,"Sweeper",0,0,0,0,0,0,0,0,"Strategic","Standard",55,"0","0",,
"ST","2023-04-28","83.6","-2.17","5.49","López, Pablo",677951,641154,,"ball",,,,,14,"Bobby Witt Jr.  doubles (4) on a fly ball to right fielder Max Kepler.","R","R","R","MIN","KC","B",,,1,2,2023,"1.13","-0.03","1.9","1.71",,,,0,1,"Top",,,,,543877,,,7.196414721744521,-121.5201141031458,-2.1587696026561534,9.573657341177041,26.152635787793866,-32.258548570553806,"3.54","1.69",,,,"83.7",2470,"6.6",718387,641154,543877,608336,593871,669304,621043,663616,572191,596146,"53.86",,,,,,,,1,5,"Sweeper",0,0,0,0,0,0,0,0,"Standard","Standard",54,"0","0.041",,
"ST","2023-04-28","82.6","-2.14","5.49","López, Pablo",677951,641154,,"ball",,,,,14,"Bobby Witt Jr.  doubles (4) on a fly ball to right fielder Max Kepler.","R","R","R","MIN","KC","B",,,0,1,2023,"1.63","-0.09","0.6","0.99",,,,0,1,"Top",,,,,543877,,,3.08385527447928,-120.14725948494848,-3.497462021292435,14.956268790865417,25.8996386310514,-32.54921795794011,"3.54","1.69",,,,"83",2556,"6.8",718387,641154,543877,608336,593871,669304,621043,663616,572191,596146,"53.68",,,,,,,,1,2,"Sweeper",0,0,0,0,0,0,0,0,"Standard","Standard",53,"0","0.028",,
"ST","2023-04-22","80.6","-2.26","5.33","López, Pablo",657041,641154,,"ball",,,,,14,"Lane Thomas strikes out swinging.","R","R","R","MIN","WSH","B",,,0,2,2023,"0.79","0.26","2.96","1.26",608841,,671277,2,4,"Top",,,,,543877,,,10.282580696101,-117.13613454088615,-2.9615610490694513,5.644990423805069,19.407934671386432,-29.471963142450836,"3.13","1.49",,,,"82.5",2384,"7.3",718468,641154,543877,608336,593871,669304,621043,663616,572191,596146,"53.17",,,,,,,,37,3,"Sweeper",1,5,5,1,5,1,5,1,"Standard","Standard",46,"0","0.033",,
"ST","2023-04-22","80.9","-2.44","5.37","López, Pablo",608841,641154,,"ball",,,,,13,"Joey Meneses singles on a ground ball to right fielder Max Kepler.","R","R","R","MIN","WSH","B",,,1,0,2023,"0.91","-0.13","-1.5","2.34",,,,2,4,"Top",,,,,543877,,,0.3546953847227748,-117.80224382899523,0.1194138811366443,8.390932775131414,22.091978319249904,-33.57859533490094,"3.48","1.73",,,,"81.7",2267,"6.8",718468,641154,543877,608336,593871,669304,621043,663616,572191,596146,"53.73",,,,,,,,35,2,"Sweeper",1,5,5,1,5,1,5,1,"Standard","Standard",61,"0","0.022",,
"ST","2023-04-22","82.3","-2.51","5.52","López, Pablo",669743,641154,,"foul",,,,,5,"Alex Call called out on strikes.","R","R","R","MIN","WSH","S",,,0,0,2023,"0.51","0.74","0.19","2.21",645302,,,0,4,"Top",,,,,543877,,,5.197393407743513,-119.91676682331705,-2.571889503246487,4.158154741340816,19.849011391744483,-24.6765731883502,"3.19","1.61",,,,"83.9",2274,"6.9",718468,641154,543877,608336,593871,669304,621043,663616,572191,596146,"53.57",,,,,,,,33,1,"Sweeper",1,4,4,1,4,1,4,1,"Strategic","Standard",53,"0","-0.059",,
"ST","2023-04-22","80.3","-2.47","5.56","López, Pablo",645302,641154,"triple","hit_into_play",,,,,3,"Victor Robles triples (1) on a fly ball to center fielder Michael A.   Taylor.","R","R","R","MIN","WSH","X",8,"fly_ball",0,0,2023,"1.18","0.03","0.31","3.32",,,,0,4,"Top",91.49,66.87,,,543877,,,3.984544470817026,-116.93754516195179,1.6653927714694354,10.08359784162692,21.364853395761745,-32.393771756903405,"3.29","1.58",338,"94.9",25,"81.2",2308,"6.8",718468,641154,543877,608336,593871,669304,621043,663616,572191,596146,"53.71",0.229,0.315,"1.6",1,1,2,5,32,1,"Sweeper",1,4,4,1,4,1,4,1,"Standard","Standard",60,"-0.052","0.89",,
"ST","2023-04-22","83.8","-2.18","5.36","López, Pablo",657041,641154,,"ball",,,,,14,"Lane Thomas strikes out swinging.","R","R","R","MIN","WSH","B",,,1,2,2023,"1.03","0.14","1.15","2.03",608841,,671277,2,2,"Top",,,,,543877,,,5.703460948326749,-121.99133335576842,-1.5620735053303927,9.10879989117916,24.848705408084513,-30.67766123874709,"3.01","1.49",,,,"84.7",2236,"7",718468,641154,543877,608336,593871,669304,621043,663616,572191,596146,"53.55",,,,,,,,19,6,"Sweeper",0,4,4,0,4,0,4,0,"Standard","Standard",52,"0","0.039",,
"ST","2023-04-22","84","-2.17","5.46","López, Pablo",657041,641154,,"foul",,,,,12,"Lane Thomas strikes out swinging.","R","R","R","MIN","WSH","S",,,1,2,2023,"0.78","0.65","1.34","2.63",608841,,671277,2,2,"Top",,,,,543877,,,6.67541098856422,-122.29395908809016,-1.5069972652177008,6.626280087375441,22.4445435052542,-25.533427627328035,"3.1","1.49",162,"64.3",27,"85.4",2332,"7",718468,641154,543877,608336,593871,669304,621043,663616,572191,596146,"53.49",,,,,,,,19,4,"Sweeper",0,4,4,0,4,0,4,0,"Standard","Standard",58,"0","0",,
"ST","2023-04-22","82.6","-2.4","5.34","López, Pablo",608841,641154,"single","hit_into_play",,,,,9,"Joey Meneses singles on a line drive to center fielder Michael A.   Taylor.   Victor Robles scores.    Alex Call to 2nd.","R","R","R","MIN","WSH","X",8,"line_drive",1,0,2023,"0.79","0.41","0.82","1.71",645302,,669743,2,2,"Top",124.26,90.89,,,543877,,,5.896436716812779,-120.22217465142666,-2.593818195405899,6.476611556296439,23.33331926412688,-27.93586762703221,"3.57","1.73",251,"78.1",20,"83.7",2464,"7",718468,641154,543877,608336,593871,669304,621043,663616,572191,596146,"53.48",0.951,0.883,"0.9",1,1,0,4,17,2,"Sweeper",0,2,2,0,3,0,3,0,"Standard","Standard",55,"-0.079","0.928",,
"ST","2023-04-22","83.7","-2.21","5.42","López, Pablo",608841,641154,,"ball",,,,,14,"Joey Meneses singles on a line drive to center fielder Michael A.   Taylor.   Victor Robles scores.    Alex Call to 2nd.","R","R","R","MIN","WSH","B",,,0,0,2023,"0.83","0.41","1.38","1.65",645302,,669743,2,2,"Top",,,,,543877,,,6.777260821799893,-121.75958407630065,-3.1229564440580075,6.920619763306779,23.936386958767773,-27.692758646307794,"3.4","1.73",,,,"85.4",2367,"7.4",718468,641154,543877,608336,593871,669304,621043,663616,572191,596146,"53.11",,,,,,,,17,1,"Sweeper",0,2,2,0,2,0,2,0,"Standard","Standard",60,"0","0.07",,
"ST","2023-04-22","81.6","-2.41","5.48","López, Pablo",645302,641154,,"called_strike",,,,,4,"Victor Robles hit by pitch.","R","R","R","MIN","WSH","S",,,0,0,2023,"1.12","-0.05","-0.7","2.64",,,,1,2,"Top",,,,,543877,,,1.689660312481689,-118.77343152222541,0.37040731314754205,10.182456576227708,25.46172735087892,-32.940510454268704,"3.29","1.58",,,,"81.9",2223,"6.8",718468,641154,543877,608336,593871,669304,621043,663616,572191,596146,"53.74",,,,,,,,14,1,"Sweeper",0,2,2,0,2,0,2,0,"Standard","Standard",62,"0","-0.026",,
"ST","2023-04-22","83.1","-2.17","5.4","López, Pablo",656180,641154,,"ball",,,,,14,"Riley Adams strikes out on a foul tip.","R","R","R","MIN","WSH","B",,,0,1,2023,"1.26","0.39","2.57","1.19",600869,608841,671277,2,1,"Top",,,,,543877,,,8.46759473109091,-120.6800862442699,-3.9132402106783415,10.551725617663632,24.97550659462116,-27.76222334910923,"3.41","1.63",,,,"83.8",2411,"7",718468,641154,543877,608336,593871,669304,621043,663616,572191,596146,"53.51",,,,,,,,7,2,"Sweeper",0,1,1,0,2,0,2,0,"Standard","Standard",53,"-0.079","0.098",,
"ST","2023-04-22","82.7","-2.16","5.48","López, Pablo",608841,641154,"single","hit_into_play",,,,,14,"Joey Meneses singles on a ground ball to third baseman Jose Miranda.   Alex Call scores.","R","R","R","MIN","WSH","X",5,"ground_ball",1,1,2023,"0.88","0.19","0.86","2.21",669743,600869,,0,1,"Top",120.87,170,,,543877,,,5.210974258670405,-120.41514961487495,-1.3199341996796812,7.536362903373409,24.022763906110782,-30.30652721530354,"3.57","1.73",4,"67.7",-29,"83.5",2464,"6.8",718468,641154,543877,608336,593871,669304,621043,663616,572191,596146,"53.66",0.049,0.041,"0.9",1,1,0,2,3,3,"Sweeper",0,0,0,0,1,0,1,0,"Standard","Standard",56,"-0.039","0.892",,
"ST","2023-04-22","84","-2.26","5.46","López, Pablo",608841,641154,,"ball",,,,,14,"Joey Meneses singles on a ground ball to third baseman Jose Miranda.   Alex Call scores.","R","R","R","MIN","WSH","B",,,0,0,2023,"0.79","0.33","1.07","1.4",669743,600869,,0,1,"Top",,,,,543877,,,6.216953584115341,-122.15977382460756,-3.618238479559319,6.599486749247713,25.844129367888804,-28.350097642950388,"3.42","1.73",,,,"84.7",2485,"6.9",718468,641154,543877,608336,593871,669304,621043,663616,572191,596146,"53.57",,,,,,,,3,1,"Sweeper",0,0,0,0,0,0,0,0,"Standard","Standard",54,"0","0.054",,
"ST","2023-04-22","81.9","-2.25","5.46","López, Pablo",669743,641154,,"called_strike",,,,,5,"Alex Call hit by pitch.","R","R","R","MIN","WSH","S",,,0,1,2023,"1.12","0.55","-0.13","2.19",,,,0,1,"Top",,,,,543877,,,2.6515097818224955,-119.33164756651257,-1.915773507257028,10.219095979875211,22.836801849175906,-26.744544854016517,"3.31","1.61",,,,"83",2414,"6.9",718468,641154,543877,608336,593871,669304,621043,663616,572191,596146,"53.56",,,,,,,,1,2,"Sweeper",0,0,0,0,0,0,0,0,"Standard","Standard",59,"0","-0.049",,
"ST","2023-04-11","83.8","-2.13","5.25","López, Pablo",462101,641154,"strikeout","swinging_strike",,,,,14,"Elvis Andrus strikes out swinging.","R","R","R","MIN","CWS","S",2,,1,2,2023,"1.24","-0.05","1.37","1.51",,,,1,8,"Top",,,,,543877,,,5.836524188981906,-121.97138806338388,-2.2135668787892806,11.322648898565015,22.72976739750919,-32.453944982501916,"3.07","1.39",,,,"87",2449,"8.2",718616,641154,543877,456781,624503,669304,571657,663616,572191,670242,"52.32",,0,"0",1,0,0,,55,5,"Sweeper",3,2,2,3,2,3,2,3,"Standard","Standard",55,"0.039","-0.119",,
"ST","2023-04-11","82.3","-2.21","5.24","López, Pablo",462101,641154,,"called_strike",,,,,5,"Elvis Andrus strikes out swinging.","R","R","R","MIN","CWS","S",,,0,1,2023,"1.21","-0.03","0.06","1.99",,,,1,8,"Top",,,,,543877,,,2.913265196662937,-120.02764691771773,-0.8891099059972134,11.26172420261427,20.63657976257693,-32.549748838358276,"3.06","1.42",,,,"85.9",2628,"8.2",718616,641154,543877,456781,624503,669304,571657,663616,572191,670242,"52.28",,,,,,,,55,2,"Sweeper",3,2,2,3,2,3,2,3,"Standard","Standard",55,"0","-0.036",,
"ST","2023-04-11","83.2","-2.3","5.31","López, Pablo",462101,641154,,"swinging_strike",,,,,12,"Elvis Andrus strikes out swinging.","R","R","R","MIN","CWS","S",,,0,0,2023,"0.89","0.34","0.92","2.33",,,,1,8,"Top",,,,,543877,,,5.73797275494953,-121.2319948615197,-1.153764885234695,7.913308563629571,20.268183458651958,-28.78650760579242,"3.07","1.39",,,,"84.9",2524,"7",718616,641154,543877,456781,624503,669304,571657,663616,572191,670242,"53.47",,,,,,,,55,1,"Sweeper",3,2,2,3,2,3,2,3,"Standard","Standard",63,"0","-0.026",,
"ST","2023-04-11","81.6","-2.25","5.41","López, Pablo",663853,641154,"strikeout","foul_tip",,,,,2,"Romy Gonzalez strikes out on a foul tip.","R","R","R","MIN","CWS","S",2,,1,2,2023,"0.95","0.19","-0.14","2.99",,,,0,8,"Top",,,,,543877,,,3.030756359267906,-118.99164024821208,0.7362449457919791,8.5978553573006,20.564617708826468,-30.661970514833424,"3.37","1.67",,,,"84.8",2525,"8.1",718616,641154,543877,456781,624503,669304,571657,663616,572191,670242,"52.43",,0,"0",1,0,0,,54,4,"Sweeper",3,2,2,3,2,3,2,3,"Standard","Standard",62,"0.054","-0.173",,
"ST","2023-04-11","81.7","-2.23","5.39","López, Pablo",669394,641154,"strikeout","swinging_strike",,,,,1,"Jake Burger strikes out swinging.","R","R","R","MIN","CWS","S",2,,0,2,2023,"1.12","-0.46","-0.72","3.1",,,,1,7,"Top",,,,,543877,,,1.2644042564247415,-119.01474292358694,2.3600947284070792,10.40257259257658,22.663230346993704,-37.24688419638431,"3.24","1.51",,,,"82.9",2549,"7",718616,641154,543877,456781,624503,669304,571657,663616,572191,670242,"53.5",,0,"0",1,0,0,,49,3,"Sweeper",3,2,2,3,2,3,2,3,"Strategic","Standard",60,"0.031","-0.107",,
"ST","2023-04-11","83.7","-2.24","5.23","López, Pablo",683734,641154,,"ball",,,,,14,"Andrew Vaughn grounds out, third baseman Jose Miranda to first baseman Donovan Solano.","R","R","R","MIN","CWS","B",,,0,2,2023,"1.18","0.2","1.47","1.15",,,,2,6,"Top",,,,,543877,,,6.4704221882533375,-121.91415184579482,-3.578864162473,10.729271961721293,21.542192822781757,-29.700183644733105,"3.01","1.39",,,,"87.3",2468,"8.3",718616,641154,543877,456781,624503,669304,571657,663616,572191,670242,"52.21",,,,,,,,44,3,"Sweeper",3,2,2,3,2,3,2,3,"Strategic","Standard",56,"0","0.009",,
"ST","2023-04-11","83.4","-2.24","5.34","López, Pablo",673357,641154,,"ball",,,,,14,"Luis Robert Jr.  grounds out, third baseman Jose Miranda to first baseman Donovan Solano.","R","R","R","MIN","CWS","B",,,1,0,2023,"1.1","0.2","1.21","1.03",,,,0,6,"Top",,,,,543877,,,5.8460015342148335,-121.4132037520987,-3.933186207863218,9.791518812769418,22.94656941298781,-29.615388541667773,"3.65","1.74",,,,"84.5",2455,"6.9",718616,641154,543877,456781,624503,669304,571657,663616,572191,670242,"53.58",,,,,,,,42,2,"Sweeper",3,2,2,3,2,3,2,3,"Standard","Standard",54,"0","0.064",,
"ST","2023-04-11","81.5","-2.28","5.43","López, Pablo",673357,641154,,"ball",,,,,12,"Luis Robert Jr.  grounds out, third baseman Jose Miranda to first baseman Donovan Solano.","R","R","R","MIN","CWS","B",,,0,0,2023,"1.58","-0.03","1.26","2.77",,,,0,6,"Top",,,,,543877,,,4.967970688448467,-118.7144113857304,0.6817572974720139,13.964621179474316,22.858988474521947,-32.80836888719705,"3.68","1.8",,,,"82.5",2539,"6.9",718616,641154,543877,456781,624503,669304,571657,663616,572191,670242,"53.58",,,,,,,,42,1,"Sweeper",3,2,2,3,2,3,2,3,"Standard","Standard",61,"0","0.036",,
"ST","2023-04-11","82.6","-2.28","5.46","López, Pablo",663853,641154,"field_out","hit_into_play",,,,,6,"Romy Gonzalez lines out to pitcher Pablo Lopez.","R","R","R","MIN","CWS","X",1,"line_drive",0,0,2023,"1.17","-0.02","0.8","2.34",,,,0,5,"Top",128.11,171.61,,,543877,,,4.776267506655117,-120.26211476092942,-0.5807106703385584,10.524654925209335,22.62667228816538,-32.45028988750688,"3.37","1.67",78,"68.1",9,"83.5",2563,"6.8",718616,641154,543877,456781,624503,669304,571657,663616,572191,670242,"53.69",0.243,0.254,"0",1,0,0,2,35,1,"Sweeper",3,2,2,3,2,3,2,3,"Standard","Standard",58,"0.032","-0.238",,
"ST","2023-04-11","84.1","-2.33","5.36","López, Pablo",683734,641154,,"ball",,,,,14,"Andrew Vaughn strikes out on a foul tip.","R","R","R","MIN","CWS","B",,,1,2,2023,"1.28","-0.19","0.81","0.5",,,,2,3,"Top",,,,,543877,,,4.79847500303987,-122.36126883250063,-4.538938614449389,11.922322167085937,24.032678739871383,-33.42129789063638,"3.34","1.57",,,,"85.2",2565,"7",718616,641154,543877,456781,624503,669304,571657,663616,572191,670242,"53.53",,,,,,,,24,4,"Sweeper",3,2,2,3,2,3,2,3,"Strategic","Standard",57,"0","0.016",,
"ST","2023-04-11","81.9","-2.27","5.51","López, Pablo",673357,641154,,"called_strike",,,,,3,"Luis Robert Jr.  grounds out, pitcher Pablo Lopez to first baseman Donovan Solano.","R","R","R","MIN","CWS","S",,,0,0,2023,"1.47","-0.05","0.37","3.33",,,,0,3,"Top",,,,,543877,,,3.151005581310857,-119.12782608975162,1.8482010431677862,13.199905879069705,24.974655483827686,-33.31312819281814,"3.65","1.75",,,,"82.3",2460,"6.8",718616,641154,543877,456781,624503,669304,571657,663616,572191,670242,"53.71",,,,,,,,22,1,"Sweeper",3,2,2,3,2,3,2,3,"Standard","Standard",60,"0","-0.038",,
"ST","2023-04-11","82.1","-2.24","5.5","López, Pablo",462101,641154,"field_out","hit_into_play",,,,,3,"Elvis Andrus grounds out, shortstop Kyle Farmer to first baseman Donovan Solano.","R","R","R","MIN","CWS","X",6,"ground_ball",0,1,2023,"1.3","-0.33","0.43","2.62",,,,1,2,"Top",111.74,157.29,,,543877,,,3.5990432370148606,-119.58024884847488,0.6990270468389979,11.862268554559273,22.138607693966687,-35.72623159779992,"3.07","1.39",6,"89.8",-26,"84.5",2509,"7.7",718616,641154,543877,456781,624503,669304,571657,663616,572191,670242,"52.79",0.08,0.068,"0",1,0,0,2,15,2,"Sweeper",2,2,2,2,2,2,2,2,"Standard","Standard",53,"0.017","-0.143",,
"ST","2023-04-11","84.7","-2.3","5.35","López, Pablo",683734,641154,"double","hit_into_play",,,,,6,"Andrew Vaughn doubles (6) on a line drive to left fielder Trevor Larnach.   Andrew Benintendi scores.    Luis Robert Jr.  scores.    Gavin Sheets to 3rd.","R","R","R","MIN","CWS","X",7,"line_drive",1,1,2023,"0.92","0.28","0.33","2.06",643217,673357,657757,0,1,"Top",33.69,94.96,,,543877,,,4.37973208088404,-123.41037556453405,-1.9606174922541832,8.589079354327616,23.025200355969197,-29.10549100044033,"3.18","1.53",341,"99.2",20,"86.2",2492,"7.1",718616,641154,543877,456781,624503,669304,571657,663616,572191,670242,"53.43",0.36,0.447,"1.25",1,1,1,5,4,3,"Sweeper",0,0,0,0,2,0,2,0,"Standard","Standard",63,"-0.134","1.731",,
"ST","2023-04-11","85.3","-2.38","5.17","López, Pablo",683734,641154,,"ball",,,,,9,"Andrew Vaughn doubles (6) on a line drive to left fielder Trevor Larnach.   Andrew Benintendi scores.    Luis Robert Jr.  scores.    Gavin Sheets to 3rd.","R","R","R","MIN","CWS","B",,,0,1,2023,"0.53","0.59","0.75","1.46",643217,673357,657757,0,1,"Top",,,,,543877,,,6.400360335353099,-124.24519973553478,-3.7522332333848585,4.439848494429732,21.956475198894996,-25.502174882561317,"3.17","1.52",,,,"87.2",2402,"7.1",718616,641154,543877,456781,624503,669304,571657,663616,572191,670242,"53.35",,,,,,,,4,2,"Sweeper",0,0,0,0,0,0,0,0,"Standard","Standard",57,"0","0.091",,