pitches,player_name,year,total_pitches,pitch_percent,ba,iso,babip,slg,woba,xwoba,xba,hits,abs,launch_speed,launch_angle,whiffs,swings,takes,run_exp,bat_speed,swing_length,Name,Position,Height(inches),Weight(pounds)
48,"Clement, Ernie",2023,155,31.0,0.667,0.133,0.667,0.8,0.594,0.386,0.43,10.0,15.0,81.3,12.1,5,36,12,7.3,,,,,,
19,"Toro, Abraham",2023,69,27.5,0.667,0.5,0.6,1.167,0.775,0.695,0.617,4.0,6.0,89.2,13.5,4,10,9,4.6,,,,,,
83,"Arraez, Luis",2020,512,16.2,0.579,0.263,0.579,0.842,0.586,0.49,0.393,11.0,19.0,91.3,20.5,4,34,49,8.8,,,,,,
41,"Evans, Phillip",2020,159,25.8,0.556,0.444,0.571,1.0,0.663,0.442,0.32,5.0,9.0,86.6,8.5,7,19,22,5.7,,,,,,
48,"Salazar, César",2024,111,43.2,0.5,0.1,0.455,0.6,0.442,0.387,0.404,5.0,10.0,82.7,14.7,7,30,18,2.0,62.289432667,6.945704333,,,,
73,"Greiner, Grayson",2021,344,21.2,0.5,0.25,0.7,0.75,0.558,0.399,0.274,8.0,16.0,81.9,4.3,8,29,44,4.0,,,,,,
36,"Brennan, Will",2022,150,24.0,0.5,0.3,0.5,0.8,0.572,0.521,0.433,5.0,10.0,94.0,10.2,6,25,11,4.1,,,,,,
76,"Stevenson, Andrew",2020,191,39.8,0.5,0.333,0.667,0.833,0.592,0.406,0.305,6.0,12.0,88.1,13.6,5,28,48,7.1,,,,,,
28,"Davis, Jonathan",2020,152,18.4,0.5,0.167,0.5,0.667,0.429,0.337,0.259,3.0,6.0,97.1,14.7,3,16,12,1.4,,,,,,
30,"Urías, Ramón",2020,108,27.8,0.5,0.167,0.5,0.667,0.55,0.393,0.289,3.0,6.0,89.4,0.7,0,10,20,1.7,,,,,,
28,"Stevenson, Cal",2024,102,27.5,0.5,0.25,0.571,0.75,0.534,0.324,0.3,4.0,8.0,80.5,7.9,3,12,16,1.8,57.254121667,6.371783333,,,,
40,"Aquino, Aristides",2020,219,18.3,0.5,0.4,0.444,0.9,0.61,0.576,0.464,5.0,10.0,79.7,7.4,5,19,21,3.9,,,,,,
31,"Villar, David",2024,136,22.8,0.5,0.333,0.75,0.833,0.51,0.648,0.371,3.0,6.0,103.8,19.0,5,16,15,1.2,65.126856667,7.599476667,,,,
110,"Bonifacio, Jorge",2020,370,29.7,0.478,0.304,0.692,0.783,0.532,0.432,0.349,11.0,23.0,90.6,6.5,26,62,48,8.6,,,,,,
50,"Grissom, Vaughn",2023,289,17.3,0.471,0.176,0.571,0.647,0.463,0.356,0.331,8.0,17.0,93.9,9.4,6,27,23,4.5,,,,,,
173,"Nola, Austin",2021,694,24.9,0.467,0.2,0.435,0.667,0.497,0.375,0.329,21.0,45.0,89.4,16.3,5,85,88,14.5,,,,,,
189,"Fairchild, Stuart",2024,853,22.2,0.465,0.186,0.594,0.651,0.5,0.39,0.324,20.0,43.0,84.4,16.4,31,93,96,11.4,65.753400933,7.069699467,,,,
41,"Pozo, Yohel",2021,232,17.7,0.462,0.385,0.455,0.846,0.558,0.362,0.266,6.0,13.0,91.1,18.2,5,24,17,4.6,,,,,,
56,"Davidson, Matt",2020,200,28.0,0.455,0.818,0.4,1.273,0.7,0.551,0.327,5.0,11.0,98.5,24.4,7,27,29,6.5,,,,,,
34,"Marisnick, Jake",2020,128,26.6,0.455,0.182,0.625,0.636,0.466,0.305,0.282,5.0,11.0,89.9,14.5,9,21,13,2.7,,,,,,
52,"Loftin, Nick",2023,250,20.8,0.455,0.091,0.455,0.545,0.459,0.416,0.269,5.0,11.0,83.6,-1.0,4,26,26,3.4,,,,,,
41,"Adams, Matt",2020,209,19.6,0.455,0.455,0.5,0.909,0.577,0.347,0.234,5.0,11.0,84.4,23.0,7,24,17,3.9,,,,,,
184,"Bohm, Alec",2020,661,27.8,0.452,0.071,0.475,0.524,0.45,0.397,0.347,19.0,42.0,91.5,6.3,13,88,96,9.7,,,,,,
37,"Caminero, Junior",2023,134,27.6,0.444,0.0,0.571,0.444,0.423,0.299,0.271,4.0,9.0,85.6,-19.1,4,19,18,1.9,,,,,,
28,"Adell, Jo",2023,261,10.7,0.444,0.111,0.571,0.556,0.432,0.203,0.219,4.0,9.0,78.9,-10.6,4,15,13,1.0,,,,,,
178,"France, Ty",2020,614,29.0,0.442,0.116,0.528,0.558,0.455,0.398,0.37,19.0,43.0,81.8,16.6,17,85,93,10.1,,,,,,
125,"Remillard, Zach",2023,576,21.7,0.441,0.088,0.652,0.529,0.444,0.271,0.249,15.0,34.0,75.1,0.0,19,63,62,8.3,,,,,,
397,"Jones, Nolan",2023,1809,21.9,0.44,0.373,0.474,0.813,0.555,0.465,0.32,33.0,75.0,89.1,10.2,43,174,223,26.7,,,,,,
150,"Betts, Mookie",2020,930,16.1,0.439,0.366,0.424,0.805,0.524,0.403,0.325,18.0,41.0,91.8,21.3,11,77,73,12.5,,,,,,
64,"Fletcher, David",2023,327,19.6,0.435,0.174,0.45,0.609,0.448,0.301,0.322,10.0,23.0,83.6,6.6,8,41,23,2.5,,,,,,
373,"Arraez, Luis",2023,2161,17.3,0.434,0.132,0.442,0.566,0.436,0.372,0.357,46.0,106.0,87.8,13.2,15,200,173,19.9,,,,,,
38,"Whitcomb, Shay",2024,181,21.0,0.429,0.143,0.429,0.571,0.488,0.502,0.447,3.0,7.0,83.9,16.3,0,15,23,2.8,71.774881429,7.529028571,,,,
32,"O'Hoppe, Logan",2022,60,53.3,0.429,0.0,0.5,0.429,0.448,0.342,0.238,3.0,7.0,90.7,34.3,5,14,18,1.5,,,,,,
31,"Heineman, Tyler",2023,181,17.1,0.429,0.286,0.75,0.714,0.545,0.377,0.251,3.0,7.0,76.6,-9.5,3,15,16,1.8,,,,,,
23,"Burger, Jake",2021,182,12.6,0.429,0.429,0.75,0.857,0.532,0.311,0.234,3.0,7.0,98.8,26.8,5,15,8,0.9,,,,,,
103,"Bichette, Bo",2020,472,21.8,0.429,0.321,0.476,0.75,0.508,0.476,0.375,12.0,28.0,88.1,7.3,17,63,40,7.0,,,,,,
28,"Bae, Ji Hwan",2022,120,23.3,0.429,0.143,0.5,0.571,0.465,0.304,0.267,3.0,7.0,64.2,-16.2,4,15,13,2.1,,,,,,
27,"Rooker, Brent",2020,85,31.8,0.429,0.143,0.75,0.571,0.429,0.332,0.31,3.0,7.0,94.9,12.8,4,16,11,1.7,,,,,,
122,"Plawecki, Kevin",2020,324,37.7,0.429,0.214,0.5,0.643,0.478,0.318,0.271,12.0,28.0,87.4,11.7,8,51,71,6.9,,,,,,
89,"Araúz, Jonathan",2020,335,26.6,0.429,0.095,0.529,0.524,0.437,0.415,0.416,9.0,21.0,85.7,10.6,8,40,49,3.9,,,,,,
37,"Mercado, Óscar",2023,112,33.0,0.429,0.143,0.6,0.571,0.43,0.265,0.278,3.0,7.0,78.7,26.6,6,20,17,2.5,,,,,,
41,"Cruz, Oneil",2023,162,25.3,0.429,0.0,0.5,0.429,0.404,0.228,0.128,3.0,7.0,82.5,-8.2,6,16,25,3.0,,,,,,
117,"Trout, Mike",2021,610,19.2,0.423,0.462,0.533,0.885,0.567,0.46,0.312,11.0,26.0,91.1,5.8,9,45,72,6.4,,,,,,
260,"Freeman, Freddie",2020,1021,25.5,0.423,0.462,0.421,0.885,0.573,0.584,0.425,22.0,52.0,95.4,16.9,21,128,132,17.6,,,,,,
104,"Mathias, Mark",2022,404,25.7,0.421,0.474,0.4,0.895,0.556,0.443,0.354,8.0,19.0,87.6,10.8,10,42,62,7.0,,,,,,
161,"Soto, Juan",2020,827,19.5,0.421,0.368,0.464,0.789,0.519,0.408,0.298,16.0,38.0,87.4,4.4,16,59,102,7.2,,,,,,
148,"Iglesias, Jose",2020,567,26.1,0.421,0.184,0.469,0.605,0.433,0.413,0.374,16.0,38.0,83.7,4.5,12,87,61,6.6,,,,,,
44,"Heim, Jonah",2020,144,30.6,0.417,0.0,0.417,0.417,0.393,0.453,0.39,5.0,12.0,86.7,1.8,3,22,22,0.7,,,,,,
42,"Reks, Zach",2022,114,36.8,0.417,0.083,0.5,0.5,0.4,0.295,0.295,5.0,12.0,87.0,27.3,4,23,19,1.9,,,,,,
104,"Palacios, Richie",2023,408,25.5,0.412,0.176,0.438,0.588,0.434,0.271,0.238,7.0,17.0,85.2,2.5,6,44,60,4.0,,,,,,
226,"Stephenson, Tyler",2022,732,30.9,0.412,0.275,0.487,0.686,0.48,0.362,0.282,21.0,51.0,88.3,7.2,28,100,126,12.5,,,,,,
89,"Knapp, Andrew",2020,345,25.8,0.409,0.364,0.533,0.773,0.495,0.458,0.359,9.0,22.0,88.6,9.1,18,45,44,4.6,,,,,,
258,"McCarthy, Jake",2022,1263,20.4,0.403,0.13,0.484,0.532,0.427,0.35,0.306,31.0,77.0,85.9,9.9,40,142,116,13.4,,,,,,
18,"Bart, Joey",2021,21,85.7,0.4,0.0,0.667,0.4,0.352,0.236,0.254,2.0,5.0,91.9,28.3,3,8,10,0.3,,,,,,
88,"Alfaro, Jorge",2020,342,25.7,0.4,0.2,0.529,0.6,0.447,0.352,0.283,10.0,25.0,92.8,1.6,17,51,37,4.1,,,,,,
76,"Baker, Luken",2024,201,37.8,0.4,0.6,0.364,1.0,0.546,0.361,0.209,6.0,15.0,91.5,18.8,11,35,41,2.6,72.035169143,7.663591429,,,,
176,"Joe, Connor",2021,818,21.5,0.4,0.225,0.4,0.625,0.455,0.421,0.318,16.0,40.0,89.3,16.0,11,73,103,10.4,,,,,,
151,"Castro, Willi",2020,534,28.3,0.4,0.2,0.467,0.6,0.411,0.327,0.304,16.0,40.0,83.5,6.7,26,95,56,4.9,,,,,,
94,"Kennedy, Buddy",2022,363,25.9,0.4,0.4,0.455,0.8,0.503,0.428,0.306,6.0,15.0,88.3,11.4,10,37,57,6.4,,,,,,
19,"Bruján, Vidal",2021,100,19.0,0.4,0.0,0.5,0.4,0.352,0.326,0.344,2.0,5.0,81.5,-14.3,3,13,6,-0.2,,,,,,
39,"Ahmed, Nick",2022,211,18.5,0.4,0.0,0.571,0.4,0.384,0.321,0.311,4.0,10.0,87.1,1.4,7,22,17,1.3,,,,,,
134,"Call, Alex",2024,493,27.2,0.4,0.2,0.474,0.6,0.487,0.345,0.25,10.0,25.0,89.4,10.5,13,56,78,4.9,62.930502909,6.513846182,,,,
47,"Adams, Jordyn",2024,158,29.7,0.4,0.0,0.444,0.4,0.383,0.38,0.346,4.0,10.0,90.6,8.8,5,23,24,0.7,69.549765217,7.686353478,,,,
14,"Acuña, Luisangel",2024,136,10.3,0.4,0.0,0.4,0.4,0.353,0.42,0.446,2.0,5.0,102.5,-9.6,2,8,6,0.1,72.96463625,7.0611275,,,,
198,"Tatis Jr., Fernando",2020,988,20.0,0.4,0.375,0.5,0.775,0.516,0.448,0.331,16.0,40.0,97.8,5.2,27,94,104,13.0,,,,,,
118,"Marte, Noelvi",2023,444,26.6,0.4,0.067,0.462,0.467,0.387,0.274,0.277,12.0,30.0,90.5,-8.0,16,60,58,3.4,,,,,,
42,"Quiroz, Esteban",2022,185,22.7,0.4,0.0,0.571,0.4,0.384,0.229,0.191,4.0,10.0,58.8,-3.0,6,22,20,0.7,,,,,,
14,"Tromp, Chadwick",2021,77,18.2,0.4,0.0,0.4,0.4,0.352,0.323,0.329,2.0,5.0,89.4,34.2,0,7,7,0.5,,,,,,
14,"Kirk, Alejandro",2020,85,16.5,0.4,0.2,0.4,0.6,0.424,0.205,0.217,2.0,5.0,97.6,10.8,1,7,7,1.2,,,,,,
18,"Lee, Korey",2022,100,18.0,0.4,0.2,0.667,0.6,0.429,0.14,0.155,2.0,5.0,81.3,26.3,4,11,7,1.0,,,,,,
107,"Tapia, Raimel",2020,805,13.3,0.4,0.04,0.435,0.44,0.375,0.284,0.213,10.0,25.0,85.2,11.9,14,64,43,0.5,,,,,,
99,"Haseley, Adam",2020,369,26.8,0.4,0.05,0.444,0.45,0.384,0.317,0.303,8.0,20.0,81.0,0.6,5,40,59,2.9,,,,,,
39,"Arroyo, Christian",2020,195,20.0,0.4,0.6,0.286,1.0,0.584,0.432,0.279,4.0,10.0,90.1,8.2,6,22,17,2.7,,,,,,
45,"Cordero, Franchy",2020,172,26.2,0.4,0.4,0.375,0.8,0.516,0.478,0.352,4.0,10.0,94.4,1.1,3,24,21,2.4,,,,,,
18,"Canario, Alexander",2023,61,29.5,0.4,1.0,0.333,1.4,0.715,0.281,0.186,2.0,5.0,82.8,34.3,5,12,6,2.5,,,,,,
149,"Fletcher, David",2020,906,16.4,0.4,0.089,0.419,0.489,0.375,0.33,0.35,18.0,45.0,83.1,7.6,6,78,71,7.2,,,,,,
490,"Soto, Juan",2021,2601,18.8,0.396,0.292,0.356,0.689,0.49,0.491,0.354,42.0,106.0,93.3,3.5,34,187,303,27.1,,,,,,
192,"Anderson, Brian",2020,888,21.6,0.395,0.419,0.4,0.814,0.518,0.38,0.255,17.0,43.0,88.8,11.1,29,92,100,14.3,,,,,,
178,"Ibáñez, Andy",2024,917,19.4,0.395,0.233,0.455,0.628,0.43,0.344,0.302,17.0,43.0,88.6,16.6,26,99,79,8.0,68.274084894,7.134748723,,,,
104,"Rojas, Miguel",2020,532,19.5,0.393,0.321,0.429,0.714,0.486,0.31,0.258,11.0,28.0,86.6,8.0,11,47,57,8.4,,,,,,
718,"Freeman, Freddie",2022,2755,26.1,0.391,0.185,0.409,0.576,0.443,0.451,0.35,59.0,151.0,92.3,14.3,67,343,375,33.4,,,,,,
103,"Myers, Dane",2024,425,24.2,0.391,0.261,0.444,0.652,0.439,0.385,0.314,9.0,23.0,90.8,10.4,12,47,56,5.1,67.565578936,6.863665745,,,,
191,"Cabrera, Miguel",2020,909,21.0,0.39,0.244,0.406,0.634,0.453,0.49,0.377,16.0,41.0,93.0,8.9,31,94,97,8.2,,,"Cabrera, Miguel",Third_Baseman,74.0,210.0
98,"Mathias, Mark",2023,299,32.8,0.389,0.056,0.538,0.444,0.424,0.409,0.363,7.0,18.0,83.1,12.1,14,37,61,3.3,,,,,,
180,"Wong, Kolten",2020,849,21.2,0.389,0.083,0.438,0.472,0.41,0.299,0.24,14.0,36.0,82.1,6.7,14,88,92,4.2,,,,,,
104,"Guillorme, Luis",2020,327,31.8,0.389,0.056,0.5,0.444,0.406,0.304,0.228,7.0,18.0,89.4,8.2,11,41,63,2.0,,,,,,
592,"Witt Jr., Bobby",2024,2600,22.8,0.388,0.326,0.387,0.713,0.467,0.465,0.342,50.0,129.0,91.6,15.2,58,313,279,29.4,72.331275819,6.928349652,,,,
341,"Pederson, Joc",2022,1685,20.2,0.388,0.282,0.429,0.671,0.455,0.458,0.351,33.0,85.0,95.5,14.9,40,179,162,21.4,,,,,,
303,"Ramírez, Harold",2021,1335,22.7,0.387,0.08,0.414,0.467,0.38,0.356,0.335,29.0,75.0,92.4,7.1,41,181,122,10.0,,,,,,
152,"O'Hearn, Ryan",2020,559,27.2,0.387,0.065,0.522,0.452,0.4,0.367,0.305,12.0,31.0,89.1,2.3,14,58,94,4.0,,,,,,
149,"Hoerner, Nico",2021,650,22.9,0.387,0.097,0.414,0.484,0.409,0.325,0.286,12.0,31.0,82.0,13.8,15,79,70,7.0,,,,,,
201,"Hernández, César",2020,1076,18.7,0.386,0.114,0.515,0.5,0.402,0.306,0.28,17.0,44.0,81.8,-1.5,19,95,106,5.5,,,,,,
53,"Osuna, José",2020,308,17.2,0.385,0.077,0.455,0.462,0.411,0.338,0.299,5.0,13.0,85.8,-0.8,12,32,21,2.1,,,,,,
35,"deGrom, Jacob",2021,102,34.3,0.385,0.077,0.417,0.462,0.366,0.357,0.366,5.0,13.0,85.8,8.5,3,23,12,1.8,,,,,,
367,"Seager, Corey",2023,1846,19.9,0.385,0.375,0.408,0.76,0.473,0.443,0.355,37.0,96.0,93.1,11.7,58,202,165,19.5,,,,,,
49,"Sierra, Magneuris",2020,206,23.8,0.385,0.231,0.556,0.615,0.389,0.235,0.213,5.0,13.0,72.7,-7.3,7,30,19,2.9,,,,,,
47,"Beaty, Matt",2020,184,25.5,0.385,0.077,0.5,0.462,0.415,0.372,0.326,5.0,13.0,90.1,6.6,4,27,20,1.5,,,,,,
108,"Del Castillo, Adrian",2024,336,32.1,0.385,0.385,0.467,0.769,0.509,0.334,0.201,10.0,26.0,90.8,22.7,15,54,54,8.0,70.974761111,7.116515926,,,,
63,"Haggerty, Sam",2020,229,27.5,0.385,0.308,0.667,0.692,0.469,0.297,0.236,5.0,13.0,98.0,6.3,15,36,27,0.6,,,,,,
60,"Trammell, Taylor",2023,239,25.1,0.385,0.462,0.375,0.846,0.546,0.602,0.4,5.0,13.0,93.0,19.6,10,27,33,5.3,,,,,,
286,"Lewis, Royce",2023,906,31.6,0.385,0.4,0.386,0.785,0.512,0.401,0.303,25.0,65.0,89.1,15.1,27,129,157,19.3,,,,,,
528,"Betts, Mookie",2023,2712,19.5,0.383,0.267,0.364,0.65,0.471,0.453,0.352,46.0,120.0,91.9,21.1,26,222,306,33.3,,,,,,
351,"Harris II, Michael",2022,1655,21.2,0.383,0.223,0.438,0.606,0.441,0.353,0.289,36.0,94.0,88.9,1.2,42,184,167,19.3,,,,,,
86,"Vavra, Terrin",2022,383,22.5,0.381,0.286,0.368,0.667,0.429,0.353,0.31,8.0,21.0,84.6,17.7,9,44,42,4.4,,,,,,
253,"Machado, Manny",2020,936,27.0,0.381,0.238,0.392,0.619,0.418,0.359,0.305,24.0,63.0,89.7,7.8,27,129,124,12.9,,,,,,
198,"Solano, Donovan",2020,746,26.5,0.38,0.16,0.429,0.54,0.413,0.365,0.309,19.0,50.0,88.9,11.4,21,103,95,12.1,,,,,,
118,"Young, Jacob",2023,466,25.3,0.379,0.034,0.393,0.414,0.39,0.335,0.28,11.0,29.0,81.7,-2.3,15,58,60,3.9,,,,,,
295,"Escobar, Alcides",2021,1383,21.3,0.379,0.182,0.444,0.561,0.413,0.344,0.3,25.0,66.0,80.1,11.8,42,162,133,9.1,,,,,,
116,"Murphy, Daniel",2020,487,23.8,0.379,0.103,0.435,0.483,0.371,0.294,0.28,11.0,29.0,85.3,14.1,11,71,45,4.7,,,,,,
153,"Bote, David",2020,599,25.5,0.379,0.31,0.409,0.69,0.483,0.439,0.323,11.0,29.0,90.5,9.8,18,61,92,7.4,,,,,,
241,"Turner, Trea",2020,1033,23.3,0.378,0.311,0.417,0.689,0.477,0.43,0.299,17.0,45.0,90.3,8.9,25,113,128,9.3,,,,,,
297,"Wade Jr., LaMonte",2021,1565,19.0,0.377,0.261,0.431,0.638,0.425,0.385,0.324,26.0,69.0,86.5,13.3,37,165,132,11.2,,,,,,
89,"Ward, Taylor",2020,391,22.8,0.375,0.0,0.5,0.375,0.419,0.458,0.367,6.0,16.0,91.1,6.0,10,38,51,4.6,,,,,,
36,"Torrens, Luis",2023,126,28.6,0.375,0.25,0.429,0.625,0.452,0.399,0.355,3.0,8.0,89.1,17.9,5,19,17,1.9,,,,,,
154,"Smith, Will",2020,610,25.2,0.375,0.167,0.45,0.542,0.437,0.46,0.362,9.0,24.0,90.5,23.6,7,59,95,5.2,,,,,,
65,"Moreno, Gabriel",2022,265,24.5,0.375,0.188,0.357,0.563,0.422,0.346,0.271,6.0,16.0,92.1,7.4,3,31,34,1.9,,,,,,
34,"Holaday, Bryan",2020,122,27.9,0.375,0.125,0.429,0.5,0.411,0.331,0.272,3.0,8.0,81.8,28.6,2,12,22,1.4,,,,,,
33,"Ramos, Henry",2021,209,15.8,0.375,0.125,0.429,0.5,0.333,0.204,0.219,3.0,8.0,89.2,6.4,5,21,12,0.5,,,,,,
70,"Garcia, Greg",2020,289,24.2,0.375,0.063,0.375,0.438,0.353,0.312,0.319,6.0,16.0,73.7,13.5,5,35,35,4.9,,,,,,
36,"Davis, Jaylin",2022,128,28.1,0.375,0.0,0.5,0.375,0.331,0.277,0.283,3.0,8.0,88.7,2.5,8,18,18,-0.4,,,,,,
33,"Robertson, Daniel",2020,90,36.7,0.375,0.0,0.429,0.375,0.372,0.327,0.264,3.0,8.0,82.1,-16.3,4,13,20,1.5,,,,,,
200,"Iglesias, Jose",2024,1075,18.6,0.375,0.107,0.4,0.482,0.388,0.317,0.285,21.0,56.0,85.3,6.3,15,115,85,8.2,67.730594825,6.585577281,,,,
156,"Maldonado, Martín",2020,695,22.4,0.375,0.25,0.526,0.625,0.483,0.42,0.319,12.0,32.0,80.2,11.7,22,67,89,9.3,,,,,,
462,"Heim, Jonah",2023,1996,23.1,0.375,0.33,0.384,0.705,0.46,0.363,0.292,42.0,112.0,90.4,14.6,50,258,204,34.9,,,,,,
27,"Soto, Livan",2022,223,12.1,0.375,0.375,0.5,0.75,0.42,0.329,0.357,3.0,8.0,80.0,19.6,3,17,10,1.8,,,,,,
46,"Tena, José",2023,158,29.1,0.375,0.0,1.0,0.375,0.404,0.273,0.186,3.0,8.0,88.1,-2.0,8,21,25,0.5,,,,,,
102,"Madrigal, Nick",2020,424,24.1,0.37,0.0,0.4,0.37,0.34,0.258,0.25,10.0,27.0,79.4,0.6,7,50,52,2.3,,,,,,
626,"Freeman, Freddie",2023,2753,22.7,0.37,0.222,0.415,0.593,0.433,0.411,0.341,50.0,135.0,89.6,18.3,65,328,298,31.2,,,,,,
474,"Gurriel Jr., Lourdes",2021,2072,22.9,0.368,0.246,0.429,0.614,0.413,0.368,0.29,42.0,114.0,91.3,6.1,73,272,202,23.1,,,,,,
317,"Sabol, Blake",2023,1360,23.3,0.368,0.25,0.489,0.618,0.426,0.318,0.243,28.0,76.0,88.5,15.1,64,182,135,10.8,,,,,,
127,"Albies, Ozzie",2020,444,28.6,0.367,0.133,0.476,0.5,0.392,0.266,0.222,11.0,30.0,81.1,12.3,21,73,54,0.9,,,,,,
141,"Kemp, Matt",2020,547,25.8,0.367,0.367,0.421,0.733,0.492,0.476,0.318,11.0,30.0,86.6,12.2,21,66,75,5.7,,,"Kemp, Matt",Outfielder,76.0,230.0
120,"Kelly, Carson",2020,506,23.7,0.367,0.233,0.45,0.6,0.436,0.365,0.294,11.0,30.0,87.1,13.1,16,62,58,4.2,,,,,,
415,"Arraez, Luis",2022,2413,17.2,0.366,0.075,0.364,0.441,0.371,0.34,0.31,34.0,93.0,87.9,11.0,12,173,242,8.4,,,,,,
205,"Chisholm Jr., Jazz",2022,950,21.6,0.366,0.463,0.393,0.829,0.504,0.44,0.324,15.0,41.0,89.9,17.9,26,95,110,14.2,,,,,,
429,"Arraez, Luis",2024,2416,17.8,0.366,0.045,0.369,0.411,0.352,0.338,0.335,41.0,112.0,83.2,8.5,12,213,216,4.0,61.020123632,5.828738,,,,
343,"Ruiz, Esteury",2023,1753,19.6,0.365,0.073,0.461,0.438,0.369,0.304,0.283,35.0,96.0,78.5,10.1,57,200,143,8.2,,,,,,
454,"Ruiz, Keibert",2023,1887,24.1,0.365,0.214,0.367,0.579,0.415,0.348,0.306,46.0,126.0,86.8,16.1,36,247,207,18.4,,,,,,
509,"Alvarez, Yordan",2023,1908,26.7,0.365,0.394,0.36,0.76,0.49,0.472,0.327,38.0,104.0,94.3,14.0,54,243,266,28.3,,,,,,
445,"Díaz, Yandy",2023,2357,18.9,0.365,0.302,0.408,0.667,0.471,0.433,0.309,35.0,96.0,91.9,8.3,35,181,264,20.7,,,,,,
142,"Tena, José",2024,673,21.1,0.364,0.061,0.5,0.424,0.381,0.385,0.3,12.0,33.0,90.6,4.0,15,74,68,1.5,69.738263562,6.835570685,,,,
93,"Wolters, Tony",2020,412,22.6,0.364,0.091,0.471,0.455,0.406,0.399,0.34,8.0,22.0,84.0,8.6,15,45,48,3.4,,,,,,
123,"Moustakas, Mike",2020,660,18.6,0.364,0.545,0.235,0.909,0.522,0.493,0.349,8.0,22.0,89.8,21.0,11,62,61,9.5,,,,,,
339,"Ozuna, Marcell",2020,1074,31.6,0.364,0.26,0.411,0.623,0.44,0.438,0.336,28.0,77.0,93.5,12.9,53,173,166,14.9,,,,,,
439,"Bichette, Bo",2023,2225,19.7,0.364,0.178,0.402,0.542,0.396,0.392,0.336,43.0,118.0,90.9,6.8,50,283,156,14.1,,,,,,
41,"Alvarez, Eddy",2021,283,14.5,0.364,0.182,0.4,0.545,0.411,0.299,0.27,4.0,11.0,89.3,20.0,3,18,23,0.3,,,,,,
56,"Hayes, Ke'Bryan",2020,388,14.4,0.364,0.273,0.5,0.636,0.438,0.332,0.283,4.0,11.0,93.4,3.6,6,26,30,2.2,,,,,,
60,"Hager, Jake",2022,260,23.1,0.364,0.0,0.444,0.364,0.419,0.36,0.256,4.0,11.0,64.7,14.7,8,26,34,1.4,,,,,,
101,"Narváez, Omar",2020,553,18.3,0.364,0.0,0.533,0.364,0.352,0.388,0.314,8.0,22.0,85.8,30.2,16,49,52,0.5,,,,,,
98,"Waters, Drew",2022,433,22.6,0.364,0.409,0.4,0.773,0.524,0.435,0.301,8.0,22.0,83.7,17.1,10,45,53,6.6,,,,,,
135,"LeMahieu, DJ",2020,829,16.3,0.364,0.091,0.414,0.455,0.372,0.391,0.361,12.0,33.0,88.8,2.9,12,68,67,1.8,,,,,,
48,"Cameron, Daz",2022,266,18.0,0.364,0.0,0.444,0.364,0.4,0.34,0.25,4.0,11.0,93.8,1.9,6,22,26,0.9,,,,,,
48,"Owings, Chris",2021,194,24.7,0.364,0.273,0.667,0.636,0.438,0.285,0.245,4.0,11.0,92.7,14.8,6,18,30,1.0,,,,,,
51,"Palacios, Joshua",2024,307,16.6,0.364,0.182,0.5,0.545,0.453,0.366,0.284,4.0,11.0,94.1,6.1,7,23,28,2.1,70.056027826,7.204277391,,,,
46,"Marchán, Rafael",2024,195,23.6,0.364,0.0,0.5,0.364,0.351,0.353,0.344,4.0,11.0,80.3,12.3,4,24,22,-0.8,61.252188182,7.192953636,,,,
472,"Tatis Jr., Fernando",2021,2141,22.0,0.364,0.374,0.419,0.737,0.481,0.478,0.32,36.0,99.0,95.5,14.0,68,228,244,23.6,,,,,,
93,"Goodman, Hunter",2023,293,31.7,0.364,0.318,0.421,0.682,0.439,0.351,0.311,8.0,22.0,92.1,15.9,15,41,52,4.3,,,,,,
36,"Madris, Bligh",2024,275,13.1,0.364,0.0,0.444,0.364,0.35,0.279,0.236,4.0,11.0,87.0,10.8,4,19,17,1.2,70.811165263,7.487227895,,,,
51,"Bote, David",2024,162,31.5,0.364,0.182,0.444,0.545,0.413,0.331,0.28,4.0,11.0,90.2,10.7,10,31,20,1.0,70.006329355,7.611926452,,,,
262,"Jiménez, Eloy",2022,1178,22.2,0.364,0.167,0.423,0.53,0.409,0.36,0.261,24.0,66.0,92.8,5.9,45,139,123,11.2,,,,,,
131,"Adell, Jo",2021,569,23.0,0.364,0.333,0.37,0.697,0.449,0.377,0.327,12.0,33.0,85.0,15.9,20,76,55,9.3,,,,,,
653,"Meneses, Joey",2023,2543,25.7,0.363,0.131,0.42,0.494,0.383,0.329,0.302,61.0,168.0,90.0,8.6,79,334,319,21.0,,,,,,
535,"Naylor, Josh",2023,1649,32.4,0.363,0.178,0.387,0.541,0.383,0.361,0.332,53.0,146.0,90.5,11.4,71,306,229,17.0,,,,,,
207,"Peralta, David",2020,822,25.2,0.361,0.066,0.44,0.426,0.342,0.277,0.262,22.0,61.0,91.0,10.5,28,110,97,5.7,,,,,,
577,"Pasquantino, Vinnie",2024,2133,27.1,0.36,0.223,0.349,0.583,0.388,0.343,0.301,50.0,139.0,91.5,13.7,43,300,277,14.6,70.424233393,7.285406036,,,,
407,"Baddoo, Akil",2021,1880,21.6,0.359,0.256,0.391,0.615,0.448,0.39,0.287,28.0,78.0,85.5,11.2,47,183,224,17.0,,,,,,
153,"Brantley, Michael",2020,721,21.2,0.359,0.256,0.375,0.615,0.436,0.374,0.309,14.0,39.0,86.7,7.6,9,56,97,7.1,,,,,,
68,"Vavra, Terrin",2023,212,32.1,0.357,0.0,0.556,0.357,0.382,0.305,0.225,5.0,14.0,75.2,-9.4,14,35,33,0.8,,,,,,
147,"Myers, Wil",2020,843,17.4,0.357,0.524,0.333,0.881,0.514,0.449,0.313,15.0,42.0,87.6,12.8,18,65,82,14.6,,,,,,
102,"Marte, Ketel",2020,695,14.7,0.357,0.107,0.357,0.464,0.373,0.387,0.3,10.0,28.0,87.3,6.0,12,55,47,4.7,,,,,,
138,"Rojas, Johan",2023,561,24.6,0.357,0.119,0.469,0.476,0.389,0.291,0.26,15.0,42.0,78.4,0.6,21,83,55,3.2,,,,,,
324,"Trevino, Jose",2022,1259,25.7,0.355,0.151,0.408,0.505,0.39,0.328,0.291,33.0,93.0,89.3,8.3,36,164,160,16.2,,,,,,
170,"Hoerner, Nico",2020,523,32.5,0.355,0.032,0.355,0.387,0.375,0.358,0.315,11.0,31.0,83.2,-2.4,5,69,101,1.9,,,,,,
123,"Escobar, Alcides",2022,510,24.1,0.355,0.065,0.478,0.419,0.349,0.314,0.301,11.0,31.0,81.7,10.7,20,77,46,-0.3,,,,,,
119,"Walsh, Jared",2020,393,30.3,0.355,0.387,0.348,0.742,0.413,0.377,0.285,11.0,31.0,87.9,10.0,23,70,49,5.7,,,,,,
358,"Harper, Bryce",2022,1594,22.5,0.354,0.38,0.338,0.734,0.451,0.449,0.353,28.0,79.0,93.4,12.3,45,189,169,16.7,,,,,,
684,"Tucker, Kyle",2023,2570,26.6,0.354,0.245,0.344,0.599,0.414,0.406,0.321,52.0,147.0,91.4,15.5,63,333,351,25.8,,,,,,
394,"Iglesias, Jose",2022,1738,22.7,0.354,0.121,0.391,0.475,0.38,0.306,0.28,35.0,99.0,88.3,4.6,24,200,194,11.4,,,,,,
67,"Wallach, Chad",2020,189,35.4,0.353,0.294,0.5,0.647,0.433,0.368,0.283,6.0,17.0,86.1,10.5,12,34,33,1.8,,,,,,
214,"Rosario, Eddie",2020,828,25.8,0.353,0.216,0.364,0.569,0.417,0.339,0.242,18.0,51.0,84.2,14.4,23,118,96,5.1,,,,,,
561,"Crawford, Brandon",2021,2136,26.3,0.353,0.303,0.378,0.655,0.44,0.412,0.293,42.0,119.0,90.5,18.3,83,293,268,23.0,,,,,,
60,"Gallagher, Cam",2021,433,13.9,0.353,0.0,0.353,0.353,0.314,0.312,0.306,6.0,17.0,77.5,10.3,4,34,26,-1.6,,,,,,
148,"Braun, Ryan",2020,496,29.8,0.353,0.441,0.348,0.794,0.477,0.405,0.313,12.0,34.0,92.2,13.5,16,69,79,7.7,,,"Braun, Ryan",Relief_Pitcher,73.0,215.0
187,"Winker, Jesse",2023,831,22.5,0.353,0.088,0.429,0.441,0.422,0.399,0.317,12.0,34.0,87.4,10.4,21,87,100,7.1,,,,,,
80,"Lukes, Nathan",2024,356,22.5,0.353,0.118,0.3,0.471,0.366,0.339,0.305,6.0,17.0,83.7,14.6,4,37,43,1.3,61.492207429,6.311393714,,,,
538,"Freeman, Freddie",2021,2688,20.0,0.352,0.172,0.378,0.525,0.407,0.421,0.333,43.0,122.0,89.4,9.6,62,282,256,17.8,,,,,,
312,"Yelich, Christian",2024,1268,24.6,0.352,0.239,0.404,0.592,0.422,0.346,0.285,25.0,71.0,89.2,3.7,35,155,157,8.7,70.151850698,7.322066434,,,,
182,"Solak, Nick",2020,895,20.3,0.351,0.054,0.371,0.405,0.349,0.39,0.341,13.0,37.0,91.4,12.8,12,83,99,3.3,,,,,,
157,"Mazara, Nomar",2022,714,22.0,0.351,0.0,0.433,0.351,0.33,0.301,0.284,13.0,37.0,84.3,8.8,19,73,84,1.0,,,,,,
393,"Betts, Mookie",2024,2047,19.2,0.351,0.247,0.333,0.598,0.422,0.349,0.272,34.0,97.0,90.3,22.1,23,172,221,19.5,67.041370608,6.815396486,,,,
152,"Eaton, Adam",2020,676,22.5,0.351,0.216,0.393,0.568,0.412,0.35,0.28,13.0,37.0,82.3,2.9,12,75,77,3.2,,,"Eaton, Adam",Starting_Pitcher,74.0,196.0
407,"McCarthy, Jake",2024,1786,22.8,0.35,0.23,0.369,0.58,0.419,0.365,0.317,35.0,100.0,81.3,4.2,34,198,209,16.2,64.764315474,6.547076053,,,,
145,"Turner, Justin",2020,681,21.3,0.35,0.225,0.353,0.575,0.408,0.468,0.35,14.0,40.0,91.0,20.3,17,71,74,5.9,,,,,,
106,"Stubbs, Garrett",2022,505,21.0,0.35,0.55,0.444,0.9,0.553,0.326,0.217,7.0,20.0,87.7,22.5,16,46,60,9.3,,,,,,
85,"Straw, Myles",2020,352,24.1,0.35,0.1,0.467,0.45,0.361,0.274,0.234,7.0,20.0,83.8,7.9,8,33,52,0.9,,,,,,
71,"Wagaman, Eric",2024,269,26.4,0.35,0.15,0.467,0.5,0.365,0.275,0.253,7.0,20.0,97.6,9.9,9,35,36,0.8,71.624825714,7.004948929,,,,
347,"O'Hearn, Ryan",2023,1451,23.9,0.349,0.163,0.375,0.512,0.37,0.348,0.313,30.0,86.0,90.6,9.1,33,177,170,8.4,,,,,,
244,"Bichette, Bo",2024,1186,20.6,0.348,0.091,0.426,0.439,0.364,0.358,0.311,23.0,66.0,88.6,11.8,31,144,100,9.2,68.791734741,7.166410815,,,,
76,"Hosmer, Eric",2023,407,18.7,0.348,0.087,0.4,0.435,0.338,0.204,0.214,8.0,23.0,85.3,8.8,7,38,38,0.9,,,,,,
345,"Urías, Ramón",2021,1253,27.5,0.348,0.101,0.48,0.449,0.395,0.35,0.282,24.0,69.0,90.2,4.3,36,145,200,11.7,,,,,,
598,"Diaz, Yainer",2024,2128,28.1,0.348,0.165,0.358,0.513,0.362,0.341,0.311,55.0,158.0,89.5,8.4,82,363,235,14.8,71.257990383,7.322743687,,,,
94,"Conine, Griffin",2024,334,28.1,0.348,0.043,0.533,0.391,0.366,0.274,0.235,8.0,23.0,84.0,-0.8,13,50,44,2.3,71.802552292,7.226872292,,,,
111,"Ruf, Darin",2020,419,26.5,0.348,0.174,0.467,0.522,0.429,0.35,0.242,8.0,23.0,83.9,12.2,15,47,64,4.2,,,,,,
417,"Donovan, Brendan",2022,1966,21.2,0.347,0.173,0.379,0.52,0.428,0.409,0.337,26.0,75.0,88.2,7.0,22,166,251,17.9,,,,,,
287,"Marte, Ketel",2021,1411,20.3,0.347,0.306,0.377,0.653,0.441,0.398,0.31,25.0,72.0,92.7,6.1,27,149,138,12.6,,,,,,
318,"Farmer, Kyle",2023,1398,22.7,0.346,0.198,0.403,0.543,0.414,0.368,0.289,28.0,81.0,85.9,15.1,37,158,160,8.4,,,,,,
117,"Nootbaar, Lars",2021,472,24.8,0.346,0.115,0.4,0.462,0.381,0.319,0.268,9.0,26.0,90.3,13.0,19,55,62,3.2,,,,,,
617,"Muncy, Max",2021,2434,25.3,0.346,0.323,0.388,0.669,0.47,0.437,0.299,44.0,127.0,91.3,18.1,60,240,377,27.1,,,,,,
588,"Judge, Aaron",2022,2906,20.2,0.346,0.375,0.362,0.721,0.479,0.486,0.325,36.0,104.0,94.8,14.5,69,253,335,27.9,,,,,,
254,"Ramírez, José",2020,1146,22.2,0.345,0.491,0.282,0.836,0.504,0.375,0.273,19.0,55.0,89.1,20.3,18,115,139,13.6,,,,,,
127,"Garcia, Dérmis",2022,535,23.7,0.345,0.345,0.571,0.69,0.455,0.314,0.219,10.0,29.0,93.8,16.7,33,66,61,6.5,,,,,,
195,"Gregorius, Didi",2020,902,21.6,0.345,0.236,0.333,0.582,0.393,0.3,0.269,19.0,55.0,83.1,17.2,20,119,76,7.3,,,,,,
538,"Soto, Juan",2024,2960,18.2,0.345,0.328,0.316,0.672,0.469,0.515,0.369,40.0,116.0,95.1,9.2,37,225,313,32.2,73.76174555,7.22397689,,,,
144,"Mazara, Nomar",2020,611,23.6,0.345,0.138,0.5,0.483,0.386,0.346,0.278,10.0,29.0,93.9,9.8,17,73,71,4.1,,,,,,
132,"Langeliers, Shea",2022,583,22.6,0.345,0.31,0.429,0.655,0.429,0.288,0.192,10.0,29.0,87.3,22.7,22,69,63,4.9,,,,,,
589,"Bohm, Alec",2023,2252,26.2,0.344,0.126,0.369,0.47,0.367,0.358,0.32,52.0,151.0,90.2,12.7,54,305,284,14.1,,,,,,
539,"Machado, Manny",2021,2238,24.1,0.344,0.313,0.306,0.656,0.424,0.415,0.323,44.0,128.0,93.8,14.8,51,256,283,19.2,,,,,,
361,"Larnach, Trevor",2024,1576,22.9,0.344,0.2,0.371,0.544,0.398,0.347,0.281,31.0,90.0,90.6,11.5,57,170,191,7.5,69.912339207,7.232812744,,,,
107,"Hernández, Enrique",2020,556,19.2,0.344,0.281,0.286,0.625,0.421,0.408,0.305,11.0,32.0,89.0,22.4,8,50,57,5.8,,,,,,
142,"Mountcastle, Ryan",2020,520,27.3,0.343,0.0,0.429,0.343,0.318,0.28,0.256,12.0,35.0,88.3,16.1,29,86,56,2.7,,,,,,
157,"DeJong, Paul",2020,682,23.0,0.343,0.114,0.379,0.457,0.353,0.326,0.273,12.0,35.0,87.0,24.5,28,77,80,3.0,,,,,,
120,"González, Erik",2020,661,18.2,0.343,0.171,0.407,0.514,0.345,0.342,0.256,12.0,35.0,91.5,4.3,17,66,54,0.3,,,,,,
556,"Lowrie, Jed",2021,2033,27.3,0.342,0.183,0.407,0.525,0.399,0.379,0.291,41.0,120.0,90.8,16.1,52,263,293,17.2,,,,,,
188,"Taylor, Chris",2020,858,21.9,0.342,0.263,0.367,0.605,0.465,0.466,0.355,13.0,38.0,88.0,5.9,18,76,112,10.4,,,,,,
348,"Díaz, Aledmys",2021,1140,30.5,0.341,0.134,0.443,0.476,0.377,0.329,0.293,28.0,82.0,85.2,10.5,35,181,167,10.2,,,,,,
163,"Urshela, Gio",2020,633,25.8,0.341,0.22,0.308,0.561,0.376,0.417,0.362,14.0,41.0,91.3,8.3,14,84,79,4.8,,,,,,
421,"Winker, Jesse",2021,1895,22.2,0.341,0.275,0.377,0.615,0.44,0.354,0.264,31.0,91.0,90.1,9.9,45,202,219,14.6,,,,,,
224,"Adrianza, Ehire",2021,835,26.8,0.341,0.22,0.353,0.561,0.407,0.374,0.295,14.0,41.0,84.7,16.1,20,108,116,7.7,,,,,,
178,"Slater, Austin",2023,808,22.0,0.341,0.273,0.414,0.614,0.426,0.454,0.365,15.0,44.0,92.7,7.7,22,85,93,4.8,,,,,,
203,"Duffy, Matt",2022,934,21.7,0.34,0.085,0.381,0.426,0.374,0.322,0.257,16.0,47.0,86.6,12.0,22,98,105,3.0,,,,,,
616,"Bichette, Bo",2021,2609,23.6,0.34,0.19,0.376,0.531,0.386,0.391,0.333,50.0,147.0,93.5,8.6,72,368,248,15.3,,,,,,
444,"Vaughn, Andrew",2022,2087,21.3,0.339,0.138,0.378,0.477,0.37,0.305,0.241,37.0,109.0,90.5,4.7,56,230,214,15.1,,,,,,
494,"Lowe, Josh",2023,2036,24.3,0.339,0.196,0.438,0.536,0.388,0.344,0.283,38.0,112.0,89.0,14.0,90,278,216,12.4,,,,,,
572,"Turner, Justin",2022,2144,26.7,0.339,0.24,0.34,0.579,0.419,0.413,0.317,41.0,121.0,90.6,18.6,58,272,300,21.5,,,,,,
254,"Miller, Brad",2022,914,27.8,0.339,0.068,0.452,0.407,0.364,0.344,0.29,20.0,59.0,89.4,10.8,40,122,132,7.5,,,,,,
271,"Garrett, Stone",2023,1039,26.1,0.338,0.231,0.422,0.569,0.379,0.404,0.319,22.0,65.0,94.4,18.8,53,158,113,8.9,,,,,,
343,"Seager, Corey",2021,1397,24.6,0.338,0.175,0.369,0.512,0.401,0.388,0.288,27.0,80.0,90.8,9.6,60,178,165,11.5,,,,,,
656,"Turner, Justin",2023,2670,24.6,0.338,0.209,0.347,0.547,0.397,0.376,0.305,50.0,148.0,89.2,14.3,59,327,329,18.5,,,,,,
574,"Rooker, Brent",2024,2378,24.1,0.338,0.331,0.415,0.669,0.441,0.39,0.273,46.0,136.0,90.7,15.8,112,296,278,21.6,72.092280651,7.047193793,,,,
269,"Friedl, TJ",2024,1286,20.9,0.338,0.279,0.3,0.618,0.426,0.367,0.286,23.0,68.0,81.5,14.4,18,116,153,13.7,67.211390455,6.507916,,,,
368,"Perez, Salvador",2022,1700,21.6,0.337,0.238,0.373,0.574,0.402,0.374,0.277,34.0,101.0,89.6,17.7,66,213,155,9.6,,,,,,
572,"McNeil, Jeff",2022,2065,27.7,0.336,0.084,0.359,0.42,0.348,0.326,0.306,48.0,143.0,86.7,14.4,42,305,267,8.5,,,,,,
496,"Blackmon, Charlie",2022,2085,23.8,0.336,0.115,0.398,0.45,0.354,0.333,0.298,44.0,131.0,88.0,10.3,61,286,210,8.9,,,,,,
652,"Judge, Aaron",2024,2885,22.6,0.336,0.375,0.39,0.711,0.483,0.47,0.312,43.0,128.0,96.7,18.6,89,280,372,33.5,75.819294457,8.12866124,,,,
667,"Martinez, J.D.",2021,2410,27.7,0.335,0.245,0.361,0.581,0.4,0.402,0.323,52.0,155.0,91.7,16.0,86,356,311,22.4,,,,,,
430,"Hays, Austin",2021,1957,22.0,0.333,0.167,0.39,0.5,0.395,0.332,0.268,34.0,102.0,87.8,6.2,41,199,231,9.1,,,,,,
62,"Smith, Kevan",2020,163,38.0,0.333,0.0,0.4,0.333,0.352,0.272,0.201,4.0,12.0,82.1,-11.4,4,23,39,0.8,,,,,,
33,"DeLuca, Jonny",2023,167,19.8,0.333,0.333,0.333,0.667,0.447,0.378,0.302,3.0,9.0,82.5,18.9,4,16,17,2.4,,,,,,
324,"VanMeter, Josh",2021,1326,24.4,0.333,0.259,0.375,0.593,0.446,0.368,0.253,18.0,54.0,87.7,12.2,26,118,206,10.5,,,,,,
44,"Ruiz, Esteury",2024,246,17.9,0.333,0.111,0.429,0.444,0.274,0.336,0.245,3.0,9.0,84.7,11.4,7,27,17,-0.6,66.279199048,6.872100952,,,,
200,"La Stella, Tommy",2021,1034,19.3,0.333,0.119,0.361,0.452,0.36,0.37,0.313,14.0,42.0,89.1,16.2,12,86,114,2.7,,,,,,
263,"Tucker, Kyle",2020,862,30.5,0.333,0.254,0.38,0.587,0.406,0.311,0.257,21.0,63.0,91.4,15.1,32,135,128,10.4,,,,,,
211,"Yastrzemski, Mike",2020,940,22.4,0.333,0.238,0.394,0.571,0.414,0.317,0.227,14.0,42.0,84.7,25.9,21,90,121,8.9,,,,,,
78,"Andujar, Miguel",2023,327,23.9,0.333,0.296,0.318,0.63,0.404,0.378,0.342,9.0,27.0,92.2,8.8,11,45,33,2.6,,,,,,
259,"Beaty, Matt",2021,885,29.3,0.333,0.136,0.408,0.47,0.383,0.293,0.242,22.0,66.0,87.1,15.2,23,126,133,9.2,,,,,,
422,"Solano, Donovan",2023,1806,23.4,0.333,0.148,0.455,0.481,0.428,0.416,0.296,27.0,81.0,91.9,9.8,62,194,228,11.5,,,,,,
42,"Nottingham, Jacob",2020,226,18.6,0.333,0.333,0.6,0.667,0.437,0.245,0.176,4.0,12.0,85.3,6.3,5,24,18,2.8,,,,,,
62,"Martini, Nick",2023,314,19.7,0.333,0.556,0.231,0.889,0.511,0.341,0.256,6.0,18.0,87.6,31.4,8,31,31,5.4,,,,,,
197,"Monasterio, Andruw",2024,647,30.4,0.333,0.077,0.5,0.41,0.385,0.374,0.291,13.0,39.0,85.8,2.8,22,91,106,4.4,66.556992198,6.56138011,,,,
143,"Machín, Vimael",2022,1002,14.3,0.333,0.121,0.367,0.455,0.358,0.371,0.333,11.0,33.0,88.3,3.3,10,68,75,1.4,,,,,,
59,"Rosario, Eguy",2023,157,37.6,0.333,0.083,0.5,0.417,0.324,0.105,0.107,4.0,12.0,80.7,13.4,6,27,32,1.1,,,,,,
67,"Fried, Max",2021,249,26.9,0.333,0.083,0.5,0.417,0.397,0.29,0.197,4.0,12.0,75.8,-5.6,9,31,36,2.4,,,,,,
102,"Arcia, Orlando",2021,347,29.4,0.333,0.042,0.381,0.375,0.325,0.325,0.313,8.0,24.0,89.6,4.1,15,60,42,1.9,,,,,,
36,"Hensley, David",2022,142,25.4,0.333,0.167,0.5,0.5,0.44,0.309,0.194,2.0,6.0,94.2,-11.8,2,9,27,0.9,,,,,,
52,"Berti, Jon",2024,271,19.2,0.333,0.25,0.375,0.583,0.436,0.344,0.278,4.0,12.0,74.9,3.0,4,19,33,1.8,67.166736667,6.738980667,,,,
14,"Kjerstad, Heston",2023,124,11.3,0.333,0.167,0.5,0.5,0.354,0.371,0.262,2.0,6.0,85.8,22.5,4,9,5,0.7,,,,,,
232,"Wisely, Brett",2024,988,23.5,0.333,0.117,0.422,0.45,0.349,0.27,0.238,20.0,60.0,82.4,10.1,32,127,105,2.3,64.866345217,6.608271304,,,,
55,"Vargas, Miguel",2022,202,27.2,0.333,0.083,0.4,0.417,0.301,0.322,0.269,4.0,12.0,89.5,17.5,3,26,29,0.9,,,,,,
252,"Smith, Dominic",2020,757,33.3,0.333,0.263,0.405,0.596,0.399,0.395,0.315,19.0,57.0,89.9,9.4,35,129,123,5.7,,,,,,
78,"Florial, Estevan",2024,450,17.3,0.333,0.333,0.364,0.667,0.479,0.331,0.208,5.0,15.0,86.9,15.9,14,37,41,4.4,70.658852703,7.060064865,,,,
193,"Anderson, Brian",2021,1028,18.8,0.333,0.148,0.372,0.481,0.394,0.307,0.213,18.0,54.0,86.4,14.0,24,111,82,10.1,,,,,,
383,"Benintendi, Andrew",2023,2351,16.3,0.333,0.065,0.383,0.398,0.341,0.333,0.31,31.0,93.0,83.1,14.0,44,203,180,6.6,,,,,,
19,"Meadows, Austin",2023,79,24.1,0.333,0.0,0.333,0.333,0.294,0.364,0.376,2.0,6.0,87.3,22.2,2,12,7,-0.1,,,,,,
27,"Ortiz, Joey",2023,112,24.1,0.333,0.0,0.4,0.333,0.252,0.228,0.204,2.0,6.0,94.7,-3.8,4,16,11,0.3,,,,,,
51,"Demeritte, Travis",2020,150,34.0,0.333,0.111,0.6,0.444,0.403,0.33,0.24,3.0,9.0,93.9,30.0,7,16,35,1.2,,,,,,
31,"Jones, Jahmai",2024,152,20.4,0.333,0.0,0.429,0.333,0.294,0.153,0.151,3.0,9.0,80.2,3.7,5,17,14,-0.5,59.985166,6.717172667,,,,
81,"Gonzalez, Romy",2022,393,20.6,0.333,0.333,0.417,0.667,0.419,0.307,0.242,7.0,21.0,89.7,-0.4,16,46,35,0.0,,,,,,
268,"Edwards, Xavier",2024,1185,22.6,0.333,0.117,0.392,0.45,0.347,0.241,0.207,20.0,60.0,83.1,7.0,21,126,142,2.8,62.05910696,6.03717216,,,,
25,"Souza Jr., Steven",2022,73,34.2,0.333,0.0,0.5,0.333,0.295,0.3,0.319,2.0,6.0,84.2,11.8,5,15,10,-1.4,,,,,,
81,"Casas, Triston",2022,412,19.7,0.333,0.389,0.308,0.722,0.5,0.368,0.193,6.0,18.0,80.3,-5.1,8,31,50,5.0,,,,,,
19,"Siri, Jose",2021,199,9.5,0.333,0.0,0.5,0.333,0.293,0.231,0.243,2.0,6.0,89.3,11.5,5,11,8,0.6,,,,,,
208,"Brosseau, Mike",2022,686,30.3,0.333,0.205,0.478,0.538,0.442,0.372,0.261,13.0,39.0,87.4,20.2,29,98,110,6.2,,,,,,
524,"Polanco, Jorge",2021,2489,21.1,0.333,0.333,0.333,0.667,0.425,0.383,0.281,40.0,120.0,88.7,20.0,63,289,235,12.3,,,,,,
23,"Godoy, José",2021,168,13.7,0.333,0.0,0.429,0.333,0.293,0.247,0.257,3.0,9.0,97.5,-1.0,4,13,10,0.1,,,,,,
420,"Moreno, Gabriel",2024,1532,27.4,0.333,0.16,0.379,0.494,0.398,0.395,0.307,27.0,81.0,89.9,12.1,32,177,243,15.2,69.304370753,6.961300548,,,,
385,"Gosselin, Phil",2021,1436,26.8,0.333,0.069,0.406,0.402,0.35,0.324,0.273,29.0,87.0,85.9,7.4,35,175,210,8.3,,,,,,
496,"Giménez, Andrés",2022,2044,24.3,0.333,0.278,0.362,0.611,0.425,0.367,0.281,42.0,126.0,85.9,13.1,78,263,233,19.4,,,,,,
23,"Wynns, Austin",2024,75,30.7,0.333,0.167,0.4,0.5,0.356,0.176,0.161,2.0,6.0,89.8,21.2,3,14,9,0.7,68.077541429,6.992238571,,,,
25,"Garlick, Kyle",2023,120,20.8,0.333,0.167,0.5,0.5,0.354,0.336,0.217,2.0,6.0,92.3,25.8,4,11,14,0.4,,,,,,
40,"Fargas, Johneshwy",2021,189,21.2,0.333,0.25,0.444,0.583,0.381,0.315,0.342,4.0,12.0,68.1,2.6,8,26,14,1.2,,,,,,
27,"Lewis, Royce",2022,141,19.1,0.333,0.5,0.25,0.833,0.493,0.376,0.293,2.0,6.0,91.7,12.2,1,14,13,2.2,,,,,,
199,"Gordon, Nick",2021,781,25.5,0.333,0.137,0.444,0.471,0.35,0.271,0.255,17.0,51.0,92.1,7.4,31,120,79,3.0,,,,,,
259,"Andujar, Miguel",2024,1176,22.0,0.333,0.152,0.351,0.485,0.371,0.298,0.266,22.0,66.0,83.2,8.3,22,129,130,9.6,69.37065375,7.636048359,,,,
18,"Kolozsvary, Mark",2022,77,23.4,0.333,0.333,0.5,0.667,0.42,0.215,0.225,2.0,6.0,88.2,6.3,1,7,11,0.1,,,,,,
49,"Pereda, Jhonny",2024,158,31.0,0.333,0.0,0.5,0.333,0.294,0.271,0.286,4.0,12.0,87.5,8.1,6,25,24,1.0,67.021658,6.9470564,,,,
39,"Heineman, Scott",2020,191,20.4,0.333,0.25,0.364,0.583,0.407,0.415,0.36,4.0,12.0,94.6,9.0,4,19,20,1.5,,,,,,
100,"Mendick, Danny",2022,422,23.7,0.333,0.148,0.409,0.481,0.373,0.234,0.209,9.0,27.0,79.3,5.7,12,50,50,2.0,,,,,,
137,"Jung, Josh",2024,693,19.8,0.333,0.25,0.409,0.583,0.396,0.289,0.227,12.0,36.0,85.1,9.6,28,70,67,3.7,68.791587692,7.109225577,,,,
123,"Jones, Taylor",2021,424,29.0,0.333,0.333,0.391,0.667,0.397,0.309,0.248,10.0,30.0,89.3,10.2,18,68,55,1.0,,,,,,
23,"Ynoa, Huascar",2021,112,20.5,0.333,0.5,1.0,0.833,0.481,0.411,0.262,2.0,6.0,108.9,16.0,7,12,11,2.3,,,,,,
20,"Florial, Estevan",2022,140,14.3,0.333,0.0,0.4,0.333,0.295,0.234,0.246,2.0,6.0,82.6,-1.6,4,11,9,-0.3,,,,,,
67,"Wallner, Matt",2022,257,26.1,0.333,0.167,0.6,0.5,0.377,0.25,0.234,6.0,18.0,86.6,13.1,14,35,32,1.5,,,,,,
37,"Bernard, Wynton",2022,167,22.2,0.333,0.0,0.375,0.333,0.295,0.256,0.271,3.0,9.0,80.7,3.2,6,19,18,-0.1,,,,,,
43,"Wade Jr., LaMonte",2020,192,22.4,0.333,0.0,0.4,0.333,0.395,0.525,0.46,2.0,6.0,84.5,-0.8,1,16,27,1.0,,,,,,
56,"Meckler, Wade",2023,271,20.7,0.333,0.083,0.444,0.417,0.355,0.294,0.28,4.0,12.0,76.5,17.7,8,24,32,-0.3,,,,,,
109,"Cooper, Garrett",2020,557,19.6,0.333,0.333,0.412,0.667,0.425,0.412,0.335,9.0,27.0,92.6,15.3,14,50,59,4.8,,,,,,
142,"Estrada, Thairo",2021,514,27.6,0.333,0.242,0.333,0.576,0.41,0.29,0.226,11.0,33.0,80.7,5.5,10,64,78,8.0,,,,,,
20,"Severino, Pedro",2022,95,21.1,0.333,0.167,0.5,0.5,0.358,0.265,0.254,2.0,6.0,87.1,33.3,4,12,8,-0.3,,,,,,
42,"Locastro, Tim",2020,318,13.2,0.333,0.222,0.375,0.556,0.429,0.443,0.359,3.0,9.0,83.1,24.3,0,19,23,2.4,,,,,,
98,"Abreu, Wilyer",2023,361,27.1,0.333,0.125,0.471,0.458,0.367,0.315,0.28,8.0,24.0,89.0,9.6,15,46,52,3.1,,,,,,
48,"Capel, Conner",2022,242,19.8,0.333,0.333,0.222,0.667,0.401,0.427,0.407,3.0,9.0,92.3,14.8,6,25,23,2.5,,,,,,
144,"Blanco, Dairon",2023,509,28.3,0.333,0.139,0.462,0.472,0.379,0.353,0.298,12.0,36.0,78.0,4.7,23,76,68,1.6,,,,,,
43,"Berroa, Steward",2024,183,23.5,0.333,0.0,0.4,0.333,0.474,0.47,0.273,2.0,6.0,90.4,34.0,2,12,31,1.0,67.165648333,6.6842725,,,,
68,"Stefanic, Michael",2023,253,26.9,0.333,0.056,0.375,0.389,0.334,0.261,0.239,6.0,18.0,81.3,9.6,1,28,40,1.0,,,,,,
37,"Owings, Chris",2020,155,23.9,0.333,0.111,0.5,0.444,0.334,0.16,0.158,3.0,9.0,86.1,32.0,8,22,15,-0.6,,,,,,
160,"Cruz, Nelson",2020,846,18.9,0.333,0.278,0.45,0.611,0.439,0.384,0.263,12.0,36.0,91.9,9.9,27,78,82,5.6,,,"Cruz, Nelson",Outfielder,75.0,175.0
456,"Altuve, Jose",2024,2454,18.6,0.331,0.194,0.372,0.524,0.383,0.304,0.259,41.0,124.0,83.7,11.8,44,227,229,13.9,65.711631902,7.603931805,,,,
521,"Bellinger, Cody",2024,2083,25.0,0.331,0.185,0.349,0.515,0.379,0.346,0.29,43.0,130.0,88.4,15.6,47,262,259,10.8,67.417615913,7.572904286,,,,
592,"Goldschmidt, Paul",2021,2751,21.5,0.331,0.155,0.382,0.486,0.363,0.37,0.303,47.0,142.0,92.3,15.5,72,291,301,11.1,,,,,,
506,"Díaz, Elias",2023,1984,25.5,0.331,0.137,0.38,0.468,0.356,0.299,0.257,41.0,124.0,86.6,14.2,72,278,228,8.3,,,,,,
488,"Harper, Bryce",2024,2469,19.8,0.331,0.339,0.337,0.669,0.449,0.389,0.287,39.0,118.0,92.8,16.3,65,264,224,22.2,71.711309253,7.184306058,,,,
580,"Judge, Aaron",2021,2654,21.9,0.331,0.229,0.395,0.559,0.409,0.422,0.334,39.0,118.0,96.8,10.6,78,259,321,19.5,,,,,,
682,"Ramírez, José",2022,2742,24.9,0.331,0.306,0.301,0.637,0.416,0.345,0.277,52.0,157.0,88.0,20.0,44,344,338,23.2,,,,,,
404,"Bailey, Patrick",2023,1411,28.6,0.33,0.242,0.403,0.571,0.41,0.387,0.296,30.0,91.0,87.5,4.7,37,193,211,8.1,,,,,,
576,"Lowe, Nathaniel",2024,2356,24.4,0.33,0.13,0.395,0.461,0.391,0.374,0.287,38.0,115.0,89.1,3.8,53,252,324,12.0,71.23001912,7.10503,,,,
440,"Harper, Bryce",2021,2401,18.3,0.33,0.216,0.394,0.545,0.407,0.374,0.276,29.0,88.0,86.6,13.9,55,200,240,15.8,,,,,,
389,"Cooper, Garrett",2023,1818,21.4,0.33,0.289,0.403,0.619,0.423,0.398,0.303,32.0,97.0,90.5,16.9,68,199,190,15.8,,,,,,
277,"Abreu, José",2020,1027,27.0,0.329,0.386,0.362,0.714,0.439,0.4,0.297,23.0,70.0,92.7,8.8,33,150,127,13.8,,,,,,
617,"Arenado, Nolan",2021,2443,25.3,0.329,0.243,0.331,0.571,0.395,0.383,0.316,46.0,140.0,89.5,19.6,48,281,336,16.3,,,,,,
636,"Perez, Salvador",2024,2301,27.6,0.329,0.205,0.37,0.534,0.394,0.378,0.3,53.0,161.0,90.1,18.1,114,362,274,17.0,71.716422064,7.865743895,,,,
338,"McLain, Matt",2023,1672,20.2,0.329,0.397,0.405,0.726,0.471,0.399,0.286,24.0,73.0,89.3,7.5,44,155,183,16.1,,,,,,
298,"Crawford, Brandon",2023,1227,24.3,0.329,0.214,0.365,0.543,0.376,0.315,0.256,23.0,70.0,87.7,16.2,44,164,134,2.7,,,,,,
337,"Pillar, Kevin",2024,1206,27.9,0.329,0.171,0.377,0.5,0.375,0.324,0.282,25.0,76.0,81.3,19.3,35,182,155,6.9,66.748507584,7.431205562,,,,
588,"Contreras, William",2023,2419,24.3,0.328,0.172,0.371,0.5,0.385,0.347,0.285,42.0,128.0,91.9,4.3,69,277,311,12.1,,,,,,
283,"Cooper, Garrett",2021,1001,28.3,0.328,0.19,0.5,0.517,0.409,0.352,0.267,19.0,58.0,91.9,7.3,40,133,150,6.1,,,,,,
490,"Marte, Ketel",2024,2146,22.8,0.328,0.328,0.284,0.655,0.425,0.428,0.304,39.0,119.0,93.2,10.6,43,241,249,12.6,72.19984972,7.525759626,,,,
603,"Aguilar, Jesús",2021,2066,29.2,0.328,0.24,0.343,0.568,0.393,0.346,0.271,41.0,125.0,89.4,20.6,63,271,332,15.6,,,,,,
263,"Kelly, Carson",2024,1173,22.4,0.328,0.311,0.294,0.639,0.46,0.42,0.284,20.0,61.0,89.2,15.5,25,116,147,13.1,67.887939902,6.635843235,,,,
220,"Castro, Harold",2023,994,22.1,0.328,0.063,0.404,0.391,0.32,0.277,0.263,21.0,64.0,80.2,7.5,34,134,86,4.5,,,,,,
424,"Doyle, Brenton",2024,2158,19.6,0.327,0.214,0.346,0.541,0.385,0.376,0.295,32.0,98.0,86.0,12.1,60,217,207,9.0,68.746620242,7.199591691,,,,
192,"Tsutsugo, Yoshi",2021,1072,17.9,0.327,0.184,0.35,0.51,0.384,0.372,0.287,16.0,49.0,90.8,18.6,21,90,102,2.8,,,,,,
427,"Marte, Starling",2021,1970,21.7,0.327,0.163,0.376,0.49,0.379,0.354,0.295,34.0,104.0,89.1,4.5,49,209,218,11.5,,,,,,
241,"Robles, Victor",2024,1020,23.6,0.327,0.173,0.381,0.5,0.379,0.362,0.313,17.0,52.0,83.4,10.7,36,132,109,11.1,63.191858095,6.501828889,,,,
502,"Winker, Jesse",2024,2063,24.3,0.327,0.192,0.362,0.519,0.41,0.344,0.251,34.0,104.0,85.4,11.6,44,219,283,12.5,67.575469317,7.152816927,,,,
207,"Candelario, Jeimer",2020,844,24.5,0.327,0.082,0.395,0.408,0.353,0.369,0.317,16.0,49.0,88.4,15.9,22,98,109,3.5,,,,,,
414,"Molina, Yadier",2021,1669,24.8,0.327,0.142,0.359,0.469,0.353,0.309,0.262,37.0,113.0,89.0,14.8,64,255,159,11.6,,,"Molina, Yadier",Catcher,71.0,225.0
446,"Kiner-Falefa, Isiah",2022,1940,23.0,0.327,0.062,0.343,0.389,0.322,0.28,0.263,37.0,113.0,84.1,2.7,26,223,223,5.4,,,,,,
221,"d'Arnaud, Travis",2020,676,32.7,0.327,0.173,0.457,0.5,0.381,0.34,0.289,17.0,52.0,91.8,4.2,36,117,104,-0.4,,,,,,
284,"Thomas, Lane",2021,1115,25.5,0.327,0.2,0.41,0.527,0.41,0.354,0.276,18.0,55.0,91.1,7.5,27,122,162,10.3,,,,,,
211,"Mendick, Danny",2021,762,27.7,0.326,0.163,0.364,0.488,0.383,0.298,0.229,14.0,43.0,80.9,24.6,21,98,113,3.4,,,,,,
183,"Jiménez, Eloy",2020,805,22.7,0.326,0.419,0.346,0.744,0.457,0.378,0.256,14.0,43.0,91.3,8.1,34,99,84,6.5,,,,,,
598,"Ramírez, José",2024,2735,21.9,0.326,0.271,0.303,0.597,0.392,0.313,0.26,47.0,144.0,88.2,19.4,50,325,273,16.5,69.540395146,7.127079871,,,,
162,"Kiermaier, Kevin",2022,831,19.5,0.326,0.14,0.464,0.465,0.365,0.294,0.253,14.0,43.0,88.4,9.5,29,85,77,4.7,,,,,,
591,"Duvall, Adam",2021,2158,27.4,0.326,0.431,0.345,0.757,0.455,0.451,0.307,47.0,144.0,91.1,21.6,88,312,279,25.6,,,,,,
268,"Biggio, Cavan",2020,1112,24.1,0.326,0.196,0.412,0.522,0.442,0.358,0.233,15.0,46.0,86.1,12.7,24,101,167,11.8,,,,,,
482,"Walsh, Jared",2021,2256,21.4,0.325,0.275,0.36,0.6,0.413,0.387,0.287,39.0,120.0,90.2,6.1,64,242,240,21.0,,,,,,
312,"Seager, Corey",2024,1872,16.7,0.325,0.313,0.328,0.639,0.429,0.448,0.325,27.0,83.0,92.6,12.3,47,168,144,17.4,70.285433404,6.719743688,,,,
396,"Tauchman, Mike",2023,1711,23.1,0.325,0.169,0.348,0.494,0.396,0.419,0.351,25.0,77.0,89.2,7.4,36,184,212,13.1,,,,,,
542,"Martinez, J.D.",2023,1865,29.1,0.325,0.325,0.377,0.65,0.41,0.397,0.288,39.0,120.0,95.4,18.8,99,297,245,20.7,,,,,,
294,"Lopez, Otto",2024,1545,19.0,0.325,0.078,0.357,0.403,0.33,0.296,0.269,25.0,77.0,87.6,5.5,30,165,129,5.6,68.642864129,6.344497935,,,,
462,"Jiménez, Eloy",2023,1717,26.9,0.325,0.142,0.383,0.467,0.361,0.324,0.275,39.0,120.0,90.0,8.8,79,256,206,10.1,,,,,,
469,"Edman, Tommy",2022,2328,20.1,0.324,0.13,0.388,0.454,0.374,0.331,0.275,35.0,108.0,88.7,9.4,45,232,237,10.0,,,,,,
347,"Grichuk, Randal",2024,1088,31.9,0.324,0.324,0.321,0.649,0.437,0.423,0.302,24.0,74.0,88.9,14.6,38,175,172,10.9,71.769551977,7.531559826,,,,
167,"Moreland, Mitch",2020,574,29.1,0.324,0.27,0.417,0.595,0.421,0.315,0.214,12.0,37.0,91.0,17.6,29,80,87,5.7,,,,,,
483,"Turner, Trea",2021,2487,19.4,0.324,0.167,0.356,0.491,0.363,0.343,0.279,35.0,108.0,90.4,8.7,61,260,223,8.8,,,,,,
166,"Springer, George",2020,821,20.2,0.324,0.27,0.333,0.595,0.434,0.393,0.264,12.0,37.0,90.5,27.0,22,75,91,5.6,,,,,,
259,"Vargas, Ildemaro",2024,1058,24.5,0.324,0.132,0.309,0.456,0.332,0.29,0.288,22.0,68.0,83.7,1.4,9,127,132,-0.1,65.314168067,6.865116891,,,,
212,"Carpenter, Matt",2022,723,29.3,0.324,0.676,0.211,1.0,0.571,0.418,0.266,11.0,34.0,91.0,19.3,22,92,120,11.7,,,,,,
281,"Franco, Maikel",2020,944,29.8,0.323,0.274,0.294,0.597,0.381,0.33,0.273,20.0,62.0,86.7,14.1,33,130,151,5.5,,,,,,
503,"Witt Jr., Bobby",2022,2332,21.6,0.323,0.189,0.384,0.512,0.361,0.302,0.254,41.0,127.0,87.6,12.9,68,271,232,6.5,,,,,,
591,"Bellinger, Cody",2023,2158,27.4,0.323,0.192,0.316,0.515,0.366,0.357,0.291,42.0,130.0,87.1,16.6,63,305,286,11.9,,,,,,
482,"Choi, Ji Man",2022,1840,26.2,0.323,0.194,0.441,0.516,0.396,0.378,0.255,30.0,93.0,94.0,12.8,69,199,283,8.6,,,,,,
677,"Hernández, Teoscar",2021,2290,29.6,0.323,0.21,0.391,0.533,0.386,0.369,0.292,54.0,167.0,92.3,13.5,110,355,322,25.6,,,,,,
444,"Rosario, Amed",2021,2156,20.6,0.323,0.165,0.382,0.488,0.356,0.314,0.277,41.0,127.0,89.7,4.0,63,243,201,4.6,,,,,,
133,"Adams, Riley",2023,567,23.5,0.323,0.323,0.381,0.645,0.44,0.373,0.266,10.0,31.0,90.9,25.6,13,69,64,5.2,,,,,,
568,"Semien, Marcus",2023,2799,20.3,0.322,0.147,0.333,0.469,0.365,0.331,0.269,46.0,143.0,88.2,17.7,56,283,285,18.8,,,,,,
368,"Albies, Ozzie",2024,1649,22.3,0.322,0.103,0.338,0.425,0.347,0.354,0.288,28.0,87.0,87.8,17.1,35,221,147,4.7,67.235154422,7.181287136,,,,
752,"Olson, Matt",2023,3092,24.3,0.322,0.383,0.32,0.705,0.461,0.441,0.298,48.0,149.0,93.1,18.1,93,352,400,30.1,,,,,,
596,"Swanson, Dansby",2022,2751,21.7,0.321,0.241,0.376,0.562,0.401,0.384,0.273,44.0,137.0,89.2,12.5,100,312,284,18.8,,,,,,
225,"Newman, Kevin",2022,1080,20.8,0.321,0.161,0.409,0.482,0.361,0.293,0.274,18.0,56.0,84.1,10.5,23,106,119,4.4,,,,,,
208,"Chang, Yu",2021,965,21.6,0.321,0.196,0.386,0.518,0.359,0.362,0.339,18.0,56.0,85.3,21.3,23,113,95,5.2,,,,,,
536,"Rosario, Amed",2023,1979,27.1,0.321,0.08,0.394,0.401,0.337,0.299,0.26,44.0,137.0,89.0,6.4,74,291,245,6.4,,,,,,
306,"Torreyes, Ronald",2021,1170,26.2,0.321,0.16,0.333,0.481,0.372,0.288,0.241,26.0,81.0,79.2,12.9,14,156,150,14.5,,,,,,
550,"Profar, Jurickson",2024,2739,20.1,0.321,0.189,0.349,0.509,0.403,0.372,0.274,34.0,106.0,86.1,5.3,46,261,289,15.5,67.192883584,6.988278319,,,,
548,"France, Ty",2021,2394,22.9,0.321,0.157,0.35,0.479,0.366,0.34,0.263,45.0,140.0,86.4,8.8,53,281,267,11.0,,,,,,
558,"Lowe, Nathaniel",2022,2525,22.1,0.321,0.191,0.389,0.511,0.393,0.347,0.26,42.0,131.0,89.7,6.9,68,289,269,9.4,,,,,,
135,"Urías, Luis",2020,485,27.8,0.321,0.071,0.45,0.393,0.378,0.299,0.222,9.0,28.0,82.8,1.5,15,53,82,3.4,,,,,,
504,"Garcia, Maikel",2023,1989,25.3,0.321,0.073,0.368,0.394,0.319,0.348,0.314,35.0,109.0,90.0,5.4,34,219,285,2.9,,,,,,
118,"Tellez, Rowdy",2020,441,26.8,0.321,0.143,0.348,0.464,0.359,0.42,0.326,9.0,28.0,87.2,10.8,15,62,56,1.9,,,,,,
462,"Altuve, Jose",2021,2489,18.6,0.32,0.27,0.309,0.59,0.413,0.382,0.281,32.0,100.0,87.3,12.8,38,200,262,14.9,,,,,,
172,"Rengifo, Luis",2024,1084,15.9,0.32,0.22,0.342,0.54,0.385,0.326,0.292,16.0,50.0,85.8,9.4,21,104,68,3.5,66.113762424,6.882680606,,,,
421,"Naquin, Tyler",2021,1797,23.4,0.32,0.26,0.377,0.58,0.396,0.352,0.269,32.0,100.0,89.2,8.2,63,243,178,17.8,,,,,,
94,"Harrison, Josh",2020,335,28.1,0.32,0.0,0.32,0.32,0.292,0.311,0.315,8.0,25.0,85.0,17.0,16,57,37,-1.5,,,,,,
94,"Fry, David",2023,431,21.8,0.32,0.4,0.333,0.72,0.46,0.441,0.303,8.0,25.0,91.9,17.3,19,56,38,3.9,,,,,,
149,"Díaz, Yandy",2020,573,26.0,0.32,0.12,0.35,0.44,0.417,0.361,0.244,8.0,25.0,89.6,-1.5,6,49,100,3.7,,,,,,
443,"Mullins, Cedric",2023,1782,24.9,0.32,0.311,0.325,0.631,0.418,0.348,0.273,33.0,103.0,89.9,21.7,65,233,210,15.1,,,,,,
182,"Campusano, Luis",2023,601,30.3,0.32,0.2,0.302,0.52,0.364,0.388,0.357,16.0,50.0,85.9,16.6,20,102,80,4.5,,,,,,
207,"Merrifield, Whit",2020,996,20.8,0.32,0.34,0.289,0.66,0.415,0.336,0.283,16.0,50.0,83.6,17.7,16,99,108,8.0,,,,,,
550,"Machado, Manny",2022,2371,23.2,0.319,0.27,0.366,0.589,0.407,0.355,0.263,45.0,141.0,93.5,17.7,71,283,267,19.6,,,,,,
451,"Ramírez, Harold",2023,1564,28.8,0.319,0.133,0.347,0.451,0.354,0.348,0.279,36.0,113.0,89.1,6.3,65,269,182,5.7,,,,,,
207,"Wallner, Matt",2024,1030,20.1,0.319,0.383,0.435,0.702,0.466,0.438,0.286,15.0,47.0,93.4,18.3,42,101,106,6.6,75.39333828,7.167828602,,,,
309,"Duran, Jarren",2023,1397,22.1,0.319,0.159,0.377,0.478,0.359,0.325,0.258,22.0,69.0,88.3,7.6,39,157,152,4.2,,,,,,
504,"Friedl, TJ",2023,2194,23.0,0.319,0.221,0.348,0.54,0.383,0.278,0.242,36.0,113.0,81.6,13.1,44,231,273,10.2,,,,,,
275,"Miller, Owen",2023,1192,23.1,0.319,0.145,0.356,0.464,0.331,0.283,0.253,22.0,69.0,85.0,14.1,29,149,126,2.0,,,,,,
259,"Brennan, Will",2024,1230,21.1,0.319,0.116,0.364,0.435,0.351,0.319,0.273,22.0,69.0,84.7,14.0,35,152,107,5.7,67.681001571,6.7322655,,,,
351,"Meneses, Joey",2024,1142,30.7,0.319,0.097,0.373,0.417,0.348,0.321,0.245,23.0,72.0,89.2,6.3,47,184,167,6.0,68.800976159,6.895060366,,,,
226,"Triolo, Jared",2023,839,26.9,0.319,0.106,0.4,0.426,0.392,0.358,0.269,15.0,47.0,88.4,13.3,24,96,130,7.6,,,,,,
630,"Nimmo, Brandon",2024,2747,22.9,0.319,0.289,0.347,0.607,0.433,0.408,0.31,43.0,135.0,92.7,7.7,64,290,340,25.6,71.319496052,7.156970849,,,,
179,"Profar, Jurickson",2020,837,21.4,0.318,0.182,0.316,0.5,0.375,0.336,0.255,14.0,44.0,84.5,14.7,21,88,91,1.9,,,,,,
80,"Jones, JaCoby",2021,396,20.2,0.318,0.136,0.6,0.455,0.347,0.262,0.211,7.0,22.0,94.2,17.5,18,44,36,0.8,,,,,,
113,"Herrera, Jose",2024,501,22.6,0.318,0.045,0.389,0.364,0.331,0.311,0.277,7.0,22.0,79.5,5.9,12,48,65,0.4,62.772352708,6.678203333,,,,
390,"Altuve, Jose",2022,2308,16.9,0.318,0.188,0.381,0.506,0.403,0.311,0.215,27.0,85.0,84.5,10.6,27,166,224,8.5,,,,,,
506,"McNeil, Jeff",2023,2193,23.1,0.318,0.147,0.328,0.465,0.374,0.342,0.291,41.0,129.0,83.9,13.1,41,284,222,14.1,,,,,,
152,"Freeman, Tyler",2023,636,23.9,0.317,0.146,0.375,0.463,0.35,0.356,0.309,13.0,41.0,81.4,2.9,9,81,71,1.2,,,,,,
237,"Devers, Rafael",2020,980,24.2,0.317,0.333,0.341,0.65,0.422,0.37,0.284,19.0,60.0,94.6,10.4,42,131,106,4.7,,,,,,
542,"Reynolds, Bryan",2024,2604,20.8,0.317,0.19,0.362,0.508,0.383,0.383,0.287,40.0,126.0,91.6,8.8,77,275,267,11.7,69.885893821,6.76460748,,,,
197,"Contreras, Willson",2020,871,22.6,0.317,0.122,0.364,0.439,0.372,0.357,0.278,13.0,41.0,90.8,1.1,24,97,100,2.2,,,,,,
243,"Mancini, Trey",2023,1050,23.1,0.317,0.111,0.392,0.429,0.312,0.287,0.264,20.0,63.0,89.7,12.5,38,136,107,-2.0,,,,,,
419,"Ohtani, Shohei",2023,2321,18.1,0.317,0.287,0.357,0.604,0.41,0.379,0.274,32.0,101.0,90.9,7.9,75,221,198,9.5,,,,,,
474,"Nimmo, Brandon",2022,2781,17.0,0.317,0.24,0.333,0.558,0.409,0.352,0.263,33.0,104.0,87.7,12.9,50,223,251,20.9,,,,,,
485,"Benintendi, Andrew",2021,2045,23.7,0.316,0.202,0.348,0.518,0.365,0.332,0.255,36.0,114.0,90.6,17.1,69,266,219,8.5,,,,,,
83,"Vosler, Jason",2022,419,19.8,0.316,0.316,0.385,0.632,0.421,0.306,0.211,6.0,19.0,81.5,8.0,16,41,42,2.2,,,,,,
68,"Dahl, David",2020,392,17.3,0.316,0.158,0.429,0.474,0.336,0.273,0.244,6.0,19.0,84.9,21.1,13,41,27,-0.1,,,,,,
85,"Henderson, Gunnar",2022,539,15.8,0.316,0.105,0.375,0.421,0.382,0.333,0.272,6.0,19.0,89.0,-8.8,5,36,49,1.8,,,,,,
336,"Altuve, Jose",2023,1557,21.6,0.316,0.211,0.357,0.526,0.402,0.313,0.225,24.0,76.0,84.2,15.0,32,148,188,10.2,,,,,,
103,"Castro, Jason",2020,406,25.4,0.316,0.316,0.5,0.632,0.446,0.419,0.293,6.0,19.0,94.3,26.5,11,39,64,3.0,,,,,,
525,"Cron, C.J.",2021,2191,24.0,0.316,0.316,0.318,0.632,0.43,0.394,0.272,36.0,114.0,91.4,14.3,74,259,266,23.2,,,,,,
81,"Gonzalez, Romy",2023,363,22.3,0.316,0.421,0.429,0.737,0.419,0.421,0.292,6.0,19.0,90.3,15.7,15,45,36,3.5,,,,,,
370,"Hernández, Enrique",2022,1490,24.8,0.316,0.102,0.383,0.418,0.331,0.272,0.241,31.0,98.0,86.9,11.0,50,194,176,2.0,,,,,,
92,"Aranda, Jonathan",2023,449,20.5,0.316,0.263,0.357,0.579,0.388,0.265,0.197,6.0,19.0,90.2,-2.5,11,45,47,2.8,,,,,,
109,"Bride, Jonah",2023,460,23.7,0.316,0.0,0.353,0.316,0.352,0.4,0.284,6.0,19.0,90.4,9.5,8,42,67,2.7,,,,,,
511,"Lopez, Nicky",2021,2126,24.0,0.316,0.053,0.337,0.368,0.343,0.342,0.282,36.0,114.0,80.7,-1.5,29,231,280,1.9,,,,,,
113,"Stubbs, Garrett",2023,496,22.8,0.316,0.211,0.385,0.526,0.429,0.322,0.214,6.0,19.0,72.9,8.7,13,51,62,2.1,,,,,,
238,"Voit, Luke",2020,910,26.2,0.315,0.463,0.273,0.778,0.464,0.451,0.321,17.0,54.0,88.7,25.5,29,119,119,11.1,,,,,,
439,"Canha, Mark",2023,2085,21.1,0.315,0.207,0.31,0.522,0.387,0.366,0.28,29.0,92.0,87.3,12.8,29,196,243,13.4,,,,,,
241,"Ortega, Rafael",2021,1337,18.0,0.315,0.278,0.342,0.593,0.417,0.342,0.262,17.0,54.0,82.9,19.5,30,123,118,7.5,,,,,,
596,"Guerrero Jr., Vladimir",2021,2509,23.8,0.315,0.294,0.312,0.608,0.43,0.416,0.311,45.0,143.0,93.6,11.4,87,301,295,23.2,,,,,,
571,"Smith, Josh",2024,2327,24.5,0.315,0.145,0.385,0.46,0.378,0.338,0.254,39.0,124.0,88.0,14.1,75,280,291,12.3,67.182035165,6.591592381,,,,
215,"Jeffers, Ryan",2022,948,22.7,0.315,0.222,0.368,0.537,0.398,0.37,0.282,17.0,54.0,86.6,8.2,24,106,109,2.7,,,,,,
560,"Acuña Jr., Ronald",2023,2782,20.1,0.315,0.226,0.301,0.54,0.404,0.447,0.325,39.0,124.0,94.4,5.8,42,250,310,17.1,,,,,,
339,"Castro, Harold",2022,1660,20.4,0.315,0.045,0.373,0.36,0.293,0.279,0.275,28.0,89.0,84.7,8.0,42,204,135,3.0,,,,,,
144,"Trejo, Alan",2022,494,29.1,0.314,0.114,0.5,0.429,0.342,0.317,0.26,11.0,35.0,89.4,16.5,26,80,64,2.0,,,,,,
663,"García, Adolis",2022,2537,26.1,0.314,0.256,0.345,0.571,0.384,0.342,0.264,49.0,156.0,91.8,13.7,106,356,307,13.6,,,,,,
537,"Alvarez, Yordan",2022,2195,24.5,0.314,0.178,0.344,0.492,0.379,0.447,0.342,37.0,118.0,94.5,14.7,64,236,301,8.1,,,,,,
507,"Contreras, Willson",2023,1950,26.0,0.314,0.245,0.403,0.559,0.417,0.397,0.28,32.0,102.0,89.6,7.2,73,253,254,11.2,,,,,,
241,"Encarnacion-Strand, Christian",2023,936,25.7,0.314,0.235,0.364,0.549,0.429,0.4,0.281,16.0,51.0,90.6,22.6,35,117,124,6.6,,,,,,
394,"Ohtani, Shohei",2022,2546,15.5,0.314,0.461,0.282,0.775,0.468,0.453,0.308,32.0,102.0,94.3,12.6,54,221,173,14.5,,,,,,
302,"Myers, Wil",2022,1160,26.0,0.314,0.186,0.392,0.5,0.366,0.33,0.255,22.0,70.0,86.5,15.4,47,152,150,3.4,,,,,,
274,"García Jr., Luis",2022,1323,20.7,0.314,0.105,0.338,0.419,0.324,0.315,0.252,27.0,86.0,86.6,9.1,44,173,101,-0.2,,,,,,
250,"Aguilar, Jesús",2020,882,28.3,0.314,0.157,0.357,0.471,0.347,0.323,0.279,16.0,51.0,89.0,19.0,28,127,123,3.4,,,,,,
188,"Madrigal, Nick",2021,809,23.2,0.313,0.146,0.341,0.458,0.341,0.299,0.28,15.0,48.0,83.3,1.8,8,98,90,2.2,,,,,,
404,"Rojas, Johan",2024,1329,30.4,0.313,0.071,0.38,0.384,0.326,0.292,0.275,31.0,99.0,81.1,3.0,52,204,200,2.2,66.606406263,6.983134789,,,,
68,"Urías, Julio",2021,226,30.1,0.313,0.125,0.385,0.438,0.344,0.252,0.206,5.0,16.0,70.2,-0.3,9,46,22,0.5,,,,,,
185,"Haggerty, Sam",2022,735,25.2,0.313,0.125,0.417,0.438,0.345,0.248,0.209,15.0,48.0,83.2,13.0,26,94,91,0.8,,,,,,
242,"Wendle, Joey",2022,1281,18.9,0.313,0.109,0.333,0.422,0.326,0.275,0.259,20.0,64.0,86.5,-2.5,25,141,101,3.8,,,,,,
75,"Florial, Estevan",2023,294,25.5,0.313,0.125,0.417,0.438,0.379,0.404,0.32,5.0,16.0,88.0,21.4,12,37,38,0.6,,,,,,
499,"Ward, Taylor",2022,2297,21.7,0.313,0.25,0.316,0.563,0.411,0.433,0.294,30.0,96.0,90.5,19.2,39,193,306,11.5,,,,,,
180,"Mejía, Francisco",2021,1013,17.8,0.313,0.229,0.333,0.542,0.371,0.312,0.257,15.0,48.0,86.1,22.8,24,112,68,6.1,,,,,,
79,"Stanton, Giancarlo",2020,415,19.0,0.313,0.188,0.571,0.5,0.384,0.397,0.314,5.0,16.0,103.7,7.3,10,29,50,2.5,,,,,,
695,"Riley, Austin",2021,2595,26.8,0.313,0.175,0.37,0.487,0.361,0.349,0.285,50.0,160.0,90.2,19.0,107,366,329,9.0,,,,,,
318,"Marte, Starling",2024,1417,22.4,0.313,0.15,0.4,0.463,0.356,0.344,0.307,25.0,80.0,88.5,5.0,42,155,163,6.9,69.125652587,7.033696364,,,,
469,"Perdomo, Geraldo",2023,2064,22.7,0.313,0.219,0.329,0.531,0.399,0.319,0.249,30.0,96.0,78.3,11.9,28,219,250,10.8,,,,,,
65,"Smith Jr., Dwight",2020,287,22.6,0.313,0.25,0.364,0.563,0.382,0.251,0.169,5.0,16.0,85.7,13.6,6,27,38,0.3,,,,,,
488,"Yelich, Christian",2023,2559,19.1,0.313,0.2,0.357,0.513,0.383,0.356,0.278,36.0,115.0,92.2,1.4,54,219,269,13.2,,,,,,
78,"Ríos, Edwin",2020,293,26.6,0.313,0.25,0.333,0.563,0.4,0.384,0.292,5.0,16.0,91.5,14.2,14,41,37,0.0,,,,,,
51,"Senzel, Nick",2020,257,19.8,0.313,0.375,0.308,0.688,0.387,0.378,0.318,5.0,16.0,89.9,19.3,7,31,20,-0.6,,,,,,
417,"Ramírez, Harold",2022,1578,26.4,0.312,0.088,0.339,0.4,0.32,0.327,0.302,39.0,125.0,89.5,0.1,58,246,171,6.0,,,,,,
646,"Steer, Spencer",2024,2621,24.6,0.312,0.299,0.348,0.61,0.417,0.363,0.282,48.0,154.0,89.3,17.5,68,307,339,28.6,69.611601045,7.270963902,,,,
419,"Báez, Javier",2023,1970,21.3,0.312,0.156,0.36,0.468,0.354,0.335,0.286,34.0,109.0,88.7,10.1,81,248,171,10.9,,,,,,
523,"García Jr., Luis",2024,1883,27.8,0.312,0.234,0.327,0.546,0.378,0.347,0.284,44.0,141.0,87.2,9.3,63,281,242,15.6,69.355333065,7.214447778,,,,
377,"Belt, Brandon",2021,1578,23.9,0.311,0.324,0.372,0.635,0.443,0.373,0.214,23.0,74.0,88.4,19.8,53,187,190,10.5,,,,,,
689,"Bregman, Alex",2022,2521,27.3,0.311,0.267,0.297,0.578,0.415,0.418,0.305,42.0,135.0,88.4,19.3,44,279,410,20.2,,,,,,
417,"Gamel, Ben",2022,1713,24.3,0.311,0.27,0.358,0.581,0.449,0.402,0.277,23.0,74.0,90.5,15.9,34,171,246,13.4,,,,,,
301,"Taylor, Tyrone",2022,1522,19.8,0.311,0.243,0.367,0.554,0.381,0.351,0.288,23.0,74.0,91.0,17.8,53,161,140,7.2,,,,,,
650,"Machado, Manny",2024,2387,27.2,0.311,0.236,0.339,0.547,0.373,0.364,0.295,50.0,161.0,92.8,9.5,93,347,303,9.9,73.464245,7.726207704,,,,
718,"Contreras, William",2024,2677,26.8,0.31,0.222,0.361,0.532,0.398,0.374,0.271,49.0,158.0,94.1,7.1,93,348,370,16.1,72.450784207,7.207599817,,,,
281,"Tucker, Kyle",2024,1349,20.8,0.31,0.19,0.348,0.5,0.41,0.363,0.258,18.0,58.0,91.6,21.9,18,108,173,6.5,71.445112062,7.481193299,,,,
180,"Frazier, Clint",2020,688,26.2,0.31,0.276,0.35,0.586,0.458,0.432,0.292,9.0,29.0,89.8,20.6,18,61,119,9.3,,,,,,
233,"Kirilloff, Alex",2021,835,27.9,0.31,0.155,0.364,0.466,0.337,0.389,0.305,18.0,58.0,88.6,6.4,35,133,100,1.8,,,,,,
568,"Votto, Joey",2021,2232,25.4,0.31,0.328,0.333,0.638,0.422,0.401,0.295,36.0,116.0,91.7,19.2,83,260,308,18.2,,,"Votto, Joey",First_Baseman,75.0,200.0
211,"White, Evan",2020,828,25.5,0.31,0.357,0.36,0.667,0.42,0.402,0.284,13.0,42.0,92.0,12.1,34,103,108,5.6,,,,,,
151,"Urías, Luis",2023,741,20.4,0.31,0.31,0.333,0.621,0.45,0.375,0.228,9.0,29.0,88.5,9.9,16,66,85,7.4,,,,,,
320,"McCormick, Chas",2021,1283,24.9,0.31,0.207,0.356,0.517,0.367,0.346,0.228,18.0,58.0,91.1,21.7,54,155,165,5.7,,,,,,
453,"Ramos, Heliot",2024,2011,22.5,0.31,0.147,0.372,0.457,0.345,0.331,0.257,36.0,116.0,89.5,6.0,73,238,215,7.1,73.911439741,6.849742845,,,,
522,"Marsh, Brandon",2023,1984,26.3,0.31,0.18,0.412,0.49,0.384,0.335,0.239,31.0,100.0,90.4,12.2,49,220,302,12.2,,,,,,
310,"Donovan, Brendan",2023,1431,21.7,0.31,0.241,0.311,0.552,0.423,0.46,0.346,18.0,58.0,90.3,9.9,19,126,184,6.5,,,,,,
359,"González, Luis",2022,1472,24.4,0.309,0.088,0.385,0.397,0.34,0.292,0.236,21.0,68.0,85.0,12.1,40,167,192,2.2,,,,,,
524,"Giménez, Andrés",2024,2400,21.8,0.309,0.106,0.333,0.415,0.324,0.326,0.297,38.0,123.0,85.1,9.5,70,294,230,3.4,67.165353092,7.030622863,,,,
661,"Cron, C.J.",2022,2500,26.4,0.309,0.257,0.339,0.566,0.387,0.362,0.288,47.0,152.0,90.4,14.8,77,352,309,9.0,,,,,,
486,"Schwarber, Kyle",2021,1986,24.5,0.309,0.32,0.339,0.629,0.44,0.435,0.292,30.0,97.0,90.7,11.5,62,216,270,13.8,,,,,,
506,"Naylor, Josh",2022,1768,28.6,0.309,0.276,0.296,0.585,0.405,0.355,0.266,38.0,123.0,90.4,12.5,45,258,248,17.1,,,,,,
372,"Urías, Ramón",2023,1461,25.5,0.309,0.117,0.446,0.426,0.348,0.308,0.244,29.0,94.0,87.8,8.1,59,193,179,7.8,,,,,,
177,"McNeil, Jeff",2020,804,22.0,0.308,0.179,0.314,0.487,0.33,0.307,0.267,12.0,39.0,86.9,19.8,17,101,76,0.5,,,,,,
370,"Yoshida, Masataka",2024,1593,23.2,0.308,0.11,0.317,0.418,0.361,0.361,0.278,28.0,91.0,87.0,9.3,22,180,190,7.3,70.369109146,7.327315305,,,,
494,"Farmer, Kyle",2022,2145,23.0,0.308,0.15,0.318,0.458,0.351,0.342,0.303,37.0,120.0,84.7,10.5,47,262,232,9.7,,,,,,
47,"Webb, Logan",2021,177,26.6,0.308,0.462,0.375,0.769,0.456,0.351,0.25,4.0,13.0,90.9,5.6,6,29,18,1.8,,,,,,
148,"Jankowski, Travis",2021,583,25.4,0.308,0.269,0.412,0.577,0.451,0.361,0.24,8.0,26.0,78.7,2.7,13,61,87,6.1,,,,,,
369,"Dubón, Mauricio",2024,1450,25.4,0.308,0.112,0.316,0.421,0.304,0.277,0.269,33.0,107.0,84.8,11.4,40,227,142,0.6,66.492081137,7.483667583,,,,
233,"Jansen, Danny",2022,961,24.2,0.308,0.327,0.268,0.635,0.405,0.437,0.317,16.0,52.0,88.9,26.0,22,108,125,6.0,,,,,,
95,"Maton, Nick",2021,512,18.6,0.308,0.154,0.4,0.462,0.313,0.257,0.263,8.0,26.0,82.6,7.5,17,61,34,1.9,,,,,,
214,"Adames, Willy",2020,826,25.9,0.308,0.308,0.471,0.615,0.448,0.399,0.262,12.0,39.0,89.1,13.9,41,89,125,4.1,,,,,,
107,"Fletcher, Dominic",2023,380,28.2,0.308,0.346,0.3,0.654,0.419,0.319,0.249,8.0,26.0,84.1,4.5,13,57,50,4.5,,,,,,
105,"Peraza, José",2021,509,20.6,0.308,0.231,0.318,0.538,0.43,0.362,0.261,8.0,26.0,88.3,16.9,8,50,55,7.4,,,,,,
214,"Ahmed, Nick",2020,832,25.7,0.308,0.288,0.342,0.596,0.423,0.406,0.316,16.0,52.0,86.9,12.6,29,99,115,5.6,,,,,,
68,"Araúz, Jonathan",2023,273,24.9,0.308,0.462,0.286,0.769,0.491,0.369,0.217,4.0,13.0,84.2,13.4,6,23,45,3.4,,,,,,
604,"Seager, Kyle",2021,2554,23.6,0.308,0.336,0.33,0.643,0.413,0.341,0.237,44.0,143.0,89.4,15.1,94,314,290,20.2,,,,,,
250,"Báez, Javier",2024,1028,24.3,0.308,0.262,0.333,0.569,0.364,0.345,0.294,20.0,65.0,91.5,10.1,37,137,113,3.8,73.386891811,8.566584803,,,,
429,"Raley, Luke",2024,1713,25.0,0.308,0.22,0.414,0.527,0.399,0.359,0.252,28.0,91.0,86.0,7.4,69,222,207,5.1,73.405052488,7.204696411,,,,
63,"Gurriel, Yuli",2024,281,22.4,0.308,0.0,0.333,0.308,0.263,0.37,0.358,4.0,13.0,90.7,7.0,7,29,34,0.2,71.44759,7.954027241,,,,
595,"Goldschmidt, Paul",2022,2701,22.0,0.308,0.248,0.333,0.556,0.416,0.39,0.269,36.0,117.0,91.3,12.7,59,243,352,23.9,,,,,,
636,"Albies, Ozzie",2021,2608,24.4,0.307,0.3,0.286,0.607,0.391,0.365,0.281,43.0,140.0,90.4,24.9,75,362,274,10.5,,,,,,
439,"Pollock, AJ",2021,1465,30.0,0.307,0.168,0.394,0.475,0.37,0.335,0.25,31.0,101.0,90.8,9.2,63,215,224,10.9,,,,,,
340,"d'Arnaud, Travis",2022,1633,20.8,0.307,0.295,0.308,0.602,0.419,0.331,0.241,27.0,88.0,86.0,5.6,41,179,161,14.2,,,,,,
225,"Grichuk, Randal",2020,855,26.3,0.306,0.258,0.298,0.565,0.378,0.387,0.3,19.0,62.0,87.0,11.5,26,119,106,8.5,,,,,,
405,"Rojas, Miguel",2021,2001,20.2,0.306,0.092,0.326,0.398,0.34,0.319,0.277,30.0,98.0,84.9,8.5,30,179,226,4.3,,,,,,
138,"Romine, Austin",2020,525,26.3,0.306,0.083,0.423,0.389,0.302,0.262,0.25,11.0,36.0,86.0,-3.0,21,76,62,-1.5,,,,,,
181,"Gurriel Jr., Lourdes",2020,832,21.8,0.306,0.102,0.359,0.408,0.317,0.294,0.257,15.0,49.0,90.3,8.7,24,93,88,2.3,,,,,,
222,"Abrams, CJ",2022,1008,22.0,0.306,0.113,0.353,0.419,0.322,0.276,0.246,19.0,62.0,85.2,-2.1,27,135,87,2.5,,,,,,
291,"Renfroe, Hunter",2024,1652,17.6,0.306,0.181,0.357,0.486,0.373,0.31,0.257,22.0,72.0,86.7,14.1,34,136,155,9.9,73.622541129,7.540377823,,,,
366,"Garver, Mitch",2023,1430,25.6,0.306,0.264,0.333,0.569,0.415,0.346,0.241,22.0,72.0,91.3,20.3,27,152,214,16.1,,,,,,
566,"Kwan, Steven",2022,2643,21.4,0.306,0.174,0.324,0.479,0.369,0.312,0.254,37.0,121.0,85.8,10.1,19,222,344,6.7,,,,,,
413,"Murphy, Sean",2023,1748,23.6,0.306,0.282,0.328,0.588,0.441,0.432,0.303,26.0,85.0,95.1,7.7,48,195,218,14.9,,,,,,
370,"Marsh, Brandon",2022,1807,20.5,0.306,0.143,0.38,0.449,0.334,0.301,0.249,30.0,98.0,83.8,8.5,49,192,178,4.3,,,,,,
206,"La Stella, Tommy",2020,940,21.9,0.306,0.111,0.314,0.417,0.363,0.294,0.2,11.0,36.0,84.2,14.1,8,76,130,2.1,,,,,,
267,"Dickerson, Corey",2022,1083,24.7,0.306,0.167,0.288,0.472,0.349,0.321,0.284,22.0,72.0,87.6,8.1,27,156,111,6.0,,,,,,
415,"Yelich, Christian",2021,2012,20.6,0.305,0.159,0.338,0.463,0.384,0.389,0.3,25.0,82.0,88.9,-2.1,42,170,245,4.3,,,,,,
610,"Lowe, Nathaniel",2021,2691,22.7,0.305,0.214,0.354,0.519,0.381,0.361,0.267,40.0,131.0,93.0,5.6,63,299,311,16.9,,,,,,
455,"Fraley, Jake",2023,1420,32.0,0.305,0.257,0.313,0.562,0.403,0.353,0.284,32.0,105.0,83.2,15.7,57,245,210,9.1,,,,,,
616,"Santander, Anthony",2023,2764,22.3,0.305,0.242,0.333,0.547,0.383,0.352,0.267,39.0,128.0,90.4,17.2,68,326,290,14.4,,,,,,
391,"Acuña Jr., Ronald",2022,2162,18.1,0.305,0.085,0.407,0.39,0.338,0.296,0.229,25.0,82.0,89.8,10.9,57,188,203,4.0,,,,,,
496,"Castellanos, Nick",2021,2143,23.1,0.305,0.29,0.3,0.595,0.37,0.354,0.293,40.0,131.0,88.1,12.9,84,292,204,7.1,,,,,,
94,"Santana, Danny",2021,516,18.2,0.304,0.217,0.333,0.522,0.388,0.263,0.203,7.0,23.0,84.3,11.0,16,51,43,5.6,,,,,,
490,"Vázquez, Christian",2022,1632,30.0,0.304,0.104,0.363,0.409,0.324,0.276,0.241,35.0,115.0,87.2,12.4,42,232,258,5.2,,,,,,
132,"Akiyama, Shogo",2020,821,16.1,0.304,0.0,0.389,0.304,0.37,0.326,0.225,7.0,23.0,87.0,-0.8,11,62,70,1.5,,,,,,
444,"García, Leury",2021,1672,26.6,0.304,0.17,0.379,0.473,0.357,0.286,0.236,34.0,112.0,80.9,1.7,60,251,193,-0.3,,,,,,
149,"Piscotty, Stephen",2020,588,25.3,0.304,0.283,0.344,0.587,0.377,0.329,0.272,14.0,46.0,88.9,14.7,27,95,54,7.9,,,,,,
266,"Fraley, Jake",2021,1159,23.0,0.304,0.239,0.344,0.543,0.434,0.402,0.238,14.0,46.0,81.7,12.0,31,97,169,11.0,,,,,,
327,"Stallings, Jacob",2024,1073,30.5,0.304,0.261,0.37,0.565,0.412,0.36,0.273,21.0,69.0,84.9,9.9,41,150,177,7.3,65.619032897,6.989613034,,,,
131,"Wade, Tyler",2021,647,20.2,0.304,0.043,0.467,0.348,0.356,0.259,0.174,7.0,23.0,79.7,8.9,10,55,76,0.3,,,,,,
260,"Bader, Harrison",2022,1187,21.9,0.304,0.145,0.396,0.449,0.341,0.285,0.244,21.0,69.0,85.9,18.2,34,138,122,1.8,,,,,,
132,"Tauchman, Mike",2020,469,28.1,0.304,0.13,0.368,0.435,0.346,0.335,0.319,7.0,23.0,81.5,17.3,19,64,68,3.0,,,,,,
219,"Holt, Brock",2021,1024,21.4,0.304,0.071,0.386,0.375,0.326,0.284,0.243,17.0,56.0,85.6,15.8,25,107,112,2.2,,,,,,
115,"Call, Alex",2022,570,20.2,0.304,0.348,0.313,0.652,0.456,0.293,0.176,7.0,23.0,89.5,15.5,14,54,61,3.2,,,,,,
339,"Kemp, Tony",2021,1511,22.4,0.304,0.188,0.305,0.493,0.382,0.358,0.293,21.0,69.0,83.8,15.1,30,158,180,6.7,,,,,,
321,"Wong, Kolten",2021,1815,17.7,0.304,0.203,0.338,0.506,0.362,0.278,0.232,24.0,79.0,86.6,14.3,36,172,149,4.1,,,,,,
103,"Wagner, Will",2024,364,28.3,0.304,0.087,0.368,0.391,0.346,0.354,0.296,7.0,23.0,89.7,-0.9,11,48,55,3.3,67.329555,6.315248913,,,,
715,"Smith, Will",2023,2292,31.2,0.303,0.141,0.325,0.444,0.359,0.363,0.27,43.0,142.0,88.4,16.0,63,343,372,6.2,,,,,,
481,"Lowe, Brandon",2023,1718,28.0,0.303,0.174,0.384,0.477,0.365,0.31,0.232,33.0,109.0,90.8,16.1,81,260,221,10.8,,,,,,
517,"Gurriel Jr., Lourdes",2024,2083,24.8,0.303,0.141,0.333,0.444,0.332,0.352,0.314,43.0,142.0,89.5,16.2,57,281,236,1.7,68.557561128,7.450471984,,,,
645,"Ramírez, José",2021,2675,24.1,0.303,0.268,0.27,0.57,0.385,0.385,0.305,43.0,142.0,88.7,17.9,40,322,323,13.6,,,,,,
508,"Semien, Marcus",2024,2626,19.3,0.303,0.185,0.33,0.487,0.383,0.37,0.302,36.0,119.0,87.4,15.7,53,272,236,12.2,65.768222137,7.582209153,,,,
604,"Tucker, Kyle",2022,2262,26.7,0.303,0.255,0.327,0.559,0.391,0.356,0.267,44.0,145.0,89.8,18.8,72,329,275,18.9,,,,,,
468,"Burger, Jake",2024,2081,22.5,0.303,0.126,0.372,0.429,0.35,0.327,0.25,36.0,119.0,91.5,11.5,63,236,232,6.6,73.557540688,7.309790138,,,,
364,"Pujols, Albert",2022,1385,26.3,0.303,0.382,0.233,0.684,0.424,0.422,0.285,23.0,76.0,91.8,18.1,37,189,175,14.0,,,"Pujols, Albert",First_Baseman,75.0,225.0
484,"France, Ty",2022,2211,21.9,0.303,0.172,0.323,0.475,0.35,0.32,0.264,37.0,122.0,90.4,10.4,55,260,224,11.1,,,,,,
138,"Sogard, Eric",2020,499,27.7,0.303,0.061,0.323,0.364,0.325,0.374,0.357,10.0,33.0,85.6,16.2,1,52,86,-0.6,,,,,,
452,"Carpenter, Kerry",2023,1761,25.7,0.303,0.193,0.365,0.495,0.372,0.354,0.265,33.0,109.0,89.5,13.8,72,247,205,9.9,,,,,,
246,"Moniak, Mickey",2023,1161,21.2,0.303,0.227,0.405,0.53,0.377,0.36,0.284,20.0,66.0,86.3,11.1,60,156,90,4.8,,,,,,
566,"Hoerner, Nico",2023,2539,22.3,0.302,0.101,0.323,0.403,0.331,0.323,0.294,42.0,139.0,85.8,7.8,30,262,304,12.8,,,,,,
238,"Canha, Mark",2020,1063,22.4,0.302,0.349,0.257,0.651,0.413,0.424,0.3,13.0,43.0,88.4,16.2,20,98,140,10.7,,,,,,
451,"Chourio, Jackson",2024,2103,21.4,0.302,0.186,0.37,0.488,0.353,0.323,0.283,39.0,129.0,91.4,9.4,69,258,193,14.1,71.70738867,7.319816567,,,,
418,"Anderson, Tim",2021,2010,20.8,0.302,0.142,0.387,0.443,0.335,0.319,0.272,32.0,106.0,89.7,3.5,74,249,169,5.5,,,,,,
312,"Gonzales, Nick",2024,1371,22.8,0.302,0.105,0.352,0.407,0.309,0.334,0.289,26.0,86.0,88.3,6.6,45,184,128,2.2,69.720046474,7.352833757,,,,
345,"Robert Jr., Luis",2022,1349,25.6,0.302,0.177,0.357,0.479,0.34,0.301,0.272,29.0,96.0,88.4,11.4,60,225,120,7.9,,,,,,
341,"Lowe, Brandon",2024,1624,21.0,0.302,0.314,0.311,0.616,0.398,0.396,0.3,26.0,86.0,90.5,15.2,60,198,143,7.1,70.19979538,6.90379375,,,,
357,"Cabrera, Miguel",2022,1643,21.7,0.302,0.07,0.362,0.372,0.307,0.312,0.268,26.0,86.0,89.3,3.3,48,191,166,-1.1,,,"Cabrera, Miguel",Third_Baseman,74.0,210.0
373,"Rojas, Miguel",2022,1816,20.5,0.301,0.108,0.321,0.409,0.342,0.341,0.304,28.0,93.0,84.8,11.6,27,180,193,5.7,,,,,,
678,"Bogaerts, Xander",2022,2500,27.1,0.301,0.242,0.308,0.542,0.38,0.348,0.263,46.0,153.0,87.5,11.9,88,320,358,14.7,,,,,,
409,"Posey, Buster",2021,1757,23.3,0.301,0.226,0.348,0.527,0.38,0.343,0.255,28.0,93.0,87.0,7.7,50,184,225,11.1,,,,,,
590,"Adames, Willy",2022,2466,23.9,0.301,0.271,0.34,0.571,0.391,0.344,0.26,40.0,133.0,89.6,20.4,86,315,275,14.8,,,,,,
429,"Seager, Corey",2022,2268,18.9,0.301,0.177,0.293,0.478,0.368,0.378,0.284,34.0,113.0,89.4,15.8,63,242,187,3.2,,,,,,
579,"Bohm, Alec",2024,2122,27.3,0.301,0.233,0.296,0.534,0.379,0.355,0.279,44.0,146.0,90.6,10.4,47,291,288,22.6,70.487258571,7.268590476,,,,
404,"Fletcher, David",2021,2218,18.2,0.301,0.075,0.339,0.376,0.301,0.288,0.293,40.0,133.0,79.3,3.2,28,234,170,1.5,,,,,,
423,"Pederson, Joc",2024,1810,23.4,0.301,0.325,0.31,0.627,0.432,0.442,0.313,25.0,83.0,90.6,12.5,46,181,242,16.0,71.294860702,7.542375146,,,,
317,"Pujols, Albert",2021,1123,28.2,0.301,0.192,0.3,0.493,0.351,0.333,0.272,22.0,73.0,88.2,11.7,27,157,160,2.9,,,"Pujols, Albert",First_Baseman,75.0,225.0
292,"Andrus, Elvis",2023,1592,18.3,0.301,0.123,0.318,0.425,0.341,0.281,0.243,22.0,73.0,87.7,7.7,23,125,167,4.0,,,,,,
507,"Perez, Salvador",2023,2061,24.6,0.301,0.173,0.35,0.474,0.333,0.34,0.276,40.0,133.0,89.8,19.2,103,327,180,0.8,,,,,,
386,"Bregman, Alex",2021,1593,24.2,0.301,0.133,0.315,0.434,0.351,0.333,0.264,25.0,83.0,88.6,15.3,18,158,228,5.9,,,,,,
60,"Carter, Evan",2023,336,17.9,0.3,0.3,0.25,0.6,0.397,0.329,0.241,3.0,10.0,83.4,6.6,2,21,39,1.2,,,,,,
157,"Hosmer, Eric",2020,570,27.5,0.3,0.425,0.25,0.725,0.407,0.385,0.288,12.0,40.0,91.9,9.5,22,92,65,4.7,,,,,,
141,"Canó, Robinson",2020,605,23.3,0.3,0.125,0.297,0.425,0.345,0.388,0.324,12.0,40.0,92.7,-1.3,10,78,63,3.8,,,,,,
445,"Benintendi, Andrew",2022,1926,23.1,0.3,0.082,0.327,0.382,0.333,0.34,0.28,33.0,110.0,89.1,9.2,44,215,230,-0.2,,,,,,
93,"Baldwin, Brooks",2024,426,21.8,0.3,0.15,0.5,0.45,0.34,0.235,0.186,6.0,20.0,76.4,19.5,17,59,34,-1.2,66.128689286,6.681867679,,,,
112,"Simmons, Andrelton",2020,446,25.1,0.3,0.1,0.36,0.4,0.348,0.294,0.246,9.0,30.0,82.9,4.1,8,53,59,-0.2,,,,,,
305,"Solano, Donovan",2022,1189,25.7,0.3,0.086,0.375,0.386,0.331,0.334,0.273,21.0,70.0,89.8,12.3,35,165,140,-0.6,,,,,,
50,"Park, Hoy",2022,237,21.1,0.3,0.0,0.429,0.3,0.29,0.191,0.13,3.0,10.0,79.4,8.6,4,20,30,-0.5,,,,,,
742,"Hernández, Teoscar",2023,2673,27.8,0.3,0.153,0.383,0.453,0.331,0.307,0.256,51.0,170.0,89.7,7.0,130,395,347,8.5,,,,,,
311,"Jankowski, Travis",2023,1118,27.8,0.3,0.129,0.351,0.429,0.347,0.287,0.247,21.0,70.0,82.2,12.0,25,143,168,9.5,,,,,,
158,"Kirilloff, Alex",2022,614,25.7,0.3,0.233,0.296,0.533,0.363,0.317,0.245,9.0,30.0,86.6,3.3,13,75,83,5.3,,,,,,
94,"Senzel, Nick",2021,417,22.5,0.3,0.05,0.333,0.35,0.336,0.369,0.329,6.0,20.0,88.3,19.8,14,48,46,1.7,,,,,,
59,"Hernandez, Yadiel",2020,121,48.8,0.3,0.4,0.4,0.7,0.4,0.336,0.262,3.0,10.0,96.0,12.0,11,36,23,0.2,,,,,,
644,"Candelario, Jeimer",2021,2547,25.3,0.3,0.238,0.374,0.538,0.395,0.393,0.294,39.0,130.0,90.5,13.3,76,301,343,18.3,,,,,,
748,"Alonso, Pete",2022,2507,29.8,0.3,0.375,0.256,0.675,0.43,0.39,0.258,48.0,160.0,90.3,19.3,89,371,377,24.1,,,,,,
211,"Schwindel, Frank",2021,918,23.0,0.3,0.267,0.311,0.567,0.389,0.299,0.234,18.0,60.0,88.1,10.5,33,117,94,8.4,,,,,,
36,"Thompson, Trayce",2021,160,22.5,0.3,0.6,0.2,0.9,0.508,0.611,0.409,3.0,10.0,90.5,22.3,6,16,20,3.2,,,,,,
33,"Sanoja, Javier",2024,118,28.0,0.3,0.0,0.333,0.3,0.265,0.257,0.264,3.0,10.0,88.3,2.9,3,20,13,0.8,60.256918947,6.710843158,,,,
121,"Martini, Nick",2024,625,19.4,0.3,0.267,0.269,0.567,0.391,0.364,0.251,9.0,30.0,87.9,17.1,14,59,62,4.4,68.086008511,6.631901489,,,,
92,"Barrera, Tres",2021,417,22.1,0.3,0.3,0.313,0.6,0.449,0.456,0.331,6.0,20.0,78.1,18.4,13,45,47,3.3,,,,,,
41,"Lewis, Kyle",2023,231,17.7,0.3,0.3,0.286,0.6,0.43,0.433,0.362,3.0,10.0,88.2,3.5,5,18,23,1.4,,,,,,
336,"Pillar, Kevin",2021,1322,25.4,0.3,0.287,0.311,0.588,0.392,0.327,0.27,24.0,80.0,85.2,20.7,35,182,154,10.3,,,,,,
110,"Urías, Luis",2024,452,24.3,0.3,0.3,0.455,0.6,0.454,0.406,0.237,6.0,20.0,86.6,22.6,12,58,52,8.1,66.127621154,7.523454231,,,,
133,"Cave, Jake",2020,504,26.4,0.3,0.2,0.467,0.5,0.381,0.321,0.236,9.0,30.0,87.6,2.2,26,69,64,2.3,,,,,,
31,"Tromp, Chadwick",2024,182,17.0,0.3,0.2,0.375,0.5,0.308,0.241,0.27,3.0,10.0,88.9,4.5,9,19,12,-0.5,72.763054118,8.057341765,,,,
638,"Rodríguez, Julio",2023,2511,25.4,0.299,0.222,0.365,0.521,0.375,0.338,0.271,50.0,167.0,92.1,8.6,103,355,283,15.3,,,,,,
700,"Soto, Juan",2023,2897,24.2,0.299,0.278,0.309,0.576,0.41,0.414,0.294,43.0,144.0,92.7,8.5,57,290,410,20.7,,,,,,
375,"O'Neill, Tyler",2022,1594,23.5,0.299,0.221,0.358,0.519,0.374,0.388,0.281,23.0,77.0,92.4,19.1,64,201,174,6.6,,,,,,
334,"Cruz, Oneil",2022,1459,22.9,0.299,0.364,0.364,0.662,0.424,0.373,0.258,23.0,77.0,92.8,12.8,47,136,198,13.8,,,,,,
605,"Meadows, Austin",2021,2366,25.6,0.299,0.313,0.3,0.612,0.399,0.367,0.272,40.0,134.0,88.8,19.9,68,291,314,18.1,,,,,,
585,"Gurriel, Yuli",2021,2292,25.5,0.299,0.134,0.283,0.433,0.341,0.324,0.251,38.0,127.0,89.3,14.5,27,264,321,6.7,,,,,,
376,"Harris II, Michael",2024,1685,22.3,0.299,0.165,0.366,0.464,0.338,0.324,0.275,29.0,97.0,88.6,5.6,52,217,159,1.5,72.750734612,7.924097233,,,,
536,"Rosario, Amed",2022,2395,22.4,0.299,0.102,0.346,0.401,0.32,0.3,0.262,47.0,157.0,87.8,1.7,70,325,211,8.2,,,,,,
373,"Dubón, Mauricio",2023,1671,22.3,0.298,0.106,0.345,0.404,0.308,0.334,0.315,31.0,104.0,87.2,11.1,53,229,144,-0.6,,,,,,
496,"Happ, Ian",2021,2250,22.0,0.298,0.202,0.377,0.5,0.382,0.328,0.243,31.0,104.0,84.6,9.8,70,238,258,11.0,,,,,,
232,"Segura, Jean",2020,821,28.3,0.298,0.191,0.316,0.489,0.391,0.399,0.301,14.0,47.0,87.5,11.4,16,100,132,3.8,,,,,,
590,"Suárez, Eugenio",2022,2617,22.5,0.298,0.24,0.377,0.537,0.394,0.355,0.235,36.0,121.0,88.5,22.3,94,268,322,9.8,,,,,,
528,"Crawford, J.P.",2021,2791,18.9,0.298,0.123,0.34,0.421,0.341,0.314,0.275,34.0,114.0,83.7,4.0,47,246,282,-0.4,,,,,,
702,"Olson, Matt",2024,2947,23.8,0.298,0.234,0.34,0.532,0.384,0.371,0.278,42.0,141.0,90.9,16.5,93,350,352,14.3,72.122116887,7.394669497,,,,
424,"Mountcastle, Ryan",2023,1743,24.3,0.298,0.307,0.278,0.605,0.376,0.389,0.301,34.0,114.0,92.2,17.5,58,241,183,6.4,,,,,,
222,"Zavala, Seby",2022,875,25.4,0.298,0.128,0.448,0.426,0.323,0.307,0.239,14.0,47.0,87.9,18.8,46,124,98,-0.2,,,,,,
570,"Guerrero Jr., Vladimir",2024,2602,21.9,0.298,0.179,0.315,0.477,0.344,0.395,0.326,45.0,151.0,93.4,9.0,64,289,281,9.7,73.82513011,7.608309634,,,,
453,"Bell, Josh",2024,2238,20.2,0.298,0.175,0.299,0.474,0.359,0.363,0.289,34.0,114.0,88.0,10.5,49,221,232,10.0,69.414290239,7.849759952,,,,
333,"Hayes, Ke'Bryan",2021,1532,21.7,0.297,0.135,0.333,0.432,0.336,0.323,0.271,22.0,74.0,92.0,3.0,20,136,197,2.2,,,,,,
513,"Cabrera, Miguel",2021,2035,25.2,0.297,0.068,0.358,0.364,0.302,0.292,0.222,35.0,118.0,89.7,4.1,75,268,245,-1.0,,,"Cabrera, Miguel",Third_Baseman,74.0,210.0
647,"Reynolds, Bryan",2021,2493,26.0,0.297,0.181,0.352,0.478,0.374,0.386,0.295,41.0,138.0,87.2,15.8,78,318,329,13.8,,,,,,
382,"Clement, Ernie",2024,1449,26.4,0.297,0.153,0.29,0.449,0.324,0.29,0.273,35.0,118.0,83.0,16.6,30,228,154,8.5,63.126382627,6.575276774,,,,
222,"Robert Jr., Luis",2021,963,23.1,0.297,0.156,0.321,0.453,0.347,0.35,0.268,19.0,64.0,88.0,18.4,39,134,88,6.4,,,,,,
681,"Albies, Ozzie",2023,2563,26.6,0.297,0.222,0.302,0.519,0.361,0.344,0.269,47.0,158.0,88.6,17.4,82,391,290,9.2,,,,,,
187,"Polanco, Jorge",2020,901,20.8,0.297,0.027,0.344,0.324,0.324,0.376,0.327,11.0,37.0,81.1,7.1,12,83,104,2.3,,,,,,
370,"Tapia, Raimel",2022,1578,23.4,0.296,0.148,0.361,0.444,0.325,0.282,0.254,32.0,108.0,87.3,4.4,49,226,144,5.8,,,,,,
325,"Gomes, Yan",2021,1348,24.1,0.296,0.222,0.339,0.519,0.363,0.364,0.301,24.0,81.0,89.7,9.2,42,185,140,6.0,,,,,,
151,"Gonzalez, Marwin",2020,802,18.8,0.296,0.148,0.318,0.444,0.334,0.33,0.258,8.0,27.0,89.0,12.6,15,64,87,0.7,,,,,,
291,"Bae, Ji Hwan",2023,1506,19.3,0.296,0.099,0.351,0.394,0.32,0.295,0.263,21.0,71.0,83.4,-4.7,34,155,136,0.9,,,,,,
547,"Martinez, J.D.",2024,2052,26.7,0.296,0.288,0.33,0.584,0.402,0.423,0.326,37.0,125.0,90.6,13.1,81,274,273,7.6,70.937647649,8.357320598,,,,
548,"Merrifield, Whit",2023,2200,24.9,0.296,0.17,0.33,0.467,0.336,0.297,0.257,40.0,135.0,85.4,13.4,58,286,262,1.8,,,,,,
460,"Báez, Javier",2022,2092,22.0,0.296,0.2,0.341,0.496,0.353,0.313,0.247,37.0,125.0,87.0,9.5,103,274,186,4.7,,,,,,
139,"Valera, Breyvic",2021,411,33.8,0.296,0.074,0.333,0.37,0.291,0.275,0.255,8.0,27.0,84.9,9.7,5,60,79,0.1,,,,,,
344,"Brantley, Michael",2021,1868,18.4,0.296,0.133,0.326,0.429,0.324,0.349,0.3,29.0,98.0,88.9,8.8,18,161,183,1.2,,,,,,
337,"Hernandez, Yadiel",2022,1303,25.9,0.296,0.148,0.367,0.444,0.333,0.332,0.25,24.0,81.0,88.0,2.4,56,183,154,1.3,,,,,,
218,"Sheets, Gavin",2021,809,26.9,0.295,0.295,0.333,0.591,0.383,0.342,0.257,13.0,44.0,88.2,7.5,28,110,108,1.4,,,,,,
278,"Rivera, Emmanuel",2023,1132,24.6,0.295,0.082,0.34,0.377,0.308,0.296,0.264,18.0,61.0,90.8,16.2,38,138,140,-1.3,,,,,,
340,"Castro, Starlin",2021,1292,26.3,0.295,0.102,0.325,0.398,0.309,0.373,0.33,26.0,88.0,88.6,9.8,23,163,177,-1.1,,,,,,
395,"Tapia, Raimel",2021,1973,20.0,0.295,0.114,0.312,0.41,0.308,0.282,0.265,31.0,105.0,85.7,-0.2,33,223,172,-3.9,,,,,,
229,"Gordon, Nick",2024,1008,22.7,0.295,0.311,0.317,0.607,0.377,0.306,0.239,18.0,61.0,87.8,10.1,48,149,80,5.0,66.538311805,7.154388722,,,,
313,"Rojas, Miguel",2024,1211,25.8,0.295,0.026,0.315,0.321,0.306,0.352,0.332,23.0,78.0,83.3,9.0,12,158,155,-2.5,64.098757413,6.586242308,,,,
274,"Reynolds, Matt",2022,1080,25.4,0.295,0.098,0.486,0.393,0.327,0.253,0.21,18.0,61.0,88.2,4.3,40,109,165,1.5,,,,,,
156,"Reddick, Josh",2021,589,26.5,0.295,0.114,0.364,0.409,0.304,0.26,0.26,13.0,44.0,82.2,16.8,26,93,63,1.0,,,,,,
370,"Bader, Harrison",2021,1586,23.3,0.295,0.227,0.333,0.523,0.369,0.325,0.248,26.0,88.0,87.8,13.9,40,184,186,4.7,,,,,,
199,"Wynns, Austin",2022,703,28.3,0.295,0.136,0.353,0.432,0.331,0.31,0.259,13.0,44.0,85.7,13.9,17,82,117,3.8,,,,,,
452,"Rojas, Josh",2022,2033,22.2,0.295,0.084,0.368,0.379,0.338,0.293,0.213,28.0,95.0,82.5,5.2,57,196,256,2.1,,,,,,
222,"McGuire, Reese",2022,967,23.0,0.295,0.098,0.378,0.393,0.298,0.236,0.229,18.0,61.0,78.1,10.1,33,133,89,-3.4,,,,,,
707,"Freeman, Freddie",2024,2522,28.0,0.295,0.201,0.298,0.497,0.373,0.406,0.307,44.0,149.0,89.2,16.1,68,371,336,12.2,68.388702801,6.713125663,,,,
674,"Paredes, Isaac",2023,2366,28.5,0.295,0.228,0.313,0.523,0.394,0.324,0.246,44.0,149.0,86.3,22.7,56,335,338,19.4,,,,,,
319,"Peterson, Jace",2021,1295,24.6,0.295,0.131,0.34,0.426,0.365,0.347,0.254,18.0,61.0,84.5,10.9,30,131,188,4.4,,,,,,
300,"Lopez, Nicky",2024,1628,18.4,0.295,0.077,0.348,0.372,0.326,0.268,0.236,23.0,78.0,79.2,5.0,20,146,154,5.6,60.454522701,6.393795474,,,,
576,"Langford, Wyatt",2024,2256,25.5,0.294,0.254,0.345,0.548,0.386,0.348,0.265,37.0,126.0,88.5,14.5,61,252,324,10.3,72.076654802,6.936962687,,,,
469,"García, Avisaíl",2021,1756,26.7,0.294,0.151,0.341,0.445,0.347,0.366,0.287,35.0,119.0,89.4,6.5,102,270,199,8.1,,,,,,
251,"Bethancourt, Christian",2022,1106,22.7,0.294,0.147,0.346,0.441,0.333,0.345,0.288,20.0,68.0,89.4,13.1,48,155,96,1.6,,,,,,
87,"Fletcher, David",2022,730,11.9,0.294,0.088,0.303,0.382,0.305,0.282,0.277,10.0,34.0,78.5,15.9,5,55,32,-0.5,,,,,,
142,"Berti, Jon",2020,585,24.3,0.294,0.059,0.4,0.353,0.327,0.295,0.255,10.0,34.0,78.6,4.1,12,63,79,-2.2,,,,,,
223,"Peguero, Liover",2023,811,27.5,0.294,0.118,0.433,0.412,0.333,0.288,0.229,15.0,51.0,86.5,0.7,36,116,107,0.3,,,,,,
66,"Campero, Gustavo",2024,177,37.3,0.294,0.176,0.308,0.471,0.369,0.313,0.255,5.0,17.0,79.2,13.0,9,40,26,1.4,61.090762368,6.179891053,,,,
204,"Arroyo, Christian",2023,734,27.8,0.294,0.118,0.385,0.412,0.32,0.323,0.248,15.0,51.0,83.3,7.2,34,129,75,2.0,,,,,,
132,"Sogard, Eric",2021,679,19.4,0.294,0.059,0.345,0.353,0.275,0.242,0.238,10.0,34.0,83.6,7.9,6,60,72,-2.7,,,,,,
216,"García Jr., Luis",2021,846,25.5,0.294,0.103,0.339,0.397,0.313,0.265,0.248,20.0,68.0,87.0,4.5,26,114,102,-0.3,,,,,,
135,"Meyers, Jake",2022,635,21.3,0.294,0.029,0.357,0.324,0.286,0.359,0.306,10.0,34.0,84.5,6.7,15,66,69,-1.4,,,,,,
542,"Arcia, Orlando",2023,2132,25.4,0.294,0.079,0.36,0.373,0.325,0.294,0.249,37.0,126.0,87.5,6.1,65,262,280,-0.8,,,,,,
66,"Mayfield, Jack",2022,255,25.9,0.294,0.118,0.385,0.412,0.302,0.195,0.201,5.0,17.0,86.6,15.8,7,35,31,-1.2,,,,,,
506,"Greene, Riley",2024,2415,21.0,0.294,0.227,0.38,0.521,0.364,0.338,0.254,35.0,119.0,90.2,8.5,57,243,263,7.7,72.807865135,6.978078198,,,,
275,"Blackmon, Charlie",2023,1518,18.1,0.294,0.191,0.286,0.485,0.375,0.325,0.24,20.0,68.0,84.1,19.8,30,146,129,9.0,,,,,,
267,"Urías, Ramón",2024,1150,23.2,0.294,0.162,0.327,0.456,0.341,0.286,0.231,20.0,68.0,85.3,16.0,40,141,126,1.0,68.226624,7.402515259,,,,
156,"Moran, Colin",2022,530,29.4,0.294,0.176,0.32,0.471,0.357,0.304,0.216,10.0,34.0,88.6,6.7,21,68,88,1.4,,,,,,
440,"Frazier, Adam",2023,1750,25.1,0.294,0.255,0.284,0.549,0.394,0.344,0.284,30.0,102.0,83.9,11.7,43,212,228,9.4,,,,,,
146,"García Jr., Luis",2020,505,28.9,0.293,0.146,0.355,0.439,0.338,0.303,0.238,12.0,41.0,84.7,-6.1,25,78,68,1.3,,,,,,
464,"Nootbaar, Lars",2023,2074,22.4,0.293,0.13,0.313,0.424,0.364,0.399,0.293,27.0,92.0,90.8,6.0,30,172,292,4.3,,,,,,
369,"Crow-Armstrong, Pete",2024,1421,26.0,0.293,0.196,0.358,0.489,0.351,0.315,0.247,27.0,92.0,85.0,10.0,66,228,141,4.2,65.23433473,6.758578243,,,,
252,"Lopez, Nicky",2023,1022,24.7,0.293,0.121,0.333,0.414,0.351,0.332,0.279,17.0,58.0,82.7,-5.0,36,133,119,3.4,,,,,,
166,"Cruz, Nelson",2023,566,29.3,0.293,0.146,0.44,0.439,0.314,0.302,0.266,12.0,41.0,94.7,11.5,41,94,72,3.2,,,"Cruz, Nelson",Outfielder,75.0,175.0
583,"Canha, Mark",2021,2642,22.1,0.293,0.086,0.344,0.379,0.357,0.351,0.268,34.0,116.0,87.2,12.3,47,258,325,8.8,,,,,,
329,"Margot, Manuel",2023,1225,26.9,0.293,0.098,0.338,0.39,0.306,0.318,0.28,24.0,82.0,85.6,7.4,42,180,149,-4.7,,,,,,
440,"Varsho, Daulton",2022,2321,19.0,0.293,0.212,0.32,0.505,0.36,0.325,0.239,29.0,99.0,83.6,12.6,65,261,179,9.0,,,,,,
239,"Neuse, Sheldon",2022,1160,20.6,0.293,0.155,0.375,0.448,0.343,0.253,0.21,17.0,58.0,88.9,-6.8,35,121,118,6.9,,,,,,
376,"Murphy, Sean",2021,1694,22.2,0.293,0.16,0.4,0.453,0.37,0.362,0.256,22.0,75.0,86.5,13.2,36,163,213,9.6,,,,,,
537,"Realmuto, J.T.",2021,2096,25.6,0.293,0.172,0.39,0.466,0.372,0.326,0.237,34.0,116.0,90.3,10.8,78,266,271,5.6,,,,,,
203,"Pasquantino, Vinnie",2023,1013,20.0,0.292,0.167,0.31,0.458,0.366,0.366,0.307,14.0,48.0,88.9,18.8,16,100,103,1.5,,,,,,
524,"Segura, Jean",2021,2182,24.0,0.292,0.133,0.31,0.425,0.344,0.315,0.225,33.0,113.0,84.0,7.3,36,244,280,1.7,,,,,,
529,"Castellanos, Nick",2022,2066,25.6,0.292,0.108,0.337,0.4,0.329,0.325,0.28,38.0,130.0,86.3,9.0,91,311,218,0.1,,,,,,
598,"Kwan, Steven",2023,2843,21.0,0.292,0.073,0.299,0.365,0.312,0.327,0.308,40.0,137.0,84.3,11.8,26,272,326,0.9,,,,,,
297,"Butler, Lawrence",2024,1815,16.4,0.292,0.169,0.309,0.462,0.352,0.374,0.295,19.0,65.0,91.4,11.8,32,149,148,6.2,72.642544615,6.925717538,,,,
98,"Gamel, Ben",2020,513,19.1,0.292,0.375,0.313,0.667,0.404,0.383,0.285,7.0,24.0,87.7,13.2,14,50,48,0.7,,,,,,
236,"Carlson, Dylan",2023,1047,22.5,0.292,0.146,0.333,0.438,0.361,0.307,0.212,14.0,48.0,85.9,14.6,30,97,139,-0.9,,,,,,
227,"Mazara, Nomar",2021,776,29.3,0.292,0.125,0.333,0.417,0.333,0.262,0.217,14.0,48.0,87.7,8.8,29,121,105,2.2,,,,,,
445,"Farmer, Kyle",2021,1955,22.8,0.292,0.159,0.323,0.451,0.33,0.279,0.25,33.0,113.0,85.0,19.2,50,241,204,3.7,,,,,,
96,"Piscotty, Stephen",2022,554,17.3,0.292,0.292,0.278,0.583,0.369,0.329,0.26,7.0,24.0,94.6,16.5,20,60,36,-0.3,,,,,,
387,"Toro, Abraham",2021,1502,25.8,0.292,0.125,0.297,0.417,0.37,0.375,0.281,21.0,72.0,87.7,12.8,29,188,199,11.9,,,,,,
589,"Hoskins, Rhys",2022,2897,20.3,0.292,0.233,0.354,0.525,0.384,0.343,0.241,35.0,120.0,87.2,15.5,75,257,332,11.6,,,,,,
499,"Flores, Wilmer",2022,2426,20.6,0.292,0.255,0.27,0.547,0.392,0.354,0.264,31.0,106.0,87.2,20.6,41,238,261,14.0,,,,,,
115,"Lewis, Kyle",2021,604,19.0,0.292,0.25,0.417,0.542,0.388,0.314,0.221,7.0,24.0,90.6,24.9,21,54,61,1.2,,,,,,
212,"McCutchen, Andrew",2020,974,21.8,0.292,0.208,0.314,0.5,0.361,0.358,0.271,14.0,48.0,89.1,16.4,18,93,119,3.6,,,,,,
392,"Tellez, Rowdy",2024,1666,23.5,0.292,0.157,0.301,0.449,0.339,0.309,0.237,26.0,89.0,86.9,17.2,39,175,217,9.0,71.972956731,7.960299679,,,,
728,"Arozarena, Randy",2023,2679,27.2,0.292,0.136,0.357,0.429,0.351,0.364,0.27,45.0,154.0,91.9,9.6,98,336,392,11.9,,,,,,
90,"Brinson, Lewis",2020,429,21.0,0.292,0.167,0.375,0.458,0.347,0.26,0.196,7.0,24.0,88.9,5.4,18,49,41,1.6,,,,,,
385,"Greene, Riley",2022,1716,22.4,0.291,0.093,0.373,0.384,0.316,0.322,0.269,25.0,86.0,90.9,-0.6,45,198,187,3.8,,,,,,
546,"Rutschman, Adley",2024,2593,21.1,0.291,0.165,0.311,0.457,0.33,0.329,0.28,37.0,127.0,89.7,19.2,42,255,291,9.7,67.488276446,6.893059298,,,,
584,"Hosmer, Eric",2021,2200,26.5,0.291,0.146,0.336,0.437,0.337,0.328,0.275,44.0,151.0,90.0,5.9,70,295,289,6.4,,,,,,
740,"Santana, Carlos",2023,2463,30.0,0.291,0.222,0.305,0.513,0.382,0.332,0.253,46.0,158.0,88.0,18.0,80,341,399,9.9,,,,,,
218,"Trejo, Alan",2023,875,24.9,0.291,0.109,0.326,0.4,0.319,0.334,0.309,16.0,55.0,84.2,14.8,24,118,100,3.9,,,,,,
492,"India, Jonathan",2024,2652,18.6,0.291,0.163,0.301,0.453,0.387,0.422,0.324,25.0,86.0,86.9,10.3,35,185,307,12.3,69.369582771,7.077065181,,,,
498,"Grichuk, Randal",2022,1977,25.2,0.291,0.228,0.306,0.52,0.361,0.332,0.27,37.0,127.0,89.1,8.1,70,257,241,8.5,,,,,,
280,"Alfaro, Jorge",2021,1105,25.3,0.29,0.145,0.422,0.435,0.352,0.357,0.278,20.0,69.0,92.1,2.4,52,163,117,2.2,,,,,,
429,"Story, Trevor",2022,1575,27.2,0.29,0.29,0.319,0.58,0.38,0.33,0.237,29.0,100.0,85.4,15.2,68,224,205,9.1,,,,,,
138,"Caratini, Victor",2020,541,25.5,0.29,0.065,0.391,0.355,0.339,0.337,0.262,9.0,31.0,90.8,6.7,11,58,80,1.2,,,,,,
386,"Miranda, Jose",2024,1540,25.1,0.29,0.183,0.316,0.473,0.347,0.297,0.228,27.0,93.0,85.8,14.5,46,188,198,4.2,68.501632045,7.50335858,,,,
300,"Wade Jr., LaMonte",2024,1639,18.3,0.29,0.081,0.304,0.371,0.339,0.376,0.294,18.0,62.0,88.7,7.4,23,124,176,3.1,71.843493947,6.704884123,,,,
119,"Pinto, René",2023,398,29.9,0.29,0.484,0.235,0.774,0.445,0.453,0.331,9.0,31.0,93.6,16.8,19,66,53,1.4,,,,,,
628,"Arenado, Nolan",2022,2330,27.0,0.29,0.213,0.302,0.503,0.373,0.331,0.258,45.0,155.0,88.9,22.0,61,310,318,9.8,,,,,,
243,"Franco, Wander",2022,1216,20.0,0.29,0.081,0.295,0.371,0.299,0.265,0.229,18.0,62.0,83.4,13.7,14,128,115,-2.8,,,,,,
281,"Walker, Christian",2020,962,29.2,0.29,0.194,0.296,0.484,0.349,0.353,0.279,18.0,62.0,89.0,13.4,36,146,135,2.8,,,,,,
546,"Witt Jr., Bobby",2023,2701,20.2,0.29,0.225,0.293,0.514,0.334,0.34,0.294,40.0,138.0,89.0,16.0,68,279,267,2.0,,,,,,
299,"Dickerson, Alex",2021,1229,24.3,0.29,0.319,0.26,0.609,0.404,0.441,0.336,20.0,69.0,87.5,19.8,40,157,142,6.0,,,,,,
304,"Short, Zack",2023,1027,29.6,0.29,0.226,0.341,0.516,0.384,0.37,0.257,18.0,62.0,83.1,18.4,34,135,169,3.6,,,,,,
103,"Chang, Yu",2023,379,27.2,0.29,0.129,0.364,0.419,0.329,0.276,0.25,9.0,31.0,91.3,7.1,22,57,46,2.6,,,,,,
530,"Reynolds, Bryan",2023,2524,21.0,0.29,0.234,0.309,0.524,0.366,0.356,0.287,36.0,124.0,91.7,10.5,72,255,275,9.5,,,,,,
304,"Haase, Eric",2022,1376,22.1,0.29,0.217,0.32,0.507,0.355,0.358,0.303,20.0,69.0,89.8,16.5,50,159,145,5.0,,,,,,
320,"Fermin, Freddy",2024,1434,22.3,0.289,0.0,0.338,0.289,0.282,0.293,0.274,22.0,76.0,84.8,8.8,41,164,156,0.7,67.864378903,7.262771935,,,,
642,"Cronenworth, Jake",2022,2665,24.1,0.289,0.207,0.324,0.496,0.367,0.303,0.217,39.0,135.0,88.0,22.2,49,277,365,15.2,,,,,,
411,"Marte, Starling",2022,1920,21.4,0.289,0.093,0.355,0.381,0.342,0.331,0.276,28.0,97.0,84.7,2.9,48,205,206,8.5,,,,,,
200,"Arcia, Orlando",2022,920,21.7,0.289,0.2,0.314,0.489,0.361,0.372,0.286,13.0,45.0,89.0,8.3,29,94,106,-0.3,,,,,,
208,"Crawford, J.P.",2020,935,22.2,0.289,0.133,0.308,0.422,0.329,0.297,0.245,13.0,45.0,82.2,4.5,12,89,119,2.0,,,,,,
303,"Carpenter, Kerry",2024,1131,26.8,0.289,0.355,0.3,0.645,0.398,0.385,0.272,22.0,76.0,90.3,19.5,46,159,144,7.9,69.388209669,7.420513974,,,,
147,"Perez, Salvador",2020,563,26.1,0.289,0.237,0.409,0.526,0.35,0.317,0.233,11.0,38.0,89.3,16.1,28,85,62,2.5,,,,,,
364,"Narváez, Omar",2021,1625,22.4,0.289,0.12,0.31,0.41,0.339,0.324,0.234,24.0,83.0,86.4,20.0,37,181,183,2.6,,,,,,
498,"Vogelbach, Daniel",2022,2102,23.7,0.289,0.133,0.407,0.422,0.358,0.328,0.237,26.0,90.0,89.5,10.0,33,164,334,3.2,,,,,,
326,"Sosa, Lenyn",2024,1377,23.7,0.289,0.237,0.321,0.526,0.364,0.373,0.308,22.0,76.0,88.1,10.7,45,187,139,4.7,69.50512773,7.227205514,,,,
330,"Anderson, Tim",2023,1942,17.0,0.289,0.066,0.379,0.355,0.32,0.298,0.231,22.0,76.0,86.4,4.6,47,166,164,-3.2,,,,,,
718,"Devers, Rafael",2023,2579,27.8,0.289,0.224,0.316,0.513,0.383,0.381,0.277,44.0,152.0,93.4,10.4,94,370,348,9.9,,,,,,
650,"Bogaerts, Xander",2021,2505,25.9,0.289,0.185,0.311,0.474,0.349,0.381,0.298,39.0,135.0,89.2,13.9,77,305,345,3.8,,,,,,
186,"Cronenworth, Jake",2020,754,24.7,0.289,0.237,0.29,0.526,0.388,0.414,0.299,11.0,38.0,90.2,15.8,11,77,109,3.2,,,,,,
354,"Rojas, Josh",2023,1350,26.2,0.289,0.079,0.339,0.368,0.322,0.32,0.259,22.0,76.0,86.3,7.5,32,163,191,1.8,,,,,,
191,"Pillar, Kevin",2023,756,25.3,0.289,0.222,0.324,0.511,0.338,0.274,0.243,13.0,45.0,86.0,22.3,26,105,86,3.3,,,,,,
535,"Haniger, Mitch",2021,2775,19.3,0.288,0.328,0.273,0.616,0.377,0.386,0.291,36.0,125.0,90.6,13.1,70,266,269,18.1,,,,,,
288,"Franco, Wander",2021,1101,26.2,0.288,0.082,0.317,0.37,0.324,0.307,0.263,21.0,73.0,86.6,5.4,22,140,148,6.4,,,,,,
276,"Díaz, Aledmys",2022,1178,23.4,0.288,0.164,0.281,0.452,0.338,0.36,0.319,21.0,73.0,86.4,8.9,33,145,131,2.5,,,,,,
468,"Rodríguez, Julio",2022,2084,22.5,0.288,0.216,0.371,0.505,0.376,0.372,0.269,32.0,111.0,94.2,9.7,69,227,241,14.6,,,,,,
207,"Barger, Addison",2024,859,24.1,0.288,0.25,0.342,0.538,0.355,0.365,0.3,15.0,52.0,92.2,15.3,24,96,111,4.2,73.065484632,7.520245684,,,,
476,"Neto, Zach",2024,2289,20.8,0.288,0.207,0.338,0.495,0.387,0.388,0.28,32.0,111.0,87.1,6.8,72,247,229,14.6,68.234629633,6.977617844,,,,
426,"Mountcastle, Ryan",2024,1901,22.4,0.288,0.135,0.35,0.423,0.322,0.33,0.28,30.0,104.0,89.8,10.8,61,250,176,4.6,73.354592208,7.461216926,,,,
752,"Hernández, Teoscar",2024,2608,28.8,0.288,0.259,0.388,0.547,0.4,0.373,0.257,49.0,170.0,91.5,10.2,145,385,367,14.7,71.720578694,7.715802789,,,,
487,"Blackmon, Charlie",2021,2144,22.7,0.288,0.18,0.306,0.468,0.352,0.379,0.307,40.0,139.0,87.3,9.4,44,270,217,1.7,,,,,,
339,"Kiner-Falefa, Isiah",2023,1454,23.3,0.288,0.041,0.362,0.329,0.295,0.272,0.251,21.0,73.0,88.5,8.5,34,167,172,2.4,,,,,,
494,"Abreu, Wilyer",2024,1806,27.4,0.287,0.183,0.366,0.47,0.338,0.296,0.215,33.0,115.0,90.9,18.9,77,254,240,2.3,73.04411951,7.325967061,,,,
281,"Castro, Harold",2021,1173,24.0,0.287,0.037,0.359,0.325,0.27,0.308,0.301,23.0,80.0,84.9,6.5,49,181,100,-5.3,,,,,,
443,"Perdomo, Geraldo",2024,1580,28.0,0.287,0.085,0.321,0.372,0.323,0.273,0.214,27.0,94.0,82.5,15.9,31,206,237,-0.2,63.257409101,6.584916085,,,,
362,"Kwan, Steven",2024,2165,16.7,0.287,0.087,0.301,0.375,0.355,0.352,0.29,23.0,80.0,82.3,13.4,12,156,206,5.3,62.29859922,6.356247305,,,,
727,"Smith, Will",2022,2373,30.6,0.287,0.167,0.295,0.453,0.364,0.347,0.259,43.0,150.0,89.1,18.8,66,323,404,15.0,,,,,,
67,"Peterson, Jace",2020,287,23.3,0.286,0.429,0.2,0.714,0.504,0.534,0.277,2.0,7.0,91.5,13.7,9,24,43,1.1,,,,,,
44,"Kershaw, Clayton",2021,157,28.0,0.286,0.0,0.5,0.286,0.306,0.299,0.265,2.0,7.0,67.6,5.2,7,29,15,-1.1,,,,,,
21,"Alvarez, Armando",2024,139,15.1,0.286,0.0,0.333,0.286,0.252,0.421,0.437,2.0,7.0,77.1,13.5,2,13,8,-0.3,64.139530833,6.589138333,,,,
693,"Lindor, Francisco",2022,2829,24.5,0.286,0.202,0.298,0.488,0.341,0.344,0.271,48.0,168.0,88.3,13.2,82,372,321,10.1,,,,,,
36,"Welker, Colton",2021,173,20.8,0.286,0.143,0.286,0.429,0.352,0.391,0.322,2.0,7.0,88.0,23.9,1,17,19,0.6,,,,,,
413,"Edman, Tommy",2021,2612,15.8,0.286,0.134,0.299,0.42,0.307,0.322,0.291,32.0,112.0,84.5,9.5,34,227,186,1.2,,,,,,
431,"Moncada, Yoán",2022,1725,25.0,0.286,0.255,0.328,0.541,0.386,0.317,0.225,28.0,98.0,88.0,17.4,53,211,220,6.5,,,,,,
32,"Hernández, Yonny",2023,111,28.8,0.286,0.143,0.4,0.429,0.266,0.216,0.228,2.0,7.0,66.7,27.8,6,16,16,0.5,,,,,,
413,"Gurriel Jr., Lourdes",2022,1852,22.3,0.286,0.133,0.326,0.419,0.341,0.335,0.28,30.0,105.0,90.6,8.2,41,208,205,3.5,,,,,,
26,"Bishop, Braden",2020,117,22.2,0.286,0.143,0.4,0.429,0.394,0.34,0.237,2.0,7.0,76.1,0.3,4,14,12,2.0,,,,,,
25,"Oviedo, Johan",2021,80,31.3,0.286,0.0,0.5,0.286,0.251,0.129,0.143,2.0,7.0,90.1,-19.3,5,13,12,-0.5,,,,,,
37,"Butera, Drew",2021,144,25.7,0.286,0.0,0.333,0.286,0.22,0.389,0.396,2.0,7.0,59.0,-0.9,6,25,12,-0.6,,,,,,
34,"Kratz, Erik",2020,118,28.8,0.286,0.0,0.4,0.286,0.252,0.27,0.272,2.0,7.0,85.2,-1.6,4,20,14,-0.7,,,,,,
100,"Alberto, Hanser",2023,273,36.6,0.286,0.214,0.292,0.5,0.345,0.274,0.249,8.0,28.0,75.3,12.7,12,72,28,1.4,,,,,,
67,"Noda, Ryan",2024,499,13.4,0.286,0.071,0.4,0.357,0.33,0.351,0.249,4.0,14.0,76.6,16.3,10,31,36,0.7,65.113980435,6.882562609,,,,
92,"Slater, Austin",2020,431,21.3,0.286,0.143,0.385,0.429,0.354,0.361,0.286,6.0,21.0,88.6,1.5,10,41,51,-0.2,,,,,,
84,"Bae, Ji Hwan",2024,313,26.8,0.286,0.0,0.429,0.286,0.26,0.21,0.194,6.0,21.0,74.4,-18.8,16,44,40,-1.4,66.349472791,6.613639302,,,,
52,"Strange-Gordon, Dee",2022,196,26.5,0.286,0.0,0.333,0.286,0.253,0.143,0.154,4.0,14.0,75.4,0.6,6,31,21,-1.9,,,,,,
64,"Dyson, Jarrod",2020,248,25.8,0.286,0.0,0.364,0.286,0.282,0.207,0.179,4.0,14.0,84.1,4.6,7,30,34,-0.8,,,,,,
41,"Rutherford, Blake",2023,135,30.4,0.286,0.0,0.4,0.286,0.308,0.223,0.165,2.0,7.0,94.3,-12.0,7,24,17,-0.2,,,,,,
28,"Lester, Josh",2023,92,30.4,0.286,0.0,0.4,0.286,0.252,0.222,0.223,2.0,7.0,89.5,-1.2,2,12,16,0.0,,,,,,
203,"Grandal, Yasmani",2020,860,23.6,0.286,0.143,0.45,0.429,0.376,0.339,0.204,10.0,35.0,91.4,12.6,19,65,138,2.0,,,,,,
161,"Ozuna, Marcell",2021,758,21.2,0.286,0.214,0.345,0.5,0.369,0.371,0.275,12.0,42.0,89.1,15.1,17,78,83,4.8,,,,,,
121,"Encarnacion, Jerar",2024,490,24.7,0.286,0.286,0.316,0.571,0.361,0.386,0.291,8.0,28.0,94.8,11.9,15,65,56,1.0,74.440188,7.895213231,,,,
38,"Delmonico, Nicky",2020,96,39.6,0.286,0.0,0.286,0.286,0.308,0.245,0.183,2.0,7.0,68.7,20.9,2,18,20,0.5,,,,,,
17,"White, Eli",2024,160,10.6,0.286,0.143,0.5,0.429,0.305,0.145,0.119,2.0,7.0,72.6,22.8,2,10,7,-0.8,65.742382222,6.414045556,,,,
44,"Fisher, Derek",2020,178,24.7,0.286,0.0,0.4,0.286,0.316,0.327,0.26,2.0,7.0,87.7,-4.6,9,16,28,-1.0,,,,,,
190,"Moustakas, Mike",2021,792,24.0,0.286,0.071,0.333,0.357,0.332,0.307,0.214,12.0,42.0,84.9,8.3,30,94,96,0.6,,,,,,
110,"Fuentes, Joshua",2020,380,28.9,0.286,0.179,0.389,0.464,0.296,0.207,0.202,8.0,28.0,78.9,5.5,17,65,45,-1.6,,,,,,
691,"Abreu, José",2021,2606,26.5,0.286,0.271,0.277,0.557,0.383,0.384,0.284,40.0,140.0,92.4,7.8,87,359,332,22.9,,,,,,
79,"Aranda, Jonathan",2022,334,23.7,0.286,0.0,0.429,0.286,0.272,0.151,0.137,6.0,21.0,93.0,-3.3,11,43,36,-0.4,,,,,,
142,"Tucker, Cole",2021,512,27.7,0.286,0.107,0.304,0.393,0.352,0.361,0.275,8.0,28.0,86.7,6.6,19,66,76,3.2,,,,,,
323,"Segura, Jean",2022,1406,23.0,0.286,0.065,0.333,0.351,0.327,0.28,0.222,22.0,77.0,85.1,7.7,30,148,175,-2.1,,,,,,
364,"Yastrzemski, Mike",2023,1573,23.1,0.286,0.26,0.354,0.545,0.38,0.329,0.244,22.0,77.0,88.0,15.5,38,152,212,2.0,,,,,,
416,"Kemp, Tony",2022,2047,20.3,0.286,0.088,0.309,0.374,0.327,0.29,0.239,26.0,91.0,80.4,11.5,24,216,200,7.2,,,,,,
597,"Turang, Brice",2024,2470,24.2,0.286,0.177,0.311,0.463,0.33,0.292,0.268,42.0,147.0,81.0,1.6,56,326,271,-0.3,62.973177456,5.897905575,,,,
16,"Johnson, Bryce",2022,57,28.1,0.286,0.0,0.5,0.286,0.253,0.234,0.249,2.0,7.0,92.7,26.3,5,10,6,-0.3,,,,,,
70,"Isbel, Kyle",2021,321,21.8,0.286,0.143,0.333,0.429,0.338,0.26,0.204,6.0,21.0,83.2,20.9,8,39,31,0.0,,,,,,
20,"Vosler, Jason",2024,120,16.7,0.286,0.0,0.333,0.286,0.252,0.438,0.381,2.0,7.0,94.3,20.0,3,12,8,0.1,70.887931,7.687954,,,,
53,"Frazier, Clint",2023,320,16.6,0.286,0.0,0.571,0.286,0.282,0.194,0.16,4.0,14.0,94.7,1.7,9,29,24,-0.8,,,,,,
253,"Bradley, Bobby",2021,1089,23.2,0.286,0.179,0.4,0.464,0.363,0.341,0.243,16.0,56.0,85.9,13.1,54,126,127,0.7,,,,,,
41,"Sabol, Blake",2024,124,33.1,0.286,0.143,0.4,0.429,0.423,0.396,0.223,2.0,7.0,87.0,-5.6,5,17,24,-0.1,69.572872941,7.244237647,,,,
244,"Sánchez, Jesús",2021,989,24.7,0.286,0.214,0.351,0.5,0.36,0.307,0.22,16.0,56.0,86.9,9.6,34,129,115,1.4,,,,,,
33,"Castro, Harold",2020,224,14.7,0.286,0.0,0.333,0.286,0.252,0.162,0.166,2.0,7.0,79.4,13.2,4,21,12,-0.3,,,,,,
238,"Stowers, Kyle",2024,819,29.1,0.286,0.25,0.438,0.536,0.384,0.348,0.24,16.0,56.0,91.3,9.2,51,136,102,6.2,70.626360588,6.710328382,,,,
63,"Devers, José",2021,174,36.2,0.286,0.071,0.364,0.357,0.286,0.28,0.29,4.0,14.0,82.2,-6.2,12,41,22,0.1,,,,,,
35,"Sánchez, Yolmer",2022,185,18.9,0.286,0.0,0.286,0.286,0.307,0.283,0.216,2.0,7.0,68.6,28.1,2,16,19,-0.2,,,,,,
26,"Mervis, Matt",2024,98,26.5,0.286,0.0,0.4,0.286,0.252,0.245,0.266,2.0,7.0,86.9,0.4,6,16,10,-0.7,73.0613075,7.90446375,,,,
106,"Hill, Derek",2021,529,20.0,0.286,0.143,0.318,0.429,0.354,0.38,0.302,8.0,28.0,87.0,16.1,6,55,51,0.8,,,,,,
78,"Rondón, José",2021,377,20.7,0.286,0.286,0.3,0.571,0.373,0.321,0.244,4.0,14.0,84.0,24.0,13,34,44,0.8,,,,,,
615,"Duran, Jarren",2024,2844,21.6,0.285,0.161,0.392,0.445,0.35,0.324,0.266,39.0,137.0,90.1,8.1,87,293,322,3.3,71.513261912,7.431691801,,,,
682,"Alvarez, Yordan",2021,2397,28.5,0.285,0.329,0.294,0.614,0.399,0.403,0.279,45.0,158.0,91.7,13.9,57,290,392,14.0,,,,,,
478,"Tatis Jr., Fernando",2023,2335,20.5,0.285,0.138,0.337,0.423,0.333,0.351,0.285,37.0,130.0,90.8,7.7,78,258,220,5.5,,,,,,
703,"Bregman, Alex",2023,2789,25.2,0.285,0.192,0.293,0.477,0.397,0.376,0.268,43.0,151.0,87.9,16.0,42,278,425,21.6,,,,,,
382,"Correa, Carlos",2024,1375,27.8,0.284,0.148,0.31,0.432,0.337,0.307,0.241,23.0,81.0,89.3,10.2,37,177,205,6.3,72.119793415,7.185755915,,,,
461,"Wong, Connor",2024,1865,24.7,0.284,0.101,0.357,0.385,0.329,0.322,0.257,31.0,109.0,88.1,5.7,68,248,213,1.8,70.535256723,7.206110462,,,,
570,"Schoop, Jonathan",2021,2588,22.0,0.284,0.119,0.312,0.403,0.302,0.311,0.272,38.0,134.0,89.3,11.2,77,314,256,0.8,,,,,,
281,"India, Jonathan",2022,1733,16.2,0.284,0.164,0.362,0.448,0.355,0.305,0.237,19.0,67.0,87.4,19.2,32,127,154,8.1,,,,,,
515,"Mullins, Cedric",2022,2460,20.9,0.284,0.172,0.303,0.455,0.332,0.33,0.271,38.0,134.0,85.8,22.4,56,286,229,3.6,,,,,,
424,"Grandal, Yasmani",2021,1669,25.4,0.284,0.358,0.279,0.642,0.443,0.423,0.255,19.0,67.0,94.4,20.2,39,140,284,13.8,,,,,,
526,"Ohtani, Shohei",2021,2594,20.3,0.284,0.402,0.345,0.686,0.442,0.451,0.29,29.0,102.0,94.5,17.6,98,261,265,16.7,,,,,,
442,"Pederson, Joc",2021,1918,23.0,0.284,0.2,0.329,0.484,0.346,0.325,0.234,27.0,95.0,90.4,18.4,53,220,222,6.3,,,,,,
354,"Kelenic, Jarred",2024,1758,20.1,0.284,0.185,0.396,0.469,0.336,0.28,0.2,23.0,81.0,90.0,22.2,77,182,172,0.1,70.290962848,7.171476061,,,,
581,"Ohtani, Shohei",2024,2838,20.5,0.283,0.234,0.292,0.517,0.367,0.443,0.322,41.0,145.0,94.7,13.6,83,308,273,12.1,74.101753055,7.654325309,,,,
519,"Lux, Gavin",2024,1939,26.8,0.283,0.097,0.419,0.381,0.331,0.342,0.278,32.0,113.0,90.7,11.0,64,225,294,6.2,69.503924146,7.219122049,,,,
199,"Brantley, Michael",2022,1006,19.8,0.283,0.174,0.297,0.457,0.36,0.411,0.337,13.0,46.0,88.4,10.1,15,89,110,6.1,,,,,,
214,"Votto, Joey",2023,938,22.8,0.283,0.434,0.25,0.717,0.437,0.364,0.253,15.0,53.0,91.8,15.7,27,106,108,4.2,,,"Votto, Joey",First_Baseman,75.0,200.0
374,"Blackmon, Charlie",2024,1920,19.5,0.283,0.172,0.325,0.455,0.339,0.297,0.267,28.0,99.0,83.6,9.6,40,219,155,3.5,65.245183541,7.057474641,,,,
300,"Santana, Carlos",2020,1123,26.7,0.283,0.35,0.268,0.633,0.417,0.44,0.305,17.0,60.0,90.8,17.1,27,122,178,5.6,,,,,,
246,"Trout, Mike",2020,1023,24.0,0.283,0.457,0.226,0.739,0.417,0.474,0.307,13.0,46.0,95.8,22.2,22,96,150,5.5,,,,,,
178,"Delay, Jason",2023,682,26.1,0.283,0.087,0.342,0.37,0.293,0.216,0.205,13.0,46.0,76.8,5.0,20,99,79,-2.8,,,,,,
615,"Schwarber, Kyle",2024,2852,21.6,0.283,0.208,0.338,0.492,0.366,0.379,0.27,34.0,120.0,94.2,15.9,78,264,351,11.5,74.684077657,7.608701297,,,,
229,"Frazier, Adam",2024,1211,18.9,0.283,0.017,0.321,0.3,0.303,0.313,0.277,17.0,60.0,79.9,15.2,21,123,106,-0.4,64.466238534,6.782050948,,,,
356,"Margot, Manuel",2022,1397,25.5,0.283,0.141,0.312,0.424,0.317,0.315,0.29,26.0,92.0,86.3,8.8,47,202,154,2.3,,,,,,
458,"Lindor, Francisco",2021,2096,21.9,0.283,0.261,0.288,0.543,0.392,0.396,0.279,26.0,92.0,88.9,12.3,54,223,235,7.2,,,,,,
248,"Voit, Luke",2021,966,25.7,0.283,0.132,0.368,0.415,0.35,0.373,0.288,15.0,53.0,89.3,20.0,46,133,115,2.6,,,,,,
280,"Rivas III, Alfonso",2022,1208,23.2,0.283,0.183,0.35,0.467,0.355,0.286,0.202,17.0,60.0,84.1,6.3,29,137,143,4.8,,,,,,
465,"Perdomo, Geraldo",2022,2061,22.6,0.283,0.121,0.316,0.404,0.346,0.319,0.259,28.0,99.0,80.5,5.3,33,204,261,2.7,,,,,,
415,"Hoerner, Nico",2022,1831,22.7,0.283,0.104,0.315,0.387,0.309,0.327,0.303,30.0,106.0,86.9,6.8,41,216,199,1.9,,,,,,
308,"Arroyo, Christian",2022,1041,29.6,0.282,0.141,0.299,0.423,0.32,0.346,0.312,22.0,78.0,86.6,8.0,31,176,132,1.4,,,,,,
416,"Peralta, David",2022,1830,22.7,0.282,0.136,0.317,0.417,0.316,0.342,0.292,29.0,103.0,91.5,14.3,65,223,193,-3.7,,,,,,
516,"Tovar, Ezequiel",2024,2528,20.4,0.282,0.145,0.362,0.427,0.313,0.299,0.243,37.0,131.0,85.2,15.6,130,331,185,-0.9,68.086324456,7.291473571,,,,
315,"Rosario, Eddie",2021,1508,20.9,0.282,0.129,0.299,0.412,0.3,0.323,0.28,24.0,85.0,87.2,11.4,38,181,134,2.7,,,,,,
153,"Plawecki, Kevin",2021,622,24.6,0.282,0.051,0.333,0.333,0.306,0.307,0.254,11.0,39.0,83.6,5.5,12,79,74,-1.7,,,,,,
172,"Duran, Jarren",2022,881,19.5,0.282,0.128,0.478,0.41,0.345,0.266,0.206,11.0,39.0,86.0,0.7,33,88,84,1.8,,,,,,
214,"Luplow, Jordan",2021,869,24.6,0.282,0.436,0.4,0.718,0.465,0.384,0.217,11.0,39.0,86.2,28.6,39,98,116,6.2,,,,,,
471,"Drury, Brandon",2022,2242,21.0,0.282,0.336,0.275,0.618,0.393,0.325,0.247,31.0,110.0,88.6,16.1,48,225,246,14.8,,,,,,
277,"Nido, Tomás",2022,1067,26.0,0.282,0.085,0.357,0.366,0.3,0.301,0.263,20.0,71.0,78.6,7.1,60,179,98,-2.5,,,,,,
553,"Peralta, David",2021,2062,26.8,0.282,0.153,0.321,0.435,0.34,0.307,0.244,37.0,131.0,87.0,4.0,62,264,289,8.2,,,,,,
433,"Peña, Jeremy",2022,2004,21.6,0.282,0.164,0.306,0.445,0.337,0.367,0.291,31.0,110.0,84.9,10.6,70,242,191,1.5,,,,,,
297,"Lagares, Juan",2021,1237,24.0,0.282,0.197,0.345,0.479,0.339,0.306,0.267,20.0,71.0,88.1,7.1,31,146,151,-0.6,,,,,,
165,"Dubón, Mauricio",2020,680,24.3,0.282,0.231,0.273,0.513,0.364,0.364,0.248,11.0,39.0,85.4,15.6,20,91,74,2.0,,,,,,
278,"Senzel, Nick",2023,1189,23.4,0.282,0.155,0.321,0.437,0.333,0.308,0.269,20.0,71.0,85.1,20.2,33,132,146,-3.0,,,,,,
420,"Iglesias, Jose",2021,1858,22.6,0.281,0.14,0.313,0.421,0.305,0.298,0.294,32.0,114.0,85.4,9.3,48,256,164,-6.2,,,,,,
318,"Refsnyder, Rob",2023,1004,31.7,0.281,0.078,0.367,0.359,0.334,0.309,0.234,18.0,64.0,88.1,12.8,29,130,188,5.4,,,,,,
344,"Westburg, Jordan",2024,1634,21.1,0.281,0.292,0.308,0.573,0.389,0.373,0.271,25.0,89.0,87.3,13.6,52,182,162,8.2,67.792441627,6.682755301,,,,
271,"Freeman, Tyler",2024,1381,19.6,0.281,0.14,0.286,0.421,0.378,0.342,0.252,16.0,57.0,83.3,10.8,18,125,146,4.8,67.814985825,6.78744,,,,
548,"Bohm, Alec",2022,2301,23.8,0.281,0.111,0.304,0.393,0.298,0.319,0.287,38.0,135.0,90.3,8.9,60,291,257,0.8,,,,,,
590,"Castellanos, Nick",2023,2427,24.3,0.281,0.216,0.363,0.497,0.331,0.305,0.253,48.0,171.0,89.3,13.3,136,361,229,3.4,,,,,,
138,"Amaya, Miguel",2023,624,22.1,0.281,0.156,0.364,0.438,0.341,0.26,0.2,9.0,32.0,80.1,11.8,16,63,75,1.6,,,,,,
498,"Conforto, Michael",2021,1982,25.1,0.281,0.135,0.333,0.417,0.348,0.361,0.271,27.0,96.0,88.5,13.5,49,232,266,1.2,,,,,,
250,"Alfaro, Jorge",2022,1008,24.8,0.281,0.25,0.333,0.531,0.361,0.387,0.29,18.0,64.0,90.0,11.1,54,161,89,6.8,,,,,,
512,"Drury, Brandon",2023,1963,26.1,0.281,0.256,0.329,0.537,0.359,0.319,0.253,34.0,121.0,89.9,9.3,80,273,239,0.6,,,,,,
121,"Piscotty, Stephen",2021,676,17.9,0.281,0.219,0.35,0.5,0.36,0.363,0.286,9.0,32.0,87.1,12.5,23,68,53,1.0,,,,,,
528,"Henderson, Gunnar",2023,2405,22.0,0.281,0.306,0.281,0.587,0.385,0.372,0.267,34.0,121.0,92.6,16.3,61,256,272,11.0,,,,,,
112,"Schrock, Max",2021,522,21.5,0.28,0.08,0.333,0.36,0.295,0.266,0.248,7.0,25.0,80.7,18.5,10,57,55,1.2,,,,,,
148,"Schneider, Davis",2023,583,25.4,0.28,0.16,0.389,0.44,0.41,0.484,0.294,7.0,25.0,94.3,26.7,23,68,80,1.9,,,,,,
114,"Marmolejos, José",2020,450,25.3,0.28,0.36,0.333,0.64,0.402,0.357,0.25,7.0,25.0,88.3,12.2,18,54,60,1.9,,,,,,
326,"Daza, Yonathan",2022,1536,21.2,0.28,0.159,0.296,0.439,0.317,0.298,0.273,23.0,82.0,87.2,6.4,28,171,155,3.1,,,,,,
89,"Jung, Josh",2022,394,22.6,0.28,0.2,0.429,0.48,0.325,0.335,0.261,7.0,25.0,88.4,6.5,13,42,47,-0.2,,,,,,
129,"Wynns, Austin",2023,604,21.4,0.28,0.08,0.389,0.36,0.324,0.291,0.216,7.0,25.0,80.1,10.2,16,66,63,-0.4,,,,,,
100,"Toglia, Michael",2022,478,20.9,0.28,0.28,0.375,0.56,0.367,0.277,0.246,7.0,25.0,84.9,9.4,16,44,56,0.1,,,,,,
110,"Davis, Jonathan",2023,419,26.3,0.28,0.08,0.333,0.36,0.301,0.315,0.301,7.0,25.0,83.4,10.7,9,49,61,-2.9,,,,,,
510,"Carroll, Corbin",2023,2431,21.0,0.28,0.153,0.322,0.432,0.343,0.328,0.252,33.0,118.0,85.3,9.4,49,236,274,5.1,,,,,,
494,"Gomes, Yan",2023,1586,31.1,0.28,0.093,0.319,0.374,0.289,0.321,0.263,30.0,107.0,85.9,8.4,63,280,214,1.2,,,,,,
476,"Moreno, Gabriel",2023,1544,30.8,0.28,0.183,0.286,0.462,0.339,0.318,0.243,26.0,93.0,90.0,5.0,37,204,272,1.5,,,,,,
489,"Burleson, Alec",2024,2117,23.1,0.28,0.144,0.274,0.424,0.309,0.327,0.277,37.0,132.0,89.7,14.3,54,292,197,-0.5,69.96505639,7.449903899,,,,
101,"Drury, Brandon",2021,320,31.6,0.28,0.08,0.368,0.36,0.291,0.253,0.235,7.0,25.0,88.0,1.7,15,60,41,0.3,,,,,,
413,"Espinal, Santiago",2024,1505,27.4,0.279,0.105,0.289,0.384,0.323,0.326,0.283,24.0,86.0,83.7,19.2,28,200,213,4.1,64.234709032,7.15993543,,,,
328,"Monasterio, Andruw",2023,1345,24.4,0.279,0.118,0.346,0.397,0.338,0.335,0.259,19.0,68.0,89.1,19.4,32,139,189,3.9,,,,,,
630,"Donovan, Brendan",2024,2487,25.3,0.279,0.132,0.292,0.412,0.335,0.353,0.285,38.0,136.0,89.2,10.1,44,279,351,10.1,67.152878465,6.68040126,,,,
285,"Isbel, Kyle",2023,1127,25.3,0.279,0.088,0.328,0.368,0.319,0.3,0.233,19.0,68.0,84.5,10.8,30,150,135,-0.3,,,,,,
218,"Almora Jr., Albert",2022,846,25.8,0.279,0.164,0.308,0.443,0.327,0.235,0.208,17.0,61.0,80.1,0.6,27,124,94,3.5,,,,,,
269,"Bryant, Kris",2023,1281,21.0,0.279,0.132,0.347,0.412,0.334,0.343,0.278,19.0,68.0,84.3,14.9,32,127,142,0.4,,,,,,
459,"Stephenson, Tyler",2024,1947,23.6,0.279,0.202,0.325,0.481,0.373,0.34,0.249,29.0,104.0,89.1,7.1,47,206,253,6.4,68.810668515,7.335980941,,,,
557,"Grichuk, Randal",2021,2004,27.8,0.279,0.218,0.304,0.497,0.343,0.329,0.256,41.0,147.0,90.9,15.7,68,286,271,6.6,,,,,,
157,"Edman, Tommy",2020,876,17.9,0.279,0.093,0.364,0.372,0.303,0.315,0.28,12.0,43.0,87.9,7.7,23,84,73,0.9,,,,,,
430,"O'Hearn, Ryan",2024,1920,22.4,0.279,0.125,0.29,0.404,0.323,0.324,0.272,29.0,104.0,88.1,13.5,38,219,211,-0.6,71.279678095,7.132696952,,,,
192,"Seager, Corey",2020,807,23.8,0.279,0.197,0.255,0.475,0.337,0.429,0.348,17.0,61.0,92.1,5.5,26,116,76,0.8,,,,,,
366,"Gordon, Nick",2022,1550,23.6,0.279,0.221,0.318,0.5,0.352,0.305,0.206,24.0,86.0,88.1,12.2,57,219,147,4.3,,,,,,
270,"Larnach, Trevor",2023,915,29.5,0.278,0.278,0.355,0.556,0.371,0.377,0.266,15.0,54.0,95.0,17.5,46,126,144,6.7,,,,,,
172,"Marisnick, Jake",2021,727,23.7,0.278,0.083,0.4,0.361,0.336,0.307,0.211,10.0,36.0,86.2,11.8,28,83,89,2.3,,,,,,
177,"Bregman, Alex",2020,736,24.0,0.278,0.194,0.286,0.472,0.363,0.362,0.269,10.0,36.0,89.4,17.5,10,68,109,0.9,,,,,,
639,"Suárez, Eugenio",2024,2542,25.1,0.278,0.192,0.333,0.47,0.337,0.317,0.246,42.0,151.0,86.7,16.9,92,306,333,4.6,69.085676928,7.665168635,,,,
441,"Rizzo, Anthony",2021,2230,19.8,0.278,0.13,0.292,0.407,0.326,0.307,0.256,30.0,108.0,89.3,10.1,50,221,220,3.7,,,,,,
610,"Escobar, Eduardo",2021,2404,25.4,0.278,0.243,0.275,0.521,0.36,0.368,0.289,40.0,144.0,87.7,19.8,64,322,288,10.3,,,,,,
101,"Stewart, DJ",2020,494,20.4,0.278,0.222,0.5,0.5,0.42,0.374,0.219,5.0,18.0,81.2,9.5,18,52,49,1.2,,,,,,
485,"Alvarez, Yordan",2024,2264,21.4,0.278,0.209,0.276,0.487,0.366,0.396,0.279,32.0,115.0,91.8,19.6,35,228,257,9.2,75.241383689,7.418961165,,,,
102,"Steer, Spencer",2022,428,23.8,0.278,0.0,0.357,0.278,0.371,0.346,0.226,5.0,18.0,82.3,-10.9,4,36,66,0.4,,,,,,
360,"Torrens, Luis",2021,1554,23.2,0.278,0.177,0.333,0.456,0.342,0.334,0.256,22.0,79.0,89.7,2.9,48,171,189,4.7,,,,,,
113,"Davis, Jonathan",2022,376,30.1,0.278,0.0,0.455,0.278,0.382,0.351,0.212,5.0,18.0,82.9,-1.5,11,50,63,1.5,,,,,,
474,"Stanton, Giancarlo",2024,1831,25.9,0.278,0.306,0.293,0.583,0.386,0.422,0.306,30.0,108.0,94.8,15.6,65,234,240,11.5,79.83263009,8.374632287,,,,
191,"Laureano, Ramón",2020,895,21.3,0.278,0.222,0.32,0.5,0.377,0.333,0.191,10.0,36.0,88.6,8.7,17,81,110,3.5,,,,,,
536,"Kirk, Alejandro",2022,2200,24.4,0.278,0.183,0.262,0.461,0.375,0.38,0.286,32.0,115.0,91.6,12.3,28,209,327,9.3,,,,,,
152,"Olivares, Edward",2022,689,22.1,0.278,0.028,0.313,0.306,0.282,0.308,0.269,10.0,36.0,87.6,2.8,15,83,69,2.7,,,,,,
194,"Villar, Jonathan",2022,877,22.1,0.278,0.028,0.37,0.306,0.32,0.314,0.241,10.0,36.0,84.4,-5.2,34,92,102,3.8,,,,,,
272,"Wallner, Matt",2023,1046,26.0,0.278,0.296,0.314,0.574,0.414,0.392,0.241,15.0,54.0,93.0,23.2,46,133,139,10.1,,,,,,
325,"Toro, Abraham",2022,1340,24.3,0.278,0.208,0.293,0.486,0.353,0.327,0.245,20.0,72.0,86.7,23.7,27,161,164,1.6,,,,,,
152,"Smith, Dominic",2022,577,26.3,0.278,0.111,0.333,0.389,0.321,0.282,0.206,10.0,36.0,89.7,9.7,22,70,82,-0.2,,,,,,
87,"Sogard, Nick",2024,348,25.0,0.278,0.0,0.333,0.278,0.263,0.277,0.257,5.0,18.0,80.5,18.9,10,53,34,-1.7,63.758838302,6.79563,,,,
290,"Fortes, Nick",2024,1154,25.1,0.278,0.083,0.284,0.361,0.275,0.268,0.261,20.0,72.0,79.1,11.2,18,159,131,-1.4,64.781896405,6.488744706,,,,
404,"Doyle, Brenton",2023,1591,25.4,0.277,0.16,0.455,0.436,0.323,0.257,0.195,26.0,94.0,82.5,6.7,82,219,185,2.6,,,,,,
473,"Adell, Jo",2024,1840,25.7,0.277,0.208,0.348,0.485,0.36,0.381,0.292,28.0,101.0,90.3,11.5,73,243,230,6.7,74.817247662,7.496149957,,,,
202,"Hilliard, Sam",2021,995,20.3,0.277,0.404,0.375,0.681,0.415,0.326,0.232,13.0,47.0,90.0,9.0,37,93,109,7.6,,,,,,
298,"Daza, Yonathan",2021,1216,24.5,0.277,0.06,0.329,0.337,0.282,0.286,0.258,23.0,83.0,77.1,1.4,38,170,128,-3.8,,,,,,
181,"Crawford, Brandon",2020,732,24.7,0.277,0.255,0.286,0.532,0.345,0.288,0.207,13.0,47.0,85.7,13.8,33,106,75,-0.4,,,,,,
258,"Palacios, Joshua",2023,958,26.9,0.277,0.215,0.292,0.492,0.351,0.381,0.3,18.0,65.0,89.5,9.6,30,139,119,0.7,,,,,,
220,"Conforto, Michael",2020,932,23.6,0.277,0.149,0.343,0.426,0.357,0.34,0.264,13.0,47.0,82.7,11.0,25,109,111,6.6,,,,,,
477,"Correa, Carlos",2022,2419,19.7,0.277,0.089,0.333,0.366,0.318,0.321,0.239,28.0,101.0,87.3,11.5,48,225,252,0.1,,,,,,
853,"Suárez, Eugenio",2023,2903,29.4,0.277,0.127,0.353,0.405,0.341,0.34,0.231,48.0,173.0,90.6,15.9,128,402,451,7.1,,,,,,
607,"Merrifield, Whit",2021,2608,23.3,0.277,0.149,0.277,0.426,0.3,0.288,0.261,39.0,141.0,86.1,17.4,59,312,295,3.4,,,,,,
304,"Duffy, Matt",2021,1269,24.0,0.277,0.169,0.313,0.446,0.354,0.35,0.266,18.0,65.0,85.3,3.0,18,122,182,5.1,,,,,,
223,"Nola, Austin",2020,728,30.6,0.277,0.234,0.27,0.511,0.37,0.402,0.299,13.0,47.0,89.4,9.9,22,98,125,3.4,,,,,,
623,"Stott, Bryson",2023,2665,23.4,0.277,0.131,0.283,0.409,0.31,0.299,0.25,38.0,137.0,87.3,10.8,46,301,322,1.7,,,,,,
366,"McCormick, Chas",2022,1584,23.1,0.276,0.197,0.327,0.474,0.37,0.357,0.249,21.0,76.0,88.2,11.3,51,163,203,5.5,,,,,,
468,"McCutchen, Andrew",2023,2008,23.3,0.276,0.218,0.284,0.494,0.391,0.399,0.261,24.0,87.0,89.6,14.9,56,211,257,5.9,,,,,,
241,"Gregorius, Didi",2022,827,29.1,0.276,0.121,0.308,0.397,0.305,0.27,0.242,16.0,58.0,82.2,13.2,31,156,85,0.9,,,,,,
600,"Swanson, Dansby",2021,2578,23.3,0.276,0.262,0.286,0.538,0.351,0.356,0.275,40.0,145.0,88.0,15.7,85,313,287,4.5,,,,,,
468,"Polanco, Jorge",2022,1900,24.6,0.276,0.153,0.308,0.429,0.342,0.362,0.269,27.0,98.0,88.2,16.6,60,230,238,1.2,,,,,,
108,"Sweeney, Trey",2024,448,24.1,0.276,0.207,0.318,0.483,0.336,0.303,0.204,8.0,29.0,89.2,7.4,19,64,44,0.9,74.142079206,7.881280952,,,,
163,"Stallings, Jacob",2020,618,26.4,0.276,0.103,0.364,0.379,0.37,0.321,0.205,8.0,29.0,83.2,8.9,10,54,109,3.8,,,,,,
341,"Kiner-Falefa, Isiah",2024,1710,19.9,0.276,0.051,0.307,0.327,0.289,0.284,0.248,27.0,98.0,82.3,1.7,20,168,173,-0.4,63.456154474,6.498344803,,,,
466,"Díaz, Yandy",2024,2460,18.9,0.275,0.127,0.313,0.402,0.33,0.358,0.292,28.0,102.0,92.4,3.7,29,201,265,5.8,71.2162495,7.426650944,,,,
564,"Marte, Ketel",2023,2483,22.7,0.275,0.168,0.291,0.443,0.35,0.364,0.272,36.0,131.0,91.4,11.3,62,266,298,4.5,,,,,,
192,"Rendon, Anthony",2022,759,25.3,0.275,0.1,0.294,0.375,0.35,0.401,0.295,11.0,40.0,88.3,18.6,18,84,108,-0.1,,,,,,
710,"Abreu, José",2023,2400,29.6,0.275,0.281,0.269,0.556,0.374,0.367,0.271,42.0,153.0,90.2,9.3,95,364,346,13.5,,,,,,
394,"Severino, Pedro",2021,1693,23.3,0.275,0.132,0.329,0.407,0.296,0.288,0.247,25.0,91.0,86.6,15.8,60,201,193,-1.5,,,,,,
486,"Melendez, MJ",2022,2196,22.1,0.275,0.156,0.325,0.431,0.321,0.315,0.244,30.0,109.0,89.0,11.0,69,254,232,0.1,,,,,,
351,"Cabrera, Oswaldo",2024,1267,27.7,0.275,0.087,0.328,0.362,0.294,0.297,0.257,22.0,80.0,86.4,14.6,39,181,170,0.1,66.15845975,6.920427438,,,,
252,"Madrigal, Nick",2023,1065,23.7,0.275,0.058,0.302,0.333,0.277,0.277,0.283,19.0,69.0,80.8,-1.9,12,128,124,-0.5,,,,,,
405,"Turner, Trea",2024,2043,19.8,0.275,0.059,0.325,0.333,0.289,0.283,0.254,28.0,102.0,89.1,9.3,55,213,192,-4.1,69.983789375,7.506945781,,,,
572,"Canha, Mark",2022,2218,25.8,0.275,0.142,0.33,0.417,0.348,0.308,0.222,33.0,120.0,89.4,11.2,69,274,298,10.2,,,,,,
156,"Santander, Anthony",2020,589,26.5,0.275,0.35,0.233,0.625,0.393,0.389,0.308,11.0,40.0,85.1,26.6,22,84,72,2.7,,,,,,
679,"Suzuki, Seiya",2023,2445,27.8,0.275,0.138,0.343,0.413,0.329,0.351,0.278,38.0,138.0,92.3,10.9,59,279,400,-4.6,,,,,,
371,"Vogelbach, Daniel",2023,1400,26.5,0.275,0.246,0.341,0.522,0.4,0.397,0.268,19.0,69.0,93.3,13.2,27,141,230,10.5,,,,,,
186,"Burger, Jake",2022,682,27.3,0.275,0.157,0.4,0.431,0.306,0.27,0.2,14.0,51.0,87.0,6.1,42,114,72,-1.5,,,,,,
261,"Herrera, Iván",2024,1036,25.2,0.274,0.129,0.34,0.403,0.322,0.37,0.275,17.0,62.0,91.3,10.1,32,120,141,2.1,71.604318056,7.34955,,,,
671,"Rutschman, Adley",2023,2904,23.1,0.274,0.119,0.276,0.393,0.343,0.38,0.289,37.0,135.0,88.0,13.1,40,283,388,6.9,,,,,,
513,"Dalbec, Bobby",2021,1836,27.9,0.274,0.218,0.377,0.492,0.344,0.289,0.215,34.0,124.0,90.9,13.8,106,278,235,3.7,,,,,,
261,"Taylor, Tyrone",2021,1049,24.9,0.274,0.145,0.326,0.419,0.336,0.292,0.228,17.0,62.0,86.8,15.3,29,135,126,7.2,,,,,,
427,"McCormick, Chas",2023,1805,23.7,0.274,0.236,0.324,0.509,0.348,0.367,0.284,29.0,106.0,86.8,14.1,66,220,207,7.8,,,,,,
436,"Odor, Rougned",2022,1761,24.8,0.274,0.159,0.321,0.434,0.311,0.267,0.219,31.0,113.0,85.8,23.0,75,237,199,1.1,,,,,,
407,"Peterson, Jace",2023,1740,23.4,0.274,0.19,0.313,0.464,0.355,0.316,0.241,23.0,84.0,83.5,13.4,51,197,210,1.2,,,,,,
446,"Torres, Gleyber",2021,2078,21.5,0.274,0.042,0.325,0.316,0.297,0.323,0.267,26.0,95.0,85.0,13.8,52,203,243,0.9,,,,,,
318,"Ibáñez, Andy",2023,1376,23.1,0.274,0.155,0.303,0.429,0.313,0.317,0.26,23.0,84.0,87.9,9.1,42,170,148,1.6,,,,,,
389,"Hicks, Aaron",2023,1354,28.7,0.274,0.178,0.291,0.452,0.37,0.335,0.236,20.0,73.0,86.1,7.7,34,152,237,7.4,,,,,,
258,"Flores, Wilmer",2020,892,28.9,0.274,0.258,0.277,0.532,0.357,0.35,0.285,17.0,62.0,85.6,17.8,30,134,124,0.3,,,,,,
207,"Ramírez, Harold",2024,878,23.6,0.274,0.113,0.32,0.387,0.299,0.278,0.255,17.0,62.0,88.2,-6.4,39,124,83,-0.8,70.222203839,7.088933839,,,,
505,"Candelario, Jeimer",2023,2333,21.6,0.274,0.236,0.313,0.509,0.378,0.337,0.252,29.0,106.0,88.1,13.2,69,247,258,9.6,,,,,,
513,"Betts, Mookie",2022,2428,21.1,0.274,0.239,0.301,0.513,0.363,0.309,0.233,31.0,113.0,90.9,19.8,43,230,283,13.1,,,,,,
531,"Lindor, Francisco",2024,2713,19.6,0.274,0.21,0.295,0.484,0.366,0.406,0.295,34.0,124.0,92.2,17.5,66,263,268,8.3,71.096803092,7.55366,,,,
408,"Chisholm Jr., Jazz",2021,2040,20.0,0.273,0.25,0.283,0.523,0.366,0.383,0.281,24.0,88.0,87.7,9.3,51,194,214,1.8,,,,,,
110,"Delay, Jason",2022,653,16.8,0.273,0.03,0.36,0.303,0.265,0.223,0.223,9.0,33.0,81.1,9.9,20,69,41,-0.5,,,,,,
255,"Cabrera, Asdrúbal",2020,849,30.0,0.273,0.236,0.277,0.509,0.35,0.335,0.248,15.0,55.0,90.3,9.3,21,107,148,2.0,,,,,,
530,"Grisham, Trent",2021,2168,24.4,0.273,0.182,0.299,0.455,0.35,0.315,0.249,30.0,110.0,85.0,11.4,48,237,293,6.4,,,,,,
38,"Campusano, Luis",2022,161,23.6,0.273,0.091,0.3,0.364,0.252,0.182,0.202,3.0,11.0,84.2,-2.3,6,24,14,-1.9,,,,,,
666,"Smith, Will",2024,2271,29.3,0.273,0.121,0.311,0.394,0.328,0.357,0.266,36.0,132.0,89.3,19.8,61,321,345,2.4,65.396440421,7.081244421,,,,
529,"Verdugo, Alex",2021,2346,22.5,0.273,0.157,0.29,0.43,0.324,0.332,0.265,33.0,121.0,87.3,5.6,44,253,276,2.5,,,,,,
44,"Miller, Brad",2023,291,15.1,0.273,0.091,0.333,0.364,0.251,0.292,0.272,3.0,11.0,91.0,9.6,7,19,25,-1.2,,,,,,
54,"Díaz, Lewin",2020,170,31.8,0.273,0.091,0.429,0.364,0.273,0.241,0.217,3.0,11.0,93.3,20.6,7,25,29,-1.4,,,,,,
42,"Almonte, Abraham",2022,152,27.6,0.273,0.0,0.375,0.273,0.241,0.252,0.261,3.0,11.0,92.7,17.1,5,22,20,-1.0,,,,,,
45,"Higashioka, Kyle",2020,178,25.3,0.273,0.091,0.375,0.364,0.273,0.219,0.196,3.0,11.0,81.1,25.1,8,27,18,-0.3,,,,,,
312,"Julien, Edouard",2023,1727,18.1,0.273,0.255,0.375,0.527,0.399,0.395,0.242,15.0,55.0,91.0,12.4,40,120,192,4.2,,,,,,
106,"Choo, Shin-Soo",2020,523,20.3,0.273,0.045,0.316,0.318,0.287,0.29,0.268,6.0,22.0,89.3,9.1,14,46,60,1.7,,,"Choo, Shin-Soo",Outfielder,71.0,178.0
98,"Martínez, José",2020,394,24.9,0.273,0.182,0.313,0.455,0.354,0.369,0.287,6.0,22.0,87.8,1.5,10,41,57,3.0,,,,,,
154,"Kepler, Max",2020,770,20.0,0.273,0.242,0.28,0.515,0.377,0.324,0.231,9.0,33.0,83.9,22.7,17,68,86,3.8,,,,,,
213,"Toro, Abraham",2024,1394,15.3,0.273,0.036,0.288,0.309,0.284,0.343,0.294,15.0,55.0,84.9,10.6,20,109,104,-2.1,68.988132828,7.555407677,,,,
95,"Zavala, Seby",2021,420,22.6,0.273,0.273,0.333,0.545,0.371,0.235,0.18,6.0,22.0,73.2,5.1,20,53,42,2.8,,,,,,
84,"Engel, Adam",2020,346,24.3,0.273,0.227,0.294,0.5,0.321,0.278,0.278,6.0,22.0,87.1,15.6,11,47,37,0.2,,,,,,
82,"Ervin, Phillip",2020,405,20.2,0.273,0.182,0.375,0.455,0.46,0.405,0.229,3.0,11.0,84.5,13.3,6,32,50,1.6,,,,,,
557,"Semien, Marcus",2022,2776,20.1,0.273,0.235,0.257,0.508,0.331,0.284,0.229,36.0,132.0,87.2,20.2,49,296,261,4.9,,,,,,
107,"Stassi, Max",2020,362,29.6,0.273,0.409,0.167,0.682,0.403,0.365,0.206,6.0,22.0,90.7,15.4,16,55,52,1.6,,,,,,
228,"Peralta, David",2024,1014,22.5,0.273,0.218,0.273,0.491,0.36,0.315,0.245,15.0,55.0,83.5,4.8,28,128,100,2.0,69.785949677,6.938069919,,,,
327,"Slater, Austin",2022,1326,24.7,0.273,0.136,0.381,0.409,0.355,0.347,0.259,18.0,66.0,86.1,4.9,52,160,167,4.1,,,,,,
47,"Frazier, Clint",2022,168,28.0,0.273,0.0,0.429,0.273,0.31,0.262,0.195,3.0,11.0,77.4,19.3,6,22,25,-1.6,,,,,,
537,"Stanton, Giancarlo",2021,2426,22.1,0.273,0.289,0.271,0.562,0.376,0.39,0.276,33.0,121.0,93.0,9.0,76,258,279,9.8,,,,,,
121,"Valaika, Pat",2020,570,21.2,0.273,0.061,0.36,0.333,0.287,0.326,0.302,9.0,33.0,82.0,17.9,17,64,57,-1.9,,,,,,
524,"Arenado, Nolan",2024,2452,21.4,0.272,0.128,0.278,0.4,0.301,0.304,0.265,34.0,125.0,86.9,18.7,44,265,259,1.1,68.706096546,8.138924418,,,,
480,"Crawford, Brandon",2022,1720,27.9,0.272,0.149,0.333,0.421,0.331,0.313,0.226,31.0,114.0,90.0,15.6,68,236,244,5.6,,,,,,
621,"Grossman, Robbie",2021,2817,22.0,0.272,0.14,0.3,0.412,0.358,0.345,0.245,31.0,114.0,83.8,18.9,62,259,362,4.4,,,,,,
359,"Arraez, Luis",2021,1975,18.2,0.272,0.099,0.273,0.37,0.305,0.349,0.298,22.0,81.0,90.0,13.9,17,158,201,-1.3,,,,,,
482,"Harper, Bryce",2023,2021,23.8,0.272,0.117,0.316,0.388,0.342,0.386,0.27,28.0,103.0,89.3,11.3,90,248,234,3.1,,,,,,
504,"Miranda, Jose",2022,1812,27.8,0.272,0.144,0.32,0.416,0.326,0.293,0.235,34.0,125.0,91.2,12.4,61,268,236,5.5,,,,,,
455,"Smith, Pavin",2021,2076,21.9,0.272,0.087,0.346,0.359,0.315,0.317,0.257,28.0,103.0,87.6,4.3,41,215,240,-1.2,,,,,,
710,"Arozarena, Randy",2022,2527,28.1,0.272,0.166,0.362,0.438,0.331,0.287,0.231,46.0,169.0,90.5,4.2,107,347,363,1.6,,,,,,
484,"Urías, Luis",2021,2278,21.2,0.272,0.184,0.324,0.456,0.379,0.365,0.24,28.0,103.0,86.7,16.0,64,229,255,11.1,,,,,,
467,"Perkins, Blake",2024,1734,26.9,0.272,0.078,0.347,0.35,0.295,0.271,0.219,28.0,103.0,86.4,13.8,65,224,243,-5.5,66.103241409,7.026060682,,,,
361,"Polanco, Jorge",2023,1400,25.8,0.272,0.21,0.31,0.481,0.332,0.322,0.244,22.0,81.0,85.4,19.6,38,177,184,4.2,,,,,,
201,"Ward, Taylor",2021,874,23.0,0.271,0.271,0.303,0.542,0.383,0.372,0.262,13.0,48.0,80.5,14.8,24,93,108,3.8,,,,,,
242,"Hiura, Keston",2021,797,30.4,0.271,0.188,0.379,0.458,0.364,0.33,0.211,13.0,48.0,86.2,12.0,52,123,119,-0.6,,,,,,
568,"McCutchen, Andrew",2021,2308,24.6,0.271,0.243,0.319,0.514,0.38,0.365,0.247,29.0,107.0,87.4,10.9,68,235,333,10.1,,,,,,
450,"Harrison, Josh",2021,1877,24.0,0.271,0.155,0.284,0.426,0.318,0.344,0.298,35.0,129.0,86.4,16.7,54,254,196,0.4,,,,,,
243,"Schmitt, Casey",2023,965,25.2,0.271,0.051,0.356,0.322,0.286,0.304,0.283,16.0,59.0,86.5,10.5,43,140,103,-2.5,,,,,,
279,"Mercedes, Yermín",2021,1097,25.4,0.271,0.114,0.327,0.386,0.282,0.293,0.274,19.0,70.0,88.2,17.4,32,162,117,1.8,,,,,,
542,"Hays, Austin",2023,2122,25.5,0.271,0.068,0.35,0.338,0.284,0.254,0.223,36.0,133.0,87.3,14.1,73,259,283,-2.2,,,,,,
494,"Gorman, Nolan",2023,1889,26.2,0.271,0.355,0.306,0.626,0.402,0.379,0.244,29.0,107.0,90.5,24.6,82,249,245,9.1,,,,,,
188,"Panik, Joe",2021,1013,18.6,0.271,0.188,0.268,0.458,0.324,0.306,0.261,13.0,48.0,87.0,4.9,10,86,102,1.1,,,,,,
311,"Siri, Jose",2023,1340,23.2,0.271,0.235,0.346,0.506,0.336,0.301,0.233,23.0,85.0,86.0,12.9,64,163,148,-2.6,,,,,,
330,"Thompson, Trayce",2022,1138,29.0,0.271,0.305,0.393,0.576,0.404,0.374,0.234,16.0,59.0,93.2,19.8,54,149,181,4.2,,,,,,
273,"Eaton, Adam",2021,1156,23.6,0.271,0.22,0.333,0.492,0.349,0.244,0.192,16.0,59.0,80.6,10.9,33,139,134,1.5,,,"Eaton, Adam",Starting_Pitcher,74.0,196.0
653,"Ozuna, Marcell",2024,2875,22.7,0.271,0.293,0.3,0.564,0.379,0.412,0.281,38.0,140.0,92.5,10.7,102,319,334,13.7,72.237795904,7.290307611,,,,
414,"Votto, Joey",2022,1505,27.5,0.27,0.311,0.306,0.581,0.441,0.374,0.216,20.0,74.0,89.6,15.0,50,182,232,12.1,,,"Votto, Joey",First_Baseman,75.0,200.0
398,"Brown, Seth",2024,1552,25.6,0.27,0.191,0.37,0.461,0.335,0.292,0.228,24.0,89.0,89.5,11.8,69,209,189,-2.8,71.747686862,7.148826702,,,,
443,"Keith, Colt",2024,2022,21.9,0.27,0.135,0.329,0.405,0.327,0.298,0.249,30.0,111.0,85.8,5.6,63,224,219,3.3,68.655500472,6.634146557,,,,
443,"Morel, Christopher",2023,1655,26.8,0.27,0.24,0.356,0.51,0.36,0.341,0.247,27.0,100.0,93.0,6.6,87,224,219,7.4,,,,,,
617,"Peña, Jeremy",2024,2272,27.2,0.27,0.101,0.298,0.372,0.307,0.346,0.289,40.0,148.0,87.8,7.4,83,335,282,-2.6,69.565428553,7.220268006,,,,
494,"Torres, Gleyber",2023,2647,18.7,0.27,0.148,0.278,0.417,0.327,0.376,0.293,31.0,115.0,90.1,14.2,48,226,268,-2.6,,,,,,
506,"Vaughn, Andrew",2023,2317,21.8,0.27,0.226,0.311,0.496,0.347,0.33,0.269,37.0,137.0,89.6,5.5,78,274,232,-0.1,,,,,,
154,"Lopes, Tim",2020,571,27.0,0.27,0.054,0.345,0.324,0.301,0.285,0.241,10.0,37.0,82.2,6.8,25,81,73,1.6,,,,,,
388,"Wood, James",2024,1404,27.6,0.27,0.189,0.415,0.459,0.371,0.363,0.252,20.0,74.0,95.2,8.6,56,148,240,3.3,71.3338975,7.371850694,,,,
336,"Ruf, Darin",2022,1620,20.7,0.27,0.135,0.31,0.405,0.323,0.301,0.234,20.0,74.0,89.1,19.4,38,150,186,2.7,,,,,,
487,"LeMahieu, DJ",2021,2660,18.3,0.27,0.09,0.282,0.361,0.303,0.357,0.3,33.0,122.0,90.7,5.1,32,219,268,-0.8,,,,,,
750,"García, Adolis",2023,2562,29.3,0.27,0.264,0.286,0.535,0.371,0.398,0.279,43.0,159.0,92.1,12.6,105,371,379,14.9,,,,,,
143,"Barnes, Austin",2024,593,24.1,0.27,0.081,0.4,0.351,0.28,0.203,0.189,10.0,37.0,83.9,12.6,17,70,73,-2.5,63.76398194,6.155378358,,,,
142,"Mejía, Francisco",2023,578,24.6,0.27,0.189,0.296,0.459,0.303,0.227,0.201,10.0,37.0,87.5,15.7,21,93,49,-0.8,,,,,,
518,"Reyes, Franmil",2021,1988,26.1,0.27,0.197,0.365,0.467,0.33,0.315,0.237,33.0,122.0,89.3,10.6,81,254,264,3.7,,,,,,
599,"Lowe, Brandon",2021,2339,25.6,0.27,0.317,0.295,0.587,0.411,0.395,0.256,34.0,126.0,90.5,20.6,101,292,307,17.5,,,,,,
651,"Raleigh, Cal",2024,2514,25.9,0.27,0.27,0.281,0.54,0.382,0.422,0.291,37.0,137.0,89.7,20.5,109,326,325,10.6,73.036623968,7.701622355,,,,
117,"Cooper, Garrett",2024,450,26.0,0.269,0.192,0.375,0.462,0.361,0.327,0.243,7.0,26.0,87.3,22.6,17,55,62,2.1,71.767878039,7.851399412,,,,
150,"Winker, Jesse",2020,783,19.2,0.269,0.385,0.267,0.654,0.457,0.403,0.218,7.0,26.0,88.5,4.6,15,58,92,3.0,,,,,,
324,"Naquin, Tyler",2022,1261,25.7,0.269,0.256,0.388,0.526,0.356,0.342,0.249,21.0,78.0,92.8,12.4,70,192,132,6.1,,,,,,
607,"Torres, Gleyber",2024,2821,21.5,0.269,0.193,0.276,0.462,0.336,0.309,0.218,32.0,119.0,87.9,15.9,66,289,318,5.9,68.850685092,7.211010074,,,,
496,"Rodgers, Brendan",2022,2112,23.5,0.269,0.185,0.28,0.454,0.333,0.336,0.262,35.0,130.0,90.5,2.8,56,247,249,4.2,,,,,,
116,"Soler, Jorge",2020,739,15.7,0.269,0.5,0.25,0.769,0.441,0.448,0.31,7.0,26.0,98.6,11.2,13,44,72,4.2,,,,,,
607,"Springer, George",2023,2528,24.0,0.269,0.055,0.296,0.324,0.308,0.347,0.281,39.0,145.0,86.7,8.3,63,305,302,-4.6,,,,,,
274,"Taylor, Tyrone",2023,889,30.8,0.269,0.164,0.36,0.433,0.314,0.278,0.241,18.0,67.0,85.4,11.5,36,146,128,-4.7,,,,,,
522,"Hernández, Teoscar",2022,2082,25.1,0.269,0.252,0.366,0.521,0.366,0.351,0.256,32.0,119.0,92.9,10.6,108,266,256,9.6,,,,,,
616,"Chisholm Jr., Jazz",2024,2495,24.7,0.269,0.172,0.347,0.441,0.333,0.295,0.215,39.0,145.0,89.5,14.0,103,314,302,2.7,68.045091703,7.298979819,,,,
552,"India, Jonathan",2021,2643,20.9,0.269,0.185,0.357,0.454,0.355,0.294,0.207,29.0,108.0,84.5,11.5,76,236,316,9.4,,,,,,
147,"Pederson, Joc",2020,550,26.7,0.269,0.269,0.294,0.538,0.406,0.361,0.23,7.0,26.0,90.5,5.7,22,72,75,2.6,,,,,,
174,"Vargas, Ildemaro",2022,794,21.9,0.269,0.096,0.326,0.365,0.291,0.226,0.206,14.0,52.0,83.5,-0.1,15,97,77,-1.5,,,,,,
642,"Moncada, Yoán",2021,2596,24.7,0.269,0.162,0.344,0.431,0.369,0.393,0.283,35.0,130.0,90.8,14.9,84,285,357,3.6,,,,,,
107,"Kjerstad, Heston",2024,423,25.3,0.269,0.269,0.333,0.538,0.39,0.341,0.241,7.0,26.0,87.5,2.2,24,60,47,4.7,69.802968519,7.055299444,,,,
142,"Kipnis, Jason",2020,593,23.9,0.269,0.192,0.353,0.462,0.348,0.304,0.199,7.0,26.0,87.0,12.0,19,69,73,1.0,,,,,,
441,"Hernández, César",2022,2368,18.6,0.269,0.067,0.359,0.337,0.286,0.291,0.254,28.0,104.0,86.9,6.8,68,229,212,-3.8,,,,,,
399,"Barnhart, Tucker",2021,1524,26.2,0.269,0.108,0.343,0.376,0.304,0.26,0.211,25.0,93.0,88.1,21.0,48,207,192,-2.3,,,,,,
202,"Guerrero Jr., Vladimir",2020,907,22.3,0.269,0.115,0.283,0.385,0.329,0.327,0.256,14.0,52.0,92.2,-4.2,29,99,103,3.2,,,,,,
285,"Campusano, Luis",2024,1025,27.8,0.269,0.167,0.3,0.436,0.321,0.268,0.226,21.0,78.0,86.9,13.7,38,162,123,0.7,67.06487461,7.376731135,,,,
452,"Kim, Ha-Seong",2022,2359,19.2,0.269,0.125,0.3,0.394,0.314,0.301,0.265,28.0,104.0,83.9,14.5,38,219,233,1.0,,,,,,
254,"Rendon, Anthony",2020,889,28.6,0.269,0.154,0.351,0.423,0.364,0.342,0.241,14.0,52.0,87.4,18.4,19,105,149,2.2,,,,,,
241,"Palacios, Richie",2024,1281,18.8,0.269,0.096,0.317,0.365,0.336,0.313,0.234,14.0,52.0,86.8,18.1,30,116,125,-0.4,67.392630991,6.993848288,,,,
469,"Frelick, Sal",2024,2046,22.9,0.269,0.093,0.301,0.361,0.321,0.306,0.263,29.0,108.0,82.4,14.2,26,203,266,3.8,62.847273386,6.746773228,,,,
340,"Pérez, Wenceel",2024,1754,19.4,0.269,0.244,0.288,0.513,0.356,0.293,0.229,21.0,78.0,85.9,18.4,27,161,179,6.1,69.466904359,6.875481795,,,,
222,"Allen, Nick",2023,1168,19.0,0.268,0.036,0.326,0.304,0.283,0.313,0.271,15.0,56.0,80.1,-0.9,15,102,120,-6.3,,,,,,
287,"Cron, C.J.",2023,1068,26.9,0.268,0.239,0.311,0.507,0.336,0.332,0.264,19.0,71.0,89.7,9.0,60,162,125,-0.5,,,,,,
273,"Carlson, Dylan",2024,1110,24.6,0.268,0.089,0.333,0.357,0.314,0.272,0.214,15.0,56.0,86.5,15.3,40,131,142,-0.9,66.522659213,6.914866929,,,,
225,"Vargas, Ildemaro",2023,1024,22.0,0.268,0.196,0.275,0.464,0.34,0.329,0.283,15.0,56.0,84.3,-0.4,15,113,112,4.7,,,,,,
365,"Horwitz, Spencer",2024,1582,23.1,0.268,0.085,0.316,0.352,0.327,0.299,0.205,19.0,71.0,87.3,16.7,40,173,192,0.4,67.708532866,6.927144512,,,,
489,"Miller, Owen",2022,1836,26.6,0.268,0.098,0.302,0.366,0.305,0.316,0.261,30.0,112.0,84.2,12.3,48,240,249,-5.8,,,,,,
538,"Báez, Javier",2021,2065,26.1,0.268,0.204,0.345,0.472,0.326,0.325,0.238,38.0,142.0,91.2,8.4,117,323,215,7.9,,,,,,
670,"Olson, Matt",2022,2893,23.2,0.268,0.242,0.281,0.51,0.363,0.339,0.246,41.0,153.0,91.7,16.1,93,344,326,8.8,,,,,,
456,"Margot, Manuel",2021,1706,26.7,0.268,0.063,0.313,0.33,0.29,0.289,0.247,30.0,112.0,87.0,8.0,51,237,219,-1.6,,,,,,
534,"Merrill, Jackson",2024,2214,24.1,0.268,0.152,0.309,0.42,0.3,0.346,0.304,37.0,138.0,87.6,11.2,71,323,211,1.8,69.985461448,7.483286793,,,,
305,"Montero, Elehuris",2023,1165,26.2,0.268,0.211,0.395,0.479,0.326,0.242,0.192,19.0,71.0,88.4,8.0,72,169,136,2.8,,,,,,
319,"Tauchman, Mike",2024,1537,20.8,0.268,0.143,0.295,0.411,0.37,0.421,0.304,15.0,56.0,90.0,9.9,27,145,174,3.7,67.439947293,6.879272932,,,,
585,"Guerrero Jr., Vladimir",2023,2441,24.0,0.268,0.128,0.31,0.396,0.31,0.344,0.272,40.0,149.0,92.2,8.1,77,312,273,-0.3,,,,,,
257,"Nimmo, Brandon",2021,1548,16.6,0.268,0.071,0.341,0.339,0.354,0.327,0.23,15.0,56.0,86.1,7.0,33,113,144,5.1,,,,,,
209,"Slater, Austin",2024,882,23.7,0.268,0.024,0.333,0.293,0.295,0.335,0.29,11.0,41.0,87.5,6.5,26,100,109,-1.7,70.175171556,6.597159222,,,,
700,"Abreu, José",2022,2730,25.6,0.268,0.203,0.273,0.471,0.359,0.374,0.28,41.0,153.0,91.8,7.6,71,362,338,4.5,,,,,,
186,"Marcano, Tucupita",2023,731,25.4,0.267,0.156,0.275,0.422,0.312,0.328,0.271,12.0,45.0,84.0,18.2,15,96,90,4.7,,,,,,
263,"Swanson, Dansby",2020,1060,24.8,0.267,0.217,0.317,0.483,0.359,0.394,0.284,16.0,60.0,89.6,12.4,42,127,136,8.5,,,,,,
67,"Herrera, Iván",2023,200,33.5,0.267,0.133,0.364,0.4,0.352,0.309,0.227,4.0,15.0,84.4,13.5,7,33,34,-1.5,,,,,,
210,"Hicks, Aaron",2020,918,22.9,0.267,0.2,0.28,0.467,0.426,0.438,0.295,8.0,30.0,88.9,7.5,18,75,135,4.8,,,,,,
76,"Vosler, Jason",2021,321,23.7,0.267,0.133,0.333,0.4,0.334,0.341,0.293,4.0,15.0,87.4,16.8,9,34,42,0.4,,,,,,
394,"Lux, Gavin",2021,1441,27.3,0.267,0.244,0.302,0.512,0.369,0.399,0.304,23.0,86.0,90.3,10.4,46,183,211,4.6,,,,,,
567,"Turner, Justin",2024,2320,24.4,0.267,0.058,0.304,0.325,0.305,0.334,0.265,32.0,120.0,87.2,11.2,47,286,281,-0.9,63.083049425,6.212156743,,,,
287,"Longoria, Evan",2022,1187,24.2,0.267,0.333,0.297,0.6,0.404,0.356,0.225,16.0,60.0,91.4,11.3,39,117,170,8.4,,,,,,
55,"Hicks, Aaron",2024,284,19.4,0.267,0.0,0.364,0.267,0.235,0.222,0.231,4.0,15.0,87.1,-15.5,10,28,27,-1.9,60.613146522,6.75982,,,,
61,"MacKinnon, David",2022,252,24.2,0.267,0.0,0.286,0.267,0.221,0.272,0.302,4.0,15.0,85.3,16.1,4,27,34,-1.9,,,,,,
185,"Culberson, Charlie",2021,996,18.6,0.267,0.222,0.333,0.489,0.34,0.318,0.276,12.0,45.0,83.6,14.2,31,102,83,-0.3,,,,,,
409,"Biggio, Cavan",2023,1387,29.5,0.267,0.173,0.347,0.44,0.372,0.342,0.235,20.0,75.0,87.0,11.8,45,159,250,6.2,,,,,,
48,"Amaya, Jacob",2024,301,15.9,0.267,0.0,0.444,0.267,0.235,0.184,0.193,4.0,15.0,80.4,11.4,4,22,26,-0.9,60.792541818,6.891719091,,,,
240,"Reyes, Victor",2022,1283,18.7,0.267,0.067,0.34,0.333,0.271,0.275,0.254,16.0,60.0,86.6,13.9,42,133,107,1.1,,,,,,
69,"Mazeika, Patrick",2022,284,24.3,0.267,0.2,0.333,0.467,0.335,0.207,0.174,4.0,15.0,79.8,4.3,5,33,36,0.0,,,,,,
73,"Pinder, Chad",2020,224,32.6,0.267,0.2,0.333,0.467,0.391,0.443,0.284,4.0,15.0,89.0,16.5,6,36,37,0.6,,,,,,
114,"García, Avisaíl",2020,724,15.7,0.267,0.133,0.381,0.4,0.321,0.304,0.251,8.0,30.0,86.6,5.9,17,61,53,0.6,,,,,,
148,"Molina, Yadier",2020,557,26.6,0.267,0.0,0.364,0.267,0.307,0.29,0.218,8.0,30.0,79.4,6.2,28,83,65,-2.4,,,"Molina, Yadier",Catcher,71.0,225.0
682,"Swanson, Dansby",2023,2558,26.7,0.267,0.193,0.324,0.46,0.366,0.359,0.255,40.0,150.0,88.9,12.3,106,329,353,4.7,,,,,,
347,"Choi, Ji Man",2021,1279,27.1,0.267,0.253,0.357,0.52,0.38,0.357,0.243,20.0,75.0,91.0,15.5,54,156,191,7.1,,,,,,
581,"Guerrero Jr., Vladimir",2022,2596,22.4,0.267,0.158,0.283,0.425,0.329,0.324,0.26,39.0,146.0,91.7,-1.3,67,307,274,0.1,,,,,,
377,"Rojas, Miguel",2023,1455,25.9,0.267,0.022,0.279,0.289,0.287,0.343,0.302,24.0,90.0,86.0,7.8,30,194,183,-6.2,,,,,,
257,"Fuentes, Joshua",2021,1018,25.2,0.266,0.165,0.317,0.43,0.3,0.264,0.242,21.0,79.0,85.6,20.9,47,165,92,-3.2,,,,,,
283,"Goodrum, Niko",2021,1341,21.1,0.266,0.188,0.395,0.453,0.337,0.334,0.226,17.0,64.0,89.6,12.0,61,139,144,1.2,,,,,,
529,"Yoshida, Masataka",2023,2197,24.1,0.266,0.168,0.268,0.434,0.326,0.344,0.288,38.0,143.0,89.1,1.9,47,252,277,-0.5,,,,,,
475,"Kepler, Max",2023,1924,24.7,0.266,0.22,0.289,0.486,0.364,0.366,0.265,29.0,109.0,91.5,13.8,43,229,246,7.6,,,,,,
333,"Pinder, Chad",2022,1437,23.2,0.266,0.203,0.378,0.468,0.324,0.292,0.237,21.0,79.0,87.7,5.4,67,183,150,1.7,,,,,,
560,"Taylor, Chris",2021,2384,23.5,0.266,0.202,0.333,0.468,0.35,0.354,0.264,33.0,124.0,84.6,14.3,79,272,288,8.0,,,,,,
559,"Realmuto, J.T.",2022,2193,25.5,0.266,0.169,0.319,0.435,0.335,0.338,0.271,33.0,124.0,88.5,11.3,72,271,288,2.6,,,,,,
631,"Machado, Manny",2023,2284,27.6,0.266,0.21,0.27,0.476,0.338,0.315,0.244,38.0,143.0,90.4,16.3,84,321,310,2.7,,,,,,
362,"Contreras, William",2022,1546,23.4,0.266,0.177,0.321,0.443,0.332,0.285,0.204,21.0,79.0,87.9,3.5,57,178,184,1.1,,,,,,
791,"Correa, Carlos",2021,2610,30.3,0.266,0.222,0.28,0.487,0.352,0.359,0.285,42.0,158.0,89.5,10.1,66,321,470,10.9,,,,,,
551,"Gurriel Jr., Lourdes",2023,2216,24.9,0.266,0.273,0.265,0.538,0.354,0.3,0.233,38.0,143.0,88.9,8.2,52,288,263,6.0,,,,,,
433,"Kelenic, Jarred",2023,1664,26.0,0.265,0.096,0.415,0.361,0.327,0.338,0.274,22.0,83.0,87.6,8.6,64,194,239,-0.2,,,,,,
352,"Rodgers, Brendan",2021,1513,23.3,0.265,0.108,0.318,0.373,0.32,0.309,0.244,22.0,83.0,87.9,11.3,43,196,156,-0.1,,,,,,
470,"Hayes, Ke'Bryan",2023,1929,24.4,0.265,0.15,0.322,0.416,0.311,0.327,0.272,30.0,113.0,91.6,10.2,44,197,273,3.1,,,,,,
149,"Madrigal, Nick",2024,358,41.6,0.265,0.059,0.281,0.324,0.291,0.326,0.305,9.0,34.0,84.3,-4.8,9,73,76,-0.9,63.272332542,6.268704746,,,,
274,"Sosa, Edmundo",2021,1190,23.0,0.265,0.103,0.316,0.368,0.302,0.288,0.236,18.0,68.0,84.6,7.0,41,157,117,-0.8,,,,,,
437,"Canha, Mark",2024,1946,22.5,0.265,0.072,0.3,0.337,0.326,0.33,0.241,22.0,83.0,89.6,3.3,34,180,257,3.7,66.414566402,7.010116098,,,,
291,"Taveras, Leody",2022,1274,22.8,0.264,0.069,0.358,0.333,0.277,0.261,0.239,19.0,72.0,87.9,16.8,45,139,152,-5.3,,,,,,
221,"LeMahieu, DJ",2024,845,26.2,0.264,0.113,0.277,0.377,0.27,0.27,0.24,14.0,53.0,84.9,8.0,22,116,105,-2.6,64.07920514,6.84851729,,,,
513,"Tellez, Rowdy",2022,2392,21.4,0.264,0.309,0.266,0.573,0.392,0.393,0.268,29.0,110.0,91.1,17.1,58,227,286,8.7,,,,,,
600,"Carlson, Dylan",2021,2530,23.7,0.264,0.191,0.309,0.455,0.349,0.341,0.236,29.0,110.0,88.8,17.4,65,261,339,3.5,,,,,,
365,"Taylor, Tyrone",2024,1323,27.6,0.264,0.154,0.338,0.418,0.316,0.307,0.257,24.0,91.0,87.1,16.0,51,202,163,3.3,69.573019022,7.627774511,,,,
849,"Lowe, Nathaniel",2023,3044,27.9,0.264,0.121,0.316,0.385,0.338,0.327,0.247,46.0,174.0,89.6,8.2,71,363,486,3.3,,,,,,
557,"De La Cruz, Elly",2024,2751,20.2,0.264,0.24,0.346,0.504,0.374,0.351,0.238,34.0,129.0,90.4,7.4,75,250,307,8.2,72.848733783,7.131939609,,,,
494,"Díaz, Yandy",2022,2157,22.9,0.264,0.132,0.283,0.396,0.352,0.347,0.256,28.0,106.0,89.5,3.3,25,192,302,6.7,,,,,,
509,"Rodríguez, Julio",2024,2385,21.3,0.264,0.101,0.3,0.364,0.295,0.352,0.299,34.0,129.0,89.9,8.4,85,286,223,2.8,74.098934944,7.742982547,,,,
533,"Smith, Dominic",2021,1850,28.8,0.264,0.07,0.333,0.333,0.286,0.299,0.237,34.0,129.0,88.9,18.5,84,301,232,-8.5,,,,,,
567,"McCutchen, Andrew",2022,2364,24.0,0.264,0.168,0.296,0.432,0.334,0.359,0.284,33.0,125.0,90.7,11.8,63,271,296,-2.0,,,,,,
322,"Robles, Victor",2021,1404,22.9,0.264,0.083,0.358,0.347,0.316,0.27,0.203,19.0,72.0,80.6,14.3,42,151,171,-6.4,,,,,,
538,"Tovar, Ezequiel",2023,2290,23.5,0.264,0.118,0.333,0.382,0.29,0.292,0.259,38.0,144.0,87.3,9.4,91,338,200,-2.4,,,,,,
647,"Turner, Justin",2021,2465,26.2,0.263,0.219,0.255,0.482,0.354,0.355,0.259,36.0,137.0,90.7,20.7,50,303,344,11.0,,,,,,
401,"Peralta, David",2023,1530,26.2,0.263,0.101,0.309,0.364,0.281,0.258,0.226,26.0,99.0,89.2,10.0,61,229,172,-5.9,,,,,,
268,"Newman, Kevin",2023,912,29.4,0.263,0.123,0.292,0.386,0.305,0.315,0.256,15.0,57.0,85.1,13.3,24,123,145,-0.1,,,,,,
457,"Aguilar, Jesús",2022,2078,22.0,0.263,0.105,0.303,0.368,0.303,0.277,0.217,25.0,95.0,87.7,13.4,70,239,218,-1.8,,,,,,
200,"Upton, Justin",2020,682,29.3,0.263,0.184,0.364,0.447,0.355,0.32,0.198,10.0,38.0,94.2,24.3,31,83,117,2.0,,,,,,
580,"Crawford, J.P.",2023,2629,22.1,0.263,0.144,0.333,0.407,0.357,0.349,0.259,31.0,118.0,85.0,13.8,44,221,359,11.4,,,,,,
354,"Pederson, Joc",2023,1723,20.5,0.263,0.113,0.357,0.375,0.31,0.279,0.214,21.0,80.0,91.4,10.2,42,159,195,1.2,,,,,,
409,"France, Ty",2024,2028,20.2,0.263,0.105,0.308,0.368,0.312,0.283,0.211,25.0,95.0,86.5,14.1,45,212,197,-2.6,68.409843881,7.325836965,,,,
226,"Gelof, Zack",2023,1155,19.6,0.263,0.263,0.333,0.526,0.353,0.24,0.186,15.0,57.0,88.2,15.4,40,123,103,2.9,,,,,,
206,"Marte, Starling",2020,943,21.8,0.263,0.088,0.3,0.351,0.288,0.307,0.267,15.0,57.0,85.6,7.3,29,125,81,-1.4,,,,,,
589,"Castellanos, Nick",2024,2344,25.1,0.263,0.164,0.287,0.428,0.329,0.357,0.294,40.0,152.0,87.3,14.3,97,359,230,0.7,70.33742367,7.471114281,,,,
71,"López, Jack",2024,274,25.9,0.263,0.0,0.385,0.263,0.255,0.196,0.184,5.0,19.0,77.1,7.3,14,44,27,0.0,67.16505,7.257073182,,,,
232,"Rendon, Anthony",2023,762,30.4,0.263,0.132,0.257,0.395,0.379,0.43,0.287,10.0,38.0,91.5,14.0,20,102,130,1.4,,,,,,
101,"Ortega, Rafael",2023,583,17.3,0.263,0.0,0.357,0.263,0.33,0.336,0.25,5.0,19.0,76.7,12.8,8,51,50,0.8,,,,,,
55,"Márquez, Germán",2021,159,34.6,0.263,0.158,0.357,0.421,0.289,0.273,0.273,5.0,19.0,75.4,-14.3,11,44,11,0.9,,,,,,
402,"Buxton, Byron",2024,1458,27.6,0.263,0.189,0.328,0.453,0.336,0.312,0.24,25.0,95.0,89.2,12.8,79,223,179,4.9,72.010235,8.089945566,,,,
495,"Urshela, Gio",2022,2017,24.5,0.262,0.175,0.262,0.437,0.31,0.333,0.279,33.0,126.0,89.2,16.6,64,282,213,-1.5,,,,,,
209,"Mejía, Francisco",2022,1094,19.1,0.262,0.062,0.315,0.323,0.27,0.27,0.254,17.0,65.0,85.7,8.4,28,132,77,-3.5,,,,,,
502,"Estrada, Thairo",2022,1945,25.8,0.262,0.09,0.286,0.352,0.306,0.288,0.235,32.0,122.0,80.3,3.7,49,263,239,-0.5,,,,,,
649,"Suwinski, Jack",2023,2281,28.5,0.262,0.254,0.357,0.516,0.369,0.339,0.215,32.0,122.0,89.9,20.1,79,262,387,-0.2,,,,,,
512,"Ortiz, Joey",2024,2124,24.1,0.262,0.136,0.316,0.398,0.335,0.29,0.199,27.0,103.0,83.7,6.1,36,207,305,7.0,69.539245612,7.269711786,,,,
292,"Nootbaar, Lars",2022,1389,21.0,0.262,0.18,0.277,0.443,0.333,0.325,0.225,16.0,61.0,90.1,11.3,33,133,159,0.3,,,,,,
521,"Cruz, Nelson",2022,1992,26.2,0.262,0.115,0.323,0.377,0.317,0.316,0.234,32.0,122.0,92.4,2.2,89,270,251,3.8,,,"Cruz, Nelson",Outfielder,75.0,175.0
528,"Arozarena, Randy",2021,2479,21.3,0.262,0.214,0.343,0.476,0.357,0.344,0.225,27.0,103.0,88.7,10.7,76,231,297,5.8,,,,,,
406,"Gonzalez, Oscar",2022,1409,28.8,0.262,0.194,0.291,0.456,0.326,0.309,0.257,27.0,103.0,87.9,7.6,74,249,157,-1.9,,,,,,
212,"Vázquez, Christian",2020,779,27.2,0.262,0.238,0.267,0.5,0.385,0.36,0.24,11.0,42.0,88.2,13.2,22,99,113,2.3,,,,,,
196,"Suárez, Eugenio",2020,999,19.6,0.262,0.405,0.286,0.667,0.411,0.351,0.209,11.0,42.0,94.1,25.8,31,83,113,5.6,,,,,,
270,"Fermin, Freddy",2023,921,29.3,0.262,0.123,0.356,0.385,0.282,0.296,0.249,17.0,65.0,88.5,5.8,42,150,120,-5.0,,,,,,
164,"Stubbs, Garrett",2024,746,22.0,0.262,0.071,0.367,0.333,0.306,0.231,0.174,11.0,42.0,70.4,8.1,29,95,69,-2.3,61.994531,6.784885111,,,,
362,"Bogaerts, Xander",2024,1791,20.2,0.262,0.071,0.276,0.333,0.269,0.329,0.308,22.0,84.0,84.4,13.3,33,171,191,-7.6,69.331506731,7.208260641,,,,
313,"Judge, Aaron",2023,1901,16.5,0.262,0.246,0.316,0.508,0.369,0.425,0.3,16.0,61.0,96.6,19.6,55,144,169,10.5,,,,,,
276,"Cain, Lorenzo",2021,1134,24.3,0.261,0.159,0.308,0.42,0.322,0.35,0.295,18.0,69.0,90.1,10.3,32,129,147,-0.9,,,,,,
99,"Mauricio, Ronny",2023,401,24.7,0.261,0.174,0.333,0.435,0.311,0.296,0.247,6.0,23.0,91.8,4.3,19,59,40,-1.1,,,,,,
701,"Cronenworth, Jake",2024,2752,25.5,0.261,0.14,0.287,0.401,0.324,0.334,0.275,41.0,157.0,87.5,11.9,54,349,352,4.7,67.109205573,6.907349331,,,,
428,"Rosario, Eddie",2023,1908,22.4,0.261,0.193,0.284,0.454,0.313,0.315,0.273,31.0,119.0,88.7,15.0,75,278,150,1.7,,,,,,
763,"Olson, Matt",2021,2774,27.5,0.261,0.268,0.254,0.529,0.362,0.387,0.252,40.0,153.0,91.7,19.5,97,372,391,4.9,,,,,,
510,"Kirk, Alejandro",2024,1495,34.1,0.261,0.108,0.275,0.369,0.288,0.283,0.215,29.0,111.0,87.8,12.4,44,271,239,-3.3,68.24036996,6.91521232,,,,
180,"Westburg, Jordan",2023,869,20.7,0.261,0.196,0.314,0.457,0.307,0.3,0.241,12.0,46.0,87.7,10.3,26,97,83,0.9,,,,,,
369,"Brown, Seth",2023,1442,25.6,0.261,0.216,0.322,0.477,0.335,0.341,0.256,23.0,88.0,89.1,17.9,67,192,177,1.2,,,,,,
172,"Lee, Brooks",2024,614,28.0,0.261,0.087,0.286,0.348,0.292,0.339,0.306,12.0,46.0,82.7,9.4,18,87,85,0.3,68.599703415,6.867802683,,,,
647,"Steer, Spencer",2023,2684,24.1,0.261,0.141,0.321,0.401,0.343,0.34,0.246,37.0,142.0,88.2,14.7,74,303,344,2.7,,,,,,
97,"Lamb, Jake",2020,431,22.5,0.261,0.0,0.316,0.261,0.269,0.329,0.267,6.0,23.0,87.9,13.7,12,49,48,-1.2,,,,,,
306,"Varsho, Daulton",2021,1220,25.1,0.261,0.145,0.315,0.406,0.338,0.375,0.301,18.0,69.0,85.8,8.9,36,163,143,3.8,,,,,,
455,"Kiner-Falefa, Isiah",2021,2396,19.0,0.261,0.059,0.298,0.319,0.287,0.286,0.253,31.0,119.0,83.7,1.9,35,233,222,1.6,,,,,,
574,"Myers, Wil",2021,2010,28.6,0.261,0.234,0.315,0.495,0.37,0.314,0.214,29.0,111.0,88.3,14.3,87,266,308,7.1,,,,,,
99,"Bliss, Ryan",2024,259,38.2,0.261,0.217,0.357,0.478,0.357,0.332,0.203,6.0,23.0,86.5,20.9,17,55,44,-2.1,64.644089074,6.261945,,,,
122,"Rivas, Leo",2024,371,32.9,0.261,0.0,0.429,0.261,0.284,0.277,0.228,6.0,23.0,83.3,6.1,9,47,75,-0.7,61.646441087,6.816673478,,,,
103,"Judge, Aaron",2020,487,21.1,0.261,0.391,0.231,0.652,0.421,0.495,0.336,6.0,23.0,94.4,14.1,15,45,58,3.8,,,,,,
624,"Smith, Will",2021,2080,30.0,0.261,0.209,0.253,0.47,0.342,0.378,0.265,30.0,115.0,89.8,20.5,50,271,353,3.4,,,,,,
120,"Panik, Joe",2020,535,22.4,0.261,0.043,0.316,0.304,0.351,0.343,0.24,6.0,23.0,83.1,9.9,6,41,79,2.0,,,,,,
417,"Taylor, Chris",2023,1622,25.7,0.26,0.177,0.356,0.438,0.333,0.315,0.237,25.0,96.0,84.0,22.5,70,204,213,3.9,,,,,,
230,"Castro, Rodolfo",2022,1047,22.0,0.26,0.26,0.31,0.52,0.38,0.319,0.217,13.0,50.0,85.4,8.9,40,106,124,3.5,,,,,,
326,"Vázquez, Christian",2023,1324,24.6,0.26,0.096,0.367,0.356,0.308,0.284,0.222,19.0,73.0,85.6,6.2,41,159,167,-1.6,,,,,,
605,"Outman, James",2023,2352,25.7,0.26,0.165,0.373,0.425,0.337,0.312,0.232,33.0,127.0,85.9,14.3,110,288,317,0.7,,,,,,
269,"Collins, Zack",2021,940,28.6,0.26,0.14,0.4,0.4,0.354,0.339,0.214,13.0,50.0,90.4,22.1,39,118,151,3.1,,,,,,
225,"Meadows, Parker",2024,1214,18.5,0.26,0.2,0.333,0.46,0.345,0.25,0.176,13.0,50.0,86.5,25.7,31,105,120,3.5,68.626326667,7.221846176,,,,
505,"Hernández, Enrique",2023,1964,25.7,0.26,0.089,0.287,0.35,0.282,0.279,0.237,32.0,123.0,88.4,17.8,55,255,250,-3.4,,,,,,
437,"Sheets, Gavin",2024,2087,20.9,0.26,0.15,0.293,0.41,0.318,0.338,0.275,26.0,100.0,87.5,12.7,54,212,225,4.1,70.686882228,7.50347487,,,,
434,"Bohm, Alec",2021,1673,25.9,0.26,0.06,0.329,0.32,0.274,0.336,0.309,26.0,100.0,92.9,10.5,57,232,202,-3.5,,,,,,
186,"Mercado, Óscar",2021,903,20.6,0.26,0.18,0.297,0.44,0.318,0.259,0.219,13.0,50.0,88.8,20.9,34,98,88,0.0,,,,,,
237,"Grandal, Yasmani",2024,952,24.9,0.26,0.1,0.333,0.36,0.326,0.325,0.234,13.0,50.0,85.3,15.0,26,107,130,4.8,65.6852125,7.109039135,,,,
160,"Duran, Ezequiel",2022,790,20.3,0.26,0.22,0.282,0.48,0.322,0.307,0.277,13.0,50.0,85.9,1.4,23,100,60,0.6,,,,,,
119,"Jansen, Danny",2020,571,20.8,0.259,0.222,0.25,0.481,0.36,0.361,0.247,7.0,27.0,72.9,4.3,15,57,62,2.3,,,,,,
554,"Garcia, Maikel",2024,2360,23.5,0.259,0.141,0.274,0.4,0.297,0.315,0.273,35.0,135.0,89.1,5.9,39,258,296,1.3,67.469218996,6.938213347,,,,
114,"García, Avisaíl",2023,436,26.1,0.259,0.148,0.375,0.407,0.326,0.319,0.24,7.0,27.0,89.4,3.2,19,56,58,1.6,,,,,,
117,"Huff, Sam",2022,501,23.4,0.259,0.111,0.4,0.37,0.315,0.281,0.225,7.0,27.0,88.7,10.0,25,67,50,-0.3,,,,,,
119,"Barnhart, Tucker",2023,503,23.7,0.259,0.037,0.368,0.296,0.278,0.274,0.233,7.0,27.0,85.4,14.4,15,61,58,-2.0,,,,,,
472,"Rodgers, Brendan",2024,2079,22.7,0.259,0.172,0.313,0.431,0.315,0.313,0.259,30.0,116.0,86.3,1.4,66,249,223,-3.5,69.919279561,6.995131886,,,,
268,"Biggio, Cavan",2021,1125,23.8,0.259,0.074,0.35,0.333,0.292,0.258,0.199,14.0,54.0,86.2,11.3,33,115,153,-1.0,,,,,,
519,"Ward, Taylor",2024,2599,20.0,0.259,0.17,0.286,0.429,0.315,0.347,0.255,29.0,112.0,90.1,16.7,58,227,292,-0.2,68.043536232,6.998304638,,,,
436,"Frazier, Adam",2021,2352,18.5,0.259,0.148,0.297,0.407,0.327,0.32,0.266,28.0,108.0,85.4,9.1,35,213,223,0.7,,,,,,
126,"Pham, Tommy",2020,499,25.3,0.259,0.222,0.294,0.481,0.382,0.384,0.255,7.0,27.0,90.9,2.8,18,50,76,2.8,,,,,,
117,"Calhoun, Willie",2023,562,20.8,0.259,0.111,0.304,0.37,0.302,0.267,0.232,7.0,27.0,88.9,3.4,9,55,62,-2.3,,,,,,
610,"Davis, J.D.",2023,2092,29.2,0.259,0.217,0.311,0.476,0.344,0.348,0.247,37.0,143.0,90.7,5.0,114,327,283,-2.5,,,,,,
121,"Fowler, Dexter",2020,451,26.8,0.259,0.074,0.389,0.333,0.3,0.27,0.223,7.0,27.0,83.3,9.8,18,59,62,1.0,,,,,,
566,"Tucker, Kyle",2021,2180,26.0,0.259,0.237,0.25,0.496,0.34,0.387,0.295,35.0,135.0,90.9,13.6,72,319,247,5.2,,,,,,
259,"Blackmon, Charlie",2020,906,28.6,0.258,0.167,0.283,0.424,0.285,0.296,0.236,17.0,66.0,84.9,12.6,42,152,107,-0.7,,,,,,
264,"Albies, Ozzie",2022,1027,25.7,0.258,0.194,0.264,0.452,0.303,0.261,0.221,16.0,62.0,86.8,13.3,35,158,106,1.4,,,,,,
142,"Joyce, Matt",2020,602,23.6,0.258,0.0,0.364,0.258,0.285,0.297,0.202,8.0,31.0,85.2,16.5,22,60,82,0.6,,,,,,
151,"Gardner, Brett",2020,653,23.1,0.258,0.323,0.25,0.581,0.401,0.332,0.2,8.0,31.0,86.8,15.9,19,65,86,-0.5,,,,,,
118,"Haase, Eric",2024,270,43.7,0.258,0.129,0.467,0.387,0.29,0.259,0.213,8.0,31.0,83.0,6.1,29,66,52,-2.1,69.954802923,7.158628462,,,,
453,"Rengifo, Luis",2023,1676,27.0,0.258,0.124,0.31,0.381,0.312,0.313,0.229,25.0,97.0,88.2,7.2,63,221,232,-0.8,,,,,,
448,"Sánchez, Jesús",2023,1657,27.0,0.258,0.301,0.309,0.559,0.382,0.4,0.27,24.0,93.0,88.3,5.7,69,230,218,2.8,,,,,,
490,"Peña, Jeremy",2023,2299,21.3,0.258,0.175,0.308,0.433,0.33,0.315,0.269,31.0,120.0,86.4,7.1,78,270,220,5.9,,,,,,
590,"Henderson, Gunnar",2024,2896,20.4,0.258,0.218,0.284,0.476,0.354,0.367,0.267,32.0,124.0,94.0,12.1,68,262,328,3.5,74.331926972,7.090945259,,,,
330,"Franco, Maikel",2022,1418,23.3,0.258,0.135,0.296,0.393,0.285,0.269,0.251,23.0,89.0,84.8,15.4,64,191,139,-4.9,,,,,,
357,"Davis, J.D.",2022,1486,24.0,0.258,0.167,0.381,0.424,0.36,0.36,0.232,17.0,66.0,92.5,17.3,70,172,185,0.6,,,,,,
187,"Kieboom, Carter",2020,536,34.9,0.258,0.032,0.32,0.29,0.36,0.345,0.21,8.0,31.0,81.1,16.2,17,79,108,1.3,,,,,,
101,"Thomas, Alek",2024,372,27.2,0.258,0.323,0.25,0.581,0.371,0.413,0.301,8.0,31.0,87.7,4.5,12,56,45,2.3,64.631249167,6.573671042,,,,
115,"Julks, Corey",2024,767,15.0,0.258,0.032,0.333,0.29,0.259,0.292,0.249,8.0,31.0,80.6,6.4,19,62,53,-2.5,66.811725968,6.865605161,,,,
620,"Arenado, Nolan",2023,2285,27.1,0.258,0.238,0.25,0.497,0.324,0.315,0.26,39.0,151.0,88.4,17.0,73,324,296,0.5,,,,,,
653,"Alonso, Pete",2023,2567,25.4,0.257,0.284,0.26,0.541,0.377,0.365,0.249,38.0,148.0,88.6,14.6,80,289,364,6.8,,,,,,
154,"Dickerson, Alex",2020,607,25.4,0.257,0.171,0.292,0.429,0.323,0.281,0.217,9.0,35.0,90.0,19.8,17,75,79,2.4,,,,,,
153,"Vogt, Stephen",2022,714,21.4,0.257,0.171,0.276,0.429,0.312,0.311,0.261,9.0,35.0,88.5,22.0,23,74,79,-1.0,,,,,,
609,"Cronenworth, Jake",2021,2435,25.0,0.257,0.193,0.267,0.45,0.336,0.36,0.286,36.0,140.0,88.5,14.6,38,261,348,5.8,,,,,,
348,"Kirilloff, Alex",2023,1242,28.0,0.257,0.122,0.316,0.378,0.321,0.327,0.253,19.0,74.0,87.1,12.3,45,172,176,-1.8,,,,,,
680,"Paredes, Isaac",2024,2853,23.8,0.257,0.136,0.269,0.393,0.326,0.316,0.246,36.0,140.0,84.1,19.5,51,311,369,2.7,65.358038586,7.687813517,,,,
328,"Baddoo, Akil",2023,1415,23.2,0.257,0.229,0.313,0.486,0.363,0.317,0.228,18.0,70.0,85.5,5.2,45,153,175,5.6,,,,,,
336,"Murphy, Tom",2021,1323,25.4,0.257,0.203,0.294,0.459,0.34,0.325,0.211,19.0,74.0,89.9,19.1,49,157,179,0.5,,,,,,
512,"Kim, Ha-Seong",2024,1982,25.8,0.257,0.198,0.268,0.455,0.347,0.337,0.261,26.0,101.0,83.9,13.5,33,198,314,3.5,65.200102573,6.496185088,,,,
176,"Jankowski, Travis",2024,819,21.5,0.257,0.0,0.321,0.257,0.285,0.299,0.259,9.0,35.0,82.2,-0.7,14,82,94,-1.3,67.029984875,6.565626125,,,,
162,"Park, Hoy",2021,651,24.9,0.257,0.143,0.31,0.4,0.321,0.298,0.25,9.0,35.0,83.2,14.9,15,62,100,2.2,,,,,,
539,"Schanuel, Nolan",2024,2356,22.9,0.257,0.044,0.28,0.301,0.314,0.328,0.257,29.0,113.0,81.3,7.4,30,219,320,1.5,62.236079487,6.305536667,,,,
277,"Anderson, Brian",2023,1441,19.2,0.257,0.114,0.37,0.371,0.291,0.332,0.267,18.0,70.0,86.0,12.4,53,157,120,-2.3,,,,,,
572,"Perez, Salvador",2021,2392,23.9,0.257,0.23,0.267,0.486,0.331,0.361,0.252,38.0,148.0,92.0,18.6,132,369,203,-0.7,,,,,,
525,"Stallings, Jacob",2021,1697,30.9,0.257,0.19,0.287,0.448,0.351,0.303,0.219,27.0,105.0,86.9,5.4,45,224,301,11.1,,,,,,
524,"Winn, Masyn",2024,2558,20.5,0.256,0.112,0.306,0.368,0.286,0.25,0.22,32.0,125.0,82.4,9.5,61,271,253,-7.0,66.307485415,7.036760119,,,,
167,"Refsnyder, Rob",2021,669,25.0,0.256,0.051,0.303,0.308,0.288,0.381,0.329,10.0,39.0,84.8,6.6,15,67,100,-2.5,,,,,,
622,"Suzuki, Seiya",2024,2509,24.8,0.256,0.124,0.345,0.38,0.33,0.321,0.235,31.0,121.0,87.6,12.5,60,248,374,7.4,70.001211941,7.086147046,,,,
202,"Calhoun, Kole",2020,901,22.4,0.256,0.282,0.269,0.538,0.361,0.337,0.214,10.0,39.0,89.6,23.9,38,92,110,-0.8,,,,,,
379,"Chisholm Jr., Jazz",2023,1545,24.5,0.256,0.233,0.327,0.488,0.341,0.3,0.208,22.0,86.0,89.0,10.6,75,184,195,1.9,,,,,,
475,"Springer, George",2022,2175,21.8,0.256,0.214,0.279,0.47,0.342,0.354,0.266,30.0,117.0,88.3,14.7,85,252,223,9.1,,,,,,
189,"Arroyo, Christian",2021,696,27.2,0.256,0.302,0.28,0.558,0.37,0.304,0.213,11.0,43.0,81.7,6.1,37,108,81,2.8,,,,,,
157,"O'Hearn, Ryan",2022,547,28.7,0.256,0.077,0.4,0.333,0.271,0.241,0.223,10.0,39.0,89.1,12.6,25,80,77,-1.7,,,,,,
151,"Batten, Matthew",2023,547,27.6,0.256,0.051,0.345,0.308,0.277,0.247,0.219,10.0,39.0,81.4,5.0,19,66,85,-3.0,,,,,,
596,"Mountcastle, Ryan",2021,2295,26.0,0.256,0.218,0.297,0.474,0.33,0.326,0.239,34.0,133.0,87.6,13.7,111,340,256,-0.5,,,,,,
655,"Naylor, Josh",2024,2284,28.7,0.256,0.221,0.254,0.477,0.34,0.312,0.243,44.0,172.0,88.8,8.4,78,351,304,3.4,70.395604109,7.560502931,,,,
350,"Laureano, Ramón",2021,1501,23.3,0.256,0.154,0.31,0.41,0.334,0.323,0.238,20.0,78.0,87.3,9.1,38,174,176,2.5,,,,,,
212,"Haniger, Mitch",2022,996,21.3,0.256,0.163,0.3,0.419,0.333,0.368,0.282,11.0,43.0,93.7,18.9,30,95,117,0.8,,,,,,
234,"Moncada, Yoán",2020,981,23.9,0.256,0.256,0.296,0.512,0.388,0.35,0.218,11.0,43.0,86.0,13.7,30,106,128,3.5,,,,,,
184,"Chirinos, Robinson",2022,853,21.6,0.256,0.14,0.323,0.395,0.317,0.284,0.214,11.0,43.0,76.6,11.8,28,93,91,2.1,,,,,,
357,"Benson, Will",2024,1656,21.6,0.256,0.244,0.432,0.5,0.357,0.272,0.194,20.0,78.0,88.5,11.8,68,182,175,-0.2,69.204793416,7.636649689,,,,
513,"Devers, Rafael",2022,2232,23.0,0.256,0.24,0.261,0.496,0.353,0.348,0.242,32.0,125.0,91.5,12.2,76,281,232,10.4,,,,,,
182,"Perkins, Blake",2023,725,25.1,0.256,0.14,0.345,0.395,0.313,0.248,0.201,11.0,43.0,79.6,14.2,15,77,105,-0.2,,,,,,
418,"Betts, Mookie",2021,2232,18.7,0.256,0.116,0.27,0.372,0.326,0.354,0.246,22.0,86.0,90.6,18.6,37,178,240,3.2,,,,,,
176,"Plawecki, Kevin",2022,698,25.2,0.256,0.077,0.303,0.333,0.298,0.308,0.269,10.0,39.0,87.3,14.1,17,85,91,-1.2,,,,,,
345,"Refsnyder, Rob",2024,1202,28.7,0.256,0.128,0.345,0.385,0.323,0.345,0.264,20.0,78.0,92.0,16.2,45,159,186,-1.1,70.999508462,7.416769679,,,,
242,"Núñez, Renato",2020,893,27.1,0.255,0.196,0.355,0.451,0.326,0.303,0.23,13.0,51.0,88.8,19.8,35,126,116,0.7,,,,,,
701,"France, Ty",2023,2425,28.9,0.255,0.102,0.316,0.357,0.324,0.324,0.241,40.0,157.0,86.5,13.0,85,373,328,-1.2,,,,,,
522,"Rafaela, Ceddanne",2024,2070,25.2,0.255,0.199,0.305,0.454,0.316,0.284,0.231,36.0,141.0,85.5,15.9,114,325,197,0.4,66.683511173,7.231282182,,,,
202,"Pache, Cristian",2024,753,26.8,0.255,0.17,0.407,0.426,0.321,0.256,0.203,12.0,47.0,86.2,16.9,44,101,101,1.3,67.482962653,7.051984694,,,,
449,"Conforto, Michael",2023,1900,23.6,0.255,0.274,0.247,0.528,0.347,0.334,0.237,27.0,106.0,87.3,13.4,52,212,237,2.4,,,,,,
222,"Casas, Triston",2024,991,22.4,0.255,0.216,0.323,0.471,0.33,0.319,0.235,13.0,51.0,87.9,5.9,28,109,113,-1.8,73.594239767,7.629355116,,,,
368,"Contreras, Willson",2022,1825,20.2,0.255,0.204,0.274,0.459,0.349,0.324,0.246,25.0,98.0,89.0,6.0,62,202,166,-1.9,,,,,,
198,"González, Erik",2021,807,24.5,0.255,0.118,0.293,0.373,0.286,0.296,0.266,13.0,51.0,87.6,5.4,32,114,84,-2.4,,,,,,
444,"Vientos, Mark",2024,1756,25.3,0.255,0.167,0.348,0.422,0.314,0.281,0.211,26.0,102.0,89.0,9.1,81,215,229,0.8,70.347567059,7.579545686,,,,
522,"Soler, Jorge",2024,2361,22.1,0.255,0.2,0.271,0.455,0.345,0.364,0.261,28.0,110.0,91.1,16.0,65,247,275,0.7,73.962694714,7.915863744,,,,
446,"Wells, Austin",2024,1638,27.2,0.255,0.202,0.278,0.457,0.325,0.339,0.249,24.0,94.0,88.3,23.9,62,238,208,4.9,70.642253965,7.353574581,,,,
291,"Taylor, Chris",2024,1046,27.8,0.255,0.078,0.316,0.333,0.343,0.372,0.275,13.0,51.0,81.1,13.8,39,128,163,1.3,65.56792375,6.849420083,,,,
634,"Goldschmidt, Paul",2023,2847,22.3,0.255,0.124,0.32,0.38,0.322,0.331,0.257,35.0,137.0,90.6,13.0,86,306,328,-5.3,,,,,,
238,"Engel, Adam",2022,992,24.0,0.255,0.164,0.382,0.418,0.328,0.27,0.23,14.0,55.0,85.1,16.3,44,112,126,-1.1,,,,,,
622,"García, Adolis",2021,2508,24.8,0.255,0.229,0.306,0.484,0.316,0.323,0.236,39.0,153.0,92.1,18.7,114,365,257,2.6,,,,,,
286,"Espinal, Santiago",2023,989,28.9,0.254,0.045,0.327,0.299,0.274,0.253,0.211,17.0,67.0,82.8,4.1,32,134,152,-4.3,,,,,,
697,"Walker, Christian",2024,2315,30.1,0.254,0.203,0.292,0.457,0.347,0.39,0.247,35.0,138.0,92.1,14.9,97,349,348,6.4,72.07157612,7.441939653,,,,
215,"Duran, Ezequiel",2024,1011,21.3,0.254,0.063,0.296,0.317,0.264,0.258,0.241,16.0,63.0,86.9,6.6,27,130,85,-0.1,69.964464344,7.074321639,,,,
299,"Hamilton, David",2024,1190,25.1,0.254,0.209,0.385,0.463,0.339,0.275,0.218,17.0,67.0,85.3,14.0,43,144,155,1.0,64.956218462,7.097155734,,,,
400,"Moore, Dylan",2024,1804,22.2,0.254,0.169,0.291,0.423,0.378,0.37,0.238,18.0,71.0,85.8,22.8,30,160,240,4.6,71.697137756,6.93419141,,,,
530,"Adames, Willy",2021,2221,23.9,0.254,0.263,0.333,0.517,0.372,0.352,0.245,30.0,118.0,89.9,16.4,86,268,262,10.6,,,,,,
280,"Jansen, Danny",2023,1185,23.6,0.254,0.211,0.283,0.465,0.334,0.296,0.232,18.0,71.0,89.1,12.8,33,141,139,3.1,,,,,,
583,"Mancini, Trey",2021,2468,23.6,0.254,0.101,0.324,0.355,0.306,0.317,0.242,35.0,138.0,86.5,10.6,87,282,301,0.4,,,,,,
591,"Marsh, Brandon",2024,2007,29.4,0.254,0.144,0.366,0.398,0.33,0.312,0.208,30.0,118.0,87.1,13.1,74,240,351,0.8,68.427195066,7.061576157,,,,
300,"Duggar, Steven",2021,1197,25.1,0.254,0.224,0.341,0.478,0.346,0.337,0.256,17.0,67.0,89.4,19.6,30,124,176,1.4,,,,,,
552,"Abrams, CJ",2024,2261,24.4,0.254,0.172,0.329,0.426,0.317,0.304,0.224,31.0,122.0,86.5,18.5,89,301,251,0.5,69.141899643,7.380137286,,,,
499,"Vázquez, Christian",2021,1947,25.6,0.254,0.041,0.292,0.295,0.258,0.255,0.236,31.0,122.0,81.1,12.8,44,253,246,-7.8,,,,,,
455,"Suzuki, Seiya",2022,1876,24.3,0.253,0.218,0.29,0.471,0.351,0.322,0.236,22.0,87.0,87.6,9.8,43,188,267,1.1,,,,,,
294,"Rizzo, Anthony",2024,1432,20.5,0.253,0.139,0.27,0.392,0.295,0.28,0.231,20.0,79.0,85.9,11.7,26,160,134,0.4,67.081077652,6.682469015,,,,
643,"Bell, Josh",2021,2182,29.5,0.253,0.165,0.272,0.418,0.324,0.354,0.273,40.0,158.0,91.1,5.1,73,320,323,-1.0,,,,,,
647,"Verdugo, Alex",2022,2490,26.0,0.253,0.108,0.268,0.361,0.28,0.321,0.283,42.0,166.0,89.4,7.1,49,311,336,-2.8,,,,,,
405,"Fry, David",2024,1515,26.7,0.253,0.242,0.277,0.495,0.358,0.324,0.228,23.0,91.0,87.0,15.7,48,190,215,9.6,68.029542775,7.67036341,,,,
371,"García Jr., Luis",2023,1700,21.8,0.253,0.061,0.258,0.313,0.269,0.282,0.232,25.0,99.0,87.7,0.8,32,199,172,-4.6,,,,,,
361,"Heim, Jonah",2022,1759,20.5,0.253,0.132,0.304,0.385,0.317,0.298,0.23,23.0,91.0,87.7,16.2,52,192,169,-2.1,,,,,,
395,"Contreras, Willson",2021,1969,20.1,0.253,0.169,0.305,0.422,0.339,0.362,0.248,21.0,83.0,91.0,12.1,51,182,213,0.1,,,,,,
450,"Donaldson, Josh",2021,2125,21.2,0.253,0.198,0.268,0.451,0.33,0.392,0.293,23.0,91.0,94.9,22.6,57,212,238,-0.4,,,,,,
360,"Rizzo, Anthony",2023,1670,21.6,0.253,0.072,0.339,0.325,0.299,0.344,0.288,21.0,83.0,90.6,16.4,41,165,195,-2.1,,,,,,
409,"Stephenson, Tyler",2021,1577,25.9,0.253,0.138,0.274,0.391,0.313,0.333,0.269,22.0,87.0,86.7,8.9,28,178,231,0.3,,,,,,
596,"Alonso, Pete",2021,2298,25.9,0.252,0.217,0.277,0.469,0.34,0.403,0.296,36.0,143.0,90.7,13.8,87,330,266,2.0,,,,,,
628,"Bichette, Bo",2022,2522,24.9,0.252,0.214,0.27,0.465,0.336,0.336,0.257,40.0,159.0,90.1,13.2,85,366,262,2.0,,,,,,
618,"Jung, Josh",2023,1976,31.3,0.252,0.126,0.337,0.378,0.315,0.347,0.268,34.0,135.0,91.0,14.1,106,329,289,-5.7,,,,,,
528,"Hays, Austin",2022,2051,25.7,0.252,0.134,0.302,0.386,0.31,0.291,0.228,32.0,127.0,86.6,9.0,64,265,263,-1.3,,,,,,
425,"Díaz, Elias",2022,1445,29.4,0.252,0.146,0.275,0.398,0.295,0.265,0.22,26.0,103.0,85.5,13.8,54,237,188,-0.3,,,,,,
502,"Rojas, Josh",2021,2316,21.7,0.252,0.056,0.338,0.308,0.3,0.285,0.222,27.0,107.0,86.4,4.6,52,213,289,-3.7,,,,,,
653,"Profar, Jurickson",2022,2790,23.4,0.252,0.205,0.268,0.457,0.365,0.33,0.23,32.0,127.0,85.8,11.3,50,278,375,3.5,,,,,,
514,"Solak, Nick",2021,2054,25.0,0.252,0.078,0.31,0.33,0.285,0.274,0.232,29.0,115.0,82.9,1.2,64,241,273,-7.8,,,,,,
29,"Hermosillo, Michael",2021,149,19.5,0.25,0.125,0.4,0.375,0.265,0.204,0.172,2.0,8.0,91.1,42.8,4,13,16,-0.5,,,,,,
117,"Singleton, Jon",2023,422,27.7,0.25,0.167,0.263,0.417,0.342,0.324,0.225,6.0,24.0,86.7,15.6,13,51,66,-0.5,,,,,,
79,"Wilson, Weston",2024,379,20.8,0.25,0.05,0.385,0.3,0.25,0.181,0.148,5.0,20.0,78.9,14.8,13,38,41,-1.4,69.889027297,7.366845405,,,,
179,"Arcia, Orlando",2020,703,25.5,0.25,0.167,0.256,0.417,0.308,0.37,0.3,12.0,48.0,85.4,16.9,24,90,89,-1.7,,,,,,
33,"Martin, Richie",2022,130,25.4,0.25,0.25,0.4,0.5,0.353,0.29,0.185,2.0,8.0,87.0,10.4,5,13,20,1.2,,,,,,
419,"Grossman, Robbie",2022,1942,21.6,0.25,0.125,0.317,0.375,0.319,0.31,0.245,22.0,88.0,86.8,16.7,53,186,233,2.7,,,,,,
22,"Gonzalez, Romy",2021,123,17.9,0.25,0.125,0.286,0.375,0.265,0.241,0.241,2.0,8.0,79.1,-13.2,2,12,10,-0.8,,,,,,
114,"Newman, Kevin",2020,662,17.2,0.25,0.031,0.242,0.281,0.232,0.262,0.253,8.0,32.0,85.1,0.3,5,57,57,-2.1,,,,,,
87,"Pereira, Everson",2023,388,22.4,0.25,0.042,0.375,0.292,0.303,0.324,0.268,6.0,24.0,94.0,0.7,16,44,43,0.9,,,,,,
123,"Rivas III, Alfonso",2023,539,22.8,0.25,0.208,0.357,0.458,0.316,0.286,0.218,6.0,24.0,83.9,8.7,22,62,61,-0.5,,,,,,
57,"González, Erik",2022,176,32.4,0.25,0.0,0.333,0.25,0.288,0.297,0.237,3.0,12.0,77.1,-5.8,8,27,30,-1.3,,,,,,
48,"León, Sandy",2023,206,23.3,0.25,0.083,0.429,0.333,0.251,0.188,0.193,3.0,12.0,85.5,12.4,5,22,26,-1.7,,,,,,
567,"Casas, Triston",2023,2062,27.5,0.25,0.258,0.268,0.508,0.368,0.392,0.252,30.0,120.0,91.8,13.6,74,265,302,7.2,,,,,,
28,"Hicks, John",2021,122,23.0,0.25,0.375,0.5,0.625,0.361,0.212,0.146,2.0,8.0,97.8,32.7,9,20,8,-0.7,,,,,,
124,"Suzuki, Kurt",2022,593,20.9,0.25,0.063,0.276,0.313,0.278,0.288,0.244,8.0,32.0,86.2,30.5,13,61,63,-0.9,,,,,,
119,"Schoop, Jonathan",2020,624,19.1,0.25,0.219,0.231,0.469,0.295,0.224,0.192,8.0,32.0,83.7,9.4,16,73,46,0.2,,,,,,
45,"Hinds, Rece",2024,183,24.6,0.25,0.417,0.286,0.667,0.424,0.296,0.157,3.0,12.0,89.7,22.0,9,25,20,1.8,75.11566625,7.549914167,,,,
261,"Higgins, P.J.",2022,916,28.5,0.25,0.208,0.355,0.458,0.366,0.291,0.2,12.0,48.0,76.4,6.1,36,111,150,5.3,,,,,,
402,"Miller, Brad",2021,1525,26.4,0.25,0.33,0.265,0.58,0.391,0.387,0.258,22.0,88.0,91.1,9.1,59,184,218,5.5,,,,,,
201,"Cave, Jake",2023,813,24.7,0.25,0.077,0.302,0.327,0.278,0.275,0.208,13.0,52.0,84.4,12.2,26,108,93,-6.3,,,,,,
344,"Díaz, Elias",2024,1323,26.0,0.25,0.131,0.305,0.381,0.297,0.285,0.232,21.0,84.0,84.3,7.0,58,180,164,-3.0,72.031413916,6.951915964,,,,
223,"Reddick, Josh",2020,836,26.7,0.25,0.135,0.293,0.385,0.308,0.309,0.259,13.0,52.0,82.6,16.7,26,112,111,1.4,,,,,,
541,"Verdugo, Alex",2023,2364,22.9,0.25,0.105,0.276,0.355,0.296,0.288,0.237,31.0,124.0,87.2,11.2,38,229,312,-6.9,,,,,,
161,"Lowe, Brandon",2020,882,18.3,0.25,0.2,0.31,0.45,0.339,0.34,0.224,10.0,40.0,89.3,21.4,24,77,84,2.9,,,,,,
410,"Pham, Tommy",2024,1923,21.3,0.25,0.095,0.311,0.345,0.304,0.32,0.265,21.0,84.0,87.9,7.6,36,165,245,2.5,71.092826605,6.813492901,,,,
353,"Stallings, Jacob",2022,1474,23.9,0.25,0.08,0.27,0.33,0.295,0.285,0.237,22.0,88.0,84.8,9.9,24,146,207,-5.1,,,,,,
206,"Torres, Gleyber",2020,671,30.7,0.25,0.075,0.313,0.325,0.33,0.344,0.259,10.0,40.0,92.4,16.3,19,79,127,-1.5,,,,,,
72,"Thompson, Bubba",2023,220,32.7,0.25,0.125,0.364,0.375,0.319,0.206,0.121,4.0,16.0,67.4,3.4,14,35,37,-0.5,,,,,,
107,"Bolt, Skye",2022,483,22.2,0.25,0.292,0.267,0.542,0.338,0.273,0.206,6.0,24.0,89.1,4.6,18,61,46,-0.7,,,,,,
354,"Greene, Riley",2023,1746,20.3,0.25,0.066,0.333,0.316,0.303,0.384,0.307,19.0,76.0,91.2,7.2,38,181,173,-2.8,,,,,,
49,"Santana, Danny",2020,260,18.8,0.25,0.125,0.286,0.375,0.32,0.441,0.27,2.0,8.0,91.0,13.4,6,23,26,0.2,,,,,,
430,"Brennan, Will",2023,1611,26.7,0.25,0.08,0.283,0.33,0.261,0.313,0.3,28.0,112.0,85.0,9.8,57,252,178,-6.0,,,,,,
193,"Nimmo, Brandon",2020,978,19.7,0.25,0.125,0.303,0.375,0.346,0.309,0.204,10.0,40.0,89.9,4.1,24,94,99,0.1,,,,,,
80,"Cabbage, Trey",2024,336,23.8,0.25,0.15,0.5,0.4,0.346,0.285,0.177,5.0,20.0,88.6,3.9,18,46,34,-0.1,74.837574318,7.503690455,,,,
71,"Wong, Connor",2022,221,32.1,0.25,0.25,0.286,0.5,0.369,0.336,0.194,3.0,12.0,88.6,-0.1,10,29,42,3.6,,,,,,
36,"Miller, Owen",2024,103,35.0,0.25,0.0,0.333,0.25,0.22,0.241,0.257,2.0,8.0,93.4,9.7,7,18,18,-0.8,68.684794444,6.868146111,,,,
744,"Happ, Ian",2022,2572,28.9,0.25,0.164,0.33,0.414,0.328,0.258,0.185,38.0,152.0,88.7,13.2,105,368,376,-2.7,,,,,,
276,"Sosa, Edmundo",2024,1050,26.3,0.25,0.125,0.302,0.375,0.288,0.271,0.219,18.0,72.0,84.4,8.6,47,169,107,-1.1,69.646433654,8.00896141,,,,
59,"Rodriguez, Johnathan",2024,175,33.7,0.25,0.125,0.4,0.375,0.429,0.341,0.123,2.0,8.0,90.8,0.4,7,23,36,2.6,71.859388421,7.922248421,,,,
94,"Barnhart, Tucker",2020,436,21.6,0.25,0.05,0.313,0.3,0.33,0.393,0.323,5.0,20.0,83.9,19.1,11,43,51,0.5,,,,,,
57,"Espinal, Santiago",2020,266,21.4,0.25,0.083,0.375,0.333,0.264,0.267,0.226,3.0,12.0,80.8,22.6,9,29,28,-0.3,,,,,,
189,"Belt, Brandon",2020,686,27.6,0.25,0.275,0.241,0.525,0.396,0.422,0.258,10.0,40.0,86.7,21.3,16,78,111,2.3,,,,,,
40,"Alvarez, Eddy",2020,167,24.0,0.25,0.0,0.333,0.25,0.354,0.274,0.122,2.0,8.0,84.8,12.7,4,17,23,1.6,,,,,,
67,"Knizner, Andrew",2024,360,18.6,0.25,0.188,0.231,0.438,0.299,0.256,0.205,4.0,16.0,78.7,22.2,8,30,37,1.1,68.208039333,6.601715,,,,
127,"Miranda, Jose",2023,545,23.3,0.25,0.094,0.286,0.344,0.292,0.258,0.228,8.0,32.0,86.8,4.6,15,69,58,-0.8,,,,,,
109,"Chirinos, Robinson",2021,462,23.6,0.25,0.208,0.417,0.458,0.327,0.221,0.159,6.0,24.0,84.2,13.6,23,60,49,-2.3,,,,,,
106,"Holt, Brock",2020,462,22.9,0.25,0.05,0.278,0.3,0.268,0.22,0.188,5.0,20.0,85.8,19.8,7,50,56,-1.5,,,,,,
69,"Quinn, Roman",2022,347,19.9,0.25,0.25,0.571,0.5,0.355,0.255,0.18,4.0,16.0,95.0,14.7,12,30,39,1.5,,,,,,
147,"Long Jr., Shed",2021,497,29.6,0.25,0.219,0.35,0.469,0.333,0.218,0.169,8.0,32.0,86.5,-4.3,24,72,75,-1.4,,,,,,
26,"Trejo, Alan",2024,221,11.8,0.25,0.0,0.286,0.25,0.22,0.286,0.296,2.0,8.0,91.0,0.4,1,15,11,-0.7,63.749994286,7.003283571,,,,
355,"Urshela, Gio",2021,1697,20.9,0.25,0.13,0.308,0.38,0.287,0.315,0.268,23.0,92.0,90.1,8.6,47,193,162,-2.6,,,,,,
82,"Donaldson, Josh",2020,449,18.3,0.25,0.333,0.2,0.583,0.422,0.365,0.205,3.0,12.0,91.5,-1.2,10,34,48,2.3,,,,,,
82,"Walsh, Jared",2024,262,31.3,0.25,0.0,0.364,0.25,0.248,0.28,0.274,4.0,16.0,86.5,23.1,11,31,51,-1.4,75.43602,7.876803636,,,,
655,"Lindor, Francisco",2023,2741,23.9,0.25,0.176,0.264,0.426,0.333,0.331,0.24,34.0,136.0,90.1,19.0,76,340,315,5.9,,,,,,
55,"Lipcius, Andre",2023,163,33.7,0.25,0.125,0.5,0.375,0.383,0.248,0.087,2.0,8.0,86.4,5.5,7,22,33,0.1,,,,,,
52,"DeLoach, Zach",2024,298,17.4,0.25,0.083,0.429,0.333,0.314,0.231,0.154,3.0,12.0,76.6,4.0,9,30,22,-0.5,65.382572333,6.513464,,,,
81,"Ruiz, Keibert",2021,307,26.4,0.25,0.071,0.269,0.321,0.276,0.265,0.235,7.0,28.0,87.0,25.1,5,49,32,-0.8,,,,,,
99,"Basabe, Osleivis",2023,344,28.8,0.25,0.25,0.313,0.5,0.328,0.241,0.2,6.0,24.0,92.0,-2.4,16,62,37,2.4,,,,,,
247,"Bleday, JJ",2022,1029,24.0,0.25,0.182,0.313,0.432,0.351,0.305,0.208,11.0,44.0,84.4,31.2,31,119,128,1.6,,,,,,
347,"Jones, Nolan",2024,1301,26.7,0.25,0.097,0.36,0.347,0.279,0.265,0.214,18.0,72.0,88.8,12.9,46,167,180,-6.9,68.467444397,6.625652766,,,,
208,"Riley, Austin",2020,773,26.9,0.25,0.231,0.294,0.481,0.326,0.359,0.291,13.0,52.0,92.4,16.0,30,107,101,-0.7,,,,,,
78,"Haggerty, Sam",2023,413,18.9,0.25,0.05,0.294,0.3,0.28,0.373,0.354,5.0,20.0,83.3,17.3,6,43,35,-0.3,,,,,,
123,"Trevino, Jose",2023,614,20.0,0.25,0.028,0.281,0.278,0.244,0.259,0.254,9.0,36.0,81.5,1.9,10,63,60,-1.1,,,,,,
93,"Ríos, Edwin",2022,347,26.8,0.25,0.417,0.333,0.667,0.385,0.288,0.209,6.0,24.0,94.6,16.8,21,50,43,1.4,,,,,,
28,"Heredia, Guillermo",2020,126,22.2,0.25,0.0,0.5,0.25,0.221,0.225,0.228,2.0,8.0,81.4,39.8,4,12,16,-2.2,,,,,,
83,"Chavis, Michael",2023,375,22.1,0.25,0.0,0.455,0.25,0.243,0.251,0.241,5.0,20.0,87.6,4.5,14,44,39,-3.2,,,,,,
279,"Rogers, Jake",2024,1258,22.2,0.25,0.25,0.292,0.5,0.327,0.283,0.22,17.0,68.0,86.2,12.1,40,134,145,1.5,68.583390379,7.246470606,,,,
63,"Maton, Nick",2022,365,17.3,0.25,0.0,0.286,0.25,0.222,0.251,0.235,4.0,16.0,82.5,9.5,12,39,24,-4.3,,,,,,
45,"Taylor, Samad",2023,310,14.5,0.25,0.0,0.333,0.25,0.287,0.32,0.224,2.0,8.0,82.7,4.9,8,23,22,0.6,,,,,,
34,"Wendle, Joey",2024,134,25.4,0.25,0.125,0.5,0.375,0.267,0.165,0.158,2.0,8.0,77.0,32.0,5,17,17,-0.5,59.775549231,6.43915,,,,
107,"Harris, Brett",2024,493,21.7,0.25,0.042,0.353,0.292,0.291,0.193,0.127,6.0,24.0,83.8,11.9,18,55,52,3.1,65.276253704,6.752784444,,,,
210,"Chapman, Matt",2020,653,32.2,0.25,0.275,0.375,0.525,0.336,0.349,0.254,10.0,40.0,97.7,20.3,38,99,111,-3.9,,,,,,
114,"Culberson, Charlie",2022,439,26.0,0.25,0.071,0.318,0.321,0.277,0.242,0.213,7.0,28.0,75.5,-2.3,14,64,50,-3.1,,,,,,
141,"McKenna, Ryan",2023,515,27.4,0.25,0.125,0.318,0.375,0.309,0.332,0.27,8.0,32.0,86.6,9.1,27,80,61,-0.7,,,,,,
598,"McMahon, Ryan",2021,2388,25.0,0.25,0.215,0.276,0.465,0.331,0.324,0.242,36.0,144.0,89.6,14.9,84,320,278,2.9,,,,,,
41,"Maile, Luke",2021,124,33.1,0.25,0.125,0.286,0.375,0.384,0.306,0.158,2.0,8.0,75.9,8.6,6,16,25,-0.2,,,,,,
43,"Ross, Joe",2021,152,28.3,0.25,0.0,0.429,0.25,0.22,0.153,0.161,3.0,12.0,70.2,-12.0,4,21,22,-2.4,,,,,,
49,"Lux, Gavin",2020,277,17.7,0.25,0.5,0.167,0.75,0.426,0.363,0.22,3.0,12.0,92.3,7.9,8,22,27,0.6,,,,,,
91,"Gamel, Ben",2024,381,23.9,0.25,0.0,0.333,0.25,0.377,0.445,0.314,4.0,16.0,88.1,15.8,6,27,64,1.3,70.020665926,7.191411111,,,,
200,"Alberto, Hanser",2021,834,24.0,0.25,0.133,0.259,0.383,0.258,0.267,0.234,15.0,60.0,80.6,10.6,18,136,64,-2.8,,,,,,
75,"Santana, Domingo",2020,330,22.7,0.25,0.25,0.267,0.5,0.363,0.314,0.246,5.0,20.0,88.0,0.0,9,38,37,2.5,,,,,,
38,"Gutiérrez, Kelvin",2022,133,28.6,0.25,0.125,0.333,0.375,0.352,0.305,0.225,2.0,8.0,86.3,9.2,6,20,18,1.5,,,,,,
521,"Brown, Seth",2022,2198,23.7,0.25,0.179,0.277,0.429,0.356,0.373,0.27,28.0,112.0,87.9,12.9,68,241,280,6.6,,,,,,
429,"Ruiz, Keibert",2024,1659,25.9,0.25,0.133,0.243,0.383,0.284,0.315,0.286,30.0,120.0,82.9,18.5,26,239,190,-4.0,64.658738438,6.98573375,,,,
141,"Calhoun, Willie",2020,419,33.7,0.25,0.188,0.233,0.438,0.282,0.238,0.199,8.0,32.0,87.3,11.9,9,66,75,-0.8,,,,,,
33,"Downs, Jeter",2022,174,19.0,0.25,0.0,0.5,0.25,0.196,0.15,0.148,2.0,8.0,77.6,15.3,12,23,10,-1.7,,,,,,
73,"Vosler, Jason",2023,291,25.1,0.25,0.417,0.4,0.667,0.418,0.289,0.189,3.0,12.0,84.4,21.8,15,33,40,1.4,,,,,,
58,"Matijevic, J.J.",2022,274,21.2,0.25,0.063,0.4,0.313,0.245,0.179,0.187,4.0,16.0,81.4,8.8,8,28,30,-1.7,,,,,,
270,"Massey, Michael",2024,1330,20.3,0.25,0.156,0.255,0.406,0.294,0.305,0.243,16.0,64.0,89.3,8.1,30,153,117,-1.4,69.684198212,7.087125894,,,,
48,"Driscoll, Logan",2024,130,36.9,0.25,0.25,0.222,0.5,0.293,0.335,0.254,3.0,12.0,91.4,8.7,9,23,25,-1.0,68.525517826,7.465785217,,,,
32,"Alvarez, Eddy",2022,99,32.3,0.25,0.0,0.4,0.25,0.196,0.181,0.198,2.0,8.0,78.1,5.0,8,19,13,-1.6,,,,,,
282,"Solano, Donovan",2021,1317,21.4,0.25,0.044,0.279,0.294,0.254,0.283,0.267,17.0,68.0,86.9,9.2,33,154,128,-1.9,,,,,,
101,"Schanuel, Nolan",2023,530,19.1,0.25,0.0,0.286,0.25,0.303,0.347,0.291,6.0,24.0,80.1,2.5,5,37,64,2.5,,,,,,
124,"Cameron, Daz",2021,503,24.7,0.25,0.083,0.353,0.333,0.327,0.327,0.221,6.0,24.0,89.4,0.5,14,51,73,-0.4,,,,,,
36,"Ruiz, Esteury",2022,133,27.1,0.25,0.0,0.333,0.25,0.273,0.337,0.309,2.0,8.0,74.0,12.7,3,19,17,-1.2,,,,,,
710,"Happ, Ian",2023,2862,24.8,0.25,0.153,0.306,0.403,0.339,0.361,0.261,36.0,144.0,88.9,11.6,77,323,387,5.1,,,,,,
174,"McKinstry, Zach",2021,709,24.5,0.25,0.182,0.29,0.432,0.292,0.246,0.214,11.0,44.0,85.7,9.0,23,88,86,2.2,,,,,,
35,"Diaz, Jordan",2022,162,21.6,0.25,0.0,0.333,0.25,0.221,0.236,0.244,2.0,8.0,84.8,5.8,4,22,13,-0.9,,,,,,
68,"Benson, Will",2022,229,29.7,0.25,0.063,0.364,0.313,0.296,0.263,0.217,4.0,16.0,84.8,4.4,10,30,38,0.1,,,,,,
323,"Bader, Harrison",2023,1238,26.1,0.25,0.155,0.254,0.405,0.288,0.318,0.266,21.0,84.0,83.7,14.3,46,163,160,2.2,,,,,,
413,"Merrifield, Whit",2022,2017,20.5,0.25,0.13,0.273,0.38,0.298,0.292,0.226,25.0,100.0,89.3,15.7,48,209,204,-2.7,,,,,,
418,"Walker, Jordan",2023,1667,25.1,0.248,0.152,0.324,0.4,0.309,0.305,0.245,26.0,105.0,89.2,15.2,82,233,185,-5.9,,,,,,
479,"Frazier, Adam",2022,2191,21.9,0.248,0.094,0.271,0.342,0.284,0.3,0.258,29.0,117.0,82.6,15.6,42,243,236,-2.5,,,,,,
669,"Thomas, Lane",2023,2627,25.5,0.248,0.18,0.321,0.429,0.311,0.278,0.217,40.0,161.0,86.0,8.7,75,308,361,-8.2,,,,,,
408,"Young, Jacob",2024,1955,20.9,0.248,0.069,0.316,0.317,0.284,0.305,0.28,25.0,101.0,80.9,1.7,40,206,202,-3.2,62.3100185,6.50931465,,,,
434,"Carlson, Dylan",2022,1964,22.1,0.248,0.171,0.282,0.419,0.299,0.292,0.243,26.0,105.0,82.8,9.9,62,219,215,-3.8,,,,,,
421,"Díaz, Yandy",2021,2031,20.7,0.248,0.128,0.258,0.376,0.298,0.304,0.242,27.0,109.0,88.1,6.6,36,194,227,-0.4,,,,,,
258,"Velazquez, Andrew",2022,1320,19.5,0.247,0.11,0.321,0.356,0.25,0.221,0.208,18.0,73.0,79.3,1.1,57,163,95,-5.6,,,,,,
347,"Bride, Jonah",2024,1157,30.0,0.247,0.192,0.259,0.438,0.291,0.215,0.161,18.0,73.0,86.4,13.0,31,146,201,-2.2,64.850365462,7.057141923,,,,
649,"Riley, Austin",2022,2641,24.6,0.247,0.24,0.279,0.487,0.347,0.365,0.261,37.0,150.0,90.4,13.5,103,358,291,-2.1,,,,,,
301,"Julks, Corey",2023,1326,22.7,0.247,0.091,0.29,0.338,0.277,0.311,0.273,19.0,77.0,89.0,17.0,37,153,148,-2.9,,,,,,
711,"Santander, Anthony",2022,2618,27.2,0.247,0.185,0.259,0.432,0.334,0.332,0.242,36.0,146.0,89.9,22.9,77,356,355,4.9,,,,,,
437,"Calhoun, Kole",2022,1700,25.7,0.247,0.196,0.292,0.443,0.331,0.295,0.201,24.0,97.0,90.4,18.8,82,225,212,0.3,,,,,,
517,"Swanson, Dansby",2024,2355,22.0,0.246,0.198,0.283,0.444,0.309,0.325,0.256,31.0,126.0,88.8,8.9,73,270,247,-0.4,70.348022923,7.310442385,,,,
272,"Higashioka, Kyle",2023,1010,26.9,0.246,0.049,0.319,0.295,0.276,0.281,0.219,15.0,61.0,87.9,10.0,30,124,148,-4.1,,,,,,
450,"Heim, Jonah",2024,1781,25.3,0.246,0.153,0.258,0.398,0.3,0.302,0.25,29.0,118.0,87.8,15.8,60,262,188,-5.2,68.377451792,7.317060917,,,,
247,"Peters, DJ",2021,902,27.4,0.246,0.311,0.29,0.557,0.334,0.351,0.234,15.0,61.0,85.5,16.7,63,144,103,-1.6,,,,,,
313,"Maton, Nick",2023,1243,25.2,0.246,0.386,0.258,0.632,0.415,0.313,0.163,14.0,57.0,86.3,23.4,52,144,169,9.7,,,,,,
573,"Mancini, Trey",2022,2368,24.2,0.246,0.246,0.253,0.492,0.345,0.344,0.246,30.0,122.0,88.2,13.2,77,285,288,4.9,,,,,,
253,"Sánchez, Gary",2024,1158,21.8,0.246,0.246,0.289,0.491,0.342,0.352,0.263,14.0,57.0,91.8,19.5,37,110,143,1.3,70.773492308,7.38596,,,,
312,"Segura, Jean",2023,1246,25.0,0.246,0.029,0.321,0.275,0.277,0.286,0.242,17.0,69.0,82.8,1.1,34,156,156,-6.9,,,,,,
658,"Adames, Willy",2023,2596,25.3,0.246,0.21,0.283,0.457,0.342,0.35,0.236,34.0,138.0,87.1,18.1,99,329,329,-1.8,,,,,,
517,"Jeffers, Ryan",2024,1807,28.6,0.246,0.211,0.25,0.456,0.323,0.305,0.249,28.0,114.0,86.2,13.8,62,255,262,1.0,69.045422167,7.299977667,,,,
505,"Hernández, César",2021,2457,20.6,0.246,0.202,0.274,0.447,0.338,0.323,0.238,28.0,114.0,84.7,8.8,55,256,249,5.2,,,,,,
499,"Pollock, AJ",2022,1837,27.2,0.246,0.151,0.277,0.397,0.301,0.295,0.229,31.0,126.0,88.0,8.9,91,282,217,-4.8,,,,,,
251,"Fairchild, Stuart",2023,957,26.2,0.246,0.092,0.333,0.338,0.28,0.267,0.227,16.0,65.0,84.0,12.3,42,133,118,-3.6,,,,,,
314,"Thaiss, Matt",2023,1241,25.3,0.246,0.098,0.35,0.344,0.303,0.359,0.25,15.0,61.0,90.3,10.1,59,156,158,-2.1,,,,,,
461,"Hoerner, Nico",2024,2314,19.9,0.246,0.119,0.25,0.364,0.295,0.311,0.271,29.0,118.0,84.4,8.3,25,228,233,1.0,66.253298493,6.973399589,,,,
626,"Pham, Tommy",2022,2505,25.0,0.246,0.131,0.315,0.377,0.302,0.296,0.213,32.0,130.0,90.6,7.2,70,264,362,-2.6,,,,,,
403,"Alvarez, Francisco",2023,1622,24.8,0.245,0.255,0.262,0.5,0.344,0.331,0.234,24.0,98.0,90.8,10.3,67,197,206,1.5,,,,,,
220,"McCann, James",2024,875,25.1,0.245,0.113,0.3,0.358,0.271,0.298,0.236,13.0,53.0,84.8,16.5,35,128,92,-4.6,67.636493333,6.719623083,,,,
415,"Herrera, Odúbel",2021,1939,21.4,0.245,0.186,0.226,0.431,0.301,0.322,0.271,25.0,102.0,88.9,5.5,41,235,180,0.7,,,,,,
233,"Hiura, Keston",2020,990,23.5,0.245,0.327,0.28,0.571,0.375,0.39,0.225,12.0,49.0,89.7,9.3,54,117,116,5.9,,,,,,
222,"Wade Jr., LaMonte",2022,992,22.4,0.245,0.184,0.286,0.429,0.326,0.315,0.218,12.0,49.0,85.9,16.8,21,110,112,-0.3,,,,,,
200,"Ahmed, Nick",2024,851,23.5,0.245,0.061,0.293,0.306,0.241,0.259,0.248,12.0,49.0,82.2,13.5,32,117,83,-5.7,63.584012,7.033924842,,,,
509,"Nimmo, Brandon",2023,2847,17.9,0.245,0.173,0.294,0.418,0.334,0.308,0.219,27.0,110.0,90.7,14.0,57,232,277,1.0,,,,,,
542,"Vaughn, Andrew",2024,2337,23.2,0.245,0.072,0.289,0.317,0.267,0.3,0.244,34.0,139.0,89.3,16.3,55,285,257,-6.8,69.454254813,7.418540187,,,,
170,"Pillar, Kevin",2020,829,20.5,0.245,0.184,0.282,0.429,0.307,0.368,0.299,12.0,49.0,82.5,7.0,29,102,68,0.9,,,,,,
245,"Kiermaier, Kevin",2020,653,37.5,0.245,0.184,0.294,0.429,0.353,0.366,0.271,12.0,49.0,89.0,3.1,35,112,133,0.0,,,,,,
386,"Bradley Jr., Jackie",2022,1387,27.8,0.245,0.213,0.274,0.457,0.339,0.321,0.24,23.0,94.0,88.1,4.7,56,190,196,5.4,,,,,,
465,"Stott, Bryson",2022,1877,24.8,0.245,0.155,0.3,0.4,0.302,0.253,0.214,27.0,110.0,83.5,12.5,45,217,248,-3.7,,,,,,
449,"Kepler, Max",2024,1498,30.0,0.245,0.094,0.304,0.34,0.269,0.277,0.231,26.0,106.0,90.4,16.3,61,247,202,-5.6,68.584294304,7.282549565,,,,
250,"Seager, Kyle",2020,963,26.0,0.245,0.226,0.204,0.472,0.337,0.356,0.233,13.0,53.0,90.0,23.7,20,100,150,1.3,,,,,,
191,"McCann, James",2023,847,22.6,0.244,0.133,0.303,0.378,0.289,0.327,0.277,11.0,45.0,85.5,13.0,34,110,81,0.0,,,,,,
213,"Miller, Brad",2020,705,30.2,0.244,0.171,0.3,0.415,0.324,0.302,0.21,10.0,41.0,89.2,4.2,23,85,128,1.7,,,,,,
360,"Nola, Austin",2022,1522,23.7,0.244,0.077,0.237,0.321,0.285,0.303,0.24,19.0,78.0,87.8,7.9,20,166,194,-6.3,,,,,,
208,"Goldschmidt, Paul",2020,978,21.3,0.244,0.098,0.333,0.341,0.339,0.343,0.218,10.0,41.0,88.0,10.2,31,81,127,-1.2,,,,,,
204,"Tsutsugo, Yoshi",2020,847,24.1,0.244,0.195,0.258,0.439,0.36,0.373,0.254,10.0,41.0,88.6,16.8,17,79,125,2.3,,,,,,
351,"Walls, Taylor",2023,1420,24.7,0.244,0.154,0.333,0.397,0.324,0.293,0.228,19.0,78.0,84.3,14.9,41,161,190,1.7,,,,,,
386,"Bauers, Jake",2024,1512,25.5,0.244,0.233,0.34,0.478,0.33,0.299,0.224,22.0,90.0,86.7,18.1,67,204,182,-0.3,71.155937092,7.339420051,,,,
424,"Tellez, Rowdy",2023,1503,28.2,0.244,0.198,0.243,0.442,0.322,0.348,0.243,21.0,86.0,92.2,12.7,32,173,251,2.7,,,,,,
370,"Candelario, Jeimer",2022,1739,21.3,0.244,0.178,0.286,0.422,0.31,0.285,0.212,22.0,90.0,85.3,13.9,54,183,187,0.0,,,,,,
307,"Tatis Jr., Fernando",2024,1551,19.8,0.244,0.134,0.286,0.378,0.297,0.365,0.292,20.0,82.0,91.9,4.4,42,162,145,-2.8,71.124507067,7.192682533,,,,
365,"d'Arnaud, Travis",2024,1353,27.0,0.244,0.198,0.274,0.442,0.301,0.344,0.254,21.0,86.0,93.3,14.4,74,206,159,-2.6,68.969924821,7.553623393,,,,
161,"Matos, Luis",2024,544,29.6,0.244,0.178,0.257,0.422,0.278,0.279,0.257,11.0,45.0,84.3,11.7,16,87,74,0.5,69.860018642,7.284936173,,,,
164,"Alu, Jake",2023,678,24.2,0.244,0.024,0.345,0.268,0.246,0.212,0.178,10.0,41.0,87.3,3.6,26,83,81,-5.2,,,,,,
320,"Rojas, Josh",2024,1901,16.8,0.244,0.073,0.302,0.317,0.272,0.292,0.242,20.0,82.0,86.4,11.0,43,162,158,-5.1,63.077411267,6.898031533,,,,
188,"Camargo, Johan",2022,718,26.2,0.244,0.171,0.286,0.415,0.327,0.294,0.222,10.0,41.0,82.3,6.7,29,96,92,1.5,,,,,,
358,"Trout, Mike",2022,2105,17.0,0.243,0.311,0.283,0.554,0.374,0.355,0.242,18.0,74.0,89.0,20.1,47,166,192,6.9,,,,,,
148,"Valdez, Enmanuel",2023,610,24.3,0.243,0.216,0.304,0.459,0.295,0.232,0.183,9.0,37.0,89.0,12.5,23,84,64,-0.2,,,,,,
576,"Mountcastle, Ryan",2022,2340,24.6,0.243,0.114,0.295,0.357,0.272,0.294,0.246,34.0,140.0,90.0,13.9,103,339,237,-10.7,,,,,,
180,"Walls, Taylor",2021,745,24.2,0.243,0.081,0.333,0.324,0.323,0.342,0.253,9.0,37.0,86.2,12.3,21,84,96,1.8,,,,,,
145,"Kiner-Falefa, Isiah",2020,799,18.1,0.242,0.0,0.276,0.242,0.282,0.262,0.19,8.0,33.0,85.0,3.1,10,74,71,-0.5,,,,,,
430,"Walker, Christian",2021,1774,24.2,0.242,0.091,0.307,0.333,0.293,0.308,0.247,24.0,99.0,85.2,14.4,72,249,181,-0.6,,,,,,
522,"Thomas, Lane",2024,2080,25.1,0.242,0.161,0.297,0.403,0.309,0.293,0.236,30.0,124.0,85.7,13.4,54,248,274,-4.1,69.261248761,6.594277521,,,,
152,"Hilliard, Sam",2024,648,23.5,0.242,0.333,0.238,0.576,0.36,0.351,0.263,8.0,33.0,87.3,12.2,31,78,74,0.7,70.799568933,6.958373867,,,,
108,"Montero, Elehuris",2022,674,16.0,0.242,0.182,0.333,0.424,0.308,0.298,0.25,8.0,33.0,91.0,6.0,21,60,48,1.9,,,,,,
274,"Montero, Elehuris",2024,923,29.7,0.242,0.121,0.259,0.364,0.3,0.348,0.263,16.0,66.0,91.2,18.1,37,150,124,-1.6,74.244767786,7.477423893,,,,
678,"De La Cruz, Bryan",2023,2467,27.5,0.242,0.094,0.3,0.336,0.278,0.299,0.244,36.0,149.0,90.3,12.3,104,342,336,-8.5,,,,,,
418,"Cooper, Garrett",2022,1861,22.5,0.242,0.189,0.294,0.432,0.328,0.361,0.271,23.0,95.0,90.5,12.5,50,195,223,4.4,,,,,,
260,"Bethancourt, Christian",2023,1180,22.0,0.242,0.167,0.271,0.409,0.282,0.268,0.227,16.0,66.0,89.3,11.5,48,153,107,-3.5,,,,,,
139,"Blanco, Dairon",2024,459,30.3,0.242,0.182,0.3,0.424,0.31,0.311,0.226,8.0,33.0,84.6,1.9,23,70,69,-1.2,71.599049394,7.392871818,,,,
276,"Hedges, Austin",2021,1185,23.3,0.242,0.045,0.32,0.288,0.233,0.216,0.21,16.0,66.0,81.2,26.8,52,156,120,-6.8,,,,,,
189,"Rodgers, Brendan",2023,696,27.2,0.241,0.111,0.3,0.352,0.268,0.298,0.247,13.0,54.0,87.9,5.6,28,99,90,-1.4,,,,,,
483,"Lux, Gavin",2022,1844,26.2,0.241,0.098,0.295,0.339,0.292,0.303,0.225,27.0,112.0,87.7,6.5,45,206,277,-5.0,,,,,,
548,"Verdugo, Alex",2024,2342,23.4,0.241,0.146,0.23,0.387,0.278,0.312,0.272,33.0,137.0,87.9,9.0,40,260,288,-11.0,66.73304017,6.266514,,,,
524,"Grisham, Trent",2022,2219,23.6,0.241,0.176,0.304,0.417,0.335,0.301,0.211,26.0,108.0,79.8,9.7,59,222,302,-2.2,,,,,,
512,"Ozuna, Marcell",2023,2366,21.6,0.241,0.233,0.247,0.474,0.327,0.364,0.261,32.0,133.0,89.3,15.2,66,266,246,3.7,,,,,,
256,"Hampson, Garrett",2023,975,26.3,0.241,0.148,0.324,0.389,0.335,0.339,0.252,13.0,54.0,82.8,9.2,34,102,154,-2.3,,,,,,
364,"Kiermaier, Kevin",2021,1494,24.4,0.241,0.101,0.31,0.342,0.282,0.277,0.214,19.0,79.0,89.2,-0.5,65,191,173,-0.1,,,,,,
249,"Yepez, Juan",2024,966,25.8,0.241,0.224,0.208,0.466,0.331,0.317,0.252,14.0,58.0,83.7,3.7,18,114,135,-2.0,68.852967946,7.018916786,,,,
549,"Yelich, Christian",2022,2747,20.0,0.241,0.222,0.26,0.463,0.383,0.409,0.287,26.0,108.0,92.7,4.1,63,230,319,14.1,,,,,,
315,"Fortes, Nick",2023,1129,27.9,0.241,0.051,0.292,0.291,0.273,0.251,0.205,19.0,79.0,83.2,3.1,21,146,169,-6.8,,,,,,
119,"Naquin, Tyler",2020,523,22.8,0.241,0.414,0.238,0.655,0.36,0.304,0.261,7.0,29.0,93.0,12.3,18,70,49,1.7,,,,,,
365,"Moore, Dylan",2021,1608,22.7,0.241,0.304,0.325,0.544,0.375,0.334,0.219,19.0,79.0,81.7,23.1,51,160,205,4.8,,,,,,
602,"Cruz, Oneil",2024,2381,25.3,0.241,0.102,0.366,0.343,0.277,0.317,0.259,33.0,137.0,97.5,7.4,107,286,316,-12.1,76.364432542,7.504396542,,,,
600,"Turner, Trea",2023,2675,22.4,0.241,0.131,0.323,0.372,0.297,0.297,0.249,35.0,145.0,88.4,9.0,114,332,268,-3.6,,,,,,
613,"Renfroe, Hunter",2021,2191,28.0,0.241,0.213,0.265,0.454,0.313,0.297,0.209,34.0,141.0,88.8,12.5,77,302,311,-1.5,,,,,,
201,"Robert Jr., Luis",2020,882,22.8,0.241,0.333,0.258,0.574,0.335,0.35,0.246,13.0,54.0,86.9,19.6,58,120,81,-0.2,,,,,,
349,"Gorman, Nolan",2022,1317,26.5,0.24,0.147,0.333,0.387,0.323,0.326,0.236,18.0,75.0,88.0,16.3,67,195,154,-0.3,,,,,,
219,"Bellinger, Cody",2020,967,22.6,0.24,0.12,0.268,0.36,0.316,0.362,0.291,12.0,50.0,89.9,10.6,30,116,103,-1.6,,,,,,
536,"Pham, Tommy",2023,1917,28.0,0.24,0.173,0.282,0.413,0.339,0.351,0.24,25.0,104.0,89.8,2.3,44,208,328,4.4,,,,,,
461,"O'Hoppe, Logan",2024,1983,23.2,0.24,0.21,0.3,0.45,0.345,0.382,0.276,24.0,100.0,90.7,10.7,91,243,218,4.7,67.814610089,7.151501384,,,,
138,"Engel, Adam",2021,542,25.5,0.24,0.24,0.235,0.48,0.345,0.309,0.178,6.0,25.0,88.1,12.7,18,72,66,1.0,,,,,,
406,"Bader, Harrison",2024,1647,24.7,0.24,0.144,0.262,0.385,0.287,0.299,0.244,25.0,104.0,87.3,13.1,46,205,201,-2.7,68.91039875,6.84725855,,,,
109,"Zunino, Mike",2022,482,22.6,0.24,0.36,0.188,0.6,0.378,0.394,0.253,6.0,25.0,95.0,24.7,18,56,53,1.3,,,,,,
686,"Bell, Josh",2022,2505,27.4,0.24,0.113,0.267,0.353,0.305,0.319,0.254,36.0,150.0,88.2,7.2,68,314,372,-2.2,,,,,,
90,"Pérez, Michael",2020,366,24.6,0.24,0.04,0.316,0.28,0.217,0.366,0.315,6.0,25.0,88.0,19.8,14,51,39,-0.7,,,,,,
452,"Ahmed, Nick",2021,1777,25.4,0.24,0.135,0.295,0.375,0.306,0.274,0.214,25.0,104.0,85.1,15.7,59,225,227,-5.6,,,,,,
415,"Urshela, Gio",2024,1693,24.5,0.24,0.135,0.259,0.375,0.278,0.289,0.254,25.0,104.0,84.7,8.5,49,247,168,-2.7,65.215554458,6.895195625,,,,
476,"Vierling, Matt",2024,2312,20.6,0.24,0.202,0.263,0.442,0.31,0.303,0.252,25.0,104.0,87.9,8.8,47,211,265,-2.9,68.997100249,7.299673582,,,,
473,"Cronenworth, Jake",2023,2060,23.0,0.239,0.11,0.275,0.349,0.299,0.294,0.227,26.0,109.0,85.5,17.6,33,231,242,-4.3,,,,,,
162,"Buxton, Byron",2021,925,17.5,0.239,0.261,0.242,0.5,0.339,0.417,0.307,11.0,46.0,90.5,15.9,23,89,73,-1.7,,,,,,
678,"Happ, Ian",2024,2721,24.9,0.239,0.275,0.296,0.514,0.369,0.354,0.237,33.0,138.0,91.7,15.8,100,329,349,7.9,70.075745318,6.857987994,,,,
674,"Semien, Marcus",2021,2923,23.1,0.239,0.336,0.227,0.575,0.364,0.337,0.239,32.0,134.0,88.6,19.0,93,316,358,4.4,,,,,,
522,"Donaldson, Josh",2022,2176,24.0,0.239,0.204,0.284,0.442,0.321,0.322,0.223,27.0,113.0,91.7,10.8,87,259,263,4.9,,,,,,
338,"Laureano, Ramón",2024,1180,28.6,0.239,0.141,0.333,0.38,0.304,0.305,0.222,17.0,71.0,89.0,13.4,53,177,161,1.6,69.810533614,7.088806627,,,,
215,"Hampson, Garrett",2024,883,24.3,0.239,0.087,0.314,0.326,0.276,0.267,0.21,11.0,46.0,85.6,19.9,27,105,110,-4.2,66.335359808,6.708265192,,,,
397,"Sánchez, Gary",2021,1845,21.5,0.239,0.227,0.291,0.466,0.335,0.308,0.212,21.0,88.0,89.4,16.5,59,196,201,-0.1,,,,,,
324,"Sheets, Gavin",2023,1421,22.8,0.239,0.224,0.214,0.463,0.334,0.301,0.221,16.0,67.0,87.8,13.9,30,149,175,4.2,,,,,,
450,"Moran, Colin",2021,1386,32.5,0.238,0.139,0.282,0.376,0.305,0.292,0.216,24.0,101.0,89.1,6.4,61,224,226,-1.6,,,,,,
581,"Story, Trevor",2021,2402,24.2,0.238,0.27,0.303,0.508,0.34,0.348,0.245,30.0,126.0,90.4,20.3,95,282,299,4.5,,,,,,
187,"Contreras, William",2021,708,26.4,0.238,0.167,0.258,0.405,0.326,0.377,0.295,10.0,42.0,90.0,11.8,32,92,95,3.4,,,,,,
197,"Reyes, Pablo",2023,709,27.8,0.238,0.143,0.237,0.381,0.279,0.268,0.223,10.0,42.0,88.6,6.2,10,82,115,1.8,,,,,,
456,"Riley, Austin",2024,1822,25.0,0.238,0.19,0.323,0.429,0.307,0.321,0.236,25.0,105.0,90.2,10.4,80,244,212,-1.7,72.591606773,7.452210091,,,,
161,"Reyes, Victor",2021,869,18.5,0.238,0.119,0.25,0.357,0.276,0.393,0.346,10.0,42.0,90.9,4.2,16,96,65,-0.4,,,,,,
419,"Flores, Wilmer",2021,1727,24.3,0.238,0.149,0.238,0.386,0.291,0.276,0.228,24.0,101.0,88.6,20.3,41,214,205,-4.8,,,,,,
182,"Baty, Brett",2024,676,26.9,0.238,0.19,0.333,0.429,0.319,0.297,0.223,10.0,42.0,88.3,12.8,39,106,76,-1.5,67.837545625,7.256339688,,,,
212,"Bryant, Kris",2024,608,34.9,0.238,0.167,0.32,0.405,0.335,0.322,0.22,10.0,42.0,87.0,17.3,35,101,111,-2.5,69.164121111,7.939962111,,,,
513,"Sánchez, Jesús",2024,1991,25.8,0.238,0.169,0.292,0.408,0.293,0.345,0.281,31.0,130.0,93.0,9.1,99,299,214,-4.4,72.203591388,6.962090142,,,,
68,"Martínez, Angel",2024,677,10.0,0.238,0.048,0.278,0.286,0.228,0.313,0.279,5.0,21.0,86.8,12.8,6,41,27,-2.2,67.576444211,7.127816053,,,,
91,"Mervis, Matt",2023,405,22.5,0.238,0.048,0.385,0.286,0.269,0.26,0.217,5.0,21.0,95.0,10.1,20,50,41,-2.6,,,,,,
301,"DeJong, Paul",2023,1424,21.1,0.238,0.19,0.276,0.429,0.297,0.315,0.262,20.0,84.0,85.0,14.5,54,175,126,-7.1,,,,,,
508,"Bellinger, Cody",2022,2301,22.1,0.238,0.221,0.291,0.459,0.308,0.292,0.224,29.0,122.0,90.2,24.5,83,270,238,-1.6,,,,,,
200,"Odor, Rougned",2020,594,33.7,0.238,0.357,0.222,0.595,0.348,0.279,0.189,10.0,42.0,86.4,25.2,25,101,99,0.3,,,,,,
696,"García, Adolis",2024,2534,27.5,0.238,0.126,0.303,0.364,0.305,0.317,0.24,36.0,151.0,90.5,9.8,120,352,344,-3.8,70.681074768,7.784103127,,,,
175,"Hernández, Teoscar",2020,840,20.8,0.238,0.214,0.292,0.452,0.325,0.315,0.218,10.0,42.0,93.1,14.8,36,80,95,-1.5,,,,,,
66,"Bruján, Vidal",2023,299,22.1,0.238,0.0,0.313,0.238,0.232,0.274,0.267,5.0,21.0,75.5,4.8,10,40,26,-3.2,,,,,,
216,"Reyes, Franmil",2020,982,22.0,0.238,0.167,0.258,0.405,0.301,0.364,0.22,10.0,42.0,90.4,15.7,43,106,110,-4.2,,,,,,
590,"Giménez, Andrés",2023,2346,25.1,0.238,0.123,0.316,0.362,0.295,0.292,0.241,31.0,130.0,82.7,10.8,95,339,251,-14.4,,,,,,
578,"McMahon, Ryan",2024,2723,21.2,0.238,0.138,0.315,0.377,0.299,0.311,0.236,31.0,130.0,91.9,8.0,95,318,260,-4.4,70.660235987,7.094649638,,,,
295,"Solano, Donovan",2024,1273,23.2,0.237,0.068,0.304,0.305,0.302,0.338,0.261,14.0,59.0,89.3,13.9,33,144,151,1.5,65.444575108,6.863451295,,,,
229,"Farmer, Kyle",2024,882,26.0,0.237,0.203,0.267,0.441,0.315,0.29,0.225,14.0,59.0,85.1,13.7,27,114,115,-1.9,64.488691731,6.7452575,,,,
374,"Biggio, Cavan",2022,1282,29.2,0.237,0.079,0.346,0.316,0.293,0.268,0.195,18.0,76.0,85.6,15.5,43,155,219,-2.9,,,,,,
483,"Wendle, Joey",2021,1857,26.0,0.237,0.137,0.3,0.374,0.26,0.226,0.208,31.0,131.0,88.1,6.0,78,257,226,-9.2,,,,,,
282,"Narváez, Omar",2022,1182,23.9,0.237,0.068,0.286,0.305,0.308,0.297,0.208,14.0,59.0,83.8,22.9,36,135,147,-1.4,,,,,,
420,"Alvarez, Francisco",2024,1331,31.6,0.237,0.226,0.257,0.462,0.334,0.318,0.234,22.0,93.0,88.8,11.7,53,199,221,0.9,72.280789889,7.17805,,,,
511,"Grisham, Trent",2023,2341,21.8,0.237,0.161,0.317,0.398,0.311,0.303,0.227,28.0,118.0,86.3,13.0,67,237,274,-4.8,,,,,,
173,"Fraley, Jake",2022,985,17.6,0.237,0.105,0.258,0.342,0.306,0.364,0.273,9.0,38.0,82.7,13.9,17,76,97,0.7,,,,,,
492,"Burger, Jake",2023,2048,24.0,0.237,0.254,0.276,0.492,0.325,0.309,0.242,28.0,118.0,89.7,8.1,81,265,227,1.5,,,,,,
346,"Simmons, Andrelton",2021,1645,21.0,0.237,0.065,0.259,0.301,0.27,0.271,0.235,22.0,93.0,78.8,4.1,32,179,167,-8.6,,,,,,
147,"Margot, Manuel",2020,583,25.2,0.237,0.053,0.273,0.289,0.266,0.338,0.301,9.0,38.0,85.4,8.7,16,72,75,-4.8,,,,,,
559,"Taveras, Leody",2023,2106,26.5,0.237,0.074,0.304,0.311,0.261,0.305,0.254,32.0,135.0,87.1,6.9,74,293,266,-11.3,,,,,,
232,"Carpenter, Matt",2020,736,31.5,0.237,0.132,0.32,0.368,0.37,0.389,0.226,9.0,38.0,85.2,20.0,31,98,134,6.0,,,,,,
299,"Olivares, Edward",2023,1420,21.1,0.236,0.139,0.25,0.375,0.302,0.307,0.225,17.0,72.0,81.8,16.9,29,149,150,-6.8,,,,,,
165,"Molina, Yadier",2022,986,16.7,0.236,0.091,0.24,0.327,0.256,0.251,0.232,13.0,55.0,84.5,12.2,24,116,49,-1.8,,,"Molina, Yadier",Catcher,71.0,225.0
468,"Renfroe, Hunter",2022,2027,23.1,0.236,0.282,0.237,0.518,0.35,0.343,0.233,26.0,110.0,88.5,16.1,60,231,237,-1.1,,,,,,
564,"Soler, Jorge",2023,2315,24.4,0.236,0.252,0.25,0.488,0.345,0.385,0.269,29.0,123.0,90.7,16.7,72,259,305,-2.6,,,,,,
351,"Celestino, Gilberto",2022,1384,25.4,0.236,0.056,0.298,0.292,0.308,0.334,0.247,17.0,72.0,85.1,-6.1,29,149,202,-1.3,,,,,,
295,"Lewis, Royce",2024,1233,23.9,0.236,0.236,0.236,0.472,0.309,0.301,0.244,17.0,72.0,88.5,13.6,44,160,135,-2.2,70.883169245,7.697872579,,,,
610,"Torres, Gleyber",2022,2226,27.4,0.236,0.16,0.286,0.396,0.299,0.297,0.22,34.0,144.0,89.4,21.6,88,302,308,-5.9,,,,,,
225,"Hampson, Garrett",2022,886,25.4,0.235,0.157,0.297,0.392,0.308,0.254,0.159,12.0,51.0,80.8,9.7,27,108,117,-4.3,,,,,,
75,"Jones, Jahmai",2021,276,27.2,0.235,0.059,0.364,0.294,0.277,0.284,0.219,4.0,17.0,83.7,28.4,5,27,48,-1.9,,,,,,
83,"Busch, Michael",2023,353,23.5,0.235,0.059,0.308,0.294,0.264,0.307,0.227,4.0,17.0,91.8,1.7,9,41,42,-1.9,,,,,,
431,"Haase, Eric",2021,1548,27.8,0.235,0.206,0.295,0.441,0.311,0.308,0.231,24.0,102.0,89.9,19.0,89,235,196,-4.1,,,,,,
141,"Guillorme, Luis",2023,481,29.3,0.235,0.059,0.296,0.294,0.236,0.246,0.223,8.0,34.0,87.7,11.2,16,70,71,-4.6,,,,,,
61,"Strange-Gordon, Dee",2020,287,21.3,0.235,0.0,0.333,0.235,0.235,0.186,0.163,4.0,17.0,72.8,30.0,9,31,30,-2.6,,,,,,
434,"Hernández, Enrique",2021,2265,19.2,0.235,0.153,0.263,0.388,0.298,0.312,0.23,23.0,98.0,89.5,20.8,51,205,229,-9.1,,,,,,
70,"Daza, Yonathan",2023,275,25.5,0.235,0.0,0.25,0.235,0.248,0.216,0.171,4.0,17.0,79.8,15.8,5,40,30,-1.0,,,,,,
78,"Davis, Khris",2021,451,17.3,0.235,0.118,0.286,0.353,0.287,0.353,0.216,4.0,17.0,96.2,17.5,15,39,39,-0.6,,,,,,
445,"Langeliers, Shea",2023,1921,23.2,0.235,0.255,0.286,0.49,0.337,0.333,0.225,24.0,102.0,88.9,10.8,70,222,223,0.4,,,,,,
716,"Muncy, Max",2022,2436,29.4,0.235,0.226,0.247,0.461,0.379,0.381,0.22,27.0,115.0,91.3,23.4,80,285,431,11.6,,,,,,
90,"Luplow, Jordan",2020,398,22.6,0.235,0.118,0.267,0.353,0.3,0.286,0.189,4.0,17.0,83.6,25.3,11,40,50,-1.2,,,,,,
55,"Romo, Drew",2024,189,29.1,0.235,0.118,0.364,0.353,0.251,0.27,0.251,4.0,17.0,81.1,10.5,10,33,22,-1.2,67.648116875,7.174030313,,,,
175,"Chang, Yu",2022,762,23.0,0.235,0.029,0.348,0.265,0.267,0.234,0.18,8.0,34.0,86.0,20.6,30,92,83,-4.0,,,,,,
470,"Sánchez, Gary",2022,1881,25.0,0.235,0.314,0.246,0.549,0.368,0.396,0.245,24.0,102.0,91.1,22.3,55,196,274,5.8,,,,,,
93,"Wade, Tyler",2020,394,23.6,0.235,0.059,0.267,0.294,0.322,0.404,0.339,4.0,17.0,84.1,19.9,5,42,51,-1.2,,,,,,
54,"Cordero, Franchy",2023,250,21.6,0.235,0.588,0.125,0.824,0.427,0.313,0.205,4.0,17.0,91.8,19.6,7,24,30,2.4,,,,,,
628,"Straw, Myles",2021,2653,23.7,0.235,0.053,0.279,0.288,0.271,0.313,0.28,31.0,132.0,82.4,8.5,33,267,361,-10.0,,,,,,
237,"Moustakas, Mike",2022,1150,20.6,0.235,0.0,0.293,0.235,0.254,0.273,0.202,12.0,51.0,87.4,12.3,35,135,102,-5.2,,,,,,
206,"Heyward, Jason",2020,809,25.5,0.235,0.206,0.24,0.441,0.368,0.345,0.216,8.0,34.0,84.7,13.4,19,70,136,1.7,,,,,,
189,"Choi, Ji Man",2020,595,31.8,0.235,0.176,0.259,0.412,0.337,0.283,0.165,8.0,34.0,85.8,19.7,20,79,110,-1.5,,,,,,
363,"Longoria, Evan",2021,1155,31.4,0.235,0.111,0.283,0.346,0.294,0.337,0.257,19.0,81.0,92.9,14.6,42,157,206,-1.2,,,,,,
273,"Realmuto, J.T.",2020,742,36.8,0.235,0.265,0.238,0.5,0.331,0.284,0.209,16.0,68.0,89.7,17.5,44,135,138,0.6,,,,,,
85,"Lowe, Nathaniel",2020,295,28.8,0.235,0.176,0.429,0.412,0.353,0.321,0.212,4.0,17.0,88.7,-2.3,14,36,49,0.6,,,,,,
241,"Difo, Wilmer",2021,922,26.1,0.235,0.157,0.286,0.392,0.335,0.307,0.205,12.0,51.0,80.9,14.8,38,122,119,0.9,,,,,,
80,"Voit, Luke",2023,284,28.2,0.235,0.059,0.333,0.294,0.28,0.328,0.29,4.0,17.0,92.8,15.6,13,40,40,-1.7,,,,,,
328,"Castro, Willi",2023,1586,20.7,0.234,0.094,0.286,0.328,0.312,0.338,0.258,15.0,64.0,81.1,12.6,42,165,163,-2.1,,,,,,
301,"Alonso, Pete",2020,929,32.4,0.234,0.281,0.22,0.516,0.362,0.363,0.235,15.0,64.0,88.2,17.4,50,149,152,0.2,,,,,,
554,"Schwarber, Kyle",2022,2878,19.2,0.234,0.252,0.273,0.486,0.357,0.374,0.231,26.0,111.0,92.9,16.4,63,227,327,2.6,,,,,,
499,"Murphy, Sean",2022,2372,21.0,0.234,0.171,0.253,0.405,0.315,0.315,0.204,26.0,111.0,85.0,12.3,62,254,245,-1.0,,,,,,
446,"Taylor, Michael A.",2022,1717,26.0,0.234,0.053,0.344,0.287,0.264,0.266,0.194,22.0,94.0,83.8,14.7,80,218,228,-5.7,,,,,,
425,"Mullins, Cedric",2024,1938,21.9,0.234,0.149,0.29,0.383,0.309,0.27,0.205,22.0,94.0,85.6,15.7,47,223,202,1.4,66.832830918,7.306779903,,,,
190,"Rosario, Eddie",2022,1010,18.8,0.234,0.128,0.286,0.362,0.258,0.21,0.174,11.0,47.0,88.3,13.1,37,111,79,-2.0,,,,,,
461,"Franco, Wander",2023,1901,24.3,0.234,0.075,0.258,0.308,0.268,0.282,0.245,25.0,107.0,86.9,8.7,33,222,239,-6.1,,,,,,
382,"Wade Jr., LaMonte",2023,2102,18.2,0.234,0.065,0.266,0.299,0.31,0.367,0.28,18.0,77.0,84.9,13.5,39,149,233,-1.1,,,,,,
703,"Chapman, Matt",2022,2637,26.7,0.234,0.182,0.286,0.416,0.336,0.353,0.233,32.0,137.0,90.3,19.0,89,288,415,0.6,,,,,,
688,"Santander, Anthony",2024,2738,25.1,0.234,0.201,0.226,0.435,0.309,0.333,0.251,36.0,154.0,89.2,20.3,68,370,318,-3.5,71.547131734,7.067120983,,,,
179,"Arias, Gabriel",2024,578,31.0,0.233,0.07,0.385,0.302,0.264,0.229,0.179,10.0,43.0,83.1,6.5,53,112,67,-4.3,72.165704632,7.42265,,,,
485,"O'Neill, Tyler",2021,2070,23.4,0.233,0.275,0.282,0.508,0.33,0.347,0.253,28.0,120.0,91.0,20.2,100,259,226,-4.5,,,,,,
122,"Edman, Tommy",2024,567,21.5,0.233,0.133,0.273,0.367,0.302,0.262,0.183,7.0,30.0,84.5,17.0,18,60,62,0.7,66.035237833,6.645606833,,,,
123,"Kendrick, Howie",2020,384,32.0,0.233,0.067,0.241,0.3,0.244,0.264,0.23,7.0,30.0,84.7,2.4,16,70,53,-4.1,,,"Kendrick, Howie",First_Baseman,70.0,180.0
127,"McKenna, Ryan",2022,597,21.3,0.233,0.133,0.412,0.367,0.276,0.251,0.195,7.0,30.0,81.3,11.4,26,68,59,-2.1,,,,,,
251,"Harper, Bryce",2020,973,25.8,0.233,0.256,0.269,0.488,0.389,0.45,0.268,10.0,43.0,94.3,25.1,37,110,141,3.2,,,,,,
187,"Smith, Pavin",2024,631,29.6,0.233,0.419,0.147,0.651,0.371,0.422,0.306,10.0,43.0,87.6,12.9,13,83,104,5.6,71.779579367,7.213639873,,,,
390,"Caratini, Victor",2021,1312,29.7,0.233,0.047,0.275,0.279,0.265,0.298,0.232,20.0,86.0,89.3,9.0,39,163,227,-6.2,,,,,,
287,"Sánchez, Gary",2023,1091,26.3,0.232,0.29,0.227,0.522,0.339,0.303,0.199,16.0,69.0,89.8,10.5,31,121,166,2.0,,,,,,
391,"Hosmer, Eric",2022,1617,24.2,0.232,0.095,0.26,0.326,0.286,0.285,0.224,22.0,95.0,87.3,4.0,37,182,209,-0.7,,,,,,
278,"Velázquez, Nelson",2024,903,30.8,0.232,0.179,0.262,0.411,0.315,0.381,0.261,13.0,56.0,90.1,15.7,53,130,148,-1.5,71.207857131,7.479525,,,,
296,"Moore, Dylan",2022,1133,26.1,0.232,0.143,0.289,0.375,0.345,0.332,0.213,13.0,56.0,84.0,18.7,31,126,170,1.4,,,,,,
264,"Hiura, Keston",2022,1146,23.0,0.232,0.143,0.333,0.375,0.323,0.322,0.213,13.0,56.0,90.4,18.6,53,140,124,-1.4,,,,,,
395,"Realmuto, J.T.",2024,1583,25.0,0.232,0.105,0.297,0.337,0.285,0.363,0.291,22.0,95.0,92.0,11.7,55,201,194,-5.1,71.647162155,7.563531105,,,,
256,"Frelick, Sal",2023,878,29.2,0.232,0.179,0.239,0.411,0.304,0.291,0.236,13.0,56.0,83.0,11.1,14,119,137,-3.0,,,,,,
249,"Pasquantino, Vinnie",2022,1039,24.0,0.232,0.125,0.234,0.357,0.322,0.396,0.282,13.0,56.0,92.1,16.6,18,114,135,0.6,,,,,,
326,"García, Leury",2022,1155,28.2,0.232,0.029,0.262,0.261,0.233,0.314,0.286,16.0,69.0,83.0,4.3,46,190,136,-9.7,,,,,,
681,"Alonso, Pete",2024,2780,24.5,0.232,0.185,0.275,0.417,0.325,0.316,0.217,35.0,151.0,86.9,13.1,81,295,386,-1.4,73.03339446,7.303294928,,,,
221,"Mondesi, Adalberto",2020,847,26.1,0.232,0.125,0.375,0.357,0.265,0.246,0.223,13.0,56.0,81.3,15.0,59,127,94,-8.2,,,,,,
432,"Triolo, Jared",2024,1764,24.5,0.232,0.071,0.292,0.303,0.274,0.286,0.223,23.0,99.0,88.7,10.8,64,221,211,-5.9,68.112138802,7.738457552,,,,
159,"Pérez, Carlos",2023,738,21.5,0.231,0.128,0.235,0.359,0.265,0.298,0.256,9.0,39.0,90.8,12.7,13,80,79,-2.8,,,,,,
101,"Ramos, Bryan",2024,418,24.2,0.231,0.038,0.273,0.269,0.227,0.307,0.27,6.0,26.0,92.9,17.4,16,48,53,-2.9,71.435118913,8.308687174,,,,
202,"Heim, Jonah",2021,1139,17.7,0.231,0.269,0.231,0.5,0.314,0.335,0.237,12.0,52.0,87.5,17.8,25,115,87,-2.3,,,,,,
55,"Wade, Tyler",2023,205,26.8,0.231,0.0,0.273,0.231,0.269,0.298,0.239,3.0,13.0,80.7,11.0,5,21,34,-1.2,,,,,,
55,"Palacios, Joshua",2021,163,33.7,0.231,0.0,0.333,0.231,0.222,0.288,0.202,3.0,13.0,89.6,3.1,11,28,27,-3.1,,,,,,
57,"Baddoo, Akil",2024,318,17.9,0.231,0.308,0.167,0.538,0.386,0.54,0.366,3.0,13.0,95.7,17.0,8,26,31,0.8,72.455979615,7.536850385,,,,
626,"Kim, Ha-Seong",2023,2727,23.0,0.231,0.116,0.273,0.347,0.289,0.277,0.223,28.0,121.0,86.0,16.2,46,267,359,-3.4,,,,,,
44,"Garcia, Aramis",2021,340,12.9,0.231,0.0,0.5,0.231,0.203,0.163,0.173,3.0,13.0,86.3,14.3,11,26,18,-2.1,,,,,,
215,"Davis, J.D.",2021,890,24.2,0.231,0.154,0.381,0.385,0.336,0.316,0.197,9.0,39.0,89.2,8.3,47,107,108,-4.0,,,,,,
519,"Cruz, Nelson",2021,2198,23.6,0.231,0.231,0.227,0.462,0.314,0.368,0.243,27.0,117.0,92.0,13.4,82,268,251,3.1,,,"Cruz, Nelson",Outfielder,75.0,175.0
393,"O'Neill, Tyler",2024,1984,19.8,0.231,0.308,0.271,0.538,0.349,0.321,0.201,21.0,91.0,88.0,14.7,73,204,189,-4.1,73.062823125,7.537010104,,,,
57,"Horwitz, Spencer",2023,169,33.7,0.231,0.077,0.3,0.308,0.293,0.242,0.18,3.0,13.0,83.7,-3.7,5,24,33,-0.2,,,,,,
46,"García, Leury",2020,226,20.4,0.231,0.231,0.182,0.462,0.317,0.357,0.261,3.0,13.0,87.0,4.1,7,23,23,0.6,,,,,,
59,"Taylor, Tyrone",2020,158,37.3,0.231,0.154,0.25,0.385,0.29,0.284,0.236,3.0,13.0,86.4,23.8,10,32,27,-1.4,,,,,,
421,"De La Cruz, Elly",2023,1755,24.0,0.231,0.198,0.34,0.429,0.307,0.294,0.232,21.0,91.0,89.7,6.1,59,201,220,3.2,,,,,,
188,"Sosa, Edmundo",2022,653,28.8,0.231,0.154,0.297,0.385,0.304,0.288,0.238,12.0,52.0,89.7,4.9,33,113,75,-1.4,,,,,,
183,"Grisham, Trent",2024,854,21.4,0.231,0.359,0.167,0.59,0.366,0.379,0.254,9.0,39.0,89.1,19.6,12,77,106,1.6,66.652384722,7.436998472,,,,
474,"Hoskins, Rhys",2021,1886,25.1,0.231,0.185,0.286,0.417,0.306,0.316,0.212,25.0,108.0,89.8,23.8,58,225,249,-3.4,,,,,,
532,"Espinal, Santiago",2022,1912,27.8,0.231,0.077,0.255,0.308,0.27,0.268,0.225,27.0,117.0,84.3,11.8,33,252,280,-7.3,,,,,,
54,"Mathias, Mark",2020,142,38.0,0.231,0.077,0.273,0.308,0.231,0.283,0.264,3.0,13.0,85.6,20.0,5,23,31,0.1,,,,,,
44,"Alfaro, Jorge",2023,175,25.1,0.231,0.308,0.286,0.538,0.318,0.3,0.24,3.0,13.0,92.6,-4.9,9,30,14,-0.6,,,,,,
94,"Pache, Cristian",2023,382,24.6,0.231,0.192,0.263,0.423,0.305,0.311,0.24,6.0,26.0,78.7,14.3,15,47,47,-1.3,,,,,,
78,"Casali, Curt",2020,413,18.9,0.231,0.0,0.375,0.231,0.27,0.253,0.188,3.0,13.0,88.5,13.5,9,36,42,-0.4,,,,,,
228,"Meyers, Jake",2021,655,34.8,0.231,0.173,0.323,0.404,0.299,0.306,0.24,12.0,52.0,85.3,8.6,30,108,120,-1.1,,,,,,
96,"Bryant, Kris",2020,600,16.0,0.231,0.154,0.278,0.385,0.305,0.28,0.229,6.0,26.0,82.8,13.4,13,45,51,0.9,,,,,,
71,"Mathis, Jeff",2020,268,26.5,0.231,0.231,0.333,0.462,0.321,0.353,0.229,3.0,13.0,89.8,18.3,13,32,39,0.4,,,"Mathis, Jeff",Catcher,72.0,180.0
56,"Barrero, Jose",2021,209,26.8,0.231,0.154,0.333,0.385,0.314,0.282,0.186,3.0,13.0,87.0,30.1,7,26,30,-1.3,,,,,,
111,"Lee, Jung Hoo",2024,569,19.5,0.231,0.077,0.214,0.308,0.216,0.258,0.268,6.0,26.0,85.5,17.0,4,54,57,-1.7,68.487557907,7.51108907,,,,
48,"Colás, Oscar",2024,144,33.3,0.231,0.0,0.375,0.231,0.203,0.169,0.182,3.0,13.0,81.7,8.4,8,24,24,-1.5,70.6788525,7.039195417,,,,
55,"McCoy, Mason",2024,232,23.7,0.231,0.0,0.333,0.231,0.203,0.28,0.305,3.0,13.0,68.5,-12.0,10,30,25,-2.8,56.351240833,6.223813333,,,,
37,"Freeman, Mike",2020,137,27.0,0.231,0.0,0.25,0.231,0.189,0.228,0.246,3.0,13.0,80.0,12.2,5,27,10,-1.8,,,,,,
442,"Andrus, Elvis",2022,2252,19.6,0.231,0.163,0.241,0.394,0.305,0.284,0.241,24.0,104.0,88.5,8.9,44,207,235,0.6,,,,,,
613,"Taylor, Michael A.",2021,2113,29.0,0.231,0.058,0.314,0.289,0.267,0.315,0.261,28.0,121.0,91.4,13.3,105,309,304,-6.3,,,,,,
196,"Lowe, Josh",2022,851,23.0,0.231,0.179,0.364,0.41,0.311,0.28,0.205,9.0,39.0,89.4,7.3,38,91,105,-0.3,,,,,,
244,"Anderson, Tim",2022,1145,21.3,0.231,0.077,0.246,0.308,0.273,0.278,0.242,15.0,65.0,85.0,-3.8,33,148,96,-1.7,,,,,,
58,"Narváez, Omar",2024,269,21.6,0.231,0.0,0.273,0.231,0.238,0.27,0.232,3.0,13.0,87.4,19.0,7,33,25,-1.0,62.358282813,6.508591563,,,,
307,"Senzel, Nick",2022,1473,20.8,0.23,0.014,0.279,0.243,0.252,0.306,0.267,17.0,74.0,83.1,9.3,30,147,160,-4.8,,,,,,
651,"Hoskins, Rhys",2024,2243,29.0,0.23,0.207,0.258,0.437,0.321,0.296,0.201,31.0,135.0,88.0,18.5,76,301,350,1.6,68.897110536,8.063463464,,,,
675,"Chapman, Matt",2024,2706,24.9,0.23,0.23,0.278,0.46,0.333,0.315,0.213,32.0,139.0,91.0,15.2,90,316,359,-0.1,73.961289617,7.236611045,,,,
378,"Pratto, Nick",2023,1452,26.0,0.23,0.054,0.405,0.284,0.28,0.264,0.195,17.0,74.0,87.2,18.0,57,162,216,-8.3,,,,,,
390,"Duvall, Adam",2023,1336,29.2,0.23,0.287,0.224,0.517,0.337,0.344,0.233,20.0,87.0,87.8,26.3,55,191,199,2.1,,,,,,
266,"Wong, Kolten",2023,984,27.0,0.23,0.082,0.26,0.311,0.263,0.3,0.26,14.0,61.0,83.8,11.6,29,143,123,-2.5,,,,,,
214,"Trevino, Jose",2021,1053,20.3,0.23,0.18,0.24,0.41,0.269,0.267,0.216,14.0,61.0,84.6,4.2,32,113,101,-3.8,,,,,,
305,"Smith, Pavin",2023,923,33.0,0.23,0.148,0.273,0.377,0.339,0.37,0.259,14.0,61.0,89.0,11.3,26,127,178,1.3,,,,,,
558,"Bregman, Alex",2024,2393,23.3,0.23,0.18,0.234,0.41,0.295,0.281,0.226,32.0,139.0,87.1,19.9,41,275,283,-3.0,70.090939881,6.996452937,,,,
311,"Cabrera, Miguel",2023,1381,22.5,0.229,0.071,0.273,0.3,0.286,0.307,0.224,16.0,70.0,89.4,9.5,34,160,151,-4.0,,,"Cabrera, Miguel",Third_Baseman,74.0,210.0
156,"Bethancourt, Christian",2024,516,30.2,0.229,0.188,0.25,0.417,0.291,0.283,0.248,11.0,48.0,79.6,4.1,28,99,57,-2.7,66.133486292,7.080291011,,,,
500,"Caballero, José",2024,1894,26.4,0.229,0.076,0.329,0.305,0.264,0.251,0.202,27.0,118.0,81.0,11.7,79,245,255,-11.8,66.362366109,6.814197783,,,,
484,"Stott, Bryson",2024,2307,21.0,0.229,0.092,0.247,0.321,0.249,0.282,0.262,25.0,109.0,85.3,13.2,44,241,243,-11.0,65.188894831,6.936577161,,,,
137,"Wendle, Joey",2020,673,20.4,0.229,0.086,0.276,0.314,0.285,0.283,0.222,8.0,35.0,84.8,4.6,13,70,67,-2.2,,,,,,
140,"Odor, Rougned",2023,585,23.9,0.229,0.171,0.292,0.4,0.319,0.341,0.258,8.0,35.0,90.0,17.1,22,74,66,4.8,,,,,,
218,"Alexander, Blaze",2024,714,30.5,0.229,0.083,0.294,0.313,0.293,0.25,0.193,11.0,48.0,89.4,5.2,31,115,103,-2.1,71.799101753,7.320692887,,,,
427,"Reynolds, Bryan",2022,2303,18.5,0.229,0.115,0.286,0.344,0.302,0.312,0.233,22.0,96.0,92.5,17.5,52,221,206,-6.2,,,,,,
362,"Thomas, Alek",2023,1489,24.3,0.229,0.108,0.27,0.337,0.277,0.289,0.231,19.0,83.0,87.2,1.1,47,175,187,-1.3,,,,,,
514,"Stanton, Giancarlo",2022,1841,27.9,0.229,0.305,0.215,0.533,0.359,0.413,0.282,24.0,105.0,98.1,12.0,82,235,279,4.7,,,,,,
294,"Cabrera, Oswaldo",2023,1221,24.1,0.229,0.1,0.273,0.329,0.273,0.287,0.233,16.0,70.0,86.8,18.1,35,149,145,-5.2,,,,,,
334,"Bart, Joey",2022,1161,28.8,0.229,0.143,0.333,0.371,0.323,0.323,0.209,16.0,70.0,85.3,12.5,60,159,175,-3.8,,,,,,
337,"Bart, Joey",2024,1127,29.9,0.229,0.3,0.233,0.529,0.365,0.382,0.275,16.0,70.0,86.8,7.2,35,157,180,7.6,71.329051753,7.21248513,,,,
206,"Holliday, Jackson",2024,826,24.9,0.229,0.229,0.29,0.458,0.32,0.319,0.237,11.0,48.0,86.1,7.2,28,95,111,1.6,67.493100968,6.904070968,,,,
495,"Soler, Jorge",2021,2413,20.5,0.229,0.193,0.244,0.422,0.32,0.377,0.265,25.0,109.0,91.2,19.0,65,230,265,3.8,,,,,,
187,"Urshela, Gio",2023,881,21.2,0.229,0.083,0.238,0.313,0.246,0.313,0.268,11.0,48.0,87.7,7.3,17,103,84,-3.3,,,,,,
205,"Higashioka, Kyle",2021,816,25.1,0.229,0.229,0.3,0.458,0.318,0.391,0.252,11.0,48.0,90.4,24.8,35,105,100,-0.8,,,,,,
190,"Fletcher, Dominic",2024,900,21.1,0.229,0.063,0.289,0.292,0.248,0.253,0.228,11.0,48.0,81.0,3.5,27,96,94,-3.9,64.170967865,6.443409101,,,,
170,"Calhoun, Willie",2021,1022,16.6,0.229,0.104,0.256,0.333,0.267,0.305,0.278,11.0,48.0,89.8,13.2,16,83,87,-2.4,,,,,,
345,"Diaz, Yainer",2023,1298,26.6,0.228,0.163,0.243,0.391,0.264,0.29,0.245,21.0,92.0,89.3,12.6,61,216,129,-10.0,,,,,,
331,"Margot, Manuel",2024,1308,25.3,0.228,0.127,0.27,0.354,0.275,0.297,0.24,18.0,79.0,87.1,9.8,30,160,171,-2.9,68.181421391,6.975303907,,,,
336,"Cave, Jake",2024,1345,25.0,0.228,0.114,0.281,0.342,0.276,0.265,0.224,18.0,79.0,85.9,7.4,58,188,148,-4.3,66.319945642,6.800632458,,,,
436,"Ruiz, Keibert",2022,1538,28.3,0.228,0.079,0.24,0.307,0.269,0.347,0.294,26.0,114.0,87.2,14.8,22,231,205,-11.6,,,,,,
390,"Isbel, Kyle",2024,1582,24.7,0.228,0.076,0.276,0.304,0.282,0.302,0.25,21.0,92.0,82.8,8.8,24,182,208,-0.8,67.54493883,6.890311345,,,,
669,"Chapman, Matt",2021,2675,25.0,0.228,0.114,0.317,0.341,0.294,0.292,0.197,28.0,123.0,89.8,15.0,109,300,369,-5.1,,,,,,
228,"Fortes, Nick",2022,850,26.8,0.228,0.175,0.25,0.404,0.311,0.269,0.2,13.0,57.0,87.9,15.3,26,107,121,-3.5,,,,,,
324,"Rosario, Amed",2024,1210,26.8,0.228,0.12,0.282,0.348,0.267,0.261,0.226,21.0,92.0,89.0,7.4,51,188,136,-1.1,69.193027727,7.290714148,,,,
461,"Harris II, Michael",2023,1954,23.6,0.228,0.122,0.255,0.35,0.267,0.326,0.271,28.0,123.0,89.7,10.2,62,248,213,-10.7,,,,,,
270,"Correa, Carlos",2020,870,31.0,0.228,0.053,0.325,0.281,0.276,0.303,0.238,13.0,57.0,90.6,10.4,34,122,148,-3.8,,,,,,
269,"Jeffers, Ryan",2021,1198,22.5,0.228,0.246,0.265,0.474,0.357,0.398,0.276,13.0,57.0,91.8,6.7,40,127,142,5.5,,,,,,
95,"Barrera, Luis",2022,316,30.1,0.227,0.182,0.25,0.409,0.295,0.276,0.218,5.0,22.0,86.7,1.8,11,48,47,-2.2,,,,,,
686,"Wisdom, Patrick",2022,2233,30.7,0.227,0.262,0.265,0.489,0.348,0.302,0.183,32.0,141.0,88.4,18.0,117,338,348,-2.5,,,,,,
223,"Acuña Jr., Ronald",2024,905,24.6,0.227,0.091,0.31,0.318,0.314,0.299,0.212,10.0,44.0,93.1,5.4,29,101,122,-0.9,75.324607558,7.489817674,,,,
87,"Harrison, Josh",2023,392,22.2,0.227,0.0,0.25,0.227,0.243,0.273,0.202,5.0,22.0,81.3,16.1,10,45,42,-2.9,,,,,,
90,"Azocar, José",2023,350,25.7,0.227,0.136,0.308,0.364,0.29,0.282,0.206,5.0,22.0,72.3,14.1,12,50,40,-2.4,,,,,,
592,"Crawford, J.P.",2022,2477,23.9,0.227,0.082,0.247,0.309,0.306,0.308,0.225,25.0,110.0,83.6,7.0,27,247,345,-7.2,,,,,,
328,"Mayfield, Jack",2021,1112,29.5,0.227,0.187,0.255,0.413,0.31,0.237,0.165,17.0,75.0,80.6,15.3,34,171,157,-1.1,,,,,,
94,"Duran, Jarren",2021,429,21.9,0.227,0.182,0.235,0.409,0.291,0.285,0.241,5.0,22.0,90.0,5.6,12,46,48,-2.2,,,,,,
102,"Marisnick, Jake",2022,288,35.4,0.227,0.182,0.364,0.409,0.272,0.302,0.254,5.0,22.0,81.0,12.9,19,56,46,-3.1,,,,,,
301,"Escobar, Eduardo",2023,1236,24.4,0.227,0.093,0.271,0.32,0.256,0.264,0.225,17.0,75.0,83.0,5.0,42,154,147,-12.5,,,,,,
346,"Taylor, Michael A.",2023,1526,22.7,0.227,0.253,0.286,0.48,0.342,0.311,0.201,17.0,75.0,82.8,9.8,52,158,188,-2.2,,,,,,
86,"Sullivan, Brett",2023,300,28.7,0.227,0.045,0.357,0.273,0.208,0.186,0.203,5.0,22.0,84.4,7.5,10,41,45,-4.2,,,,,,
532,"Meyers, Jake",2024,1817,29.3,0.227,0.121,0.276,0.348,0.287,0.319,0.255,30.0,132.0,83.9,6.2,69,272,260,-13.6,63.020512469,6.58369144,,,,
211,"Piña, Manny",2021,801,26.3,0.227,0.364,0.147,0.591,0.407,0.381,0.225,10.0,44.0,81.5,19.1,15,89,122,4.6,,,,,,
159,"Rosario, Amed",2020,523,30.4,0.227,0.136,0.29,0.364,0.259,0.22,0.201,10.0,44.0,85.1,4.8,26,93,66,-5.1,,,,,,
89,"Young, Andrew",2021,417,21.3,0.227,0.318,0.333,0.545,0.337,0.233,0.176,5.0,22.0,86.6,10.3,22,46,43,-2.0,,,,,,
378,"Muncy, Max",2024,1208,31.3,0.227,0.173,0.286,0.4,0.308,0.315,0.218,17.0,75.0,91.9,27.3,56,167,211,-4.2,69.224323937,7.116786378,,,,
540,"Bleday, JJ",2024,2483,21.7,0.227,0.202,0.272,0.429,0.32,0.299,0.219,27.0,119.0,86.4,13.6,68,253,287,-2.6,69.160798512,7.19840124,,,,
415,"Nootbaar, Lars",2024,1659,25.0,0.227,0.17,0.273,0.398,0.32,0.335,0.238,20.0,88.0,89.2,7.4,33,170,245,1.6,71.012565337,6.731855153,,,,
162,"Canzone, Dominic",2023,605,26.8,0.227,0.114,0.257,0.341,0.289,0.309,0.241,10.0,44.0,87.5,15.5,21,88,74,-4.6,,,,,,
74,"Rocchio, Brayan",2023,342,21.6,0.227,0.136,0.294,0.364,0.239,0.203,0.217,5.0,22.0,88.0,2.4,16,46,28,-1.7,,,,,,
80,"Kieboom, Carter",2023,347,23.1,0.227,0.182,0.286,0.409,0.287,0.227,0.197,5.0,22.0,81.4,14.1,18,43,37,-1.2,,,,,,
455,"Hayes, Ke'Bryan",2022,2227,20.4,0.227,0.091,0.274,0.318,0.283,0.33,0.273,25.0,110.0,92.4,3.1,42,197,258,-9.1,,,,,,
321,"Goodwin, Brian",2021,1179,27.2,0.227,0.136,0.255,0.364,0.299,0.312,0.242,15.0,66.0,87.0,18.6,33,141,180,-4.8,,,,,,
372,"Raleigh, Cal",2022,1642,22.7,0.227,0.25,0.238,0.477,0.329,0.36,0.248,20.0,88.0,88.9,20.6,59,203,169,-0.5,,,,,,
421,"Estrada, Thairo",2023,1923,21.9,0.227,0.092,0.266,0.319,0.257,0.276,0.239,27.0,119.0,81.2,6.8,49,231,190,-11.8,,,,,,
581,"Devers, Rafael",2024,2375,24.5,0.226,0.218,0.25,0.444,0.308,0.303,0.228,28.0,124.0,92.5,10.1,91,307,274,-6.8,70.664783238,7.350370071,,,,
350,"Haase, Eric",2023,1118,31.3,0.226,0.048,0.286,0.274,0.251,0.296,0.245,19.0,84.0,86.8,15.3,59,200,150,-6.0,,,,,,
286,"Garver, Mitch",2021,1032,27.7,0.226,0.283,0.258,0.509,0.375,0.428,0.275,12.0,53.0,93.9,13.3,44,124,162,3.1,,,,,,
193,"Ruiz, Rio",2020,788,24.5,0.226,0.151,0.268,0.377,0.258,0.214,0.187,12.0,53.0,84.8,4.3,33,116,77,-1.3,,,,,,
141,"McCann, Kyle",2024,636,22.2,0.226,0.0,0.467,0.226,0.267,0.218,0.137,7.0,31.0,86.4,11.7,30,61,80,-0.9,70.32327,7.572913,,,,
134,"Martin, Jason",2021,608,22.0,0.226,0.29,0.222,0.516,0.321,0.262,0.193,7.0,31.0,88.4,13.0,22,63,71,-0.6,,,,,,
189,"Hays, Austin",2024,845,22.4,0.226,0.17,0.286,0.396,0.271,0.279,0.237,12.0,53.0,89.4,16.1,39,111,78,-6.3,70.222642233,6.993159223,,,,
408,"Grossman, Robbie",2023,1716,23.8,0.226,0.19,0.246,0.417,0.306,0.284,0.199,19.0,84.0,87.9,21.2,31,161,247,-4.6,,,,,,
522,"Bryant, Kris",2021,2232,23.4,0.226,0.209,0.28,0.435,0.346,0.33,0.217,26.0,115.0,89.9,16.4,71,244,278,3.4,,,,,,
532,"Yastrzemski, Mike",2022,2349,22.6,0.226,0.157,0.271,0.383,0.287,0.297,0.219,26.0,115.0,88.0,22.4,49,233,299,-4.5,,,,,,
479,"McCutchen, Andrew",2024,2163,22.1,0.226,0.172,0.281,0.398,0.339,0.323,0.202,21.0,93.0,87.7,17.3,67,210,269,-0.2,70.557053526,7.482578,,,,
132,"Wynns, Austin",2021,562,23.5,0.226,0.194,0.238,0.419,0.297,0.306,0.28,7.0,31.0,80.3,3.0,19,72,60,-0.7,,,,,,
365,"Chavis, Michael",2022,1524,24.0,0.226,0.151,0.286,0.376,0.26,0.265,0.221,21.0,93.0,83.9,12.7,65,207,158,-5.7,,,,,,
139,"Rogers, Jake",2021,561,24.8,0.226,0.258,0.375,0.484,0.326,0.35,0.249,7.0,31.0,86.5,16.4,33,70,69,-0.7,,,,,,
135,"Wade, Tyler",2024,587,23.0,0.226,0.032,0.333,0.258,0.267,0.301,0.259,7.0,31.0,80.6,12.5,16,59,76,-2.6,60.158378837,6.22263093,,,,
232,"d'Arnaud, Travis",2021,872,26.6,0.226,0.132,0.297,0.358,0.274,0.278,0.235,12.0,53.0,87.9,0.3,28,114,118,-2.4,,,,,,
391,"Hampson, Garrett",2021,1906,20.5,0.226,0.075,0.294,0.301,0.258,0.245,0.205,21.0,93.0,83.1,12.0,52,195,196,-9.0,,,,,,
260,"Duvall, Adam",2022,1220,21.3,0.226,0.21,0.262,0.435,0.319,0.313,0.219,14.0,62.0,87.7,24.5,29,128,132,0.9,,,,,,
152,"Meadows, Austin",2022,590,25.8,0.226,0.097,0.233,0.323,0.32,0.375,0.291,7.0,31.0,86.8,20.7,7,65,87,1.2,,,,,,
141,"Taylor, Michael A.",2020,393,35.9,0.226,0.065,0.35,0.29,0.251,0.265,0.22,7.0,31.0,84.5,10.6,20,69,72,-3.0,,,,,,
411,"Rocchio, Brayan",2024,1669,24.6,0.226,0.065,0.263,0.29,0.29,0.273,0.205,21.0,93.0,78.2,6.3,50,198,213,-6.4,65.888309171,6.889983481,,,,
168,"Acuña Jr., Ronald",2020,876,19.2,0.226,0.323,0.313,0.548,0.416,0.414,0.223,7.0,31.0,97.8,14.1,19,58,110,2.7,,,,,,
433,"Sheets, Gavin",2022,1699,25.5,0.225,0.202,0.208,0.427,0.314,0.304,0.223,20.0,89.0,89.1,11.8,39,210,223,1.1,,,,,,
149,"Noel, Jhonkensy",2024,725,20.6,0.225,0.25,0.273,0.475,0.324,0.357,0.226,9.0,40.0,90.9,17.5,34,82,67,-0.1,75.398501875,7.92889325,,,,
411,"Kelly, Carson",2021,1473,27.9,0.225,0.212,0.233,0.438,0.343,0.354,0.231,18.0,80.0,87.7,21.5,44,183,228,1.5,,,,,,
185,"Cameron, Daz",2024,715,25.9,0.225,0.125,0.258,0.35,0.274,0.306,0.231,9.0,40.0,88.5,11.2,17,84,101,-5.0,69.189374625,6.485642625,,,,
178,"Markakis, Nick",2020,550,32.4,0.225,0.15,0.273,0.375,0.302,0.331,0.293,9.0,40.0,86.9,4.7,13,77,101,-1.2,,,"Markakis, Nick",Outfielder,74.0,185.0
173,"Rojas, Jose",2021,732,23.6,0.225,0.175,0.269,0.4,0.319,0.349,0.239,9.0,40.0,88.9,19.0,22,79,94,-1.0,,,,,,
187,"Jiménez, Leo",2024,847,22.1,0.225,0.05,0.31,0.275,0.273,0.281,0.208,9.0,40.0,86.2,15.0,30,92,95,-2.3,66.780611667,7.208057889,,,,
310,"Marte, Starling",2023,1269,24.4,0.225,0.085,0.3,0.31,0.283,0.306,0.232,16.0,71.0,85.4,0.3,50,162,148,-3.9,,,,,,
183,"Stewart, DJ",2024,765,23.9,0.225,0.325,0.167,0.55,0.384,0.428,0.283,9.0,40.0,91.9,20.7,22,84,99,3.9,69.782361579,7.066295921,,,,
225,"Severino, Pedro",2020,741,30.4,0.224,0.138,0.282,0.362,0.27,0.297,0.236,13.0,58.0,83.6,2.5,30,107,118,-2.2,,,,,,
700,"Walker, Christian",2022,2543,27.5,0.224,0.178,0.225,0.401,0.319,0.353,0.256,34.0,152.0,87.7,11.4,74,304,396,0.0,,,,,,
225,"Cordero, Franchy",2022,1091,20.6,0.224,0.163,0.243,0.388,0.312,0.345,0.26,11.0,49.0,82.3,12.5,34,113,112,0.1,,,,,,
321,"Moniak, Mickey",2024,1534,20.9,0.224,0.2,0.263,0.424,0.315,0.315,0.237,19.0,85.0,84.3,17.4,53,188,133,0.4,70.307353681,7.519573901,,,,
172,"Colás, Oscar",2023,934,18.4,0.224,0.061,0.289,0.286,0.23,0.233,0.212,11.0,49.0,86.1,5.7,25,92,80,-5.5,,,,,,
239,"O'Hearn, Ryan",2021,978,24.4,0.224,0.207,0.25,0.431,0.275,0.266,0.203,13.0,58.0,91.5,19.6,41,128,111,-6.4,,,,,,
652,"Bell, Josh",2023,2428,26.9,0.224,0.119,0.273,0.343,0.301,0.331,0.24,32.0,143.0,88.3,7.7,75,308,344,-6.4,,,,,,
215,"Mateo, Jorge",2021,822,26.2,0.224,0.061,0.289,0.286,0.275,0.302,0.244,11.0,49.0,82.8,11.8,35,115,100,-7.1,,,,,,
328,"Caratini, Victor",2022,1246,26.3,0.224,0.284,0.217,0.507,0.363,0.339,0.234,15.0,67.0,89.8,9.1,30,135,193,6.9,,,,,,
282,"Laureano, Ramón",2022,1514,18.6,0.224,0.194,0.273,0.418,0.314,0.306,0.218,15.0,67.0,87.1,14.3,42,144,138,-2.5,,,,,,
254,"Lowe, Brandon",2022,1004,25.3,0.224,0.184,0.243,0.408,0.348,0.328,0.212,11.0,49.0,86.8,25.5,37,122,132,-0.9,,,,,,
414,"LeMahieu, DJ",2023,2254,18.4,0.224,0.071,0.275,0.296,0.282,0.352,0.291,22.0,98.0,89.1,4.3,32,176,238,-4.9,,,,,,
204,"Pagés, Pedro",2024,849,24.0,0.224,0.102,0.303,0.327,0.253,0.256,0.195,11.0,49.0,86.3,8.7,31,108,96,-4.0,69.258190673,6.673243654,,,,
508,"Call, Alex",2023,1832,27.7,0.223,0.064,0.3,0.287,0.312,0.287,0.188,21.0,94.0,79.3,12.8,39,194,314,-0.9,,,,,,
444,"Bailey, Patrick",2024,1787,24.8,0.223,0.117,0.244,0.34,0.261,0.291,0.235,23.0,103.0,87.0,11.8,46,229,215,-10.5,69.288105346,7.157049309,,,,
425,"Pages, Andy",2024,1719,24.7,0.223,0.16,0.295,0.383,0.289,0.319,0.228,21.0,94.0,90.4,21.4,64,215,210,-7.2,71.557149952,7.585025167,,,,
416,"Grichuk, Randal",2023,1721,24.2,0.223,0.058,0.277,0.282,0.249,0.277,0.24,23.0,103.0,86.7,10.4,57,219,197,-8.8,,,,,,
173,"Thames, Eric",2020,580,29.8,0.222,0.056,0.364,0.278,0.253,0.218,0.177,8.0,36.0,86.8,9.1,32,90,83,-4.7,,,,,,
71,"Rivera, René",2021,286,24.8,0.222,0.056,0.4,0.278,0.215,0.127,0.118,4.0,18.0,78.3,6.2,18,40,31,-1.7,,,,,,
40,"Walker, Taijuan",2021,192,20.8,0.222,0.0,0.5,0.222,0.245,0.203,0.154,2.0,9.0,85.6,-15.6,9,20,20,-2.7,,,,,,
61,"Rivera, Emmanuel",2021,370,16.5,0.222,0.111,0.286,0.333,0.236,0.281,0.272,4.0,18.0,92.8,14.8,10,31,30,-1.9,,,,,,
42,"Henry, Payton",2022,133,31.6,0.222,0.0,0.286,0.222,0.246,0.294,0.267,2.0,9.0,76.0,-12.9,8,26,16,-1.6,,,,,,
192,"Pache, Cristian",2022,918,20.9,0.222,0.019,0.293,0.241,0.229,0.286,0.273,12.0,54.0,87.2,-6.2,30,104,88,-3.9,,,,,,
413,"Turang, Brice",2023,1795,23.0,0.222,0.141,0.273,0.364,0.261,0.262,0.225,22.0,99.0,79.2,11.1,53,223,190,-7.8,,,,,,
43,"Vierling, Matt",2021,300,14.3,0.222,0.0,0.25,0.222,0.223,0.168,0.133,2.0,9.0,80.9,8.6,4,18,25,-1.7,,,,,,
69,"Motter, Taylor",2023,324,21.3,0.222,0.056,0.333,0.278,0.264,0.254,0.205,4.0,18.0,83.1,13.4,6,30,39,-2.0,,,,,,
120,"Parra, Gerardo",2021,415,28.9,0.222,0.148,0.313,0.37,0.299,0.265,0.199,6.0,27.0,82.5,15.1,19,62,58,-2.8,,,,,,
61,"Romine, Andrew",2021,265,23.0,0.222,0.222,0.25,0.444,0.278,0.217,0.222,4.0,18.0,79.2,-0.4,5,33,28,-1.6,,,,,,
54,"Mathisen, Wyatt",2020,153,35.3,0.222,0.333,0.25,0.556,0.413,0.334,0.175,2.0,9.0,94.3,30.4,7,25,29,1.2,,,,,,
175,"Torrens, Luis",2022,677,25.8,0.222,0.028,0.348,0.25,0.273,0.322,0.228,8.0,36.0,90.5,3.3,21,82,93,-0.8,,,,,,
30,"Colón, Christian",2020,82,36.6,0.222,0.0,0.25,0.222,0.196,0.152,0.162,2.0,9.0,75.7,-8.5,0,18,12,-1.8,,,,,,
111,"Moniak, Mickey",2022,412,26.9,0.222,0.037,0.353,0.259,0.227,0.168,0.141,6.0,27.0,81.4,20.9,20,67,44,-4.5,,,,,,
49,"Souza Jr., Steven",2020,141,34.8,0.222,0.222,0.4,0.444,0.318,0.319,0.218,2.0,9.0,91.9,22.6,10,23,26,-0.6,,,,,,
186,"McMahon, Ryan",2020,841,22.1,0.222,0.25,0.25,0.472,0.347,0.329,0.196,8.0,36.0,92.6,17.8,28,85,101,2.0,,,,,,
293,"Stassi, Max",2021,1270,23.1,0.222,0.206,0.25,0.429,0.332,0.353,0.237,14.0,63.0,87.8,13.3,39,131,162,-2.9,,,,,,
76,"Blandino, Alex",2021,357,21.3,0.222,0.111,0.333,0.333,0.283,0.23,0.177,4.0,18.0,81.3,2.8,5,24,52,-1.2,,,,,,
389,"Kiermaier, Kevin",2023,1508,25.8,0.222,0.144,0.254,0.367,0.29,0.306,0.252,20.0,90.0,84.6,9.0,58,199,190,-7.5,,,,,,
47,"Greiner, Grayson",2020,216,21.8,0.222,0.111,0.5,0.333,0.32,0.269,0.164,2.0,9.0,85.3,23.3,6,20,27,0.0,,,,,,
99,"Gosselin, Phil",2020,418,23.7,0.222,0.056,0.308,0.278,0.285,0.27,0.199,4.0,18.0,84.7,11.1,12,42,57,-0.7,,,,,,
52,"Martínez, J.P.",2023,173,30.1,0.222,0.0,0.286,0.222,0.205,0.211,0.154,2.0,9.0,83.4,11.0,9,25,27,-2.7,,,,,,
162,"Nogowski, John",2021,569,28.5,0.222,0.083,0.25,0.306,0.266,0.253,0.22,8.0,36.0,87.7,15.0,5,62,100,-1.4,,,,,,
47,"Fermín, José",2023,219,21.5,0.222,0.111,0.286,0.333,0.378,0.345,0.189,2.0,9.0,76.9,14.3,3,17,30,1.1,,,,,,
282,"Gomes, Yan",2022,1006,28.0,0.222,0.153,0.233,0.375,0.259,0.239,0.216,16.0,72.0,84.5,7.0,28,147,135,-7.5,,,,,,
180,"Akiyama, Shogo",2021,757,23.8,0.222,0.083,0.296,0.306,0.277,0.311,0.247,8.0,36.0,84.7,0.9,21,86,94,-2.4,,,,,,
29,"Nido, Tomás",2020,91,31.9,0.222,0.667,0.0,0.889,0.466,0.446,0.278,2.0,9.0,89.6,-4.7,6,16,13,1.2,,,,,,
21,"Muñoz, Yairo",2020,152,13.8,0.222,0.444,0.143,0.667,0.357,0.279,0.226,2.0,9.0,87.0,7.5,4,14,7,0.6,,,,,,
105,"Stefanic, Michael",2024,482,21.8,0.222,0.074,0.3,0.296,0.256,0.205,0.162,6.0,27.0,80.2,14.7,7,48,57,-1.2,57.967656522,6.048591739,,,,
319,"Newman, Kevin",2024,1070,29.8,0.222,0.062,0.258,0.284,0.251,0.258,0.23,18.0,81.0,82.4,14.5,29,153,166,-5.9,65.105490132,6.526035232,,,,
31,"Garcia, Maikel",2022,93,33.3,0.222,0.111,0.286,0.333,0.238,0.256,0.268,2.0,9.0,88.3,5.6,2,13,18,-1.1,,,,,,
135,"Williams, Luke",2021,413,32.7,0.222,0.037,0.353,0.259,0.271,0.225,0.164,6.0,27.0,83.4,5.9,12,56,79,-3.6,,,,,,
427,"Rutschman, Adley",2022,2009,21.3,0.222,0.198,0.242,0.42,0.352,0.362,0.23,18.0,81.0,88.4,16.3,33,176,251,-1.1,,,,,,
214,"Trevino, Jose",2024,896,23.9,0.222,0.089,0.265,0.311,0.289,0.287,0.21,10.0,45.0,84.6,5.8,20,91,123,-2.8,66.210891807,6.834535181,,,,
260,"Moreland, Mitch",2021,986,26.4,0.222,0.074,0.256,0.296,0.25,0.281,0.241,12.0,54.0,91.6,13.1,33,120,140,-6.4,,,,,,
46,"Westbrook, Jamie",2024,200,23.0,0.222,0.444,0.125,0.667,0.36,0.454,0.263,2.0,9.0,94.8,32.9,4,19,27,2.4,67.840318235,7.444069412,,,,
154,"Alberto, Hanser",2020,760,20.3,0.222,0.111,0.25,0.333,0.245,0.281,0.284,10.0,45.0,81.6,17.0,21,99,55,-4.2,,,,,,
154,"Caratini, Victor",2023,805,19.1,0.222,0.083,0.233,0.306,0.284,0.318,0.274,8.0,36.0,89.3,12.8,14,64,90,0.3,,,,,,
213,"Mateo, Jorge",2024,820,26.0,0.222,0.2,0.216,0.422,0.297,0.317,0.238,10.0,45.0,79.6,8.1,28,123,90,-0.1,67.879897458,7.464266271,,,,
364,"Edman, Tommy",2023,1809,20.1,0.222,0.202,0.228,0.424,0.283,0.288,0.253,22.0,99.0,88.1,9.1,36,178,186,-1.7,,,,,,
542,"Gurriel, Yuli",2022,2116,25.6,0.221,0.061,0.25,0.282,0.247,0.231,0.205,29.0,131.0,86.4,12.3,37,264,278,-15.1,,,,,,
383,"Rortvedt, Ben",2024,1357,28.2,0.221,0.14,0.286,0.36,0.299,0.276,0.2,19.0,86.0,89.0,14.6,50,173,210,-2.5,67.100346933,6.801015767,,,,
271,"Rendon, Anthony",2021,948,28.6,0.221,0.147,0.25,0.368,0.287,0.28,0.221,15.0,68.0,89.4,24.5,26,139,132,-1.7,,,,,,
316,"Hernandez, Yadiel",2021,1155,27.4,0.221,0.059,0.286,0.279,0.248,0.254,0.202,15.0,68.0,90.6,6.7,54,166,150,-10.6,,,,,,
470,"Andrus, Elvis",2021,2053,22.9,0.221,0.035,0.248,0.257,0.236,0.329,0.295,25.0,113.0,86.3,9.2,49,253,217,-10.4,,,,,,
322,"Heredia, Guillermo",2021,1344,24.0,0.221,0.132,0.275,0.353,0.322,0.295,0.19,15.0,68.0,86.9,8.7,41,153,169,2.9,,,,,,
443,"Benintendi, Andrew",2024,1995,22.2,0.221,0.195,0.23,0.416,0.287,0.292,0.236,25.0,113.0,87.3,15.6,57,236,207,-6.6,64.724941948,6.482874589,,,,
165,"Anderson, Tim",2020,786,21.0,0.22,0.073,0.3,0.293,0.267,0.29,0.228,9.0,41.0,81.5,4.6,36,93,72,-5.1,,,,,,
354,"Smith, Dominic",2024,1211,29.2,0.22,0.134,0.279,0.354,0.297,0.308,0.219,18.0,82.0,89.7,15.1,38,158,196,-5.2,66.850423464,6.92438,,,,
235,"Springer, George",2021,1328,17.7,0.22,0.203,0.227,0.424,0.337,0.328,0.197,13.0,59.0,85.5,23.5,32,112,123,1.9,,,,,,
392,"Schwindel, Frank",2022,1138,34.4,0.22,0.061,0.273,0.28,0.271,0.296,0.223,18.0,82.0,87.8,9.5,52,218,174,-4.7,,,,,,
264,"Meneses, Joey",2022,938,28.1,0.22,0.153,0.275,0.373,0.274,0.246,0.191,13.0,59.0,89.6,2.7,39,131,133,-5.6,,,,,,
225,"Semien, Marcus",2020,984,22.9,0.22,0.3,0.184,0.52,0.345,0.31,0.213,11.0,50.0,88.3,21.3,20,96,129,-0.9,,,,,,
307,"Baty, Brett",2023,1510,20.3,0.22,0.024,0.316,0.244,0.228,0.239,0.205,18.0,82.0,85.8,7.5,45,143,164,-8.5,,,,,,
167,"Smith, Josh",2022,1048,15.9,0.22,0.098,0.222,0.317,0.247,0.303,0.267,9.0,41.0,85.6,19.4,20,77,90,-3.6,,,,,,
279,"Ford, Mike",2023,1032,27.0,0.22,0.119,0.297,0.339,0.308,0.289,0.189,13.0,59.0,85.2,22.2,44,123,156,-3.4,,,,,,
610,"Castro, Willi",2024,2509,24.3,0.22,0.159,0.267,0.379,0.313,0.335,0.233,29.0,132.0,83.9,10.6,87,310,300,1.4,68.22344931,6.969023345,,,,
624,"McMahon, Ryan",2022,2559,24.4,0.22,0.157,0.275,0.378,0.315,0.342,0.246,28.0,127.0,91.7,11.5,91,303,321,0.0,,,,,,
187,"Reynolds, Bryan",2020,863,21.7,0.22,0.146,0.32,0.366,0.286,0.264,0.187,9.0,41.0,84.4,0.7,25,84,103,-2.7,,,,,,
356,"Ruf, Darin",2021,1377,25.9,0.22,0.159,0.294,0.378,0.283,0.298,0.232,18.0,82.0,91.5,11.6,50,153,203,-2.3,,,,,,
394,"Rengifo, Luis",2022,1818,21.7,0.22,0.093,0.238,0.314,0.253,0.276,0.238,26.0,118.0,83.3,6.9,49,230,164,-9.8,,,,,,
561,"Busch, Michael",2024,2365,23.7,0.22,0.102,0.296,0.322,0.288,0.307,0.207,26.0,118.0,86.9,15.9,70,258,303,-6.7,67.54223004,7.097589639,,,,
115,"Wade, Tyler",2022,628,18.3,0.219,0.031,0.28,0.25,0.22,0.246,0.216,7.0,32.0,75.8,2.4,9,66,49,-5.6,,,,,,
435,"McCann, James",2021,1623,26.8,0.219,0.135,0.288,0.354,0.281,0.301,0.212,21.0,96.0,85.3,7.1,67,224,211,-8.6,,,,,,
242,"Loperfido, Joey",2024,1003,24.1,0.219,0.172,0.308,0.391,0.281,0.234,0.189,14.0,64.0,87.1,11.4,58,135,107,-6.5,70.95300015,7.64520797,,,,
138,"Verdugo, Alex",2020,923,15.0,0.219,0.063,0.25,0.281,0.273,0.302,0.215,7.0,32.0,85.6,7.3,11,56,82,-0.1,,,,,,
308,"Gamel, Ben",2021,1600,19.3,0.219,0.055,0.273,0.274,0.254,0.301,0.238,16.0,73.0,84.2,7.4,47,158,150,-4.4,,,,,,
312,"Valdez, Enmanuel",2024,919,33.9,0.219,0.234,0.239,0.453,0.305,0.264,0.177,14.0,64.0,88.6,22.1,35,145,167,-1.8,68.426135,7.428517734,,,,
110,"Buxton, Byron",2020,443,24.8,0.219,0.188,0.185,0.406,0.259,0.315,0.276,7.0,32.0,89.8,22.6,17,68,42,-0.8,,,,,,
564,"India, Jonathan",2023,2205,25.6,0.219,0.079,0.242,0.298,0.286,0.345,0.251,25.0,114.0,89.6,13.1,47,222,342,-10.3,,,,,,
165,"Larnach, Trevor",2022,724,22.8,0.219,0.125,0.412,0.344,0.286,0.319,0.2,7.0,32.0,85.8,12.0,29,65,100,-3.5,,,,,,
141,"Dyson, Jarrod",2021,560,25.2,0.219,0.063,0.28,0.281,0.249,0.238,0.205,7.0,32.0,75.0,5.4,20,75,66,-1.7,,,,,,
145,"Sanó, Miguel",2020,869,16.7,0.219,0.344,0.286,0.563,0.351,0.335,0.227,7.0,32.0,98.7,7.9,29,71,74,-2.1,,,,,,
296,"Odor, Rougned",2021,1343,22.0,0.219,0.068,0.313,0.288,0.266,0.224,0.163,16.0,73.0,84.9,21.3,48,167,129,-5.8,,,,,,
134,"Mondesi, Adalberto",2021,543,24.7,0.219,0.313,0.235,0.531,0.321,0.301,0.221,7.0,32.0,79.3,2.1,24,83,51,-2.4,,,,,,
476,"Thomas, Lane",2022,2204,21.6,0.218,0.092,0.275,0.311,0.251,0.278,0.226,26.0,119.0,85.4,10.5,52,231,245,-11.5,,,,,,
489,"Springer, George",2024,2304,21.2,0.218,0.21,0.211,0.429,0.329,0.351,0.252,26.0,119.0,86.6,14.5,64,244,245,-2.6,68.730741316,7.333616316,,,,
634,"Varsho, Daulton",2023,2313,27.4,0.218,0.136,0.277,0.354,0.282,0.291,0.224,32.0,147.0,86.0,15.3,88,332,302,-9.7,,,,,,
331,"Sánchez, Jesús",2022,1391,23.8,0.218,0.115,0.302,0.333,0.275,0.243,0.194,17.0,78.0,89.3,12.7,49,159,172,-8.6,,,,,,
739,"Martinez, J.D.",2022,2389,30.9,0.218,0.135,0.273,0.353,0.29,0.31,0.221,34.0,156.0,86.2,11.1,128,378,361,-11.4,,,,,,
201,"Jiménez, Eloy",2021,793,25.3,0.218,0.273,0.222,0.491,0.315,0.283,0.212,12.0,55.0,90.9,7.9,42,113,88,3.3,,,,,,
102,"Encarnacion, Jerar",2022,339,30.1,0.217,0.261,0.267,0.478,0.281,0.288,0.237,5.0,23.0,90.9,5.9,23,53,49,-0.8,,,,,,
118,"Olivares, Edward",2021,460,25.7,0.217,0.13,0.235,0.348,0.283,0.243,0.199,5.0,23.0,85.2,-0.3,19,55,63,-2.8,,,,,,
97,"Inciarte, Ender",2021,352,27.6,0.217,0.174,0.235,0.391,0.28,0.175,0.132,5.0,23.0,82.2,21.2,13,54,43,-3.6,,,,,,
691,"Chapman, Matt",2023,2451,28.2,0.217,0.084,0.312,0.301,0.283,0.319,0.214,31.0,143.0,89.7,14.2,101,309,382,-11.9,,,,,,
106,"Long Jr., Shed",2020,498,21.3,0.217,0.087,0.357,0.304,0.261,0.237,0.171,5.0,23.0,86.5,6.3,21,52,54,-2.7,,,,,,
84,"DeShields, Delino",2020,448,18.8,0.217,0.043,0.333,0.261,0.247,0.247,0.203,5.0,23.0,76.1,-5.2,16,41,43,-2.4,,,,,,
374,"Moncada, Yoán",2023,1390,26.9,0.217,0.133,0.314,0.349,0.278,0.267,0.203,18.0,83.0,88.8,10.5,55,177,197,-4.3,,,,,,
382,"Meyers, Jake",2023,1325,28.8,0.217,0.217,0.245,0.434,0.31,0.254,0.173,18.0,83.0,83.1,13.9,53,179,203,-4.9,,,,,,
220,"Friedl, TJ",2022,996,22.1,0.217,0.217,0.205,0.435,0.289,0.236,0.179,10.0,46.0,82.4,18.4,26,108,111,-3.7,,,,,,
98,"Baker, Luken",2023,448,21.9,0.217,0.261,0.333,0.478,0.305,0.261,0.218,5.0,23.0,93.0,23.6,17,44,54,-1.4,,,,,,
372,"Wong, Connor",2023,1541,24.1,0.217,0.13,0.327,0.348,0.266,0.225,0.173,20.0,92.0,86.3,12.9,75,203,169,-9.0,,,,,,
105,"Galvis, Freddy",2020,618,17.0,0.217,0.0,0.294,0.217,0.325,0.358,0.232,5.0,23.0,84.6,6.8,13,40,65,-0.3,,,,,,
83,"Naylor, Josh",2020,380,21.8,0.217,0.0,0.25,0.217,0.213,0.277,0.271,5.0,23.0,80.2,20.2,5,40,43,-3.8,,,,,,
96,"McCann, James",2020,451,21.3,0.217,0.087,0.385,0.304,0.224,0.253,0.21,5.0,23.0,95.2,15.2,18,52,44,-3.6,,,,,,
181,"Ibáñez, Andy",2021,929,19.5,0.217,0.174,0.211,0.391,0.3,0.3,0.205,10.0,46.0,85.8,14.4,15,94,87,-1.4,,,,,,
113,"Hernaiz, Darell",2024,510,22.2,0.217,0.043,0.25,0.261,0.289,0.332,0.227,5.0,23.0,87.4,-0.6,10,43,70,3.3,66.26198075,7.00712475,,,,
442,"Conforto, Michael",2024,1965,22.5,0.217,0.141,0.246,0.359,0.292,0.324,0.236,20.0,92.0,89.9,14.1,43,194,248,1.5,71.531039477,7.227606628,,,,
700,"Santana, Carlos",2021,2706,25.9,0.217,0.119,0.243,0.336,0.287,0.301,0.216,31.0,143.0,89.4,11.5,69,304,396,-8.9,,,,,,
192,"Gallo, Joey",2020,956,20.1,0.216,0.243,0.261,0.459,0.347,0.342,0.21,8.0,37.0,88.9,27.3,32,88,104,1.3,,,,,,
156,"Cave, Jake",2021,719,21.7,0.216,0.108,0.292,0.324,0.275,0.317,0.264,8.0,37.0,85.3,9.1,21,74,82,0.2,,,,,,
162,"McCann, James",2022,713,22.7,0.216,0.189,0.24,0.405,0.312,0.354,0.245,8.0,37.0,89.3,16.9,31,84,78,-0.9,,,,,,
319,"Kim, Ha-Seong",2021,1183,27.0,0.216,0.122,0.273,0.338,0.249,0.257,0.22,16.0,74.0,83.6,9.8,35,166,153,-5.6,,,,,,
251,"Haniger, Mitch",2023,925,27.1,0.216,0.176,0.303,0.392,0.303,0.314,0.232,11.0,51.0,89.4,18.5,34,118,133,-3.9,,,,,,
509,"Dozier, Hunter",2021,2076,24.5,0.216,0.189,0.241,0.405,0.315,0.337,0.224,24.0,111.0,89.4,19.7,74,250,259,-8.6,,,,,,
732,"Schwarber, Kyle",2023,3068,23.9,0.216,0.338,0.2,0.554,0.377,0.367,0.213,30.0,139.0,93.4,19.6,87,286,446,8.9,,,,,,
338,"Singleton, Jon",2024,1626,20.8,0.216,0.189,0.231,0.405,0.308,0.342,0.253,16.0,74.0,87.7,11.0,47,142,196,-4.6,70.2746,7.137179424,,,,
142,"Reyes, Victor",2020,810,17.5,0.216,0.027,0.276,0.243,0.238,0.397,0.35,8.0,37.0,91.3,13.9,22,89,53,-0.2,,,,,,
320,"Sosa, Edmundo",2023,1126,28.4,0.216,0.095,0.288,0.311,0.265,0.271,0.214,16.0,74.0,83.3,11.1,58,200,120,-7.4,,,,,,
342,"Rivera, Emmanuel",2022,1324,25.8,0.215,0.19,0.313,0.405,0.308,0.285,0.199,17.0,79.0,92.3,3.7,52,169,173,-0.3,,,,,,
302,"Neto, Zach",2023,1288,23.4,0.215,0.123,0.289,0.338,0.282,0.278,0.204,14.0,65.0,85.4,14.4,49,165,137,-6.8,,,,,,
366,"Urías, Ramón",2022,1645,22.2,0.215,0.075,0.25,0.29,0.239,0.234,0.192,20.0,93.0,83.8,8.9,57,195,171,-12.1,,,,,,
466,"Taveras, Leody",2024,2008,23.2,0.214,0.116,0.239,0.33,0.269,0.283,0.21,24.0,112.0,86.5,19.4,63,242,224,-6.7,68.130153272,7.317783318,,,,
46,"Stubbs, Garrett",2021,114,40.4,0.214,0.143,0.25,0.357,0.27,0.235,0.203,3.0,14.0,76.0,2.4,4,26,20,-2.2,,,,,,
307,"Olson, Matt",2020,1002,30.6,0.214,0.3,0.25,0.514,0.348,0.342,0.207,15.0,70.0,92.5,19.0,52,138,169,4.0,,,,,,
72,"Odom, Joseph",2020,195,36.9,0.214,0.0,0.429,0.214,0.223,0.162,0.123,3.0,14.0,81.2,19.3,10,30,42,-1.9,,,,,,
137,"Dalbec, Bobby",2020,381,36.0,0.214,0.179,0.417,0.393,0.332,0.207,0.098,6.0,28.0,84.7,12.1,31,68,69,-1.0,,,,,,
57,"Dezenzo, Zach",2024,245,23.3,0.214,0.071,0.333,0.286,0.247,0.302,0.227,3.0,14.0,84.7,16.0,12,28,29,1.9,72.06364,7.055165357,,,,
111,"Gonzales, Nick",2023,498,22.3,0.214,0.286,0.217,0.5,0.301,0.285,0.205,6.0,28.0,83.7,3.8,23,65,46,-1.8,,,,,,
152,"Frazier, Adam",2020,885,17.2,0.214,0.119,0.242,0.333,0.273,0.28,0.226,9.0,42.0,85.1,14.2,12,71,81,-1.7,,,,,,
60,"Brosseau, Mike",2023,299,20.1,0.214,0.071,0.375,0.286,0.247,0.197,0.166,3.0,14.0,75.6,5.7,11,31,29,-1.2,,,,,,
154,"Pujols, Albert",2020,622,24.8,0.214,0.19,0.219,0.405,0.262,0.278,0.224,9.0,42.0,85.9,19.5,20,83,71,-0.8,,,"Pujols, Albert",First_Baseman,75.0,225.0
56,"Mondesi, Adalberto",2022,215,26.0,0.214,0.0,0.333,0.214,0.252,0.235,0.181,3.0,14.0,68.8,-13.2,11,27,29,-2.7,,,,,,
44,"Romine, Austin",2021,212,20.8,0.214,0.143,0.3,0.357,0.24,0.141,0.139,3.0,14.0,81.4,19.2,8,24,20,-0.8,,,,,,
106,"Adrianza, Ehire",2022,422,25.1,0.214,0.036,0.231,0.25,0.242,0.321,0.292,6.0,28.0,82.7,11.6,9,55,51,-5.1,,,,,,
628,"McMahon, Ryan",2023,2742,22.9,0.214,0.198,0.262,0.412,0.305,0.325,0.236,28.0,131.0,87.7,8.7,97,295,333,-4.7,,,,,,
125,"Story, Trevor",2024,373,33.5,0.214,0.071,0.375,0.286,0.287,0.255,0.173,6.0,28.0,83.0,10.4,24,67,58,-3.3,66.959135652,7.09583913,,,,
569,"Volpe, Anthony",2024,2797,20.3,0.214,0.135,0.247,0.349,0.277,0.289,0.225,27.0,126.0,85.7,11.5,67,289,280,-4.4,66.835919245,7.032971259,,,,
617,"Stephenson, Tyler",2023,2051,30.1,0.214,0.124,0.265,0.338,0.284,0.315,0.241,31.0,145.0,85.9,10.1,73,262,355,-11.6,,,,,,
548,"Voit, Luke",2022,2248,24.4,0.214,0.222,0.241,0.437,0.307,0.345,0.245,27.0,126.0,89.3,19.1,123,309,239,-5.2,,,,,,
709,"Santana, Carlos",2024,2423,29.3,0.214,0.236,0.216,0.45,0.332,0.329,0.221,30.0,140.0,87.9,19.2,92,321,388,-2.4,69.28301515,7.519655316,,,,
64,"Farmer, Kyle",2020,271,23.6,0.214,0.143,0.273,0.357,0.297,0.347,0.218,3.0,14.0,94.5,26.6,4,29,35,0.1,,,,,,
341,"Trout, Mike",2023,1547,22.0,0.214,0.157,0.279,0.371,0.311,0.369,0.253,15.0,70.0,88.8,14.0,47,160,181,-3.5,,,,,,
68,"Mathisen, Wyatt",2021,199,34.2,0.214,0.0,0.3,0.214,0.288,0.319,0.242,3.0,14.0,92.9,18.4,13,33,35,-0.6,,,,,,
64,"Walton, Donovan",2021,244,26.2,0.214,0.357,0.25,0.571,0.365,0.308,0.234,3.0,14.0,77.1,3.3,8,32,32,2.3,,,,,,
469,"Massey, Michael",2023,1841,25.5,0.214,0.165,0.231,0.379,0.272,0.28,0.222,22.0,103.0,84.7,18.3,57,252,217,-5.8,,,,,,
189,"Cave, Jake",2022,710,26.6,0.214,0.071,0.29,0.286,0.237,0.318,0.261,9.0,42.0,90.9,14.0,36,107,82,-3.7,,,,,,
84,"Hermosillo, Michael",2022,296,28.4,0.214,0.143,0.429,0.357,0.364,0.362,0.216,3.0,14.0,81.2,4.4,17,37,47,0.1,,,,,,
123,"Barnes, Austin",2020,390,31.5,0.214,0.143,0.217,0.357,0.263,0.25,0.188,6.0,28.0,81.6,17.4,14,64,59,-3.7,,,,,,
63,"Guzmán, Ronald",2020,329,19.1,0.214,0.0,0.3,0.214,0.281,0.321,0.246,3.0,14.0,86.6,18.6,7,32,31,1.4,,,,,,
208,"Walker, Jordan",2024,669,31.1,0.214,0.071,0.346,0.286,0.264,0.23,0.154,9.0,42.0,90.0,7.2,41,104,104,-4.3,75.220750816,8.222788878,,,,
48,"Wheeler, Zack",2021,273,17.6,0.214,0.071,0.429,0.286,0.214,0.137,0.144,3.0,14.0,70.2,-15.6,9,27,21,-2.1,,,,,,
231,"Castro, Jason",2021,772,29.9,0.214,0.119,0.381,0.333,0.328,0.336,0.221,9.0,42.0,84.6,4.9,29,89,142,0.3,,,,,,
62,"Trevino, Jose",2020,311,19.9,0.214,0.071,0.214,0.286,0.218,0.303,0.192,3.0,14.0,85.7,12.5,6,29,33,-4.0,,,,,,
139,"Robles, Victor",2023,454,30.6,0.214,0.071,0.3,0.286,0.289,0.258,0.176,6.0,28.0,80.3,-3.7,23,76,63,-4.1,,,,,,
205,"Goodman, Hunter",2024,828,24.8,0.214,0.25,0.211,0.464,0.296,0.348,0.277,12.0,56.0,87.0,9.5,44,124,81,-2.9,73.138068257,7.102353211,,,,
521,"De La Cruz, Bryan",2024,2394,21.8,0.214,0.103,0.28,0.317,0.253,0.28,0.225,27.0,126.0,90.6,13.5,77,272,249,-9.2,70.866273033,7.65614959,,,,
487,"Mateo, Jorge",2022,1982,24.6,0.214,0.154,0.273,0.368,0.289,0.305,0.227,25.0,117.0,85.3,14.1,90,267,220,-6.7,,,,,,
412,"Mullins, Cedric",2021,2588,15.9,0.213,0.128,0.247,0.34,0.273,0.292,0.227,20.0,94.0,87.5,11.6,50,198,214,-2.2,,,,,,
319,"Heyward, Jason",2023,1439,22.2,0.213,0.107,0.238,0.32,0.273,0.284,0.215,16.0,75.0,85.9,13.7,34,154,165,-1.8,,,,,,
251,"Escobar, Eduardo",2020,811,30.9,0.213,0.115,0.224,0.328,0.258,0.329,0.274,13.0,61.0,87.0,19.3,29,141,110,-6.3,,,,,,
200,"Stevenson, Andrew",2021,775,25.8,0.213,0.149,0.258,0.362,0.289,0.314,0.232,10.0,47.0,89.6,6.3,37,101,99,-3.4,,,,,,
465,"Candelario, Jeimer",2024,1781,26.1,0.213,0.222,0.234,0.435,0.307,0.279,0.214,23.0,108.0,86.1,16.2,60,231,234,-2.4,66.643378791,7.70259414,,,,
344,"Phillips, Brett",2021,1234,27.9,0.213,0.333,0.323,0.547,0.335,0.263,0.148,16.0,75.0,89.1,21.9,65,161,183,2.2,,,,,,
276,"Slater, Austin",2021,1188,23.2,0.213,0.18,0.238,0.393,0.301,0.365,0.282,13.0,61.0,86.7,8.5,41,142,134,-3.9,,,,,,
388,"Harrison, Josh",2022,1533,25.3,0.213,0.124,0.25,0.337,0.278,0.256,0.196,19.0,89.0,84.6,13.5,59,218,170,-10.4,,,,,,
254,"Berti, Jon",2021,1138,22.3,0.213,0.128,0.25,0.34,0.311,0.305,0.208,10.0,47.0,79.2,-0.2,25,111,143,-0.1,,,,,,
432,"Berti, Jon",2023,1588,27.2,0.213,0.083,0.262,0.296,0.252,0.303,0.262,23.0,108.0,85.6,0.2,43,214,218,-14.3,,,,,,
383,"Upton, Justin",2021,1520,25.2,0.213,0.147,0.241,0.36,0.311,0.34,0.234,16.0,75.0,90.5,19.0,56,176,207,-4.3,,,,,,
411,"Polanco, Jorge",2024,1946,21.1,0.213,0.064,0.275,0.277,0.269,0.294,0.218,20.0,94.0,88.5,21.2,50,191,220,-6.3,67.386984098,7.045740437,,,,
276,"Aquino, Aristides",2022,1092,25.3,0.213,0.197,0.294,0.41,0.303,0.25,0.181,13.0,61.0,84.8,9.7,70,159,117,-2.5,,,,,,
286,"Burleson, Alec",2023,1238,23.1,0.213,0.093,0.238,0.307,0.24,0.276,0.223,16.0,75.0,86.8,11.7,30,145,141,-13.6,,,,,,
231,"Schneemann, Daniel",2024,901,25.6,0.213,0.149,0.281,0.362,0.279,0.263,0.183,10.0,47.0,88.2,9.8,40,122,109,-5.4,69.812777851,6.966712645,,,,
275,"Suwinski, Jack",2024,1114,24.7,0.212,0.197,0.256,0.409,0.295,0.298,0.224,14.0,66.0,87.2,11.9,37,139,136,-3.9,69.916271698,7.066036321,,,,
150,"Renfroe, Hunter",2020,570,26.3,0.212,0.212,0.261,0.424,0.302,0.31,0.216,7.0,33.0,91.5,21.6,18,62,88,0.0,,,,,,
247,"Smith, Pavin",2022,1109,22.3,0.212,0.152,0.216,0.364,0.255,0.278,0.197,14.0,66.0,83.5,14.9,27,131,116,-1.1,,,,,,
190,"Thaiss, Matt",2024,754,25.2,0.212,0.121,0.35,0.333,0.331,0.342,0.216,7.0,33.0,85.0,10.7,40,92,98,-0.2,69.884365341,7.720582045,,,,
202,"Gonzalez, Romy",2024,826,24.5,0.212,0.288,0.175,0.5,0.29,0.354,0.277,11.0,52.0,91.1,6.0,25,109,93,-0.6,72.605700374,6.921125421,,,,
110,"Manzardo, Kyle",2024,636,17.3,0.212,0.152,0.24,0.364,0.238,0.229,0.192,7.0,33.0,86.7,16.3,18,59,51,-3.9,68.767222034,7.432077797,,,,
154,"Cordero, Franchy",2021,540,28.5,0.212,0.121,0.333,0.333,0.28,0.291,0.231,7.0,33.0,89.5,9.0,31,80,74,2.3,,,,,,
357,"Caratini, Victor",2024,1039,34.4,0.212,0.138,0.255,0.35,0.258,0.269,0.218,17.0,80.0,91.0,9.5,47,177,180,-7.5,70.512389527,6.943743373,,,,
229,"Martinez, J.D.",2020,898,25.5,0.212,0.212,0.29,0.423,0.284,0.289,0.204,11.0,52.0,89.1,24.3,43,129,100,-6.0,,,,,,
271,"Heyward, Jason",2021,1314,20.6,0.212,0.091,0.271,0.303,0.277,0.313,0.244,14.0,66.0,88.0,2.2,39,122,149,-7.3,,,,,,
223,"Calhoun, Willie",2024,958,23.3,0.212,0.115,0.214,0.327,0.281,0.311,0.245,11.0,52.0,91.3,7.3,13,98,125,-3.1,68.128982556,6.423170333,,,,
241,"Biggio, Cavan",2024,955,25.2,0.212,0.058,0.345,0.269,0.259,0.251,0.198,11.0,52.0,78.6,22.4,28,101,140,-6.8,62.691212235,6.655448,,,,
187,"Refsnyder, Rob",2022,732,25.5,0.212,0.242,0.25,0.455,0.338,0.352,0.213,7.0,33.0,92.3,21.0,24,86,101,0.6,,,,,,
171,"Palacios, Richie",2022,513,33.3,0.212,0.121,0.259,0.333,0.276,0.303,0.236,7.0,33.0,80.2,14.1,11,76,95,-3.9,,,,,,
293,"Naylor, Bo",2023,1011,29.0,0.212,0.231,0.216,0.442,0.352,0.331,0.202,11.0,52.0,86.9,25.8,32,130,163,-1.2,,,,,,
649,"Ramírez, José",2023,2610,24.9,0.212,0.141,0.212,0.353,0.272,0.348,0.285,33.0,156.0,89.3,17.3,55,306,343,-14.1,,,,,,
497,"Robert Jr., Luis",2023,2200,22.6,0.212,0.195,0.263,0.407,0.289,0.289,0.221,25.0,118.0,86.1,14.2,110,292,205,1.9,,,,,,
203,"Pinder, Chad",2021,906,22.4,0.212,0.154,0.273,0.365,0.271,0.346,0.249,11.0,52.0,93.4,9.3,31,108,95,-2.5,,,,,,
163,"Knapp, Andrew",2021,619,26.3,0.212,0.0,0.333,0.212,0.235,0.24,0.184,7.0,33.0,80.0,7.0,28,96,67,-5.9,,,,,,
467,"Kepler, Max",2021,1876,24.9,0.212,0.135,0.241,0.346,0.297,0.329,0.227,22.0,104.0,86.2,17.8,52,205,262,-4.6,,,,,,
437,"Grandal, Yasmani",2022,1573,27.8,0.212,0.013,0.27,0.225,0.27,0.297,0.216,17.0,80.0,86.2,13.2,39,162,275,-5.8,,,,,,
325,"Ward, Taylor",2023,1635,19.9,0.211,0.127,0.228,0.338,0.261,0.277,0.21,15.0,71.0,87.4,14.6,34,154,171,-9.0,,,,,,
79,"McBroom, Ryan",2020,363,21.8,0.211,0.0,0.4,0.211,0.211,0.182,0.163,4.0,19.0,80.6,13.1,17,38,41,-2.8,,,,,,
242,"Diaz, Jordan",2023,1083,22.3,0.211,0.053,0.286,0.263,0.248,0.286,0.239,12.0,57.0,87.4,5.0,40,135,107,-4.3,,,,,,
501,"Vierling, Matt",2023,2133,23.5,0.211,0.083,0.263,0.294,0.276,0.302,0.235,23.0,109.0,88.1,1.9,45,220,281,-7.4,,,,,,
113,"Marisnick, Jake",2023,321,35.2,0.211,0.211,0.25,0.421,0.311,0.327,0.211,4.0,19.0,85.8,31.4,16,60,53,-1.3,,,,,,
197,"Schwarber, Kyle",2020,955,20.6,0.211,0.368,0.211,0.579,0.373,0.391,0.243,8.0,38.0,92.5,16.0,27,89,108,-2.0,,,,,,
184,"La Stella, Tommy",2022,794,23.2,0.211,0.132,0.233,0.342,0.28,0.289,0.224,8.0,38.0,86.2,14.2,16,73,111,-3.3,,,,,,
89,"Heredia, Guillermo",2022,347,25.6,0.211,0.105,0.333,0.316,0.27,0.224,0.153,4.0,19.0,81.2,29.9,17,50,39,-1.6,,,,,,
66,"Vogt, Stephen",2020,306,21.6,0.211,0.105,0.267,0.316,0.235,0.304,0.229,4.0,19.0,88.9,21.4,6,34,32,-3.2,,,,,,
305,"Estrada, Thairo",2024,1309,23.3,0.211,0.147,0.222,0.358,0.254,0.254,0.223,20.0,95.0,84.7,9.0,29,169,136,-7.6,67.97340245,7.018192781,,,,
546,"Cowser, Colton",2024,2311,23.6,0.211,0.164,0.28,0.375,0.271,0.302,0.215,27.0,128.0,90.2,13.1,93,266,280,-11.5,72.226438498,6.9655283,,,,
74,"Maybin, Cameron",2020,398,18.6,0.211,0.105,0.308,0.316,0.288,0.296,0.244,4.0,19.0,83.2,-2.8,12,38,36,-2.2,,,,,,
327,"Rivera, Emmanuel",2024,1151,28.4,0.211,0.141,0.241,0.352,0.274,0.304,0.205,15.0,71.0,90.2,9.6,49,166,161,-7.8,67.781567037,6.72350463,,,,
89,"Vogelbach, Daniel",2024,362,24.6,0.211,0.105,0.25,0.316,0.306,0.386,0.284,4.0,19.0,86.4,12.0,3,27,62,0.9,72.353091739,7.612329565,,,,
140,"Dickerson, Corey",2023,546,25.6,0.211,0.105,0.233,0.316,0.253,0.229,0.188,8.0,38.0,88.3,7.6,20,86,54,-4.3,,,,,,
353,"García, Avisaíl",2022,1367,25.8,0.211,0.156,0.227,0.367,0.282,0.327,0.244,19.0,90.0,88.2,6.6,70,207,146,-8.8,,,,,,
72,"Garcia, Aramis",2022,449,16.0,0.211,0.0,0.286,0.211,0.211,0.172,0.151,4.0,19.0,79.2,16.6,13,37,35,-3.4,,,,,,
308,"Jansen, Danny",2024,1376,22.4,0.211,0.193,0.217,0.404,0.34,0.306,0.168,12.0,57.0,88.0,22.4,25,116,192,-0.8,65.60636,6.816302124,,,,
289,"Mateo, Jorge",2023,1317,21.9,0.211,0.169,0.232,0.38,0.283,0.276,0.23,15.0,71.0,82.6,10.6,35,160,129,-2.8,,,,,,
422,"Cabrera, Asdrúbal",2021,1366,30.9,0.211,0.133,0.258,0.344,0.286,0.291,0.211,19.0,90.0,87.2,21.1,58,212,210,-3.4,,,,,,
306,"Peterson, Jace",2022,1420,21.5,0.211,0.158,0.262,0.368,0.281,0.287,0.222,12.0,57.0,88.2,11.2,37,131,175,-5.7,,,,,,
298,"McCormick, Chas",2024,1010,29.5,0.211,0.07,0.311,0.282,0.235,0.264,0.214,15.0,71.0,83.3,16.4,64,165,133,-7.0,68.197458986,7.339520405,,,,
79,"Edwards, Xavier",2023,298,26.5,0.211,0.0,0.235,0.211,0.257,0.31,0.251,4.0,19.0,79.4,12.0,6,41,38,-2.1,,,,,,
223,"Nevin, Tyler",2022,793,28.1,0.211,0.132,0.269,0.342,0.305,0.311,0.213,8.0,38.0,89.5,17.0,29,96,127,-1.8,,,,,,
69,"Pinto, René",2022,325,21.2,0.211,0.0,0.364,0.211,0.211,0.235,0.218,4.0,19.0,84.3,8.5,18,44,25,-2.7,,,,,,
520,"Melendez, MJ",2023,2440,21.3,0.211,0.128,0.276,0.339,0.299,0.305,0.199,23.0,109.0,91.9,17.0,90,248,272,-7.5,,,,,,
480,"Marte, Ketel",2022,2159,22.2,0.21,0.14,0.241,0.35,0.305,0.324,0.222,21.0,100.0,91.2,17.4,53,221,259,-1.0,,,,,,
244,"Heyward, Jason",2024,1024,23.8,0.21,0.323,0.178,0.532,0.313,0.273,0.235,13.0,62.0,88.9,12.4,31,144,100,1.2,72.360995556,8.177144593,,,,
309,"Contreras, Willson",2024,1382,22.4,0.21,0.081,0.267,0.29,0.324,0.326,0.207,13.0,62.0,85.5,8.0,48,137,172,-3.0,73.499895984,7.717357087,,,,
482,"Varsho, Daulton",2024,2048,23.5,0.21,0.286,0.241,0.495,0.333,0.268,0.178,22.0,105.0,85.1,21.8,76,243,239,-1.5,71.146142655,7.474269115,,,,
280,"Lee, Korey",2024,1429,19.6,0.21,0.148,0.269,0.358,0.253,0.219,0.199,17.0,81.0,86.0,9.0,62,173,107,-7.2,67.86575858,6.926743889,,,,
607,"Escobar, Eduardo",2022,2089,29.1,0.21,0.167,0.24,0.377,0.277,0.292,0.226,29.0,138.0,87.6,22.8,83,315,292,-10.8,,,,,,
252,"Isbel, Kyle",2022,1074,23.5,0.21,0.113,0.293,0.323,0.274,0.256,0.204,13.0,62.0,84.6,8.8,31,117,134,-6.6,,,,,,
171,"Pollock, AJ",2020,746,22.9,0.209,0.186,0.212,0.395,0.278,0.297,0.213,9.0,43.0,91.5,11.8,18,83,88,-4.0,,,,,,
499,"Santana, Carlos",2022,2066,24.2,0.209,0.151,0.227,0.36,0.359,0.396,0.251,18.0,86.0,91.2,14.9,44,177,322,6.8,,,,,,
164,"Gonzalez, Oscar",2023,687,23.9,0.209,0.116,0.235,0.326,0.222,0.237,0.21,9.0,43.0,85.7,4.0,29,103,61,-5.9,,,,,,
202,"Moore, Dylan",2023,682,29.6,0.209,0.14,0.333,0.349,0.294,0.305,0.204,9.0,43.0,91.1,21.0,29,97,105,-3.1,,,,,,
387,"Hernández, Enrique",2024,1518,25.5,0.209,0.174,0.221,0.384,0.292,0.279,0.201,18.0,86.0,86.3,26.1,55,197,190,-4.5,67.603157011,7.065745109,,,,
189,"Rodríguez, Endy",2023,776,24.4,0.209,0.07,0.3,0.279,0.263,0.276,0.215,9.0,43.0,88.0,12.9,23,90,99,-4.9,,,,,,
156,"Dahl, David",2021,814,19.2,0.209,0.116,0.281,0.326,0.211,0.294,0.262,9.0,43.0,88.9,21.2,26,88,68,-7.1,,,,,,
274,"Kiermaier, Kevin",2024,1020,26.9,0.209,0.104,0.293,0.313,0.248,0.225,0.19,14.0,67.0,83.6,3.1,61,156,118,-8.2,65.882925954,6.790694733,,,,
394,"Raley, Luke",2023,1545,25.5,0.209,0.151,0.302,0.36,0.3,0.254,0.171,18.0,86.0,88.5,14.6,86,211,183,-6.3,,,,,,
85,"Ramos, Henry",2023,311,27.3,0.208,0.125,0.294,0.333,0.28,0.224,0.154,5.0,24.0,81.5,13.5,16,51,34,-2.8,,,,,,
278,"Fraley, Jake",2024,1331,20.9,0.208,0.125,0.25,0.333,0.257,0.255,0.2,15.0,72.0,87.2,12.3,41,163,115,-4.1,70.106267632,7.169893487,,,,
218,"Valaika, Pat",2021,1101,19.8,0.208,0.057,0.256,0.264,0.234,0.274,0.22,11.0,53.0,86.3,19.9,26,113,105,-3.9,,,,,,
98,"Beer, Seth",2022,469,20.9,0.208,0.208,0.222,0.417,0.301,0.295,0.218,5.0,24.0,87.7,10.4,16,49,49,-0.6,,,,,,
227,"Grisham, Trent",2020,1048,21.7,0.208,0.229,0.241,0.438,0.323,0.359,0.25,10.0,48.0,82.2,3.6,29,102,125,-1.4,,,,,,
719,"Torkelson, Spencer",2023,2814,25.6,0.208,0.164,0.237,0.371,0.286,0.321,0.236,33.0,159.0,91.3,16.3,96,363,356,-10.9,,,,,,
199,"McKinstry, Zach",2024,1249,15.9,0.208,0.104,0.225,0.313,0.273,0.328,0.266,10.0,48.0,85.3,11.5,16,86,113,-4.6,63.415784074,6.489488765,,,,
206,"Bradley Jr., Jackie",2020,836,24.6,0.208,0.063,0.286,0.271,0.248,0.233,0.172,10.0,48.0,88.5,6.5,26,95,111,-3.8,,,,,,
269,"Soler, Jorge",2022,1276,21.1,0.208,0.264,0.206,0.472,0.366,0.384,0.228,11.0,53.0,91.9,11.6,34,106,163,0.3,,,,,,
224,"McCarthy, Jake",2023,1125,19.9,0.208,0.038,0.275,0.245,0.265,0.277,0.195,11.0,53.0,81.2,5.4,28,109,115,-5.5,,,,,,
113,"Mullins, Cedric",2020,602,18.8,0.208,0.208,0.278,0.417,0.274,0.243,0.233,5.0,24.0,74.9,11.3,12,62,51,-1.9,,,,,,
123,"Inciarte, Ender",2020,538,22.9,0.208,0.042,0.25,0.25,0.267,0.243,0.146,5.0,24.0,73.8,6.4,15,57,66,-4.2,,,,,,
98,"Dalbec, Bobby",2024,413,23.7,0.208,0.042,0.333,0.25,0.237,0.252,0.21,5.0,24.0,83.1,3.9,15,45,53,-1.9,71.81275925,7.094608,,,,
196,"Hedges, Austin",2023,741,26.5,0.208,0.042,0.238,0.25,0.249,0.307,0.235,10.0,48.0,81.2,8.5,24,106,90,-3.6,,,,,,
274,"Casali, Curt",2021,905,30.3,0.208,0.146,0.308,0.354,0.323,0.33,0.219,10.0,48.0,79.8,23.8,41,125,149,2.4,,,,,,
483,"Kirk, Alejandro",2023,1725,28.0,0.208,0.109,0.229,0.317,0.273,0.319,0.25,21.0,101.0,86.2,5.7,32,180,303,-8.2,,,,,,
435,"McNeil, Jeff",2024,1711,25.4,0.208,0.188,0.213,0.396,0.314,0.285,0.207,20.0,96.0,85.5,18.0,57,243,192,-3.6,65.681195913,7.06334187,,,,
397,"Belt, Brandon",2023,1801,22.0,0.208,0.182,0.353,0.39,0.304,0.262,0.165,16.0,77.0,90.5,16.3,67,164,233,-7.3,,,,,,
91,"Simmons, Andrelton",2022,298,30.5,0.208,0.0,0.217,0.208,0.24,0.195,0.143,5.0,24.0,76.9,-0.4,1,44,47,-3.7,,,,,,
244,"Jansen, Danny",2021,805,30.3,0.208,0.113,0.27,0.321,0.3,0.307,0.22,11.0,53.0,91.0,21.5,38,122,122,-0.7,,,,,,
259,"Flores, Wilmer",2024,964,26.9,0.207,0.155,0.192,0.362,0.257,0.231,0.165,12.0,58.0,82.3,23.3,23,132,127,-4.8,63.593706161,6.683052232,,,,
379,"Jeffers, Ryan",2023,1327,28.6,0.207,0.171,0.25,0.378,0.303,0.288,0.186,17.0,82.0,84.2,13.4,58,191,188,-6.3,,,,,,
165,"Zunino, Mike",2023,606,27.2,0.207,0.241,0.333,0.448,0.324,0.257,0.163,6.0,29.0,92.8,21.3,33,79,86,-0.2,,,,,,
129,"Chaparro, Andrés",2024,525,24.6,0.207,0.276,0.19,0.483,0.36,0.351,0.213,6.0,29.0,85.8,9.3,24,68,61,0.0,69.691768955,7.156143284,,,,
240,"Barnhart, Tucker",2022,1174,20.4,0.207,0.034,0.308,0.241,0.235,0.247,0.204,12.0,58.0,85.3,11.8,21,115,125,-8.2,,,,,,
401,"Moustakas, Mike",2023,1502,26.7,0.207,0.174,0.214,0.38,0.262,0.267,0.214,19.0,92.0,89.0,17.4,57,216,185,-6.8,,,,,,
140,"Jones, JaCoby",2020,458,30.6,0.207,0.276,0.235,0.483,0.287,0.235,0.186,6.0,29.0,90.7,17.3,25,64,76,-1.6,,,,,,
607,"Correa, Carlos",2023,2257,26.9,0.207,0.14,0.256,0.347,0.299,0.312,0.224,25.0,121.0,90.9,11.3,68,251,356,-9.3,,,,,,
250,"Story, Trevor",2020,1036,24.1,0.207,0.034,0.333,0.241,0.235,0.254,0.207,12.0,58.0,88.2,14.4,40,123,127,-7.6,,,,,,
106,"Nido, Tomás",2021,496,21.4,0.207,0.103,0.313,0.31,0.267,0.284,0.215,6.0,29.0,86.4,5.5,26,63,43,-1.2,,,,,,
89,"Chavis, Michael",2021,429,20.7,0.207,0.034,0.286,0.241,0.188,0.187,0.201,6.0,29.0,87.0,7.6,24,57,32,-3.4,,,,,,
140,"Smith, Kevin",2022,564,24.8,0.206,0.265,0.208,0.471,0.269,0.256,0.215,7.0,34.0,87.6,19.3,20,80,60,-0.4,,,,,,
134,"Andujar, Miguel",2022,511,26.2,0.206,0.147,0.2,0.353,0.255,0.265,0.199,7.0,34.0,83.1,8.5,19,67,67,-3.6,,,,,,
167,"VanMeter, Josh",2022,804,20.8,0.206,0.147,0.231,0.353,0.282,0.3,0.224,7.0,34.0,91.0,25.3,12,54,113,-1.1,,,,,,
160,"Hoskins, Rhys",2020,769,20.8,0.206,0.324,0.19,0.529,0.384,0.425,0.254,7.0,34.0,89.6,25.5,17,69,91,0.9,,,,,,
136,"Thompson, Bubba",2022,647,21.0,0.206,0.029,0.35,0.235,0.221,0.145,0.116,7.0,34.0,74.7,-2.7,30,75,61,-5.1,,,,,,
153,"Barrero, Jose",2023,584,26.2,0.206,0.206,0.278,0.412,0.316,0.35,0.232,7.0,34.0,93.2,28.1,29,74,79,-1.0,,,,,,
184,"Shaw, Travis",2020,709,26.0,0.206,0.088,0.25,0.294,0.317,0.394,0.262,7.0,34.0,88.7,22.1,23,74,110,-3.9,,,,,,
200,"Castellanos, Nick",2020,966,20.7,0.205,0.295,0.179,0.5,0.339,0.366,0.259,9.0,44.0,87.8,14.6,43,111,89,-0.1,,,,,,
233,"Casali, Curt",2022,783,29.8,0.205,0.227,0.261,0.432,0.315,0.302,0.191,9.0,44.0,87.6,28.8,38,112,121,-2.3,,,,,,
186,"Jackson, Alex",2021,613,30.3,0.205,0.205,0.316,0.41,0.34,0.292,0.169,8.0,39.0,87.1,21.7,49,103,83,1.8,,,,,,
178,"Grossman, Robbie",2020,751,23.7,0.205,0.154,0.212,0.359,0.308,0.325,0.24,8.0,39.0,88.9,11.3,11,83,95,-1.2,,,,,,
515,"Realmuto, J.T.",2023,2096,24.6,0.205,0.118,0.258,0.323,0.262,0.294,0.218,26.0,127.0,87.8,16.1,68,259,256,-12.4,,,,,,
197,"Chavis, Michael",2020,622,31.7,0.205,0.159,0.259,0.364,0.248,0.25,0.195,9.0,44.0,88.2,4.6,37,99,98,-7.9,,,,,,
525,"Straw, Myles",2023,1991,26.4,0.205,0.051,0.261,0.256,0.224,0.24,0.217,24.0,117.0,83.3,7.2,41,229,296,-19.7,,,,,,
208,"Happ, Ian",2020,941,22.1,0.205,0.051,0.333,0.256,0.325,0.345,0.21,8.0,39.0,86.9,6.2,39,88,120,-2.2,,,,,,
140,"Alberto, Hanser",2022,521,26.9,0.205,0.136,0.243,0.341,0.242,0.184,0.164,9.0,44.0,79.9,20.3,23,85,55,-3.1,,,,,,
358,"Berti, Jon",2022,1570,22.8,0.205,0.09,0.281,0.295,0.288,0.324,0.235,16.0,78.0,90.4,8.9,45,160,198,-4.3,,,,,,
570,"Carroll, Corbin",2024,2648,21.5,0.205,0.174,0.196,0.379,0.29,0.313,0.231,27.0,132.0,88.2,6.7,39,225,345,-4.5,71.332029375,6.859255433,,,,
213,"De La Cruz, Bryan",2021,871,24.5,0.205,0.068,0.276,0.273,0.275,0.354,0.287,9.0,44.0,88.4,12.5,25,102,111,-4.0,,,,,,
478,"Yastrzemski, Mike",2021,2103,22.7,0.204,0.204,0.227,0.407,0.291,0.294,0.213,22.0,108.0,87.1,15.9,54,236,242,-4.0,,,,,,
244,"Barnes, Austin",2021,890,27.4,0.204,0.122,0.29,0.327,0.305,0.282,0.197,10.0,49.0,80.9,5.1,31,107,137,-1.3,,,,,,
452,"Volpe, Anthony",2023,2335,19.4,0.204,0.221,0.211,0.425,0.302,0.306,0.211,23.0,113.0,86.1,16.1,75,231,221,-6.3,,,,,,
209,"Martin, Austin",2024,934,22.4,0.204,0.082,0.263,0.286,0.263,0.26,0.198,10.0,49.0,79.0,7.3,22,91,118,-4.6,59.985746628,6.398246395,,,,
261,"Bogaerts, Xander",2020,967,27.0,0.204,0.167,0.231,0.37,0.281,0.252,0.184,11.0,54.0,87.1,11.3,32,125,136,-4.4,,,,,,
212,"Longoria, Evan",2020,794,26.7,0.204,0.056,0.244,0.259,0.206,0.262,0.215,11.0,54.0,90.1,9.8,22,105,107,-11.5,,,,,,
490,"Winker, Jesse",2022,2229,22.0,0.204,0.143,0.216,0.347,0.309,0.345,0.238,20.0,98.0,85.3,20.5,48,233,257,0.1,,,,,,
200,"Maile, Luke",2023,766,26.1,0.204,0.122,0.257,0.327,0.285,0.301,0.212,10.0,49.0,84.8,10.9,28,101,99,-3.1,,,,,,
526,"Soto, Juan",2022,2765,19.0,0.204,0.136,0.225,0.34,0.319,0.37,0.253,21.0,103.0,87.6,8.7,43,221,305,-0.2,,,,,,
369,"Zimmer, Bradley",2021,1375,26.8,0.203,0.041,0.304,0.243,0.247,0.299,0.215,15.0,74.0,86.3,3.8,62,172,197,-10.2,,,,,,
404,"Ortega, Rafael",2022,1517,26.6,0.203,0.101,0.238,0.304,0.255,0.281,0.223,16.0,79.0,84.8,14.9,45,201,203,-9.2,,,,,,
667,"Goldschmidt, Paul",2024,2719,24.5,0.203,0.077,0.281,0.28,0.251,0.311,0.238,29.0,143.0,90.9,6.0,93,328,339,-15.8,70.681930772,7.650054116,,,,
611,"Straw, Myles",2022,2360,25.9,0.202,0.047,0.234,0.248,0.25,0.288,0.241,26.0,129.0,86.8,9.7,33,248,363,-17.9,,,,,,
407,"Wong, Kolten",2022,2049,19.9,0.202,0.119,0.217,0.321,0.265,0.281,0.23,17.0,84.0,84.1,12.9,39,198,209,-7.2,,,,,,
422,"Haniger, Mitch",2024,1758,24.0,0.202,0.101,0.291,0.303,0.275,0.289,0.209,18.0,89.0,90.6,14.5,61,192,230,-4.8,71.523732079,7.006385787,,,,
442,"Profar, Jurickson",2021,1734,25.5,0.202,0.079,0.234,0.281,0.302,0.323,0.229,18.0,89.0,85.7,17.3,27,186,256,-3.7,,,,,,
389,"McKinstry, Zach",2023,2114,18.4,0.202,0.09,0.25,0.292,0.254,0.256,0.193,18.0,89.0,86.2,20.8,44,187,202,-10.9,,,,,,
24,"Rivero, Sebastián",2022,110,21.8,0.2,0.0,0.333,0.2,0.262,0.169,0.071,1.0,5.0,67.9,-10.0,6,14,10,-0.6,,,,,,
17,"Stokes Jr., Troy",2021,76,22.4,0.2,0.0,0.25,0.2,0.176,0.315,0.317,1.0,5.0,81.3,11.5,3,9,8,0.4,,,,,,
81,"Wieters, Matt",2020,184,44.0,0.2,0.0,0.231,0.2,0.238,0.365,0.298,3.0,15.0,83.7,17.5,5,43,38,-3.5,,,,,,
51,"Murphy, Tom",2022,181,28.2,0.2,0.1,0.4,0.3,0.294,0.381,0.267,2.0,10.0,89.5,5.0,10,23,28,0.4,,,,,,
201,"McGuire, Reese",2023,765,26.3,0.2,0.044,0.273,0.244,0.246,0.273,0.213,9.0,45.0,79.7,10.1,23,106,95,-1.3,,,,,,
114,"Burdick, Peyton",2022,401,28.4,0.2,0.1,0.364,0.3,0.326,0.301,0.165,4.0,20.0,81.0,24.6,22,55,59,-0.7,,,,,,
34,"Hernandez, Elier",2022,137,24.8,0.2,0.1,0.333,0.3,0.195,0.19,0.214,2.0,10.0,86.1,26.3,9,19,15,-1.5,,,,,,
53,"Johnson, Bryce",2024,263,20.2,0.2,0.0,0.214,0.2,0.237,0.359,0.33,3.0,15.0,66.3,-18.3,3,31,22,-2.1,61.500880385,6.814489615,,,,
254,"Gurriel, Yuli",2020,789,32.2,0.2,0.062,0.194,0.262,0.219,0.302,0.232,13.0,65.0,90.2,11.4,14,122,132,-10.3,,,,,,
148,"Heineman, Tyler",2022,602,24.6,0.2,0.029,0.206,0.229,0.201,0.26,0.262,7.0,35.0,76.3,19.3,12,100,48,-5.6,,,,,,
46,"Leblanc, Charles",2024,118,39.0,0.2,0.3,0.2,0.5,0.359,0.36,0.183,2.0,10.0,85.0,27.2,4,19,27,-0.4,70.053033158,6.821856316,,,,
93,"Peraza, José",2020,412,22.6,0.2,0.08,0.227,0.28,0.235,0.276,0.23,5.0,25.0,81.4,21.6,14,61,32,-2.7,,,,,,
23,"Piña, Manny",2020,180,12.8,0.2,0.0,0.25,0.2,0.33,0.369,0.231,1.0,5.0,94.6,27.5,3,11,12,0.5,,,,,,
15,"Thomas, Cody",2022,125,12.0,0.2,0.0,0.333,0.2,0.177,0.165,0.152,1.0,5.0,90.7,5.0,6,13,2,-0.8,,,,,,
39,"Brantley, Michael",2023,220,17.7,0.2,0.0,0.182,0.2,0.16,0.31,0.354,2.0,10.0,93.8,8.2,3,18,21,-0.7,,,,,,
119,"Caminero, Junior",2024,629,18.9,0.2,0.1,0.238,0.3,0.272,0.266,0.189,6.0,30.0,85.5,0.7,16,52,67,-1.3,73.7890792,8.1230562,,,,
42,"Smyly, Drew",2021,151,27.8,0.2,0.0,0.286,0.2,0.176,0.195,0.204,2.0,10.0,69.9,6.1,4,25,17,-2.2,,,,,,
43,"Burleson, Alec",2022,190,22.6,0.2,0.1,0.25,0.3,0.294,0.344,0.246,2.0,10.0,87.1,-11.0,5,16,27,2.9,,,,,,
21,"Jay, Jon",2021,54,38.9,0.2,0.0,0.25,0.2,0.176,0.133,0.148,1.0,5.0,81.5,3.5,1,14,7,-1.1,,,,,,
21,"Hermosillo, Michael",2020,29,72.4,0.2,0.0,0.2,0.2,0.226,0.245,0.131,1.0,5.0,88.5,15.0,2,10,11,-1.0,,,,,,
14,"Peacock, Matt",2021,55,25.5,0.2,0.0,0.2,0.2,0.176,0.267,0.269,1.0,5.0,83.7,-28.2,2,9,5,-1.4,,,,,,
141,"Carlson, Dylan",2020,492,28.7,0.2,0.2,0.227,0.4,0.281,0.369,0.278,6.0,30.0,88.2,9.7,17,58,83,-4.6,,,,,,
93,"Mitchell, Garrett",2022,300,31.0,0.2,0.0,0.6,0.2,0.237,0.143,0.071,3.0,15.0,81.0,2.7,23,49,44,-0.9,,,,,,
409,"Gardner, Brett",2021,2096,19.5,0.2,0.1,0.215,0.3,0.245,0.269,0.222,16.0,80.0,83.6,15.1,28,175,234,-9.4,,,,,,
100,"Williams, Justin",2021,498,20.1,0.2,0.24,0.188,0.44,0.337,0.398,0.293,5.0,25.0,87.0,1.8,15,43,57,0.4,,,,,,
105,"White, Evan",2021,409,25.7,0.2,0.05,0.333,0.25,0.278,0.311,0.239,4.0,20.0,81.5,10.8,18,46,59,-3.5,,,,,,
39,"Jeffers, Ryan",2020,248,15.7,0.2,0.0,0.25,0.2,0.266,0.3,0.205,2.0,10.0,83.6,1.8,4,16,23,-1.1,,,,,,
49,"Cervelli, Francisco",2020,220,22.3,0.2,0.6,0.0,0.8,0.466,0.314,0.162,2.0,10.0,90.2,19.7,7,22,27,0.9,,,,,,
18,"Freeland, Kyle",2021,122,14.8,0.2,0.0,0.25,0.2,0.147,0.212,0.249,1.0,5.0,83.1,34.0,6,13,5,-1.6,,,,,,
31,"Cook, Billy",2024,184,16.8,0.2,0.4,0.25,0.6,0.33,0.284,0.216,2.0,10.0,94.5,34.8,11,20,11,0.2,70.0946025,7.577842,,,,
44,"Lamb, Jake",2023,237,18.6,0.2,0.0,0.333,0.2,0.177,0.23,0.22,2.0,10.0,91.9,24.5,10,23,21,-1.0,,,,,,
108,"Clemens, Kody",2022,509,21.2,0.2,0.28,0.188,0.48,0.295,0.248,0.191,5.0,25.0,87.1,23.7,18,61,47,-0.3,,,,,,
54,"Velazquez, Andrew",2021,263,20.5,0.2,0.0,0.333,0.2,0.208,0.29,0.257,3.0,15.0,87.2,6.3,11,29,25,-1.0,,,,,,
141,"Carroll, Corbin",2022,458,30.8,0.2,0.1,0.316,0.3,0.283,0.306,0.214,6.0,30.0,88.1,6.3,19,63,78,-0.6,,,,,,
119,"Williams, Alika",2023,458,26.0,0.2,0.033,0.24,0.233,0.235,0.299,0.26,6.0,30.0,74.4,7.7,14,57,62,-5.4,,,,,,
251,"Tsutsugo, Yoshi",2022,861,29.2,0.2,0.1,0.225,0.3,0.225,0.245,0.223,10.0,50.0,89.0,10.0,20,117,134,-8.1,,,,,,
27,"Outman, James",2022,63,42.9,0.2,0.2,1.0,0.4,0.325,0.216,0.102,1.0,5.0,104.3,17.0,7,14,13,-0.8,,,,,,
413,"Stanton, Giancarlo",2023,1719,24.0,0.2,0.211,0.22,0.411,0.288,0.336,0.24,18.0,90.0,94.2,7.5,53,175,238,-4.1,,,,,,
84,"Walton, Donovan",2022,298,28.2,0.2,0.25,0.214,0.45,0.313,0.335,0.228,4.0,20.0,82.0,0.1,9,42,42,0.5,,,,,,
275,"Duvall, Adam",2024,1252,22.0,0.2,0.129,0.255,0.329,0.27,0.28,0.187,14.0,70.0,89.5,16.6,42,134,141,-6.0,71.319772377,7.655300246,,,,
122,"Bote, David",2022,494,24.7,0.2,0.28,0.25,0.48,0.32,0.239,0.147,5.0,25.0,91.4,16.6,17,52,70,0.3,,,,,,
85,"Bruce, Jay",2020,413,20.6,0.2,0.24,0.2,0.44,0.264,0.302,0.246,5.0,25.0,82.1,9.9,18,50,35,-3.0,,,,,,
464,"Reyes, Franmil",2022,1853,25.0,0.2,0.1,0.29,0.3,0.245,0.262,0.189,22.0,110.0,91.6,6.2,94,237,227,-12.9,,,,,,
471,"Rizzo, Anthony",2022,2112,22.3,0.2,0.264,0.169,0.464,0.329,0.361,0.251,22.0,110.0,88.1,16.7,54,221,250,-1.8,,,,,,
24,"Goodrum, Niko",2022,204,11.8,0.2,0.2,0.5,0.4,0.325,0.303,0.131,1.0,5.0,100.3,10.5,5,11,13,-0.3,,,,,,
133,"Stewart, DJ",2023,748,17.8,0.2,0.2,0.222,0.4,0.317,0.287,0.192,5.0,25.0,82.4,8.1,24,68,65,-1.3,,,,,,
237,"Yepez, Juan",2022,1035,22.9,0.2,0.2,0.167,0.4,0.273,0.274,0.196,12.0,60.0,86.0,20.7,31,137,100,-5.7,,,,,,
279,"Caballero, José",2023,1140,24.5,0.2,0.123,0.231,0.323,0.278,0.277,0.177,13.0,65.0,84.6,26.8,28,136,143,-6.7,,,,,,
103,"Hicks, Aaron",2021,511,20.2,0.2,0.0,0.235,0.2,0.275,0.358,0.275,4.0,20.0,87.1,19.8,9,36,67,-2.6,,,,,,
14,"Poteet, Cody",2021,36,38.9,0.2,0.0,0.25,0.2,0.176,0.087,0.083,1.0,5.0,53.6,-52.8,3,10,4,-1.0,,,,,,
434,"Wisdom, Patrick",2023,1318,32.9,0.2,0.278,0.244,0.478,0.318,0.318,0.207,18.0,90.0,91.2,23.2,73,216,218,-4.4,,,,,,
58,"Dean, Austin",2021,170,34.1,0.2,0.4,0.167,0.6,0.331,0.308,0.164,2.0,10.0,87.8,20.4,12,30,28,0.6,,,,,,
24,"Alvarez Jr., Nacho",2024,119,20.2,0.2,0.0,0.5,0.2,0.176,0.179,0.19,1.0,5.0,89.8,33.0,4,11,13,-1.3,69.80243,7.308103636,,,,
18,"Moroff, Max",2021,69,26.1,0.2,0.0,0.5,0.2,0.176,0.139,0.147,1.0,5.0,80.7,39.5,6,10,8,-1.7,,,,,,
62,"Cabbage, Trey",2023,215,28.8,0.2,0.067,0.375,0.267,0.188,0.125,0.115,3.0,15.0,87.3,2.5,24,44,18,-3.4,,,,,,
36,"Pinto, René",2024,185,19.5,0.2,0.6,0.0,0.8,0.428,0.775,0.424,1.0,5.0,89.0,14.2,8,15,21,1.3,63.245780714,6.222136429,,,,
129,"Tucker, Cole",2020,428,30.1,0.2,0.0,0.273,0.2,0.203,0.183,0.16,6.0,30.0,79.1,12.7,15,58,71,-5.1,,,,,,
49,"Lin, Tzu-Wei",2020,221,22.2,0.2,0.1,0.286,0.3,0.193,0.25,0.249,2.0,10.0,85.8,3.7,9,31,18,-1.8,,,,,,
67,"Dietrich, Derek",2020,304,22.0,0.2,0.4,0.111,0.6,0.389,0.382,0.232,3.0,15.0,86.0,-1.2,11,33,34,0.8,,,,,,
171,"Leblanc, Charles",2022,699,24.5,0.2,0.143,0.273,0.343,0.268,0.248,0.174,7.0,35.0,86.6,20.3,19,73,98,-4.0,,,,,,
46,"Jones, Taylor",2020,97,47.4,0.2,0.0,0.4,0.2,0.224,0.242,0.199,2.0,10.0,87.7,12.2,10,23,23,-3.0,,,,,,
23,"Aguilar, Ryan",2022,101,22.8,0.2,0.0,0.333,0.2,0.147,0.193,0.224,1.0,5.0,88.9,-8.0,6,15,8,-1.9,,,,,,
31,"Hager, Jake",2021,134,23.1,0.2,0.0,0.333,0.2,0.369,0.335,0.13,1.0,5.0,88.4,-5.0,4,8,23,1.9,,,,,,
104,"Lopez, Alejo",2022,571,18.2,0.2,0.04,0.238,0.24,0.245,0.244,0.198,5.0,25.0,80.4,6.7,10,50,54,-2.3,,,,,,
149,"Hill, Derek",2024,609,24.5,0.2,0.133,0.242,0.333,0.221,0.32,0.288,9.0,45.0,82.7,9.4,22,83,66,-5.4,67.99416939,7.194028049,,,,
193,"Baddoo, Akil",2022,916,21.1,0.2,0.0,0.257,0.2,0.219,0.234,0.198,9.0,45.0,82.7,8.5,25,100,93,-7.4,,,,,,
30,"Núñez, Renato",2021,206,14.6,0.2,0.3,0.143,0.5,0.289,0.227,0.21,2.0,10.0,80.9,3.5,2,14,16,-1.5,,,,,,
78,"Papierski, Michael",2022,409,19.1,0.2,0.0,0.333,0.2,0.237,0.261,0.22,3.0,15.0,67.9,8.4,7,37,41,-1.1,,,,,,
125,"Jones, Nolan",2022,399,31.3,0.2,0.233,0.286,0.433,0.269,0.279,0.225,6.0,30.0,86.0,17.4,26,60,65,0.3,,,,,,
23,"Cron, C.J.",2020,215,10.7,0.2,0.2,0.2,0.4,0.421,0.387,0.191,1.0,5.0,83.2,-0.2,0,7,16,1.0,,,,,,
103,"Collins, Zack",2022,477,21.6,0.2,0.2,0.231,0.4,0.282,0.27,0.218,4.0,20.0,92.0,15.7,15,41,62,-0.1,,,,,,
52,"Gray, Jon",2021,196,26.5,0.2,0.0,1.0,0.2,0.176,0.106,0.11,3.0,15.0,79.3,-15.5,15,27,25,-3.3,,,,,,
20,"Suárez, Ranger",2021,72,27.8,0.2,0.2,0.333,0.4,0.248,0.276,0.288,1.0,5.0,62.0,-10.4,3,13,7,-0.2,,,,,,
74,"Phillips, Brett",2023,298,24.8,0.2,0.0,0.429,0.2,0.263,0.298,0.232,3.0,15.0,75.7,-6.1,16,29,45,-0.6,,,,,,
413,"Amaya, Miguel",2024,1291,32.0,0.2,0.11,0.217,0.31,0.273,0.294,0.224,20.0,100.0,84.4,8.2,48,223,190,-3.9,70.322618905,6.949631642,,,,
180,"Robles, Victor",2020,756,23.8,0.2,0.025,0.267,0.225,0.261,0.275,0.173,8.0,40.0,78.0,13.8,21,93,87,-4.1,,,,,,
48,"Hill, Derek",2022,332,14.5,0.2,0.0,0.333,0.2,0.205,0.324,0.21,2.0,10.0,87.0,2.5,6,21,27,-1.3,,,,,,
121,"Grissom, Vaughn",2022,588,20.6,0.2,0.1,0.208,0.3,0.253,0.348,0.229,6.0,30.0,84.8,6.7,13,65,56,-4.8,,,,,,
129,"Loftin, Nick",2024,626,20.6,0.2,0.0,0.222,0.2,0.236,0.279,0.231,6.0,30.0,81.5,1.9,9,57,72,-3.5,67.127333469,7.347056122,,,,
44,"Rivas III, Alfonso",2021,210,21.0,0.2,0.0,0.286,0.2,0.176,0.2,0.213,2.0,10.0,82.9,4.9,6,20,24,-2.8,,,,,,
69,"Kreidler, Ryan",2022,354,19.5,0.2,0.0,0.333,0.2,0.225,0.18,0.098,2.0,10.0,75.9,-11.9,11,39,30,-1.0,,,,,,
788,"Riley, Austin",2023,2861,27.5,0.199,0.224,0.189,0.423,0.31,0.362,0.233,31.0,156.0,93.2,17.1,108,385,403,-11.0,,,,,,
765,"Muncy, Max",2023,2485,30.8,0.199,0.192,0.213,0.391,0.317,0.369,0.246,30.0,151.0,90.4,18.9,90,309,456,1.6,,,,,,
366,"Maldonado, Martín",2022,1504,24.3,0.198,0.209,0.231,0.407,0.284,0.294,0.211,17.0,86.0,83.6,14.0,71,199,167,-4.5,,,,,,
438,"Schuemann, Max",2024,1835,23.9,0.198,0.143,0.273,0.341,0.276,0.252,0.171,18.0,91.0,83.6,15.7,58,193,245,-7.5,63.848034731,6.349852097,,,,
410,"Joe, Connor",2024,1651,24.8,0.198,0.143,0.254,0.341,0.296,0.286,0.195,18.0,91.0,85.3,10.4,44,183,227,-4.0,68.87296303,7.256943455,,,,
369,"Vierling, Matt",2022,1404,26.3,0.198,0.074,0.221,0.272,0.226,0.283,0.238,16.0,81.0,90.9,9.8,42,186,183,-11.7,,,,,,
407,"Laureano, Ramón",2023,1653,24.6,0.198,0.115,0.262,0.313,0.265,0.288,0.22,19.0,96.0,90.3,11.7,71,208,199,-9.3,,,,,,
483,"Dozier, Hunter",2022,1938,24.9,0.197,0.074,0.265,0.27,0.238,0.266,0.216,24.0,122.0,87.4,13.9,81,249,234,-14.6,,,,,,
774,"Walker, Christian",2023,2671,29.0,0.197,0.229,0.185,0.427,0.316,0.334,0.224,31.0,157.0,88.5,18.1,100,388,386,-4.5,,,,,,
361,"Naylor, Bo",2024,1624,22.2,0.197,0.25,0.238,0.447,0.289,0.242,0.177,15.0,76.0,86.2,17.3,51,183,178,-0.5,68.076935434,7.325891561,,,,
286,"Adell, Jo",2022,1175,24.3,0.197,0.076,0.316,0.273,0.222,0.212,0.164,13.0,66.0,85.5,13.0,57,150,136,-9.6,,,,,,
458,"Kepler, Max",2022,1656,27.7,0.196,0.056,0.22,0.252,0.244,0.308,0.247,21.0,107.0,85.3,12.3,48,217,241,-11.7,,,,,,
507,"Vaughn, Andrew",2021,1809,28.0,0.196,0.071,0.235,0.268,0.238,0.296,0.221,22.0,112.0,89.6,15.0,64,254,253,-18.3,,,,,,
191,"Story, Trevor",2023,640,29.8,0.196,0.174,0.25,0.37,0.247,0.274,0.207,9.0,46.0,90.6,17.6,33,99,92,-0.9,,,,,,
424,"Yastrzemski, Mike",2024,1955,21.7,0.196,0.155,0.246,0.351,0.26,0.268,0.206,19.0,97.0,85.7,15.4,56,209,215,-6.0,68.093903134,7.382695622,,,,
224,"Knizner, Andrew",2023,831,27.0,0.196,0.161,0.237,0.357,0.267,0.279,0.219,11.0,56.0,80.6,15.8,32,120,104,-5.4,,,,,,
666,"Sanó, Miguel",2021,2195,30.3,0.196,0.217,0.264,0.413,0.294,0.276,0.189,27.0,138.0,93.1,13.4,123,315,351,-11.0,,,,,,
217,"Grossman, Robbie",2024,1031,21.0,0.196,0.022,0.257,0.217,0.23,0.272,0.212,9.0,46.0,88.6,14.7,20,85,132,-3.6,65.529662927,6.303540244,,,,
250,"Benson, Will",2023,1368,18.3,0.196,0.232,0.31,0.429,0.324,0.277,0.148,11.0,56.0,88.0,13.1,36,117,133,-3.8,,,,,,
384,"Franco, Maikel",2021,1466,26.2,0.196,0.13,0.208,0.326,0.255,0.266,0.206,18.0,92.0,86.0,10.9,51,188,196,-5.6,,,,,,
241,"Vogt, Stephen",2021,1015,23.7,0.196,0.089,0.217,0.286,0.255,0.287,0.205,11.0,56.0,85.6,16.4,28,114,127,-2.5,,,,,,
443,"Wisdom, Patrick",2021,1631,27.2,0.196,0.239,0.3,0.435,0.312,0.316,0.209,18.0,92.0,90.1,15.2,110,232,211,-2.0,,,,,,
197,"Moran, Colin",2020,809,24.4,0.195,0.073,0.241,0.268,0.267,0.271,0.179,8.0,41.0,90.5,2.7,37,106,91,-2.4,,,,,,
375,"Rogers, Jake",2023,1432,26.2,0.195,0.207,0.261,0.402,0.272,0.297,0.229,17.0,87.0,88.5,15.6,60,174,201,-8.1,,,,,,
201,"Goodwin, Brian",2020,682,29.5,0.195,0.146,0.28,0.341,0.265,0.255,0.181,8.0,41.0,90.0,27.9,29,77,124,-7.2,,,,,,
303,"Kemp, Tony",2023,1481,20.5,0.195,0.039,0.221,0.234,0.215,0.234,0.201,15.0,77.0,82.0,6.6,31,162,141,-13.0,,,,,,
349,"Robles, Victor",2022,1415,24.7,0.195,0.046,0.254,0.241,0.204,0.227,0.202,17.0,87.0,76.4,5.8,52,196,153,-6.2,,,,,,
177,"McKenna, Ryan",2021,836,21.2,0.195,0.098,0.304,0.293,0.27,0.265,0.191,8.0,41.0,77.0,7.8,27,91,86,-2.3,,,,,,
395,"De La Cruz, Bryan",2022,1387,28.5,0.195,0.207,0.185,0.402,0.287,0.349,0.268,17.0,87.0,90.1,6.8,47,172,223,-5.6,,,,,,
198,"Dozier, Hunter",2020,725,27.3,0.195,0.024,0.286,0.22,0.265,0.285,0.213,8.0,41.0,82.2,12.5,24,86,112,-4.8,,,,,,
344,"Zimmerman, Ryan",2021,1117,30.8,0.195,0.22,0.208,0.415,0.282,0.32,0.24,16.0,82.0,91.7,8.7,49,146,198,-8.7,,,"Zimmerman, Ryan",Third_Baseman,75.0,210.0
544,"Garver, Mitch",2024,1815,30.0,0.194,0.204,0.239,0.398,0.301,0.292,0.191,20.0,103.0,90.0,18.9,67,216,328,-3.1,69.162172079,7.258830248,,,,
524,"Abrams, CJ",2023,2212,23.7,0.194,0.18,0.204,0.374,0.267,0.268,0.209,27.0,139.0,86.9,12.5,67,285,239,-13.4,,,,,,
144,"Hedges, Austin",2024,547,26.3,0.194,0.0,0.286,0.194,0.177,0.147,0.138,6.0,31.0,71.8,8.3,27,80,64,-6.2,62.085947612,6.62597597,,,,
127,"Schmitt, Casey",2024,374,34.0,0.194,0.065,0.273,0.258,0.218,0.208,0.175,6.0,31.0,89.6,22.1,24,69,58,-4.1,67.14362,7.222856667,,,,
325,"Gonzalez, Marwin",2021,1203,27.0,0.194,0.111,0.235,0.306,0.269,0.28,0.206,14.0,72.0,85.6,7.6,35,161,164,-7.1,,,,,,
277,"Tellez, Rowdy",2021,1266,21.9,0.194,0.164,0.213,0.358,0.261,0.334,0.251,13.0,67.0,90.2,15.0,38,137,140,-3.5,,,,,,
149,"Bruján, Vidal",2022,612,24.3,0.194,0.083,0.241,0.278,0.229,0.249,0.197,7.0,36.0,85.9,8.0,13,77,72,-3.2,,,,,,
136,"Schoop, Jonathan",2023,599,22.7,0.194,0.065,0.214,0.258,0.225,0.307,0.265,6.0,31.0,87.1,16.8,16,75,61,-7.0,,,,,,
342,"Waters, Drew",2023,1317,26.0,0.194,0.125,0.286,0.319,0.281,0.305,0.202,14.0,72.0,85.1,22.3,70,179,163,-7.1,,,,,,
173,"Goodrum, Niko",2020,775,22.3,0.194,0.167,0.286,0.361,0.279,0.294,0.2,7.0,36.0,90.2,20.0,25,71,102,-3.4,,,,,,
123,"Kelly, Carson",2023,559,22.0,0.194,0.129,0.208,0.323,0.266,0.258,0.179,6.0,31.0,87.5,24.5,15,60,63,-2.3,,,,,,
327,"Hedges, Austin",2022,1274,25.7,0.193,0.06,0.221,0.253,0.215,0.238,0.208,16.0,83.0,77.4,6.6,47,175,152,-11.4,,,,,,
257,"Carpenter, Matt",2021,1123,22.9,0.193,0.193,0.25,0.386,0.286,0.341,0.235,11.0,57.0,87.4,23.3,37,113,144,-2.5,,,,,,
378,"Kelly, Carson",2022,1423,26.6,0.193,0.072,0.214,0.265,0.259,0.313,0.224,16.0,83.0,86.0,16.3,37,178,200,-9.2,,,,,,
484,"Schneider, Davis",2024,1974,24.5,0.193,0.102,0.286,0.295,0.266,0.299,0.192,17.0,88.0,87.4,20.5,66,196,288,-11.2,67.883859615,6.826994835,,,,
232,"Espinal, Santiago",2021,912,25.4,0.193,0.088,0.204,0.281,0.249,0.289,0.245,11.0,57.0,83.6,10.7,14,113,119,-3.2,,,,,,
139,"Carter, Evan",2024,648,21.5,0.192,0.077,0.278,0.269,0.293,0.287,0.19,5.0,26.0,83.8,4.7,17,54,85,-2.1,66.389320286,6.902891429,,,,
103,"Hall, Darick",2022,543,19.0,0.192,0.192,0.313,0.385,0.258,0.266,0.166,5.0,26.0,87.8,11.3,24,57,46,-2.6,,,,,,
273,"Lewis, Kyle",2020,982,27.8,0.192,0.115,0.235,0.308,0.288,0.337,0.211,10.0,52.0,89.3,6.0,40,120,153,-0.8,,,,,,
309,"Jiménez, Eloy",2024,1201,25.7,0.192,0.064,0.255,0.256,0.253,0.28,0.215,15.0,78.0,93.7,8.2,43,153,156,-8.7,72.429720208,7.212181181,,,,
468,"Villar, Jonathan",2021,1967,23.8,0.192,0.01,0.299,0.202,0.214,0.222,0.187,20.0,104.0,80.9,2.3,82,248,220,-16.2,,,,,,
336,"DeJong, Paul",2021,1578,21.3,0.192,0.179,0.186,0.372,0.291,0.329,0.229,15.0,78.0,85.8,13.7,44,174,162,-3.9,,,,,,
122,"Barnhart, Tucker",2024,375,32.5,0.192,0.0,0.238,0.192,0.239,0.25,0.178,5.0,26.0,78.1,-4.3,10,57,65,-3.7,63.978445849,6.967585849,,,,
154,"Murphy, Sean",2020,584,26.4,0.192,0.0,0.333,0.192,0.294,0.249,0.103,5.0,26.0,92.9,23.5,15,64,90,-4.2,,,,,,
112,"Dingler, Dillon",2024,331,33.8,0.192,0.115,0.294,0.308,0.261,0.278,0.241,5.0,26.0,91.7,2.0,19,62,50,-2.2,69.056643871,7.382805968,,,,
402,"Duran, Ezequiel",2023,1657,24.3,0.192,0.081,0.286,0.273,0.228,0.232,0.183,19.0,99.0,86.4,19.2,80,227,175,-13.5,,,,,,
388,"Larnach, Trevor",2021,1211,32.0,0.192,0.027,0.333,0.219,0.27,0.252,0.159,14.0,73.0,89.6,10.3,63,176,212,-6.7,,,,,,
119,"Trammell, Taylor",2022,430,27.7,0.192,0.077,0.25,0.269,0.241,0.264,0.22,5.0,26.0,85.0,26.3,23,61,58,-4.9,,,,,,
239,"DeJong, Paul",2022,977,24.5,0.192,0.173,0.276,0.365,0.282,0.266,0.179,10.0,52.0,84.4,21.0,48,121,118,-4.6,,,,,,
340,"Hayes, Ke'Bryan",2024,1470,23.1,0.192,0.068,0.21,0.26,0.233,0.28,0.23,14.0,73.0,88.2,6.8,26,137,203,-10.1,70.74607945,6.761401743,,,,
207,"Vientos, Mark",2023,847,24.4,0.192,0.077,0.257,0.269,0.242,0.282,0.205,10.0,52.0,90.2,6.3,38,105,102,-5.3,,,,,,
254,"Vogelbach, Daniel",2021,1177,21.6,0.191,0.149,0.212,0.34,0.319,0.302,0.187,9.0,47.0,89.2,14.6,12,73,181,0.4,,,,,,
188,"Mitchell, Cal",2022,850,22.1,0.191,0.106,0.276,0.298,0.235,0.221,0.187,9.0,47.0,90.5,8.8,39,104,84,-7.6,,,,,,
488,"Crawford, J.P.",2024,1911,25.5,0.191,0.128,0.235,0.319,0.291,0.311,0.221,18.0,94.0,86.7,15.4,41,202,285,-2.2,70.145532394,7.110799787,,,,
683,"Bogaerts, Xander",2023,2644,25.8,0.191,0.149,0.206,0.34,0.29,0.31,0.211,27.0,141.0,87.2,4.2,63,298,385,-18.0,,,,,,
83,"Díaz, Elias",2020,270,30.7,0.19,0.143,0.188,0.333,0.262,0.334,0.289,4.0,21.0,86.1,4.9,12,43,40,-2.5,,,,,,
453,"Walsh, Jared",2022,1746,25.9,0.19,0.171,0.242,0.362,0.264,0.283,0.217,20.0,105.0,89.1,10.0,67,221,232,-8.8,,,,,,
118,"Smith, Kevan",2021,404,29.2,0.19,0.0,0.267,0.19,0.268,0.307,0.206,4.0,21.0,85.6,2.3,16,54,64,-2.7,,,,,,
93,"Madris, Bligh",2022,492,18.9,0.19,0.095,0.267,0.286,0.226,0.254,0.211,4.0,21.0,85.9,10.1,12,49,44,-1.8,,,,,,
189,"Kirk, Alejandro",2021,748,25.3,0.19,0.238,0.143,0.429,0.299,0.406,0.298,8.0,42.0,92.1,14.7,15,91,98,-1.6,,,,,,
108,"Wallach, Chad",2021,292,37.0,0.19,0.0,0.286,0.19,0.216,0.201,0.096,4.0,21.0,83.3,4.5,19,54,54,-4.1,,,,,,
75,"Myers, Dane",2023,262,28.6,0.19,0.0,0.25,0.19,0.16,0.32,0.347,4.0,21.0,94.3,7.8,9,40,35,-3.1,,,,,,
88,"Sierra, Magneuris",2022,346,25.4,0.19,0.143,0.25,0.333,0.279,0.271,0.215,4.0,21.0,79.6,4.4,8,50,38,-1.6,,,,,,
80,"Stowers, Kyle",2022,368,21.7,0.19,0.048,0.308,0.238,0.211,0.283,0.242,4.0,21.0,89.7,3.1,18,48,32,-4.4,,,,,,
303,"McKinney, Billy",2021,1280,23.7,0.19,0.127,0.213,0.317,0.273,0.278,0.195,12.0,63.0,87.4,20.3,39,147,156,-5.7,,,,,,
678,"Arozarena, Randy",2024,2774,24.4,0.189,0.133,0.242,0.322,0.275,0.293,0.192,27.0,143.0,89.5,10.4,101,308,370,-14.1,69.816717708,7.251060139,,,,
154,"Clemens, Kody",2024,468,32.9,0.189,0.243,0.2,0.432,0.293,0.28,0.191,7.0,37.0,86.9,21.2,20,78,76,-1.5,69.550242597,7.265227922,,,,
177,"Giménez, Andrés",2021,819,21.6,0.189,0.162,0.24,0.351,0.253,0.176,0.111,7.0,37.0,82.1,11.9,28,102,75,-1.6,,,,,,
374,"Shaw, Travis",2021,1048,35.7,0.189,0.23,0.217,0.419,0.318,0.342,0.234,14.0,74.0,89.7,17.6,48,176,198,2.3,,,,,,
474,"Noda, Ryan",2023,2091,22.7,0.189,0.179,0.25,0.368,0.299,0.317,0.207,20.0,106.0,90.1,14.1,76,214,260,-0.8,,,,,,
150,"Suzuki, Kurt",2021,912,16.4,0.189,0.108,0.182,0.297,0.239,0.293,0.245,7.0,37.0,85.4,21.3,17,80,70,-4.5,,,,,,
249,"Villar, Jonathan",2020,805,30.9,0.189,0.019,0.238,0.208,0.234,0.222,0.155,10.0,53.0,81.6,5.8,37,130,119,-8.0,,,,,,
213,"Báez, Javier",2020,909,23.4,0.189,0.132,0.211,0.321,0.241,0.266,0.189,10.0,53.0,86.4,5.4,39,112,101,-8.6,,,,,,
168,"Kirilloff, Alex",2024,677,24.8,0.189,0.108,0.231,0.297,0.258,0.297,0.199,7.0,37.0,90.3,4.6,32,84,84,-1.8,70.70013,7.672615125,,,,
173,"Astudillo, Willians",2021,614,28.2,0.189,0.057,0.208,0.245,0.201,0.263,0.234,10.0,53.0,88.1,12.9,13,111,62,-10.0,,,,,,
325,"Gurriel, Yuli",2023,1189,27.3,0.189,0.095,0.22,0.284,0.244,0.288,0.241,14.0,74.0,85.9,14.0,38,157,168,-9.5,,,,,,
374,"LeMahieu, DJ",2022,2152,17.4,0.188,0.05,0.209,0.237,0.277,0.314,0.237,15.0,80.0,83.7,2.1,30,161,213,2.2,,,,,,
137,"Williams, Luke",2022,540,25.4,0.188,0.031,0.375,0.219,0.208,0.226,0.198,6.0,32.0,79.4,15.3,22,73,64,-5.3,,,,,,
67,"Rosario, Eguy",2024,226,29.6,0.188,0.0,0.375,0.188,0.165,0.162,0.167,3.0,16.0,84.0,3.9,17,35,32,-3.7,64.593067778,7.316725185,,,,
76,"Thaiss, Matt",2022,324,23.5,0.188,0.0,0.273,0.188,0.186,0.183,0.168,3.0,16.0,90.0,1.4,11,36,40,-3.0,,,,,,
59,"Luciano, Marco",2024,325,18.2,0.188,0.063,0.25,0.25,0.218,0.324,0.292,3.0,16.0,88.3,22.8,9,30,29,-2.8,71.026842667,7.153728,,,,
383,"Zunino, Mike",2021,1502,25.5,0.188,0.294,0.214,0.482,0.32,0.298,0.175,16.0,85.0,89.3,26.3,78,180,203,0.0,,,,,,
71,"Brosseau, Mike",2020,377,18.8,0.188,0.313,0.2,0.5,0.308,0.29,0.202,3.0,16.0,92.0,22.2,11,34,37,-2.6,,,,,,
65,"Craig, Will",2021,247,26.3,0.188,0.0,0.273,0.188,0.196,0.125,0.091,3.0,16.0,75.6,6.7,13,39,26,-2.9,,,,,,
64,"Burnes, Corbin",2021,239,26.8,0.188,0.0,0.3,0.188,0.196,0.203,0.189,3.0,16.0,77.7,-1.8,7,31,33,-3.6,,,,,,
422,"Wiemer, Joey",2023,1585,26.6,0.188,0.167,0.215,0.354,0.278,0.272,0.187,18.0,96.0,87.4,13.7,78,223,199,-6.3,,,,,,
95,"Bouchard, Sean",2022,418,22.7,0.188,0.063,0.333,0.25,0.294,0.265,0.101,3.0,16.0,84.5,12.6,11,32,63,0.2,,,,,,
230,"Nuñez, Dom",2021,1129,20.4,0.188,0.208,0.259,0.396,0.301,0.289,0.173,9.0,48.0,82.8,20.9,29,90,140,-2.5,,,,,,
141,"Eaton, Nate",2022,479,29.4,0.188,0.094,0.25,0.281,0.225,0.222,0.174,6.0,32.0,86.0,18.6,23,72,69,-2.3,,,,,,
127,"Pollock, AJ",2023,557,22.8,0.188,0.031,0.231,0.219,0.209,0.23,0.171,6.0,32.0,90.2,12.0,18,66,61,-3.8,,,,,,
136,"McGuire, Reese",2024,609,22.3,0.188,0.125,0.172,0.313,0.222,0.269,0.225,6.0,32.0,78.5,18.1,16,75,61,-0.9,66.63422127,7.996070476,,,,
45,"Miley, Wade",2021,165,27.3,0.188,0.125,0.25,0.313,0.21,0.281,0.3,3.0,16.0,85.6,5.8,12,34,11,-3.1,,,,,,
424,"Torkelson, Spencer",2024,1593,26.6,0.187,0.088,0.246,0.275,0.244,0.262,0.204,17.0,91.0,88.6,16.9,55,199,225,-11.3,71.308231828,7.417075914,,,,
468,"Santander, Anthony",2021,1812,25.8,0.187,0.14,0.227,0.327,0.241,0.285,0.227,20.0,107.0,91.2,10.8,65,252,216,-11.3,,,,,,
387,"Guillorme, Luis",2022,1373,28.2,0.186,0.035,0.225,0.221,0.221,0.235,0.19,16.0,86.0,82.4,0.9,29,163,224,-11.5,,,,,,
175,"Clement, Ernie",2022,629,27.8,0.186,0.0,0.205,0.186,0.194,0.252,0.237,8.0,43.0,76.7,4.0,10,86,89,-8.2,,,,,,
347,"Vargas, Miguel",2023,1204,28.8,0.186,0.171,0.226,0.357,0.29,0.298,0.2,13.0,70.0,86.4,14.3,40,157,190,-6.4,,,,,,
198,"Olivares, Edward",2024,768,25.8,0.186,0.07,0.184,0.256,0.224,0.327,0.276,8.0,43.0,85.0,9.5,22,97,101,-4.9,69.144916203,7.083535063,,,,
195,"Dickerson, Corey",2020,861,22.6,0.186,0.0,0.222,0.186,0.22,0.228,0.178,8.0,43.0,83.3,3.4,24,104,91,-5.7,,,,,,
647,"Raleigh, Cal",2023,2338,27.7,0.186,0.214,0.209,0.4,0.28,0.304,0.209,26.0,140.0,88.3,19.9,93,324,323,-7.9,,,,,,
141,"Ford, Mike",2022,623,22.6,0.185,0.037,0.313,0.222,0.271,0.285,0.187,5.0,27.0,88.4,10.2,13,48,93,-1.7,,,,,,
350,"Robert Jr., Luis",2024,1609,21.8,0.185,0.123,0.255,0.309,0.246,0.327,0.227,15.0,81.0,91.3,12.2,66,190,160,-10.7,71.987415581,7.719770349,,,,
102,"Bart, Joey",2020,431,23.7,0.185,0.074,0.278,0.259,0.241,0.241,0.188,5.0,27.0,87.8,7.9,16,53,49,-4.4,,,,,,
211,"Higashioka, Kyle",2022,907,23.3,0.185,0.074,0.2,0.259,0.213,0.215,0.18,10.0,54.0,84.3,8.7,37,111,100,-6.7,,,,,,
134,"Mercer, Jordy",2021,540,24.8,0.185,0.037,0.263,0.222,0.257,0.265,0.181,5.0,27.0,84.7,0.3,13,50,84,-2.3,,,,,,
126,"Nevin, Tyler",2023,464,27.2,0.185,0.259,0.176,0.444,0.251,0.28,0.24,5.0,27.0,88.8,18.5,13,72,54,-5.8,,,,,,
163,"Cain, Lorenzo",2022,623,26.2,0.184,0.026,0.233,0.211,0.194,0.21,0.194,7.0,38.0,88.3,1.8,25,96,67,-7.6,,,,,,
208,"Tauchman, Mike",2021,870,23.9,0.184,0.237,0.182,0.421,0.311,0.334,0.234,7.0,38.0,86.8,6.1,40,103,105,-0.5,,,,,,
202,"Norby, Connor",2024,759,26.6,0.184,0.184,0.294,0.368,0.306,0.302,0.173,7.0,38.0,84.7,3.6,41,111,91,-4.4,67.476000095,7.014917333,,,,
242,"Barnes, Austin",2022,850,28.5,0.184,0.102,0.205,0.286,0.287,0.28,0.178,9.0,49.0,81.8,7.3,22,115,127,-2.8,,,,,,
383,"Polanco, Gregory",2021,1551,24.7,0.184,0.053,0.22,0.237,0.22,0.317,0.226,14.0,76.0,88.8,15.9,55,192,191,-17.0,,,,,,
148,"Lowrie, Jed",2022,727,20.4,0.184,0.105,0.194,0.289,0.206,0.222,0.192,7.0,38.0,84.4,11.3,19,79,69,-6.3,,,,,,
236,"Marsh, Brandon",2021,1073,22.0,0.184,0.122,0.258,0.306,0.255,0.309,0.238,9.0,49.0,86.7,11.3,41,123,113,-8.0,,,,,,
282,"Díaz, Aledmys",2023,1179,23.9,0.184,0.079,0.209,0.263,0.212,0.228,0.198,14.0,76.0,86.0,7.2,30,155,127,-12.6,,,,,,
187,"Bell, Josh",2020,857,21.8,0.184,0.184,0.172,0.368,0.27,0.32,0.209,7.0,38.0,92.5,17.1,28,88,99,-7.5,,,,,,
175,"Villar, David",2022,730,24.0,0.184,0.105,0.368,0.289,0.29,0.247,0.14,7.0,38.0,82.1,21.4,35,74,101,-3.2,,,,,,
517,"Ozuna, Marcell",2022,2023,25.6,0.183,0.119,0.2,0.302,0.227,0.297,0.237,23.0,126.0,89.0,19.7,73,276,241,-18.0,,,,,,
386,"Thomas, Alek",2022,1483,26.0,0.183,0.108,0.219,0.29,0.238,0.27,0.221,17.0,93.0,88.4,1.9,54,194,192,-10.3,,,,,,
401,"Morel, Christopher",2022,1648,24.3,0.183,0.118,0.238,0.301,0.266,0.272,0.185,17.0,93.0,85.4,11.6,69,204,197,-7.6,,,,,,
124,"Bader, Harrison",2020,522,23.8,0.182,0.136,0.25,0.318,0.331,0.292,0.099,4.0,22.0,81.1,29.3,18,56,68,-0.5,,,,,,
246,"Gutiérrez, Kelvin",2021,1160,21.2,0.182,0.055,0.25,0.236,0.246,0.239,0.17,10.0,55.0,87.9,1.7,38,110,136,-8.1,,,,,,
55,"Cameron, Daz",2020,237,23.2,0.182,0.0,0.5,0.182,0.16,0.135,0.142,2.0,11.0,84.8,23.0,10,29,26,-2.0,,,,,,
212,"Dubón, Mauricio",2022,933,22.7,0.182,0.073,0.2,0.255,0.198,0.185,0.149,10.0,55.0,82.2,20.0,31,130,82,-9.0,,,,,,
205,"Rendon, Anthony",2024,977,21.0,0.182,0.0,0.2,0.182,0.217,0.269,0.188,8.0,44.0,86.3,10.9,15,86,119,-2.1,65.320252568,6.616431892,,,,
31,"Smith, Mallex",2020,176,17.6,0.182,0.091,0.25,0.273,0.193,0.18,0.191,2.0,11.0,81.8,1.5,5,19,12,-1.0,,,,,,
261,"Walls, Taylor",2024,1028,25.4,0.182,0.036,0.238,0.218,0.266,0.307,0.208,10.0,55.0,85.1,20.3,36,119,142,-6.6,64.426772368,7.002768509,,,,
130,"Marlowe, Cade",2023,431,30.2,0.182,0.136,0.273,0.318,0.301,0.3,0.195,4.0,22.0,89.7,27.1,22,64,66,-1.2,,,,,,
219,"Castillo, Diego A.",2022,1149,19.1,0.182,0.227,0.161,0.409,0.256,0.263,0.165,8.0,44.0,88.6,18.2,26,105,114,-4.9,,,,,,
54,"Rooker, Brent",2022,142,38.0,0.182,0.091,0.286,0.273,0.273,0.341,0.206,2.0,11.0,91.7,12.6,10,28,26,-2.1,,,,,,
66,"Domínguez, Jasson",2024,278,23.7,0.182,0.0,0.25,0.182,0.347,0.401,0.239,2.0,11.0,90.6,19.4,8,28,38,-1.4,74.734404444,7.594724815,,,,
101,"Araúz, Jonathan",2021,321,31.5,0.182,0.182,0.2,0.364,0.248,0.211,0.189,4.0,22.0,80.1,18.6,13,49,52,-3.2,,,,,,
45,"Bouchard, Sean",2023,162,27.8,0.182,0.091,0.286,0.273,0.217,0.257,0.123,2.0,11.0,90.0,11.9,6,19,26,-2.1,,,,,,
42,"Alford, Anthony",2020,108,38.9,0.182,0.182,0.222,0.364,0.222,0.241,0.254,2.0,11.0,76.4,-9.0,9,21,21,0.0,,,,,,
105,"Mercedes, Yermín",2022,353,29.7,0.182,0.045,0.25,0.227,0.24,0.252,0.196,4.0,22.0,83.5,24.0,12,50,55,-4.0,,,,,,
150,"Hernández, Yonny",2021,681,22.0,0.182,0.061,0.231,0.242,0.245,0.287,0.246,6.0,33.0,74.8,8.8,7,74,76,-4.2,,,,,,
65,"Cowser, Colton",2023,364,17.9,0.182,0.091,0.25,0.273,0.283,0.263,0.175,2.0,11.0,90.0,18.5,9,29,36,-0.5,,,,,,
37,"Araúz, Jonathan",2022,160,23.1,0.182,0.0,0.222,0.182,0.147,0.2,0.224,2.0,11.0,87.4,8.8,4,20,17,-0.5,,,,,,
71,"Shenton, Austin",2024,212,33.5,0.182,0.091,0.333,0.273,0.3,0.305,0.215,2.0,11.0,79.3,16.8,15,30,41,-0.3,67.237714348,7.147713913,,,,
48,"Serven, Brian",2024,258,18.6,0.182,0.0,0.286,0.182,0.204,0.272,0.253,2.0,11.0,61.8,-7.5,7,24,24,-0.1,64.837717143,7.022740952,,,,
48,"Arozarena, Randy",2020,322,14.9,0.182,0.273,0.2,0.455,0.238,0.11,0.086,2.0,11.0,89.1,18.5,16,26,22,-2.0,,,,,,
47,"Haseley, Adam",2023,129,36.4,0.182,0.0,0.286,0.182,0.16,0.205,0.216,2.0,11.0,88.8,-0.9,8,24,23,-1.4,,,,,,
55,"Hurtubise, Jacob",2024,281,19.6,0.182,0.0,0.222,0.182,0.227,0.254,0.182,2.0,11.0,66.9,9.2,5,27,28,-1.2,59.1657296,6.3669836,,,,
213,"Naylor, Josh",2021,874,24.4,0.182,0.036,0.25,0.218,0.208,0.248,0.198,10.0,55.0,87.4,3.9,30,114,99,-8.7,,,,,,
99,"Olivares, Edward",2020,402,24.6,0.182,0.0,0.25,0.182,0.176,0.227,0.213,4.0,22.0,81.5,18.1,12,48,51,-4.8,,,,,,
53,"White, Eli",2020,213,24.9,0.182,0.091,0.4,0.273,0.177,0.144,0.121,2.0,11.0,86.0,21.2,11,25,28,-2.6,,,,,,
89,"Rafaela, Ceddanne",2023,354,25.1,0.182,0.045,0.267,0.227,0.169,0.205,0.192,4.0,22.0,81.8,-0.7,15,53,35,-4.6,,,,,,
324,"Bote, David",2021,1232,26.3,0.181,0.069,0.203,0.25,0.221,0.346,0.271,13.0,72.0,89.5,5.5,40,154,170,-12.6,,,,,,
436,"Dalbec, Bobby",2022,1475,29.6,0.181,0.074,0.258,0.255,0.223,0.247,0.176,17.0,94.0,89.4,17.4,71,209,227,-13.4,,,,,,
188,"Ahmed, Nick",2023,776,24.2,0.18,0.1,0.237,0.28,0.214,0.194,0.162,9.0,50.0,83.5,17.3,29,99,89,-4.9,,,,,,
558,"Morel, Christopher",2024,2352,23.7,0.18,0.213,0.177,0.393,0.3,0.326,0.21,22.0,122.0,88.0,11.7,91,262,296,-7.5,73.303557828,7.919303607,,,,
488,"Newman, Kevin",2021,1926,25.3,0.179,0.033,0.195,0.211,0.2,0.259,0.228,22.0,123.0,82.3,12.7,30,215,272,-18.1,,,,,,
120,"Quinn, Roman",2020,454,26.4,0.179,0.0,0.294,0.179,0.176,0.188,0.177,5.0,28.0,81.8,4.0,23,69,51,-7.6,,,,,,
138,"Tom, Ka'ai",2021,548,25.2,0.179,0.071,0.238,0.25,0.239,0.328,0.252,5.0,28.0,83.0,12.2,24,67,71,-4.6,,,,,,
318,"Bleday, JJ",2023,1213,26.2,0.179,0.134,0.188,0.313,0.267,0.275,0.182,12.0,67.0,88.3,19.9,36,134,184,-6.6,,,,,,
216,"Julien, Edouard",2024,1235,17.5,0.179,0.103,0.261,0.282,0.298,0.303,0.147,7.0,39.0,83.4,8.1,25,86,130,-1.5,69.362743077,6.999407949,,,,
172,"Wisdom, Patrick",2024,701,24.5,0.179,0.205,0.261,0.385,0.282,0.308,0.19,7.0,39.0,89.0,34.7,28,86,86,-1.2,71.077212857,7.668505595,,,,
283,"Fitzgerald, Tyler",2024,1330,21.3,0.179,0.045,0.316,0.224,0.201,0.188,0.165,12.0,67.0,80.8,19.6,49,137,146,-8.1,65.071231397,6.976463088,,,,
149,"Gyorko, Jedd",2020,566,26.3,0.179,0.107,0.211,0.286,0.244,0.276,0.203,5.0,28.0,85.9,9.8,25,66,83,-4.6,,,,,,
186,"Guillorme, Luis",2024,802,23.2,0.179,0.077,0.233,0.256,0.243,0.241,0.18,7.0,39.0,80.5,4.0,24,84,102,-4.6,60.203641852,7.223540617,,,,
127,"Giménez, Andrés",2020,502,25.3,0.179,0.036,0.208,0.214,0.246,0.268,0.196,5.0,28.0,84.6,17.3,16,65,62,-3.8,,,,,,
172,"Lopez, Nicky",2020,749,23.0,0.179,0.077,0.233,0.256,0.255,0.265,0.202,7.0,39.0,79.9,-3.9,20,74,98,-4.1,,,,,,
308,"Luplow, Jordan",2022,1006,30.6,0.179,0.054,0.243,0.232,0.266,0.308,0.222,10.0,56.0,83.7,13.8,45,156,152,-3.6,,,,,,
269,"Wendle, Joey",2023,1180,22.8,0.178,0.123,0.203,0.301,0.225,0.291,0.247,13.0,73.0,87.1,5.6,40,147,122,-8.9,,,,,,
516,"Taylor, Chris",2022,1980,26.1,0.178,0.109,0.281,0.287,0.26,0.265,0.173,18.0,101.0,85.7,17.7,105,250,266,-8.8,,,,,,
214,"Hilliard, Sam",2022,870,24.6,0.178,0.089,0.25,0.267,0.223,0.259,0.198,8.0,45.0,93.2,10.9,38,97,117,-7.0,,,,,,
474,"Flores, Wilmer",2023,1875,25.3,0.178,0.069,0.184,0.248,0.247,0.274,0.201,18.0,101.0,82.9,24.0,31,223,251,-10.7,,,,,,
386,"Castro, Willi",2021,1632,23.7,0.177,0.135,0.216,0.313,0.231,0.251,0.211,17.0,96.0,83.0,10.5,61,224,162,-17.3,,,,,,
592,"Langeliers, Shea",2024,1993,29.7,0.177,0.215,0.183,0.392,0.283,0.326,0.228,23.0,130.0,91.3,17.5,82,278,314,-8.5,72.82204076,7.2146173,,,,
73,"Reyes, Pablo",2021,356,20.5,0.176,0.059,0.231,0.235,0.205,0.176,0.135,3.0,17.0,85.9,14.8,7,26,47,-2.6,,,,,,
73,"Freeman, Mike",2021,253,28.9,0.176,0.0,0.25,0.176,0.185,0.213,0.197,3.0,17.0,75.2,5.8,11,34,39,-2.7,,,,,,
218,"Duffy, Matt",2023,751,29.0,0.176,0.039,0.237,0.216,0.21,0.258,0.21,9.0,51.0,84.2,12.4,30,105,113,-7.7,,,,,,
59,"Baty, Brett",2022,146,40.4,0.176,0.176,0.154,0.353,0.226,0.304,0.297,3.0,17.0,91.0,3.9,7,30,29,-2.3,,,,,,
187,"Carpenter, Matt",2024,669,28.0,0.176,0.0,0.316,0.176,0.224,0.212,0.137,6.0,34.0,84.7,27.8,24,83,104,-5.0,67.908890143,8.049078429,,,,
175,"Velázquez, Nelson",2023,704,24.9,0.176,0.206,0.182,0.382,0.323,0.337,0.221,6.0,34.0,86.3,10.2,32,82,93,2.1,,,,,,
395,"Melendez, MJ",2024,1845,21.4,0.176,0.286,0.157,0.462,0.3,0.276,0.178,16.0,91.0,89.2,20.3,72,226,169,-4.4,70.903383935,7.694750046,,,,
295,"Higashioka, Kyle",2024,1062,27.8,0.176,0.243,0.196,0.419,0.272,0.271,0.203,13.0,74.0,82.2,26.6,37,148,147,-2.9,67.494224306,7.213750069,,,,
164,"O'Neill, Tyler",2020,622,26.4,0.176,0.029,0.273,0.206,0.229,0.254,0.165,6.0,34.0,87.9,16.2,26,69,95,-3.4,,,,,,
67,"Torrens, Luis",2020,294,22.8,0.176,0.176,0.231,0.353,0.269,0.27,0.197,3.0,17.0,86.2,5.4,4,25,42,-2.0,,,,,,
86,"Wainwright, Adam",2021,270,31.9,0.176,0.0,0.273,0.176,0.185,0.208,0.191,3.0,17.0,56.7,-29.2,17,54,32,-1.6,,,"Wainwright, Adam",Starting_Pitcher,79.0,205.0
72,"Williams, Alika",2024,336,21.4,0.176,0.176,0.2,0.353,0.247,0.267,0.24,3.0,17.0,72.3,4.4,6,34,38,-1.8,61.432134815,6.32118037,,,,
158,"Trammell, Taylor",2021,751,21.0,0.176,0.147,0.313,0.324,0.273,0.247,0.143,6.0,34.0,81.7,0.2,35,92,66,-3.6,,,,,,
382,"Joe, Connor",2022,1900,20.1,0.176,0.082,0.238,0.259,0.264,0.272,0.195,15.0,85.0,83.0,10.8,50,176,206,-9.2,,,,,,
146,"Tapia, Raimel",2023,662,22.1,0.176,0.176,0.2,0.353,0.284,0.347,0.203,6.0,34.0,84.5,-3.7,25,77,69,-4.2,,,,,,
153,"Meadows, Parker",2023,594,25.8,0.176,0.147,0.208,0.324,0.23,0.332,0.269,6.0,34.0,88.3,17.9,14,67,86,-3.0,,,,,,
207,"Velázquez, Nelson",2022,810,25.6,0.176,0.176,0.242,0.353,0.249,0.262,0.204,9.0,51.0,89.3,5.7,42,103,104,-1.1,,,,,,
89,"Reyes, Franmil",2023,293,30.4,0.176,0.0,0.25,0.176,0.167,0.271,0.188,3.0,17.0,92.8,4.2,12,42,47,-4.0,,,,,,
71,"Gausman, Kevin",2021,234,30.3,0.176,0.0,0.375,0.176,0.147,0.059,0.061,3.0,17.0,55.0,-33.1,12,40,31,-3.7,,,,,,
77,"Pérez, Roberto",2022,308,25.0,0.176,0.0,0.375,0.176,0.186,0.174,0.134,3.0,17.0,87.6,-6.9,16,39,38,-2.8,,,,,,
65,"Mitchell, Garrett",2023,289,22.5,0.176,0.0,0.231,0.176,0.202,0.264,0.225,3.0,17.0,90.5,3.2,13,38,27,-2.4,,,,,,
121,"Mead, Curtis",2024,471,25.7,0.176,0.059,0.24,0.235,0.201,0.302,0.246,6.0,34.0,89.4,17.4,15,63,57,-6.5,70.89183,7.18506463,,,,
329,"Stassi, Max",2022,1436,22.9,0.176,0.118,0.227,0.294,0.272,0.257,0.16,12.0,68.0,87.1,10.4,39,131,198,-9.4,,,,,,
175,"Dubón, Mauricio",2021,675,25.9,0.176,0.078,0.19,0.255,0.187,0.233,0.194,9.0,51.0,82.6,13.6,20,102,73,-9.3,,,,,,
212,"Arenado, Nolan",2020,684,31.0,0.175,0.123,0.17,0.298,0.225,0.246,0.208,10.0,57.0,85.5,16.2,17,103,109,-10.0,,,,,,
430,"Paredes, Isaac",2022,1617,26.6,0.175,0.15,0.167,0.325,0.299,0.316,0.214,14.0,80.0,87.7,10.7,36,177,253,-6.5,,,,,,
337,"Galvis, Freddy",2021,1545,21.8,0.175,0.1,0.185,0.275,0.229,0.284,0.223,14.0,80.0,85.8,13.1,37,174,163,-12.8,,,,,,
477,"Hicks, Aaron",2022,2017,23.6,0.175,0.134,0.222,0.309,0.256,0.276,0.207,17.0,97.0,88.9,19.0,61,204,273,-8.9,,,,,,
507,"Smith, Dominic",2023,2210,22.9,0.175,0.042,0.211,0.217,0.243,0.302,0.205,21.0,120.0,85.9,11.4,52,253,254,-20.2,,,,,,
261,"Stallings, Jacob",2023,1084,24.1,0.175,0.032,0.22,0.206,0.192,0.212,0.192,11.0,63.0,85.8,3.5,24,106,155,-9.7,,,,,,
146,"Encarnacion-Strand, Christian",2024,451,32.4,0.175,0.075,0.233,0.25,0.174,0.258,0.222,7.0,40.0,88.8,12.9,22,93,53,-5.3,70.218097903,7.202984677,,,,
263,"Rosario, Eddie",2024,1187,22.2,0.175,0.095,0.222,0.27,0.201,0.223,0.188,11.0,63.0,88.0,8.2,40,143,120,-13.1,67.705665736,7.113246434,,,,
100,"Mead, Curtis",2023,341,29.3,0.174,0.043,0.267,0.217,0.231,0.257,0.196,4.0,23.0,85.4,12.9,11,46,54,-3.7,,,,,,
128,"Meadows, Austin",2020,657,19.5,0.174,0.087,0.222,0.261,0.272,0.317,0.214,4.0,23.0,92.2,33.6,14,53,75,-1.1,,,,,,
78,"Sandoval, Pablo",2020,355,22.0,0.174,0.043,0.2,0.217,0.185,0.27,0.27,4.0,23.0,89.4,9.5,13,53,25,-5.2,,,,,,
123,"Choi, Ji Man",2023,517,23.8,0.174,0.087,0.25,0.261,0.209,0.366,0.307,4.0,23.0,99.3,9.2,21,59,64,-4.7,,,,,,
92,"Wisely, Brett",2023,531,17.3,0.174,0.13,0.188,0.304,0.214,0.222,0.164,4.0,23.0,79.6,10.0,16,48,44,-4.9,,,,,,
109,"Martin, Richie",2021,401,27.2,0.174,0.043,0.235,0.217,0.183,0.198,0.189,4.0,23.0,77.8,8.6,18,59,50,-6.5,,,,,,
100,"Casali, Curt",2024,476,21.0,0.174,0.043,0.235,0.217,0.248,0.291,0.232,4.0,23.0,78.3,21.2,10,44,56,-1.5,58.54454275,6.8861725,,,,
106,"Paredes, Isaac",2020,449,23.6,0.174,0.13,0.158,0.304,0.259,0.294,0.233,4.0,23.0,81.7,8.8,5,44,62,-2.4,,,,,,
108,"Wells, Austin",2023,296,36.5,0.174,0.304,0.118,0.478,0.289,0.358,0.266,4.0,23.0,90.9,15.1,21,65,43,-3.1,,,,,,
309,"Knizner, Andrew",2022,1103,28.0,0.174,0.058,0.216,0.232,0.248,0.244,0.17,12.0,69.0,84.1,14.4,36,155,154,-5.8,,,,,,
183,"Peraza, Oswald",2023,721,25.4,0.174,0.043,0.229,0.217,0.221,0.295,0.24,8.0,46.0,84.9,5.3,30,83,100,-3.1,,,,,,
119,"Short, Zack",2024,391,30.4,0.174,0.087,0.222,0.261,0.26,0.274,0.195,4.0,23.0,80.9,1.7,15,60,59,-2.3,64.344557692,6.5435275,,,,
107,"Hays, Austin",2020,537,19.9,0.174,0.13,0.188,0.304,0.205,0.199,0.181,4.0,23.0,88.4,18.6,14,57,50,-4.8,,,,,,
548,"Pham, Tommy",2021,2374,23.1,0.173,0.045,0.224,0.218,0.225,0.295,0.221,19.0,110.0,87.0,0.8,59,226,322,-13.1,,,,,,
304,"Acuña Jr., Ronald",2021,1449,21.0,0.173,0.096,0.205,0.269,0.274,0.366,0.236,9.0,52.0,93.6,16.3,44,128,176,-6.6,,,,,,
335,"Torkelson, Spencer",2022,1609,20.8,0.173,0.136,0.216,0.309,0.245,0.3,0.21,14.0,81.0,91.1,14.6,53,174,161,-8.9,,,,,,
344,"Anderson, Brian",2022,1543,22.3,0.173,0.053,0.236,0.227,0.252,0.291,0.21,13.0,75.0,84.3,7.4,51,181,163,-7.3,,,,,,
170,"Adams, Riley",2021,539,31.5,0.172,0.138,0.235,0.31,0.309,0.297,0.156,5.0,29.0,86.0,18.4,25,71,99,-2.5,,,,,,
425,"Lowe, Josh",2024,1672,25.4,0.172,0.115,0.271,0.287,0.228,0.258,0.19,15.0,87.0,88.2,14.7,79,217,208,-13.0,70.579927664,6.934735327,,,,
266,"Longoria, Evan",2023,927,28.7,0.172,0.138,0.222,0.31,0.224,0.268,0.209,10.0,58.0,92.3,10.1,39,129,137,-10.4,,,,,,
131,"Torrens, Luis",2024,510,25.7,0.172,0.103,0.217,0.276,0.268,0.354,0.269,5.0,29.0,90.7,13.6,17,61,70,1.2,71.905321321,7.338508868,,,,
255,"Bruján, Vidal",2024,1055,24.2,0.172,0.078,0.25,0.25,0.217,0.216,0.187,11.0,64.0,84.5,10.8,41,141,114,-8.3,65.422612794,6.926732647,,,,
268,"Carpenter, Matt",2023,1014,26.4,0.172,0.138,0.22,0.31,0.231,0.26,0.159,10.0,58.0,86.4,19.0,39,127,141,-9.1,,,,,,
181,"Suzuki, Kurt",2020,484,37.4,0.171,0.086,0.194,0.257,0.252,0.302,0.198,6.0,35.0,80.6,14.4,12,81,100,-4.0,,,,,,
188,"Rice, Ben",2024,724,26.0,0.171,0.268,0.138,0.439,0.264,0.354,0.246,7.0,41.0,92.0,23.9,23,94,94,-6.0,70.325687527,7.455803763,,,,
175,"O'Hoppe, Logan",2023,761,23.0,0.171,0.244,0.182,0.415,0.285,0.325,0.22,7.0,41.0,91.4,25.6,38,87,88,-5.0,,,,,,
337,"d'Arnaud, Travis",2023,1115,30.2,0.171,0.11,0.203,0.28,0.229,0.293,0.234,14.0,82.0,89.3,11.3,54,186,151,-13.5,,,,,,
232,"Frazier, Clint",2021,949,24.4,0.171,0.122,0.207,0.293,0.316,0.36,0.223,7.0,41.0,86.3,13.3,24,91,141,-3.9,,,,,,
169,"Almonte, Abraham",2021,763,22.1,0.171,0.086,0.207,0.257,0.25,0.317,0.249,6.0,35.0,88.4,9.1,11,74,95,-3.4,,,,,,
159,"Mercado, Óscar",2022,471,33.8,0.171,0.2,0.16,0.371,0.26,0.246,0.165,6.0,35.0,85.1,20.5,24,80,79,-2.3,,,,,,
551,"Renfroe, Hunter",2023,2107,26.2,0.171,0.132,0.216,0.302,0.233,0.236,0.193,22.0,129.0,86.1,14.5,91,296,255,-19.5,,,,,,
316,"Bauers, Jake",2021,1222,25.9,0.171,0.026,0.245,0.197,0.211,0.313,0.236,13.0,76.0,89.6,18.5,40,158,158,-11.0,,,,,,
291,"Dickerson, Corey",2021,1483,19.6,0.171,0.114,0.207,0.286,0.222,0.251,0.213,12.0,70.0,86.5,10.1,34,155,136,-7.9,,,,,,
151,"Beck, Jordan",2024,659,22.9,0.171,0.049,0.25,0.22,0.221,0.242,0.186,7.0,41.0,81.6,12.1,27,77,74,-5.4,67.898839342,7.662554605,,,,
171,"Herrera, Odúbel",2022,737,23.2,0.171,0.049,0.226,0.22,0.189,0.192,0.173,7.0,41.0,82.3,6.0,22,96,75,-8.7,,,,,,
446,"Grandal, Yasmani",2023,1641,27.2,0.17,0.021,0.242,0.191,0.228,0.22,0.141,16.0,94.0,86.4,8.7,62,204,242,-11.4,,,,,,
354,"McNeil, Jeff",2021,1514,23.4,0.17,0.043,0.205,0.213,0.204,0.282,0.247,16.0,94.0,84.4,6.7,42,206,148,-17.3,,,,,,
241,"Bauers, Jake",2023,1169,20.6,0.17,0.255,0.161,0.426,0.28,0.417,0.281,8.0,47.0,90.2,16.8,33,114,127,-5.7,,,,,,
197,"Matos, Luis",2023,901,21.9,0.17,0.043,0.222,0.213,0.197,0.25,0.226,8.0,47.0,81.9,7.1,19,90,107,-8.4,,,,,,
388,"Schoop, Jonathan",2022,1789,21.7,0.17,0.07,0.195,0.24,0.209,0.237,0.19,17.0,100.0,85.3,10.7,60,217,171,-16.1,,,,,,
443,"Profar, Jurickson",2023,2104,21.1,0.17,0.117,0.177,0.287,0.263,0.321,0.23,16.0,94.0,87.0,10.9,40,208,235,-6.5,,,,,,
345,"Stewart, DJ",2021,1328,26.0,0.169,0.085,0.239,0.254,0.259,0.298,0.193,12.0,71.0,86.5,19.5,49,158,187,-8.8,,,,,,
432,"DeJong, Paul",2024,1851,23.3,0.168,0.121,0.219,0.29,0.204,0.229,0.181,18.0,107.0,86.7,23.8,106,263,169,-16.2,70.727565433,6.760166496,,,,
454,"Urías, Luis",2022,1974,23.0,0.168,0.168,0.162,0.337,0.265,0.291,0.214,16.0,95.0,85.8,19.0,44,212,242,-10.9,,,,,,
469,"Walls, Taylor",2022,1888,24.8,0.168,0.079,0.229,0.248,0.244,0.258,0.184,17.0,101.0,82.6,8.0,56,210,259,-7.7,,,,,,
407,"DeLuca, Jonny",2024,1345,30.3,0.168,0.063,0.235,0.232,0.197,0.242,0.221,16.0,95.0,80.0,11.2,61,236,171,-14.3,66.674170603,7.410309483,,,,
85,"Casali, Curt",2023,371,22.9,0.167,0.056,0.3,0.222,0.299,0.333,0.203,3.0,18.0,77.7,16.1,13,34,51,-0.3,,,,,,
107,"Garlick, Kyle",2021,433,24.7,0.167,0.208,0.176,0.375,0.234,0.363,0.248,4.0,24.0,90.9,23.8,16,52,55,-3.8,,,,,,
176,"Vogelbach, Daniel",2020,615,28.6,0.167,0.167,0.222,0.333,0.289,0.304,0.19,5.0,30.0,85.9,6.8,14,60,116,-4.0,,,,,,
25,"Millas, Drew",2024,252,9.9,0.167,0.0,0.5,0.167,0.224,0.183,0.106,1.0,6.0,97.9,-8.5,7,13,12,-1.3,66.921524615,7.238996154,,,,
24,"Souza Jr., Steven",2021,147,16.3,0.167,0.167,0.2,0.333,0.276,0.269,0.206,1.0,6.0,85.6,-2.6,0,9,15,-1.7,,,,,,
71,"Sisco, Chance",2021,316,22.5,0.167,0.111,0.25,0.278,0.239,0.224,0.163,3.0,18.0,78.5,1.0,15,37,34,-4.3,,,,,,
116,"Dunn, Oliver",2024,418,27.8,0.167,0.0,0.333,0.167,0.19,0.255,0.184,4.0,24.0,94.5,5.8,20,53,63,-3.1,73.115708085,7.542484681,,,,
275,"Lindor, Francisco",2020,1118,24.6,0.167,0.133,0.191,0.3,0.254,0.285,0.202,10.0,60.0,89.6,12.7,38,138,137,-10.4,,,,,,
22,"Bruce, Jay",2021,166,13.3,0.167,0.0,0.333,0.167,0.147,0.257,0.279,1.0,6.0,76.9,19.0,10,15,7,-0.9,,,,,,
85,"Andrus, Elvis",2020,412,20.6,0.167,0.0,0.211,0.167,0.19,0.211,0.182,4.0,24.0,82.1,3.6,8,45,40,-4.5,,,,,,
118,"Walsh, Jared",2023,459,25.7,0.167,0.083,0.308,0.25,0.281,0.242,0.135,4.0,24.0,74.2,10.7,30,57,61,-2.2,,,,,,
550,"Rooker, Brent",2023,2152,25.6,0.167,0.211,0.185,0.377,0.275,0.322,0.223,19.0,114.0,90.0,17.4,109,264,286,-11.6,,,,,,
130,"Frazier, Todd",2020,715,18.2,0.167,0.1,0.167,0.267,0.258,0.344,0.249,5.0,30.0,88.1,24.2,14,61,69,-3.7,,,,,,
26,"O'Keefe, Brian",2023,76,34.2,0.167,0.167,0.25,0.333,0.329,0.323,0.211,1.0,6.0,98.2,11.3,5,12,14,0.6,,,,,,
50,"Millas, Drew",2023,134,37.3,0.167,0.0,0.222,0.167,0.225,0.291,0.233,2.0,12.0,79.1,1.3,5,23,27,-0.7,,,,,,
57,"Pache, Cristian",2021,243,23.5,0.167,0.25,0.2,0.417,0.307,0.28,0.176,2.0,12.0,56.3,2.1,10,35,22,-1.6,,,,,,
46,"Tromp, Chadwick",2020,252,18.3,0.167,0.25,0.111,0.417,0.204,0.209,0.139,2.0,12.0,87.2,4.8,6,23,23,-3.0,,,,,,
32,"Walton, Donovan",2024,96,33.3,0.167,0.0,0.2,0.167,0.331,0.419,0.3,1.0,6.0,78.5,24.4,4,16,16,-0.1,61.47417,6.025888,,,,
58,"Raley, Luke",2022,282,20.6,0.167,0.0,0.286,0.167,0.242,0.298,0.123,2.0,12.0,87.7,6.7,14,31,27,-2.3,,,,,,
37,"Williams, Luke",2024,172,21.5,0.167,0.167,0.222,0.333,0.209,0.12,0.119,2.0,12.0,80.0,9.6,4,22,15,-1.7,67.196956316,7.258505263,,,,
79,"Schunk, Aaron",2024,371,21.3,0.167,0.0,0.2,0.167,0.147,0.191,0.201,4.0,24.0,79.9,1.9,7,45,34,-3.9,62.6910275,6.156289545,,,,
36,"Duggar, Steven",2020,133,27.1,0.167,0.083,0.2,0.25,0.177,0.289,0.262,2.0,12.0,85.9,7.7,1,21,15,-1.7,,,,,,
45,"Lauer, Eric",2021,136,33.1,0.167,0.0,0.333,0.167,0.255,0.184,0.024,1.0,6.0,52.5,4.2,4,16,29,-1.5,,,,,,
27,"Díaz, Isan",2020,97,27.8,0.167,0.0,0.2,0.167,0.147,0.345,0.368,1.0,6.0,77.0,-11.8,1,8,19,-1.9,,,,,,
19,"Serven, Brian",2023,77,24.7,0.167,0.167,0.25,0.333,0.207,0.105,0.103,1.0,6.0,89.3,28.3,2,7,12,-1.4,,,,,,
27,"Fox, Lucius",2022,109,24.8,0.167,0.0,0.5,0.167,0.147,0.022,0.022,1.0,6.0,59.1,-29.0,6,13,14,-0.3,,,,,,
46,"Muñoz, Yairo",2022,208,22.1,0.167,0.333,0.143,0.5,0.309,0.274,0.191,2.0,12.0,86.7,9.8,10,26,20,-1.3,,,,,,
50,"Huff, Sam",2023,159,31.4,0.167,0.333,0.2,0.5,0.303,0.329,0.211,2.0,12.0,89.0,-1.7,13,30,20,-1.9,,,,,,
58,"Starling, Bubba",2020,259,22.4,0.167,0.083,0.222,0.25,0.235,0.288,0.246,2.0,12.0,89.4,8.9,7,27,31,-1.7,,,,,,
87,"Vargas, Ildemaro",2021,303,28.7,0.167,0.042,0.25,0.208,0.162,0.172,0.179,4.0,24.0,84.8,-4.9,15,50,37,-4.4,,,,,,
51,"Vientos, Mark",2022,183,27.9,0.167,0.0,0.25,0.167,0.147,0.13,0.127,2.0,12.0,88.5,13.5,8,29,22,-3.0,,,,,,
196,"Phillips, Brett",2022,982,20.0,0.167,0.194,0.19,0.361,0.275,0.269,0.179,6.0,36.0,78.8,9.5,33,88,108,-4.0,,,,,,
491,"Gelof, Zack",2024,2055,23.9,0.167,0.167,0.265,0.333,0.256,0.271,0.158,18.0,108.0,87.5,14.1,114,240,251,-16.4,68.596867489,7.084319692,,,,
341,"Kelenic, Jarred",2021,1477,23.1,0.167,0.09,0.245,0.256,0.208,0.254,0.19,13.0,78.0,88.4,15.0,43,161,180,-14.1,,,,,,
27,"Fitzgerald, Tyler",2023,147,18.4,0.167,0.0,0.333,0.167,0.225,0.236,0.168,1.0,6.0,86.3,21.3,6,16,11,-0.3,,,,,,
568,"Suárez, Eugenio",2021,2391,23.8,0.167,0.152,0.209,0.318,0.239,0.289,0.197,22.0,132.0,89.1,19.5,81,270,298,-18.2,,,,,,
31,"Wallach, Chad",2022,168,18.5,0.167,0.5,0.0,0.667,0.431,0.47,0.241,1.0,6.0,75.3,25.4,5,17,14,1.2,,,,,,
26,"Young, Jared",2022,98,26.5,0.167,0.0,0.25,0.167,0.225,0.33,0.257,1.0,6.0,92.2,2.2,7,14,12,-1.1,,,,,,
40,"Bemboom, Anthony",2021,96,41.7,0.167,0.0,0.333,0.167,0.147,0.17,0.179,2.0,12.0,71.2,6.2,8,20,20,-3.4,,,,,,
32,"Deichmann, Greg",2021,136,23.5,0.167,0.0,0.25,0.167,0.147,0.178,0.177,1.0,6.0,85.7,39.0,6,20,12,-2.1,,,,,,
26,"Hudson, Joe",2020,77,33.8,0.167,0.0,0.2,0.167,0.147,0.038,0.04,1.0,6.0,71.6,32.0,3,11,15,-1.1,,,,,,
49,"Arias, Gabriel",2022,231,21.2,0.167,0.167,0.25,0.333,0.207,0.132,0.13,2.0,12.0,77.4,-15.1,8,24,25,0.0,,,,,,
289,"Brinson, Lewis",2021,1099,26.3,0.167,0.208,0.182,0.375,0.24,0.234,0.178,12.0,72.0,85.3,19.7,59,166,123,-5.7,,,,,,
190,"Davis, J.D.",2020,951,20.0,0.167,0.167,0.185,0.333,0.264,0.332,0.239,7.0,42.0,93.4,6.2,27,90,100,-4.5,,,,,,
55,"Ramos, Heliot",2023,246,22.4,0.167,0.083,0.222,0.25,0.281,0.282,0.16,2.0,12.0,88.0,16.3,10,25,30,-1.7,,,,,,
57,"Celestino, Gilberto",2021,235,24.3,0.167,0.0,0.182,0.167,0.188,0.255,0.229,2.0,12.0,83.8,-7.0,8,32,25,-3.5,,,,,,
43,"Blankenhorn, Travis",2024,122,35.2,0.167,0.083,0.25,0.25,0.178,0.161,0.154,2.0,12.0,84.4,-12.1,10,25,18,-2.6,71.823494,7.4417808,,,,
34,"Wolters, Tony",2021,125,27.2,0.167,0.0,1.0,0.167,0.283,0.26,0.125,1.0,6.0,50.7,4.5,5,12,22,-1.6,,,,,,
21,"Kessinger, Grae",2023,165,12.7,0.167,0.0,0.25,0.167,0.225,0.278,0.225,1.0,6.0,83.9,0.5,4,11,10,-1.6,,,,,,
24,"Camargo, Johan",2023,81,29.6,0.167,0.0,0.2,0.167,0.23,0.365,0.327,1.0,6.0,84.8,-2.0,3,14,10,-1.4,,,,,,
32,"Murphy, Tom",2024,152,21.1,0.167,0.167,1.0,0.333,0.278,0.213,0.138,1.0,6.0,109.3,13.0,5,11,21,-1.2,72.699268889,7.682492222,,,,
167,"Pérez, Roberto",2021,695,24.0,0.167,0.167,0.211,0.333,0.235,0.255,0.186,6.0,36.0,82.8,4.0,37,80,87,-4.4,,,,,,
240,"Gonzalez, Marwin",2022,822,29.2,0.167,0.093,0.205,0.259,0.227,0.222,0.16,9.0,54.0,82.1,20.6,22,130,110,-8.0,,,,,,
427,"Gallo, Joey",2022,1725,24.8,0.165,0.188,0.244,0.353,0.287,0.313,0.187,14.0,85.0,88.0,18.5,82,206,221,-7.5,,,,,,
507,"Joe, Connor",2023,1983,25.6,0.165,0.126,0.214,0.291,0.266,0.317,0.221,17.0,103.0,88.0,19.0,53,211,296,-10.7,,,,,,
276,"Alcántara, Sergio",2022,942,29.3,0.164,0.213,0.159,0.377,0.241,0.221,0.173,10.0,61.0,85.3,18.0,32,123,153,-8.3,,,,,,
281,"Castro, Rodolfo",2023,1002,28.0,0.164,0.06,0.238,0.224,0.201,0.194,0.147,11.0,67.0,87.6,6.6,51,138,143,-14.9,,,,,,
256,"Murphy, Sean",2024,1065,24.0,0.164,0.182,0.171,0.345,0.265,0.346,0.24,9.0,55.0,88.0,3.7,32,115,141,-8.0,69.421735702,7.713180439,,,,
279,"Smith, Josh",2023,977,28.6,0.164,0.055,0.205,0.218,0.249,0.32,0.232,9.0,55.0,86.2,9.6,21,126,153,-8.2,,,,,,
220,"Anderson, Tim",2024,945,23.3,0.164,0.018,0.25,0.182,0.17,0.215,0.202,9.0,55.0,87.0,-1.9,39,117,103,-13.2,67.9399941,7.1215685,,,,
294,"Siri, Jose",2022,1265,23.2,0.164,0.096,0.244,0.26,0.206,0.204,0.17,12.0,73.0,83.8,12.7,50,160,134,-11.6,,,,,,
278,"Muncy, Max",2020,1100,25.3,0.163,0.233,0.133,0.395,0.345,0.397,0.205,7.0,43.0,86.8,21.9,25,84,194,1.0,,,,,,
390,"Díaz, Elias",2021,1307,29.8,0.163,0.141,0.169,0.304,0.243,0.235,0.165,15.0,92.0,85.9,11.1,58,210,180,-10.1,,,,,,
180,"Sierra, Magneuris",2021,858,21.0,0.163,0.023,0.241,0.186,0.164,0.218,0.219,7.0,43.0,79.4,-5.4,28,111,69,-9.2,,,,,,
223,"Lipscomb, Trey",2024,780,28.6,0.163,0.02,0.216,0.184,0.223,0.258,0.195,8.0,49.0,86.1,-4.3,32,124,99,-6.3,66.023964052,7.473746034,,,,
296,"Davis, Henry",2023,1031,28.7,0.162,0.044,0.222,0.206,0.194,0.242,0.214,11.0,68.0,85.2,11.6,40,142,154,-10.6,,,,,,
151,"Massey, Michael",2022,719,21.0,0.162,0.054,0.214,0.216,0.217,0.298,0.214,6.0,37.0,83.3,16.4,32,88,63,-6.0,,,,,,
605,"Gallo, Joey",2021,2612,23.2,0.162,0.243,0.184,0.405,0.329,0.335,0.165,18.0,111.0,89.1,23.5,112,256,349,-4.8,,,,,,
173,"Cabrera, Oswaldo",2022,716,24.2,0.162,0.135,0.167,0.297,0.238,0.291,0.234,6.0,37.0,84.6,12.0,19,95,78,-1.6,,,,,,
156,"Zavala, Seby",2023,763,20.4,0.162,0.081,0.238,0.243,0.192,0.23,0.184,6.0,37.0,81.7,10.1,29,94,62,-7.5,,,,,,
281,"Castro, Willi",2022,1440,19.5,0.162,0.041,0.197,0.203,0.172,0.243,0.227,12.0,74.0,79.8,14.6,54,174,107,-14.0,,,,,,
456,"Lopez, Nicky",2022,1762,25.9,0.162,0.029,0.198,0.19,0.203,0.261,0.222,17.0,105.0,77.8,-0.7,43,223,233,-18.9,,,,,,
130,"White, Eli",2022,444,29.3,0.161,0.032,0.263,0.194,0.223,0.253,0.172,5.0,31.0,74.0,15.9,30,62,68,-3.6,,,,,,
152,"Adams, Riley",2022,612,24.8,0.161,0.226,0.231,0.387,0.306,0.251,0.143,5.0,31.0,86.6,12.9,27,68,84,-3.7,,,,,,
146,"Aranda, Jonathan",2024,573,25.5,0.161,0.194,0.136,0.355,0.264,0.298,0.217,5.0,31.0,87.4,11.0,15,73,73,-4.9,67.949361714,7.219995571,,,,
162,"Votto, Joey",2020,923,17.6,0.161,0.065,0.217,0.226,0.264,0.28,0.177,5.0,31.0,83.2,16.0,13,65,97,-1.4,,,"Votto, Joey",First_Baseman,75.0,200.0
337,"Gallo, Joey",2023,1428,23.6,0.161,0.355,0.13,0.516,0.357,0.358,0.164,10.0,62.0,94.6,27.8,74,162,175,-1.2,,,,,,
213,"Evans, Phillip",2021,928,23.0,0.16,0.04,0.267,0.2,0.246,0.228,0.134,8.0,50.0,87.1,-0.9,28,86,127,-5.0,,,,,,
352,"Bellinger, Cody",2021,1430,24.6,0.16,0.111,0.186,0.272,0.226,0.243,0.168,13.0,81.0,88.5,25.6,56,185,167,-13.0,,,,,,
119,"Maldonado, Martín",2024,556,21.4,0.16,0.12,0.25,0.28,0.225,0.201,0.127,4.0,25.0,76.8,6.3,21,55,64,-4.5,69.117664906,7.449314717,,,,
186,"Soderstrom, Tyler",2024,770,24.2,0.16,0.08,0.258,0.24,0.187,0.198,0.144,8.0,50.0,93.4,9.1,41,107,79,-6.9,72.047340891,7.594711782,,,,
222,"Aquino, Aristides",2021,841,26.4,0.159,0.182,0.25,0.341,0.279,0.286,0.164,7.0,44.0,86.1,22.9,44,102,120,-4.9,,,,,,
366,"Gorman, Nolan",2024,1596,22.9,0.159,0.122,0.244,0.28,0.226,0.263,0.183,13.0,82.0,87.4,23.2,81,195,171,-17.2,71.237978141,7.386737628,,,,
348,"Suwinski, Jack",2022,1572,22.1,0.159,0.232,0.146,0.391,0.297,0.307,0.178,11.0,69.0,88.1,19.6,46,156,192,-6.9,,,,,,
216,"Hummel, Cooper",2022,819,26.4,0.159,0.159,0.214,0.318,0.28,0.267,0.157,7.0,44.0,85.2,0.3,23,90,126,-4.0,,,,,,
188,"Serven, Brian",2022,796,23.6,0.159,0.023,0.2,0.182,0.21,0.247,0.188,7.0,44.0,82.2,10.3,21,101,87,-9.5,,,,,,
453,"Gregorius, Didi",2021,1580,28.7,0.159,0.168,0.15,0.327,0.216,0.234,0.199,17.0,107.0,85.3,15.6,87,287,166,-14.9,,,,,,
72,"Crawford, Brandon",2024,321,22.4,0.158,0.105,0.25,0.263,0.178,0.151,0.154,3.0,19.0,94.0,13.6,12,40,32,-5.3,68.954228108,7.347228108,,,,
82,"Raley, Luke",2021,271,30.3,0.158,0.158,0.2,0.316,0.224,0.302,0.2,3.0,19.0,91.7,-2.5,19,44,38,-4.6,,,,,,
92,"Zunino, Mike",2020,382,24.1,0.158,0.316,0.1,0.474,0.333,0.438,0.229,3.0,19.0,88.4,29.7,13,43,49,-0.8,,,,,,
78,"Reyes, Pablo",2024,252,31.0,0.158,0.0,0.231,0.158,0.168,0.229,0.216,3.0,19.0,88.2,6.3,4,35,43,-3.7,63.648248636,6.859078636,,,,
162,"Heyward, Jason",2022,558,29.0,0.158,0.053,0.207,0.211,0.222,0.271,0.197,6.0,38.0,87.3,13.9,22,80,82,-6.5,,,,,,
71,"Tejeda, Anderson",2020,275,25.8,0.158,0.053,0.25,0.211,0.185,0.152,0.13,3.0,19.0,86.0,6.0,14,32,39,-5.4,,,,,,
423,"Maldonado, Martín",2023,1584,26.7,0.156,0.115,0.203,0.271,0.238,0.24,0.163,15.0,96.0,78.6,17.4,74,219,204,-15.6,,,,,,
470,"Toglia, Michael",2024,1920,24.5,0.156,0.256,0.157,0.411,0.288,0.335,0.207,14.0,90.0,89.8,15.5,85,215,255,-4.5,71.045739095,7.453475762,,,,
517,"Arcia, Orlando",2024,2332,22.2,0.155,0.017,0.209,0.172,0.185,0.222,0.168,18.0,116.0,86.3,9.5,85,259,258,-25.6,68.410841949,7.819254025,,,,
138,"Moore, Dylan",2020,656,21.0,0.154,0.154,0.2,0.308,0.313,0.348,0.207,4.0,26.0,82.4,25.8,14,45,93,-1.3,,,,,,
56,"Castro, Starlin",2020,262,21.4,0.154,0.231,0.1,0.385,0.254,0.388,0.313,2.0,13.0,87.0,22.6,7,26,30,-2.3,,,,,,
52,"Barrera, Tres",2022,194,26.8,0.154,0.077,0.2,0.231,0.165,0.223,0.226,2.0,13.0,87.3,33.0,5,29,23,-1.5,,,,,,
66,"Palacios, Joshua",2022,209,31.6,0.154,0.0,0.222,0.154,0.175,0.16,0.129,2.0,13.0,71.2,-3.0,9,40,26,-3.0,,,,,,
116,"Mastrobuoni, Miles",2023,605,19.2,0.154,0.0,0.211,0.154,0.176,0.2,0.174,4.0,26.0,74.9,1.9,10,46,70,-5.1,,,,,,
113,"Toro, Abraham",2020,369,30.6,0.154,0.115,0.176,0.269,0.249,0.33,0.254,4.0,26.0,82.1,12.5,16,63,50,-3.9,,,,,,
195,"Rizzo, Anthony",2020,985,19.8,0.154,0.026,0.2,0.179,0.176,0.254,0.178,6.0,39.0,87.9,14.8,22,92,103,-8.0,,,,,,
150,"Ramos, Wilson",2021,555,27.0,0.154,0.026,0.2,0.179,0.167,0.288,0.234,6.0,39.0,86.1,8.6,20,84,66,-7.6,,,,,,
145,"Gordon, Alex",2020,707,20.5,0.154,0.051,0.207,0.205,0.227,0.288,0.186,6.0,39.0,78.5,9.5,20,76,69,-6.8,,,,,,
55,"Demeritte, Travis",2022,381,14.4,0.154,0.0,0.2,0.154,0.164,0.222,0.179,2.0,13.0,87.2,-1.4,13,29,26,-3.3,,,,,,
53,"Bolt, Skye",2021,209,25.4,0.154,0.077,0.25,0.231,0.201,0.24,0.188,2.0,13.0,79.9,-1.1,8,26,27,-2.5,,,,,,
88,"Bouchard, Sean",2024,431,20.4,0.154,0.077,0.2,0.231,0.258,0.284,0.17,2.0,13.0,82.1,13.2,10,36,52,-0.3,66.731816765,7.044602941,,,,
113,"McKinney, Billy",2023,611,18.5,0.154,0.231,0.125,0.385,0.262,0.311,0.193,4.0,26.0,86.7,11.8,22,58,55,-4.0,,,,,,
76,"Bumgarner, Madison",2021,242,31.4,0.154,0.0,0.4,0.154,0.196,0.194,0.139,2.0,13.0,88.9,27.0,12,28,48,-3.9,,,,,,
322,"Siani, Michael",2024,1289,25.0,0.154,0.038,0.22,0.192,0.187,0.21,0.165,12.0,78.0,73.4,-4.5,68,177,145,-17.1,64.048806708,7.007051242,,,,
112,"Gomes, Yan",2020,405,27.7,0.154,0.077,0.167,0.231,0.181,0.292,0.279,4.0,26.0,87.7,12.0,15,58,54,-5.9,,,,,,
119,"García, Robel",2021,453,26.3,0.154,0.038,0.267,0.192,0.181,0.211,0.186,4.0,26.0,82.4,11.7,32,56,63,-5.1,,,,,,
196,"Thompson, Trayce",2023,799,24.5,0.154,0.179,0.286,0.333,0.268,0.269,0.152,6.0,39.0,93.5,19.6,40,88,108,-2.3,,,,,,
66,"Nuñez, Nasim",2024,327,20.2,0.154,0.0,0.182,0.154,0.209,0.284,0.233,2.0,13.0,63.7,-6.4,4,28,38,-1.5,57.874876667,5.964921429,,,,
411,"Maldonado, Martín",2021,1789,23.0,0.153,0.153,0.158,0.306,0.277,0.262,0.157,13.0,85.0,83.9,18.1,53,190,221,-5.3,,,,,,
317,"Brown, Seth",2021,1218,26.0,0.153,0.097,0.188,0.25,0.218,0.257,0.182,11.0,72.0,86.4,17.2,51,143,174,-13.3,,,,,,
157,"Rooker, Brent",2021,814,19.3,0.152,0.091,0.294,0.242,0.236,0.232,0.156,5.0,33.0,89.7,2.9,29,78,79,-4.6,,,,,,
163,"Wallach, Chad",2023,690,23.6,0.152,0.152,0.222,0.303,0.256,0.289,0.176,5.0,33.0,80.9,6.9,27,83,80,-5.8,,,,,,
150,"Kelenic, Jarred",2022,699,21.5,0.152,0.121,0.278,0.273,0.228,0.175,0.096,5.0,33.0,84.9,27.4,32,75,75,-7.8,,,,,,
212,"Senzel, Nick",2024,1005,21.1,0.152,0.261,0.138,0.413,0.303,0.322,0.217,7.0,46.0,80.5,18.4,21,98,114,-4.1,65.203975417,7.350524688,,,,
212,"Malloy, Justyn-Henry",2024,992,21.4,0.15,0.275,0.15,0.425,0.301,0.3,0.173,6.0,40.0,89.4,20.9,35,84,128,-3.5,66.124467262,6.939516786,,,,
254,"Allen, Nick",2022,1154,22.0,0.15,0.05,0.22,0.2,0.182,0.196,0.166,9.0,60.0,79.3,6.0,34,130,124,-9.6,,,,,,
95,"Mercado, Óscar",2020,366,26.0,0.15,0.0,0.231,0.15,0.176,0.187,0.153,3.0,20.0,85.0,-6.1,15,45,50,-4.4,,,,,,
80,"Stewart, Christin",2020,387,20.7,0.15,0.05,0.231,0.2,0.193,0.235,0.165,3.0,20.0,86.9,29.5,14,39,41,-6.3,,,,,,
79,"Kingery, Scott",2020,468,16.9,0.15,0.15,0.125,0.3,0.255,0.286,0.188,3.0,20.0,80.4,25.6,9,42,37,-2.5,,,,,,
206,"White, Eli",2021,892,23.1,0.149,0.106,0.231,0.255,0.22,0.235,0.18,7.0,47.0,77.2,12.6,35,99,107,-7.9,,,,,,
199,"Altuve, Jose",2020,762,26.1,0.149,0.106,0.176,0.255,0.211,0.239,0.187,7.0,47.0,85.6,3.5,23,89,110,-7.9,,,,,,
276,"Kieboom, Carter",2021,884,31.2,0.149,0.0,0.227,0.149,0.186,0.254,0.205,10.0,67.0,82.9,4.2,48,139,137,-18.5,,,,,,
277,"Vázquez, Christian",2024,1141,24.3,0.149,0.054,0.183,0.203,0.157,0.212,0.191,11.0,74.0,82.3,16.2,41,160,117,-11.2,65.443130753,6.77302726,,,,
177,"Pratto, Nick",2022,787,22.5,0.148,0.111,0.286,0.259,0.279,0.254,0.08,4.0,27.0,90.3,24.5,29,77,100,-2.3,,,,,,
205,"Calhoun, Kole",2023,681,30.1,0.148,0.204,0.116,0.352,0.224,0.3,0.24,8.0,54.0,86.3,19.7,24,111,94,-7.0,,,,,,
134,"Smoak, Justin",2020,554,24.2,0.148,0.074,0.235,0.222,0.204,0.225,0.181,4.0,27.0,85.8,5.1,22,63,71,-4.7,,,,,,
259,"Belt, Brandon",2022,1194,21.7,0.148,0.037,0.216,0.185,0.22,0.247,0.155,8.0,54.0,88.1,31.2,32,115,144,-9.4,,,,,,
134,"Nido, Tomás",2024,506,26.5,0.147,0.0,0.2,0.147,0.152,0.193,0.149,5.0,34.0,86.2,9.8,30,89,45,-7.7,69.770760698,7.968877209,,,,
129,"Marcano, Tucupita",2022,672,19.2,0.147,0.118,0.167,0.265,0.212,0.188,0.135,5.0,34.0,81.5,9.5,12,54,75,-3.3,,,,,,
305,"Gallo, Joey",2024,1075,28.4,0.147,0.25,0.152,0.397,0.277,0.252,0.153,10.0,68.0,89.4,23.6,54,147,158,-5.5,70.269117752,7.136547984,,,,
134,"Raleigh, Cal",2021,568,23.6,0.147,0.059,0.238,0.206,0.161,0.155,0.131,5.0,34.0,91.2,27.1,34,87,47,-6.5,,,,,,
172,"Azocar, José",2022,768,22.4,0.146,0.021,0.189,0.167,0.156,0.244,0.21,7.0,48.0,80.2,13.6,24,111,61,-9.7,,,,,,
449,"Siri, Jose",2024,1788,25.1,0.146,0.058,0.246,0.204,0.204,0.254,0.173,15.0,103.0,79.2,10.2,104,225,224,-20.9,69.154490857,7.641865714,,,,
220,"Duvall, Adam",2020,798,27.6,0.145,0.2,0.125,0.345,0.247,0.319,0.206,8.0,55.0,86.0,20.5,35,117,103,-6.1,,,,,,
287,"Buxton, Byron",2022,1529,18.8,0.145,0.21,0.154,0.355,0.285,0.278,0.168,9.0,62.0,87.8,19.7,45,133,154,-8.6,,,,,,
81,"Hensley, David",2024,250,32.4,0.143,0.0,0.25,0.143,0.196,0.172,0.107,2.0,14.0,90.2,-6.5,11,26,55,-2.8,69.452067692,6.762665769,,,,
40,"Lewis, Kyle",2022,263,15.2,0.143,0.0,0.143,0.143,0.251,0.444,0.399,1.0,7.0,85.6,12.1,7,17,23,-0.4,,,,,,
202,"Ohtani, Shohei",2020,739,27.3,0.143,0.238,0.13,0.381,0.265,0.312,0.216,6.0,42.0,89.7,9.5,27,94,108,-7.8,,,,,,
23,"Velasquez, Vince",2021,94,24.5,0.143,0.0,0.333,0.143,0.196,0.229,0.167,1.0,7.0,70.8,-18.0,4,15,8,-1.9,,,,,,
21,"Brooks, Trenton",2024,110,19.1,0.143,0.0,0.25,0.143,0.126,0.278,0.218,1.0,7.0,95.7,29.5,4,12,9,-2.2,59.749279167,7.437298333,,,,
33,"Ornelas, Jonathan",2024,163,20.2,0.143,0.0,0.2,0.143,0.126,0.097,0.105,1.0,7.0,73.9,-12.5,6,18,15,-1.2,66.984970556,6.741741111,,,,
58,"Beaty, Matt",2022,177,32.8,0.143,0.071,0.2,0.214,0.251,0.329,0.246,2.0,14.0,83.7,20.7,6,26,32,-2.6,,,,,,
31,"Allen, Austin",2020,128,24.2,0.143,0.0,0.25,0.143,0.126,0.151,0.166,1.0,7.0,81.7,21.3,5,15,16,-1.8,,,,,,
46,"Refsnyder, Rob",2020,149,30.9,0.143,0.0,0.25,0.143,0.176,0.216,0.11,1.0,7.0,92.9,24.0,9,22,24,-3.0,,,,,,
20,"Astudillo, Willians",2020,41,48.8,0.143,0.0,0.167,0.143,0.126,0.214,0.233,1.0,7.0,80.1,32.2,1,12,8,-1.9,,,,,,
16,"Plummer, Nick",2022,96,16.7,0.143,0.429,0.0,0.571,0.296,0.322,0.285,1.0,7.0,88.9,11.6,1,9,7,-0.5,,,,,,
54,"Wong, Kean",2021,226,23.9,0.143,0.0,0.2,0.143,0.196,0.289,0.245,2.0,14.0,65.4,-7.6,10,30,24,-0.8,,,,,,
56,"Groshans, Jordan",2022,263,21.3,0.143,0.0,0.182,0.143,0.126,0.161,0.164,2.0,14.0,85.3,13.2,6,27,29,-3.2,,,,,,
30,"Haseley, Adam",2022,92,32.6,0.143,0.0,0.25,0.143,0.126,0.123,0.133,1.0,7.0,70.6,-16.8,4,18,12,1.2,,,,,,
65,"Young, Jared",2023,174,37.4,0.143,0.286,0.25,0.429,0.256,0.279,0.242,2.0,14.0,95.1,13.4,16,38,27,-2.9,,,,,,
151,"Taveras, Leody",2021,709,21.3,0.143,0.086,0.263,0.229,0.199,0.202,0.164,5.0,35.0,71.7,1.4,17,73,78,-7.8,,,,,,
84,"Dozier, Hunter",2023,344,24.4,0.143,0.095,0.214,0.238,0.197,0.195,0.154,3.0,21.0,84.6,14.9,16,40,44,-2.6,,,,,,
79,"Bart, Joey",2023,350,22.6,0.143,0.0,0.182,0.143,0.214,0.22,0.096,2.0,14.0,80.7,20.5,8,30,49,-3.2,,,,,,
21,"Weaver, Luke",2021,75,28.0,0.143,0.0,0.333,0.143,0.126,0.085,0.09,1.0,7.0,83.0,-4.0,5,11,10,-1.1,,,,,,
23,"Marrero, Deven",2021,87,26.4,0.143,0.0,0.167,0.143,0.196,0.184,0.112,1.0,7.0,76.0,23.0,4,12,11,-1.7,,,,,,
211,"Maile, Luke",2022,821,25.7,0.143,0.0,0.171,0.143,0.214,0.227,0.124,6.0,42.0,84.7,15.4,20,98,113,-7.3,,,,,,
253,"Alcántara, Sergio",2021,1069,23.7,0.143,0.061,0.219,0.204,0.216,0.229,0.151,7.0,49.0,84.6,10.3,30,112,141,-8.5,,,,,,
23,"Blankenhorn, Travis",2021,93,24.7,0.143,0.429,0.0,0.571,0.287,0.336,0.209,1.0,7.0,100.3,5.4,2,12,11,-0.8,,,,,,
30,"Holaday, Bryan",2021,142,21.1,0.143,0.0,0.333,0.143,0.2,0.183,0.112,1.0,7.0,77.5,34.0,8,17,13,-1.8,,,,,,
20,"Garlick, Kyle",2020,77,26.0,0.143,0.143,0.167,0.286,0.177,0.23,0.249,1.0,7.0,92.0,7.3,2,8,12,-0.7,,,,,,
21,"Canario, Alexander",2024,101,20.8,0.143,0.143,0.333,0.286,0.179,0.166,0.145,1.0,7.0,97.4,28.0,6,11,10,-2.0,79.353791818,7.832787273,,,,
39,"Martini, Nick",2021,193,20.2,0.143,0.0,0.143,0.143,0.098,0.196,0.23,1.0,7.0,82.7,20.3,1,22,17,-3.0,,,,,,
131,"Allen, Greg",2022,531,24.7,0.143,0.071,0.267,0.214,0.166,0.184,0.156,4.0,28.0,82.8,9.1,19,59,72,-6.7,,,,,,
104,"VanMeter, Josh",2020,330,31.5,0.143,0.143,0.182,0.286,0.224,0.257,0.189,3.0,21.0,86.7,12.3,16,43,61,-2.9,,,,,,
33,"Paris, Kyren",2023,189,17.5,0.143,0.0,0.25,0.143,0.253,0.323,0.199,1.0,7.0,91.3,28.5,5,18,15,-0.9,,,,,,
44,"Ruf, Darin",2023,264,16.7,0.143,0.0,0.25,0.143,0.253,0.257,0.125,1.0,7.0,99.5,17.8,2,14,30,-1.1,,,,,,
28,"Payton, Mark",2022,131,21.4,0.143,0.0,0.2,0.143,0.197,0.242,0.185,1.0,7.0,88.9,26.8,4,14,14,-1.4,,,,,,
48,"Stephenson, Tyler",2020,89,53.9,0.143,0.0,0.333,0.143,0.301,0.285,0.113,1.0,7.0,83.5,20.0,4,17,31,0.0,,,,,,
22,"Querecuto, Juniel",2023,79,27.8,0.143,0.0,0.167,0.143,0.126,0.214,0.234,1.0,7.0,59.0,-8.8,5,14,8,-2.1,,,,,,
105,"Jung, Jace",2024,386,27.2,0.143,0.0,0.375,0.143,0.175,0.19,0.154,3.0,21.0,78.0,3.6,22,57,48,-5.5,67.491746786,7.29301125,,,,
23,"De Los Santos, Luis",2024,121,19.0,0.143,0.143,0.2,0.286,0.179,0.176,0.178,1.0,7.0,77.2,-17.0,4,12,11,-1.8,69.202841667,7.0690075,,,,
158,"Hamilton, Billy",2021,530,29.8,0.143,0.029,0.227,0.171,0.162,0.183,0.16,5.0,35.0,81.1,19.4,30,87,71,-9.2,,,,,,
57,"Chisholm Jr., Jazz",2020,263,21.7,0.143,0.071,0.25,0.214,0.188,0.233,0.163,2.0,14.0,77.5,22.3,9,26,31,-3.8,,,,,,
27,"Walker, Neil",2020,172,15.7,0.143,0.0,0.2,0.143,0.11,0.135,0.151,1.0,7.0,80.2,34.2,6,14,13,-2.2,,,,,,
128,"Mendick, Danny",2024,540,23.7,0.143,0.2,0.125,0.343,0.203,0.193,0.149,5.0,35.0,76.6,20.3,17,61,67,-5.1,64.454070172,7.04662431,,,,
33,"Yorke, Nick",2024,174,19.0,0.143,0.0,0.167,0.143,0.175,0.263,0.168,1.0,7.0,81.9,27.0,7,19,14,-2.3,66.684277647,7.037963529,,,,
33,"Wall, Forrest",2024,129,25.6,0.143,0.0,0.2,0.143,0.196,0.21,0.1,1.0,7.0,87.5,20.0,8,20,13,-1.1,62.6325255,6.4581875,,,,
59,"Vilade, Ryan",2024,188,31.4,0.143,0.0,0.2,0.143,0.118,0.173,0.202,2.0,14.0,84.8,8.0,9,36,23,-3.7,73.698988056,7.241240833,,,,
34,"Davies, Zach",2021,153,22.2,0.143,0.0,0.25,0.143,0.126,0.077,0.082,1.0,7.0,60.1,-12.8,3,14,20,-2.6,,,,,,
29,"LaMarre, Ryan",2021,91,31.9,0.143,0.0,0.167,0.143,0.255,0.28,0.145,1.0,7.0,88.2,9.7,4,14,15,-1.6,,,,,,
278,"Buxton, Byron",2023,1367,20.3,0.141,0.313,0.086,0.453,0.271,0.351,0.208,9.0,64.0,88.2,10.5,54,141,137,-6.0,,,,,,
181,"McGuire, Reese",2021,797,22.7,0.14,0.07,0.231,0.209,0.18,0.189,0.15,6.0,43.0,86.1,11.5,27,88,93,-8.3,,,,,,
222,"Díaz, Isan",2021,1070,20.7,0.14,0.1,0.171,0.24,0.203,0.229,0.155,7.0,50.0,87.5,14.6,41,107,115,-10.2,,,,,,
290,"Mitchell, Garrett",2024,891,32.5,0.14,0.18,0.25,0.32,0.289,0.27,0.141,7.0,50.0,84.2,0.1,57,123,167,-7.2,71.3096945,7.135265333,,,,
197,"Calhoun, Kole",2021,734,26.8,0.14,0.02,0.194,0.16,0.178,0.219,0.166,7.0,50.0,84.2,17.3,36,106,91,-10.0,,,,,,
527,"Bradley Jr., Jackie",2021,1682,31.3,0.139,0.111,0.192,0.25,0.229,0.267,0.18,15.0,108.0,89.2,11.9,76,224,303,-23.1,,,,,,
129,"Ramos, Wilson",2020,529,24.4,0.139,0.028,0.172,0.167,0.145,0.249,0.224,5.0,36.0,87.5,3.3,17,73,56,-11.4,,,,,,
163,"Hampson, Garrett",2020,772,21.1,0.139,0.056,0.217,0.194,0.18,0.222,0.159,5.0,36.0,81.1,17.6,23,73,90,-10.7,,,,,,
131,"Herrera, Jose",2023,510,25.7,0.138,0.034,0.2,0.172,0.165,0.182,0.146,4.0,29.0,74.6,2.1,11,62,69,-6.9,,,,,,
110,"Murphy, Tom",2023,593,18.5,0.138,0.138,0.15,0.276,0.178,0.278,0.196,4.0,29.0,88.3,20.3,18,60,50,-6.3,,,,,,
109,"Butler, Lawrence",2023,500,21.8,0.138,0.103,0.167,0.241,0.189,0.255,0.18,4.0,29.0,87.3,11.0,22,53,56,-5.8,,,,,,
219,"Marte, Noelvi",2024,882,24.8,0.137,0.078,0.2,0.216,0.195,0.205,0.157,7.0,51.0,85.6,16.8,30,108,111,-6.7,70.622800377,7.325084057,,,,
97,"Soderstrom, Tyler",2023,519,18.7,0.136,0.0,0.214,0.136,0.162,0.228,0.199,3.0,22.0,88.9,11.6,16,49,48,-5.1,,,,,,
358,"Arias, Gabriel",2023,1345,26.6,0.136,0.136,0.16,0.272,0.22,0.295,0.206,11.0,81.0,87.5,-0.8,81,205,153,-13.6,,,,,,
107,"Hilliard, Sam",2020,492,21.7,0.136,0.136,0.182,0.273,0.214,0.188,0.131,3.0,22.0,91.7,9.5,20,52,55,-4.8,,,,,,
184,"Garver, Mitch",2022,943,19.5,0.135,0.189,0.097,0.324,0.261,0.324,0.206,5.0,37.0,88.1,17.7,17,81,103,0.2,,,,,,
197,"Brosseau, Mike",2021,734,26.8,0.135,0.135,0.182,0.27,0.242,0.23,0.12,5.0,37.0,84.2,16.7,36,95,102,-5.9,,,,,,
180,"McKinstry, Zach",2022,791,22.8,0.135,0.162,0.125,0.297,0.222,0.252,0.197,5.0,37.0,86.4,15.8,17,91,89,-4.4,,,,,,
141,"Myers, Wil",2023,552,25.5,0.135,0.108,0.19,0.243,0.195,0.228,0.184,5.0,37.0,88.1,14.5,29,66,75,-7.9,,,,,,
172,"Jackson, Alex",2024,626,27.5,0.135,0.216,0.167,0.351,0.234,0.207,0.105,5.0,37.0,85.7,26.7,46,91,81,-5.8,71.627518876,7.205406067,,,,
62,"Díaz, Aledmys",2020,216,28.7,0.133,0.2,0.1,0.333,0.191,0.218,0.192,2.0,15.0,87.4,14.5,11,33,29,-3.2,,,,,,
65,"Padlo, Kevin",2022,132,49.2,0.133,0.067,0.222,0.2,0.177,0.152,0.128,2.0,15.0,94.5,4.0,12,30,35,-3.1,,,,,,
61,"Adams, Matt",2021,138,44.2,0.133,0.0,0.182,0.133,0.153,0.178,0.117,2.0,15.0,78.9,8.4,8,33,28,-4.7,,,,,,
83,"Paredes, Isaac",2021,378,22.0,0.133,0.067,0.118,0.2,0.211,0.268,0.207,2.0,15.0,89.3,23.3,4,36,47,-3.7,,,,,,
121,"Grissom, Vaughn",2024,443,27.3,0.133,0.033,0.16,0.167,0.175,0.28,0.224,4.0,30.0,85.3,13.0,17,61,60,-4.5,66.389925263,7.269219474,,,,
48,"Astudillo, Willians",2022,150,32.0,0.133,0.0,0.154,0.133,0.154,0.192,0.167,2.0,15.0,74.4,10.5,7,30,18,-3.3,,,,,,
86,"Carpenter, Kerry",2022,432,19.9,0.133,0.2,0.125,0.333,0.306,0.33,0.172,2.0,15.0,85.6,23.4,9,38,48,-1.6,,,,,,
64,"Hedges, Austin",2020,335,19.1,0.133,0.0,0.182,0.133,0.11,0.364,0.343,2.0,15.0,79.8,-0.5,9,35,29,-4.5,,,,,,
81,"Taveras, Leody",2020,525,15.4,0.133,0.0,0.25,0.133,0.215,0.243,0.157,2.0,15.0,91.8,21.5,12,35,46,-3.1,,,,,,
152,"Gallagher, Cam",2023,585,26.0,0.132,0.026,0.217,0.158,0.163,0.158,0.11,5.0,38.0,77.9,20.7,23,82,70,-7.6,,,,,,
213,"Yelich, Christian",2020,1100,19.4,0.132,0.184,0.167,0.316,0.273,0.271,0.157,5.0,38.0,87.4,0.8,31,77,136,-5.8,,,,,,
112,"Ellis, Drew",2021,354,31.6,0.13,0.13,0.154,0.261,0.261,0.26,0.147,3.0,23.0,82.2,25.4,16,53,59,-3.3,,,,,,
203,"Rengifo, Luis",2021,741,27.4,0.13,0.0,0.162,0.13,0.166,0.233,0.186,6.0,46.0,81.1,14.1,29,104,99,-10.1,,,,,,
83,"Ibáñez, Andy",2022,465,17.8,0.13,0.0,0.15,0.13,0.181,0.277,0.185,3.0,23.0,89.8,19.1,7,40,43,-2.9,,,,,,
216,"Donaldson, Josh",2023,718,30.1,0.13,0.109,0.167,0.239,0.227,0.258,0.159,6.0,46.0,88.5,16.2,34,96,120,-7.1,,,,,,
76,"Gordon, Nick",2023,309,24.6,0.13,0.087,0.158,0.217,0.147,0.2,0.18,3.0,23.0,77.2,8.1,11,46,30,-3.9,,,,,,
131,"Avila, Alex",2021,470,27.9,0.13,0.087,0.231,0.217,0.274,0.279,0.141,3.0,23.0,83.3,4.4,21,50,81,-2.5,,,,,,
174,"Miller, Owen",2021,750,23.2,0.13,0.087,0.179,0.217,0.166,0.231,0.204,6.0,46.0,88.8,-0.8,23,88,86,-8.3,,,,,,
113,"McCray, Grant",2024,519,21.8,0.129,0.194,0.143,0.323,0.205,0.232,0.168,4.0,31.0,80.9,2.9,30,66,47,-2.1,67.383173833,6.912390667,,,,
322,"Merrifield, Whit",2024,1330,24.2,0.127,0.056,0.138,0.183,0.196,0.257,0.206,9.0,71.0,81.9,8.2,28,161,161,-15.4,60.671330966,6.621620828,,,,
248,"Nevin, Tyler",2024,1090,22.8,0.127,0.018,0.184,0.145,0.199,0.259,0.17,7.0,55.0,91.2,14.1,34,120,128,-9.4,65.626554224,6.729438362,,,,
39,"Adrianza, Ehire",2024,118,33.1,0.125,0.0,0.25,0.125,0.175,0.209,0.154,1.0,8.0,85.6,10.8,7,16,23,-2.3,64.154895,7.226139375,,,,
56,"Almora Jr., Albert",2020,132,42.4,0.125,0.0,0.25,0.125,0.274,0.25,0.085,1.0,8.0,77.3,16.8,8,24,32,-2.3,,,,,,
34,"Díaz, Isan",2023,85,40.0,0.125,0.0,0.167,0.125,0.175,0.191,0.129,1.0,8.0,88.4,8.7,5,16,18,-2.7,,,,,,
25,"Schrock, Max",2022,87,28.7,0.125,0.0,0.143,0.125,0.11,0.207,0.2,1.0,8.0,84.6,20.4,3,17,8,-2.0,,,,,,
31,"Rodgers, Brendan",2020,82,37.8,0.125,0.0,0.125,0.125,0.11,0.139,0.15,1.0,8.0,85.3,-10.6,3,19,12,-1.6,,,,,,
67,"Wilkerson, Stevie",2021,289,23.2,0.125,0.0,0.222,0.125,0.176,0.226,0.17,2.0,16.0,77.2,-7.6,17,41,26,-3.6,,,,,,
35,"Cespedes, Yoenis",2020,135,25.9,0.125,0.125,0.333,0.25,0.215,0.224,0.177,1.0,8.0,82.2,5.0,9,21,14,-0.9,,,,,,
81,"Upton, Justin",2022,229,35.4,0.125,0.0,0.2,0.125,0.228,0.323,0.214,2.0,16.0,97.3,25.2,6,38,43,-2.4,,,,,,
26,"Díaz, Aledmys",2024,116,22.4,0.125,0.0,0.143,0.125,0.175,0.318,0.276,1.0,8.0,86.5,31.9,3,13,13,-1.7,68.02057,7.52575,,,,
74,"Fermín, José",2024,324,22.8,0.125,0.0,0.133,0.125,0.175,0.245,0.182,2.0,16.0,82.8,10.5,1,31,43,-2.3,59.218690345,6.594559655,,,,
24,"Gibson, Kyle",2021,95,25.3,0.125,0.0,0.167,0.125,0.11,0.145,0.151,1.0,8.0,69.2,-20.6,2,12,12,-3.5,,,,,,
72,"Garrett, Stone",2022,312,23.1,0.125,0.0,0.222,0.125,0.104,0.127,0.119,2.0,16.0,88.8,19.0,14,42,30,-2.8,,,,,,
44,"Pence, Hunter",2020,197,22.3,0.125,0.375,0.0,0.5,0.247,0.418,0.31,2.0,16.0,86.9,11.2,7,28,16,-1.2,,,,,,
32,"Rogers, Trevor",2021,159,20.1,0.125,0.0,0.333,0.125,0.175,0.111,0.036,1.0,8.0,78.4,-8.7,6,18,14,-1.5,,,,,,
25,"Kreidler, Ryan",2024,263,9.5,0.125,0.375,0.0,0.5,0.304,0.363,0.237,1.0,8.0,77.3,6.9,1,13,12,-0.6,56.195916923,6.314596923,,,,
168,"Knizner, Andrew",2021,677,24.8,0.125,0.05,0.172,0.175,0.223,0.287,0.191,5.0,40.0,88.1,3.3,16,75,93,-10.0,,,,,,
44,"Smith-Njigba, Canaan",2023,159,27.7,0.125,0.125,0.2,0.25,0.194,0.272,0.175,1.0,8.0,91.4,9.2,7,21,23,-1.9,,,,,,
42,"Davidson, Matt",2022,139,30.2,0.125,0.0,0.333,0.125,0.226,0.219,0.104,1.0,8.0,89.3,8.7,6,14,28,-1.5,,,,,,
33,"Williams, Trevor",2021,109,30.3,0.125,0.0,0.25,0.125,0.11,0.09,0.097,1.0,8.0,78.1,-17.3,3,12,21,-2.3,,,,,,
90,"Pérez, Michael",2022,492,18.3,0.125,0.0,0.167,0.125,0.155,0.253,0.187,3.0,24.0,83.7,10.5,19,49,41,-4.6,,,,,,
33,"Montes, Coco",2023,141,23.4,0.125,0.0,0.2,0.125,0.11,0.16,0.163,1.0,8.0,78.8,21.8,8,23,10,-3.1,,,,,,
97,"Pérez, Roberto",2020,486,20.0,0.125,0.0,0.286,0.125,0.231,0.252,0.141,2.0,16.0,91.8,-4.6,13,33,64,-4.6,,,,,,
91,"Varsho, Daulton",2020,450,20.2,0.125,0.083,0.2,0.208,0.161,0.195,0.154,3.0,24.0,83.4,13.0,18,42,49,-4.5,,,,,,
67,"Andujar, Miguel",2020,250,26.8,0.125,0.063,0.167,0.188,0.166,0.227,0.165,2.0,16.0,84.0,12.8,8,31,36,-4.7,,,,,,
129,"Ruiz, Rio",2021,540,23.9,0.125,0.083,0.176,0.208,0.204,0.268,0.176,3.0,24.0,87.3,11.1,18,66,63,-6.7,,,,,,
26,"Locastro, Tim",2022,166,15.7,0.125,0.0,0.125,0.125,0.11,0.279,0.301,1.0,8.0,88.8,-6.5,2,14,12,-1.1,,,,,,
44,"Ravelo, Rangel",2020,159,27.7,0.125,0.0,0.125,0.125,0.144,0.231,0.161,1.0,8.0,86.1,7.3,10,22,22,-3.0,,,,,,
29,"La Stella, Tommy",2023,104,27.9,0.125,0.0,0.2,0.125,0.11,0.114,0.119,1.0,8.0,82.2,21.6,5,12,17,-1.8,,,,,,
35,"Moniak, Mickey",2021,134,26.1,0.125,0.375,,0.5,0.251,0.185,0.106,1.0,8.0,103.9,23.0,15,21,14,-1.3,,,,,,
68,"Clase, Jonatan",2024,267,25.5,0.125,0.0,0.143,0.125,0.11,0.134,0.123,2.0,16.0,87.8,15.9,6,36,32,-5.1,66.259461212,6.35419,,,,
41,"Allen, Greg",2020,122,33.6,0.125,0.375,0.0,0.5,0.307,0.365,0.185,1.0,8.0,80.9,11.7,11,18,23,-0.8,,,,,,
251,"O'Neill, Tyler",2023,1042,24.1,0.123,0.14,0.135,0.263,0.24,0.296,0.173,7.0,57.0,84.5,17.3,41,122,129,-11.2,,,,,,
246,"Sánchez, Gary",2020,774,31.8,0.122,0.265,0.091,0.388,0.29,0.349,0.181,6.0,49.0,93.1,16.1,39,120,126,-5.8,,,,,,
271,"Pérez, Michael",2021,941,28.8,0.121,0.069,0.182,0.19,0.201,0.221,0.147,7.0,58.0,86.5,11.6,43,133,138,-11.5,,,,,,
138,"Maile, Luke",2024,637,21.7,0.121,0.0,0.2,0.121,0.153,0.191,0.154,4.0,33.0,83.6,14.8,22,68,70,-5.9,63.806785574,6.497297541,,,,
155,"Toglia, Michael",2023,580,26.7,0.121,0.03,0.211,0.152,0.208,0.258,0.181,4.0,33.0,91.4,20.9,27,74,81,-6.5,,,,,,
124,"Lamb, Jake",2022,453,27.4,0.12,0.08,0.3,0.2,0.215,0.229,0.135,3.0,25.0,86.2,17.1,25,55,69,-6.2,,,,,,
126,"Trout, Mike",2024,574,22.0,0.12,0.12,0.118,0.24,0.242,0.349,0.207,3.0,25.0,86.7,21.6,14,57,69,-4.1,73.664299615,7.383043846,,,,
132,"Sandoval, Pablo",2021,379,34.8,0.12,0.24,0.067,0.36,0.293,0.347,0.207,3.0,25.0,87.8,18.8,21,71,61,-1.1,,,,,,
138,"Clemens, Kody",2023,609,22.7,0.12,0.16,0.125,0.28,0.281,0.31,0.18,3.0,25.0,84.9,14.9,18,57,81,-4.4,,,,,,
297,"Taylor, Michael A.",2024,1202,24.7,0.119,0.051,0.171,0.169,0.188,0.277,0.179,7.0,59.0,85.6,6.7,67,149,148,-10.7,69.630377813,6.910397422,,,,
97,"Velazquez, Andrew",2020,321,30.2,0.118,0.0,0.182,0.118,0.239,0.284,0.127,2.0,17.0,76.2,0.2,15,44,53,-3.2,,,,,,
73,"Oliva, Jared",2021,152,48.0,0.118,0.0,0.167,0.118,0.136,0.224,0.21,2.0,17.0,75.5,0.7,15,40,33,-3.5,,,,,,
60,"Beaty, Matt",2023,271,22.1,0.118,0.059,0.167,0.176,0.188,0.258,0.209,2.0,17.0,81.2,12.0,10,38,22,-4.4,,,,,,
69,"Velazquez, Andrew",2023,353,19.5,0.118,0.0,0.222,0.118,0.166,0.146,0.088,2.0,17.0,67.4,-15.4,19,44,25,-5.3,,,,,,
65,"Ford, Mike",2024,229,28.4,0.118,0.0,0.222,0.118,0.136,0.143,0.118,2.0,17.0,79.3,28.3,13,30,35,-5.4,66.880069655,6.85964069,,,,
176,"Polanco, Gregory",2020,755,23.3,0.118,0.206,0.1,0.324,0.239,0.321,0.205,4.0,34.0,91.8,22.8,42,90,86,-6.6,,,,,,
79,"Mazeika, Patrick",2021,326,24.2,0.118,0.0,0.167,0.118,0.159,0.215,0.156,2.0,17.0,74.5,-8.4,9,41,38,-1.0,,,,,,
93,"Davis, Jonathan",2021,427,21.8,0.118,0.0,0.154,0.118,0.207,0.352,0.246,2.0,17.0,90.5,23.8,11,37,56,-3.9,,,,,,
74,"Pérez, Carlos",2023,197,37.6,0.118,0.118,0.143,0.235,0.229,0.228,0.138,2.0,17.0,89.3,20.7,7,35,39,-0.4,,,,,,
84,"Luplow, Jordan",2023,380,22.1,0.118,0.0,0.222,0.118,0.166,0.198,0.145,2.0,17.0,80.7,14.4,16,42,42,-4.7,,,,,,
180,"Barrero, Jose",2022,679,26.5,0.116,0.0,0.227,0.116,0.141,0.141,0.104,5.0,43.0,86.6,17.2,47,103,77,-12.2,,,,,,
107,"Camargo, Johan",2020,531,20.2,0.115,0.077,0.214,0.192,0.15,0.167,0.121,3.0,26.0,79.1,16.5,26,62,44,-7.6,,,,,,
190,"Lamb, Jake",2021,683,27.8,0.114,0.114,0.136,0.229,0.225,0.234,0.14,4.0,35.0,84.9,19.1,26,89,101,-7.8,,,,,,
251,"Short, Zack",2021,801,31.3,0.114,0.159,0.088,0.273,0.232,0.269,0.153,5.0,44.0,84.0,22.2,32,108,143,-8.2,,,,,,
129,"Smith, Kevin",2023,519,24.9,0.114,0.171,0.105,0.286,0.194,0.161,0.1,4.0,35.0,79.6,12.0,21,69,60,-8.6,,,,,,
49,"McKinney, Billy",2022,256,19.1,0.111,0.0,0.167,0.111,0.088,0.084,0.077,1.0,9.0,90.5,23.8,10,21,28,-3.5,,,,,,
41,"Gallagher, Cam",2022,174,23.6,0.111,0.111,0.143,0.222,0.195,0.207,0.156,1.0,9.0,70.5,11.6,3,19,22,0.8,,,,,,
34,"Burdick, Peyton",2023,150,22.7,0.111,0.0,0.167,0.111,0.098,0.241,0.166,1.0,9.0,97.9,34.3,7,19,15,-2.9,,,,,,
89,"Kavadas, Niko",2024,465,19.1,0.111,0.222,0.1,0.333,0.257,0.289,0.16,2.0,18.0,93.7,37.0,16,42,47,-1.5,66.978555676,6.947401892,,,,
45,"Smith, Pavin",2020,159,28.3,0.111,0.0,0.111,0.111,0.175,0.308,0.221,1.0,9.0,91.1,6.0,4,18,27,-3.1,,,,,,
57,"Tucker, Cole",2024,237,24.1,0.111,0.0,0.167,0.111,0.227,0.268,0.122,1.0,9.0,87.1,4.0,8,18,39,-0.8,63.242477222,6.775628889,,,,
33,"McKinney, Billy",2024,114,28.9,0.111,0.111,0.333,0.222,0.194,0.189,0.104,1.0,9.0,89.3,5.3,13,19,14,-1.2,65.953043684,6.758055789,,,,
38,"Tovar, Ezequiel",2022,126,30.2,0.111,0.0,0.167,0.111,0.157,0.202,0.156,1.0,9.0,81.7,-4.3,8,22,16,-2.8,,,,,,
46,"Butera, Drew",2020,185,24.9,0.111,0.111,0.167,0.222,0.124,0.125,0.146,1.0,9.0,80.6,5.4,9,26,20,-1.9,,,,,,
33,"Wendzel, Davis",2024,170,19.4,0.111,0.333,0.0,0.444,0.228,0.254,0.186,1.0,9.0,86.5,16.6,6,16,17,-2.0,72.290965625,7.262909375,,,,
56,"Nola, Aaron",2021,253,22.1,0.111,0.0,0.2,0.111,0.189,0.253,0.1,1.0,9.0,52.8,-43.9,1,17,39,-2.6,,,,,,
27,"González, Chi Chi",2021,117,23.1,0.111,0.0,0.25,0.111,0.098,0.08,0.086,1.0,9.0,59.3,-21.0,6,14,13,-2.5,,,,,,
91,"León, Sandy",2022,387,23.5,0.111,0.056,0.143,0.167,0.201,0.197,0.121,2.0,18.0,75.1,-0.9,10,36,55,-3.6,,,,,,
33,"Terry, Curtis",2021,182,18.1,0.111,0.0,0.167,0.111,0.098,0.174,0.161,1.0,9.0,82.3,22.5,3,12,21,-2.4,,,,,,
146,"Rortvedt, Ben",2021,386,37.8,0.111,0.037,0.2,0.148,0.203,0.205,0.1,3.0,27.0,75.1,10.7,26,71,75,-4.9,,,,,,
48,"Locastro, Tim",2023,238,20.2,0.111,0.0,0.167,0.111,0.209,0.285,0.198,1.0,9.0,67.9,34.7,6,28,20,-3.1,,,,,,
73,"Wilson, Jacob",2024,349,20.9,0.111,0.111,0.118,0.222,0.208,0.217,0.152,2.0,18.0,80.9,-1.7,4,36,37,-5.2,59.061460571,5.719793429,,,,
22,"Hiura, Keston",2024,93,23.7,0.111,0.0,0.143,0.111,0.098,0.268,0.271,1.0,9.0,81.8,13.7,4,13,9,-2.4,70.920013846,7.08284,,,,
82,"Dahl, David",2024,266,30.8,0.111,0.056,0.167,0.167,0.112,0.156,0.148,2.0,18.0,86.5,10.0,16,47,35,-3.3,65.515257447,6.957537872,,,,
62,"Quinn, Roman",2021,255,24.3,0.111,0.222,0.333,0.333,0.336,0.309,0.088,1.0,9.0,87.6,23.3,10,24,38,-0.5,,,,,,
160,"Garlick, Kyle",2022,602,26.6,0.111,0.028,0.174,0.139,0.15,0.203,0.149,4.0,36.0,89.3,12.6,36,84,76,-8.1,,,,,,
31,"Snell, Blake",2021,117,26.5,0.111,0.0,0.2,0.111,0.098,0.1,0.107,1.0,9.0,66.0,-36.5,7,15,16,-2.8,,,,,,
32,"McGuire, Reese",2020,157,20.4,0.111,0.0,0.143,0.111,0.098,0.144,0.151,1.0,9.0,72.1,4.3,2,18,14,-2.8,,,,,,
36,"Heineman, Tyler",2020,180,20.0,0.111,0.0,0.143,0.111,0.207,0.21,0.109,1.0,9.0,66.3,35.9,6,19,17,-2.0,,,,,,
24,"Stevenson, Andrew",2023,116,20.7,0.111,0.0,0.143,0.111,0.158,0.183,0.137,1.0,9.0,86.7,1.1,3,11,13,-2.4,,,,,,
132,"Adams, Riley",2024,531,24.9,0.107,0.036,0.167,0.143,0.171,0.182,0.103,3.0,28.0,92.8,16.9,21,71,61,-8.0,72.766885625,7.970715469,,,,
146,"Davis, Khris",2020,398,36.7,0.107,0.0,0.158,0.107,0.182,0.236,0.143,3.0,28.0,83.6,15.5,27,78,68,-7.1,,,,,,
111,"Sosa, Lenyn",2023,628,17.7,0.107,0.107,0.111,0.214,0.166,0.254,0.224,3.0,28.0,82.7,17.1,18,59,52,-4.5,,,,,,
107,"Andujar, Miguel",2021,618,17.3,0.107,0.036,0.136,0.143,0.123,0.194,0.194,3.0,28.0,87.4,1.7,20,62,45,-7.0,,,,,,
81,"Solak, Nick",2022,357,22.7,0.105,0.158,0.083,0.263,0.23,0.354,0.218,2.0,19.0,92.5,4.0,4,31,50,-4.5,,,,,,
85,"Capel, Conner",2023,353,24.1,0.105,0.0,0.2,0.105,0.15,0.173,0.125,2.0,19.0,83.7,-2.3,18,44,41,-5.0,,,,,,
80,"Gosselin, Phil",2022,310,25.8,0.105,0.105,0.133,0.211,0.159,0.199,0.154,2.0,19.0,85.5,14.3,5,41,39,-4.6,,,,,,
81,"Flowers, Tyler",2020,328,24.7,0.105,0.105,0.2,0.211,0.159,0.14,0.114,2.0,19.0,87.6,18.6,20,43,38,-4.7,,,,,,
126,"Ford, Mike",2020,356,35.4,0.105,0.053,0.118,0.158,0.262,0.317,0.182,2.0,19.0,82.9,10.5,6,37,89,-4.4,,,,,,
118,"Guillorme, Luis",2021,661,17.9,0.105,0.158,0.067,0.263,0.312,0.34,0.19,2.0,19.0,85.7,16.8,5,43,75,-2.7,,,,,,
79,"Haggerty, Sam",2021,344,23.0,0.105,0.053,0.167,0.158,0.141,0.176,0.147,2.0,19.0,77.0,-0.4,14,47,32,-6.0,,,,,,
125,"Scott II, Victor",2024,568,22.0,0.103,0.069,0.15,0.172,0.161,0.23,0.16,3.0,29.0,83.8,20.6,18,57,68,-6.3,66.13818119,6.301083333,,,,
35,"Shewmake, Braden",2024,214,16.4,0.1,0.0,0.091,0.1,0.073,0.101,0.096,1.0,10.0,85.5,21.5,2,25,10,-2.9,62.89182913,6.382506522,,,,
53,"Hopkins, TJ",2023,174,30.5,0.1,0.0,0.2,0.1,0.192,0.208,0.117,1.0,10.0,75.5,-15.2,8,21,32,-2.2,,,,,,
103,"Hensley, David",2023,404,25.5,0.1,0.0,0.167,0.1,0.21,0.281,0.183,2.0,20.0,91.9,6.4,16,40,63,-4.9,,,,,,
70,"Zimmer, Bradley",2020,213,32.9,0.1,0.0,0.143,0.1,0.302,0.324,0.129,1.0,10.0,81.3,11.3,7,25,45,-1.4,,,,,,
57,"Phillips, Brett",2020,252,22.6,0.1,0.0,0.125,0.1,0.229,0.277,0.146,1.0,10.0,81.2,23.8,8,19,38,-1.0,,,,,,
146,"Crews, Dylan",2024,520,28.1,0.1,0.033,0.13,0.133,0.165,0.31,0.227,3.0,30.0,89.9,15.1,14,65,81,-7.5,70.115738923,7.255692462,,,,
43,"Paddack, Chris",2021,163,26.4,0.1,0.0,0.333,0.1,0.088,0.143,0.137,1.0,10.0,63.8,-14.5,3,15,28,-4.0,,,,,,
93,"Aguilar, Jesús",2023,448,20.8,0.1,0.15,0.077,0.25,0.186,0.168,0.088,2.0,20.0,82.3,10.1,12,44,49,-4.6,,,,,,
47,"Fowler, Dustin",2021,176,26.7,0.1,0.1,0.2,0.2,0.239,0.27,0.157,1.0,10.0,82.1,22.2,11,22,25,-0.9,,,,,,
66,"Stevenson, Cal",2022,294,22.4,0.1,0.0,0.2,0.1,0.211,0.255,0.139,1.0,10.0,72.4,-6.1,7,27,39,-3.0,,,,,,
51,"Gittens, Chris",2021,183,27.9,0.1,0.0,0.2,0.1,0.131,0.144,0.103,1.0,10.0,86.4,-13.6,9,20,31,-2.6,,,,,,
34,"Espino, Paolo",2021,119,28.6,0.1,0.0,0.333,0.1,0.088,0.096,0.103,1.0,10.0,57.0,-31.0,10,21,13,-3.9,,,,,,
84,"Joyce, Matt",2021,272,30.9,0.1,0.3,0.0,0.4,0.342,0.272,0.049,1.0,10.0,83.8,30.5,12,30,54,0.5,,,,,,
57,"Avila, Alex",2020,267,21.3,0.1,0.0,0.2,0.1,0.229,0.244,0.114,1.0,10.0,72.7,17.0,6,19,38,-1.3,,,,,,
156,"Bryant, Kris",2022,696,22.4,0.1,0.05,0.125,0.15,0.165,0.289,0.22,4.0,40.0,83.6,12.7,16,74,82,-9.3,,,,,,
84,"Hechavarría, Adeiny",2020,229,36.7,0.1,0.0,0.133,0.1,0.144,0.181,0.132,2.0,20.0,84.6,24.1,12,52,32,-4.2,,,,,,
140,"Abreu, José",2024,486,28.8,0.097,0.0,0.136,0.097,0.101,0.145,0.126,3.0,31.0,87.6,6.8,31,79,61,-10.2,69.805699412,6.921622745,,,,
314,"Drury, Brandon",2024,1397,22.5,0.097,0.014,0.123,0.111,0.165,0.28,0.18,7.0,72.0,88.9,4.9,43,158,156,-16.9,69.40221726,7.204913014,,,,
115,"Davis, J.D.",2024,587,19.6,0.097,0.032,0.15,0.129,0.116,0.155,0.134,3.0,31.0,82.5,1.1,29,67,48,-10.4,71.216129492,7.173416949,,,,
118,"Locastro, Tim",2021,569,20.7,0.097,0.0,0.136,0.097,0.137,0.223,0.188,3.0,31.0,77.1,11.7,16,64,54,-8.7,,,,,,
180,"Madrigal, Nick",2022,871,20.7,0.095,0.0,0.125,0.095,0.138,0.199,0.156,4.0,42.0,82.2,-9.1,12,83,97,-9.9,,,,,,
179,"Canzone, Dominic",2024,696,25.7,0.095,0.071,0.103,0.167,0.155,0.219,0.152,4.0,42.0,88.4,8.9,35,93,86,-12.1,69.955858415,7.640438293,,,,
223,"Barnes, Austin",2023,778,28.7,0.095,0.0,0.129,0.095,0.176,0.239,0.142,4.0,42.0,78.1,-3.4,28,101,122,-9.0,,,,,,
161,"Outman, James",2024,634,25.4,0.095,0.095,0.136,0.19,0.147,0.19,0.147,4.0,42.0,83.3,14.7,38,91,70,-11.1,68.563330441,7.504460735,,,,
98,"Clement, Ernie",2021,442,22.2,0.095,0.048,0.118,0.143,0.196,0.298,0.218,2.0,21.0,73.1,9.7,6,43,55,-4.1,,,,,,
95,"Duggar, Steven",2022,328,29.0,0.095,0.0,0.25,0.095,0.131,0.187,0.122,2.0,21.0,93.4,20.8,19,45,50,-6.4,,,,,,
172,"Bride, Jonah",2022,797,21.6,0.094,0.0,0.13,0.094,0.199,0.295,0.2,3.0,32.0,79.9,12.3,14,63,109,-9.2,,,,,,
136,"Villar, David",2023,544,25.0,0.094,0.219,0.053,0.313,0.204,0.309,0.202,3.0,32.0,86.5,21.8,27,60,76,-6.3,,,,,,
149,"Alford, Anthony",2021,568,26.2,0.094,0.094,0.143,0.188,0.211,0.204,0.073,3.0,32.0,80.3,9.6,25,75,74,-6.8,,,,,,
249,"Encarnación, Edwin",2020,791,31.5,0.093,0.07,0.103,0.163,0.216,0.312,0.157,4.0,43.0,82.4,16.6,38,119,130,-7.9,,,,,,
52,"DeShields, Delino",2021,244,21.3,0.091,0.0,0.125,0.091,0.131,0.165,0.128,1.0,11.0,78.2,16.0,6,22,30,-2.2,,,,,,
102,"Viloria, Meibrys",2022,347,29.4,0.091,0.0,0.143,0.091,0.32,0.338,0.102,1.0,11.0,81.0,-14.1,12,32,70,-0.9,,,,,,
57,"Heineman, Scott",2021,146,39.0,0.091,0.273,0.0,0.364,0.225,0.24,0.135,1.0,11.0,80.8,8.5,11,27,30,-3.0,,,,,,
41,"Azocar, José",2024,291,14.1,0.091,0.0,0.125,0.091,0.174,0.268,0.182,1.0,11.0,85.1,13.3,7,26,15,-1.1,65.5049425,6.619055625,,,,
57,"Marcano, Tucupita",2021,188,30.3,0.091,0.091,0.125,0.182,0.237,0.24,0.121,1.0,11.0,79.6,-6.0,4,26,31,-4.0,,,,,,
98,"Sanó, Miguel",2024,402,24.4,0.091,0.045,0.182,0.136,0.163,0.191,0.131,2.0,22.0,88.4,4.5,18,49,49,-4.9,72.724238333,7.753908095,,,,
52,"Mendick, Danny",2023,276,18.8,0.091,0.273,0.0,0.364,0.182,0.211,0.173,1.0,11.0,92.4,4.5,6,26,26,-2.1,,,,,,
35,"Barreto, Franklin",2020,94,37.2,0.091,0.0,0.25,0.091,0.08,0.081,0.088,1.0,11.0,89.7,13.3,12,16,19,-4.3,,,,,,
43,"Hilliard, Sam",2023,312,13.8,0.091,0.0,0.25,0.091,0.08,0.144,0.128,1.0,11.0,93.5,23.5,13,21,22,-4.0,,,,,,
141,"Winn, Masyn",2023,535,26.4,0.091,0.0,0.125,0.091,0.09,0.197,0.186,3.0,33.0,83.8,13.4,18,64,77,-8.9,,,,,,
48,"Paris, Kyren",2024,234,20.5,0.091,0.0,0.167,0.091,0.131,0.213,0.167,1.0,11.0,85.0,8.0,9,22,26,-2.8,71.727689048,6.80453,,,,
63,"Gallen, Zac",2021,138,45.7,0.091,0.091,0.2,0.182,0.161,0.153,0.109,1.0,11.0,61.1,-13.9,9,30,33,-3.1,,,,,,
52,"Frazier, Todd",2021,160,32.5,0.091,0.091,0.1,0.182,0.161,0.186,0.136,1.0,11.0,89.8,7.5,3,24,28,-0.5,,,,,,
122,"Narváez, Omar",2023,576,21.2,0.091,0.0,0.125,0.091,0.192,0.266,0.16,2.0,22.0,78.8,26.9,12,49,73,-5.6,,,,,,
94,"Chirinos, Robinson",2020,312,30.1,0.091,0.0,0.133,0.091,0.127,0.18,0.115,2.0,22.0,82.3,13.5,16,46,48,-6.0,,,,,,
33,"Peraza, Oswald",2022,160,20.6,0.091,0.0,0.111,0.091,0.131,0.233,0.205,1.0,11.0,74.2,-2.3,2,18,15,-3.0,,,,,,
104,"Freeman, Tyler",2022,341,30.5,0.091,0.0,0.105,0.091,0.127,0.209,0.174,2.0,22.0,82.1,17.4,11,58,46,-5.1,,,,,,
47,"Hendricks, Kyle",2021,203,23.2,0.091,0.0,0.143,0.091,0.174,0.158,0.063,1.0,11.0,69.5,-14.6,7,22,25,-1.9,,,,,,
85,"Garver, Mitch",2020,385,22.1,0.091,0.0,0.2,0.091,0.23,0.212,0.057,1.0,11.0,94.2,27.0,14,29,56,-3.2,,,,,,
83,"Dixon, Brandon",2023,313,26.5,0.091,0.0,0.118,0.091,0.074,0.147,0.145,2.0,22.0,81.3,7.7,16,46,37,-9.0,,,,,,
98,"Mastrobuoni, Miles",2024,381,25.7,0.091,0.0,0.111,0.091,0.147,0.307,0.267,2.0,22.0,84.5,10.9,12,42,56,-6.2,66.952258718,6.560527949,,,,
71,"Canó, Robinson",2022,382,18.6,0.091,0.0,0.111,0.091,0.107,0.258,0.208,2.0,22.0,89.8,2.7,10,43,28,-6.3,,,,,,
161,"Romine, Austin",2022,516,31.2,0.088,0.059,0.158,0.147,0.134,0.145,0.111,3.0,34.0,82.2,10.8,27,83,78,-9.2,,,,,,
126,"Sisco, Chance",2020,536,23.5,0.087,0.13,0.077,0.217,0.23,0.291,0.171,2.0,23.0,89.4,28.2,23,60,66,-2.5,,,,,,
158,"Marmolejos, José",2021,532,29.7,0.086,0.086,0.091,0.171,0.135,0.184,0.136,3.0,35.0,85.6,23.1,19,72,86,-8.9,,,,,,
47,"Estrada, Thairo",2020,204,23.0,0.083,0.0,0.2,0.083,0.124,0.147,0.109,1.0,12.0,79.7,13.8,10,29,18,-4.2,,,,,,
74,"Ford, Mike",2021,292,25.3,0.083,0.0,0.143,0.083,0.279,0.348,0.178,1.0,12.0,91.2,14.3,7,21,53,-1.4,,,,,,
47,"Morton, Charlie",2021,211,22.3,0.083,0.0,0.167,0.083,0.073,0.112,0.113,1.0,12.0,72.2,-10.4,10,25,22,-5.4,,,,,,
73,"Rojas, Josh",2020,304,24.0,0.083,0.0,0.1,0.083,0.143,0.309,0.186,1.0,12.0,85.2,18.0,11,37,36,-2.4,,,,,,
65,"Porter, Logan",2023,146,44.5,0.083,0.0,0.2,0.083,0.198,0.183,0.05,1.0,12.0,80.5,29.2,11,34,31,-2.8,,,,,,
43,"Nido, Tomás",2023,198,21.7,0.083,0.0,0.1,0.083,0.152,0.194,0.132,1.0,12.0,79.4,-4.3,9,24,19,-3.4,,,,,,
52,"Campusano, Luis",2021,141,36.9,0.083,0.0,0.2,0.083,0.121,0.175,0.137,1.0,12.0,87.4,28.2,14,29,23,-4.4,,,,,,
66,"Rortvedt, Ben",2023,322,20.5,0.083,0.0,0.143,0.083,0.162,0.229,0.152,1.0,12.0,87.3,8.4,9,27,39,-3.6,,,,,,
85,"Leyba, Domingo",2021,356,23.9,0.083,0.0,0.118,0.083,0.121,0.222,0.192,2.0,24.0,79.8,8.4,16,48,37,-7.3,,,,,,
45,"Mayfield, Jack",2020,187,24.1,0.083,0.0,0.125,0.083,0.068,0.221,0.207,1.0,12.0,83.2,4.3,7,28,17,-4.2,,,,,,
47,"Almora Jr., Albert",2021,211,22.3,0.083,0.0,0.143,0.083,0.121,0.127,0.086,1.0,12.0,86.0,-3.1,11,26,21,-4.3,,,,,,
40,"Johnson, Daniel",2021,319,12.5,0.083,0.25,0.0,0.333,0.167,0.315,0.217,1.0,12.0,89.4,20.9,12,25,15,-2.9,,,,,,
50,"Vargas, Ildemaro",2020,236,21.2,0.083,0.0,0.091,0.083,0.068,0.21,0.228,1.0,12.0,82.4,1.7,3,21,29,-5.1,,,,,,
39,"Anderson, Tyler",2021,145,26.9,0.083,0.0,0.25,0.083,0.073,0.061,0.067,1.0,12.0,55.9,11.8,16,27,12,-5.0,,,,,,
42,"Foscue, Justin",2024,187,22.5,0.083,0.0,0.143,0.083,0.073,0.12,0.099,1.0,12.0,87.6,16.4,3,22,20,-3.8,67.462515,6.805685455,,,,
44,"Riddle, JT",2020,244,18.0,0.083,0.0,0.1,0.083,0.074,0.177,0.179,1.0,12.0,88.4,-1.2,5,22,22,-4.3,,,,,,
50,"Lee, Korey",2023,279,17.9,0.083,0.25,0.0,0.333,0.208,0.388,0.296,1.0,12.0,86.2,1.5,4,25,25,-2.3,,,,,,
103,"Bradley Jr., Jackie",2023,408,25.2,0.08,0.16,0.071,0.24,0.13,0.128,0.1,2.0,25.0,87.2,11.3,24,56,47,-7.9,,,,,,
59,"Woodruff, Brandon",2021,228,25.9,0.077,0.0,0.125,0.077,0.112,0.14,0.099,1.0,13.0,64.8,-4.8,10,27,32,-5.7,,,,,,
109,"Díaz, Lewin",2022,732,14.9,0.077,0.038,0.095,0.115,0.077,0.101,0.087,2.0,26.0,83.0,34.0,11,52,57,-9.8,,,,,,
50,"Saggese, Thomas",2024,189,26.5,0.077,0.0,0.125,0.077,0.112,0.158,0.123,1.0,13.0,78.4,-3.8,9,30,20,-4.5,68.648214828,7.087925172,,,,
61,"Sanó, Miguel",2022,326,18.7,0.077,0.0,0.111,0.077,0.175,0.348,0.136,1.0,13.0,95.8,44.7,12,28,33,-3.9,,,,,,
52,"Rivero, Sebastián",2021,164,31.7,0.077,0.0,0.111,0.077,0.153,0.204,0.126,1.0,13.0,83.2,7.9,9,29,23,-2.1,,,,,,
78,"Robertson, Daniel",2021,374,20.9,0.077,0.0,0.2,0.077,0.177,0.21,0.089,1.0,13.0,83.2,23.6,14,33,45,-3.3,,,,,,
51,"Thomas, Lane",2020,171,29.8,0.077,0.231,0.0,0.308,0.191,0.169,0.112,1.0,13.0,83.0,0.1,8,20,31,-4.8,,,,,,
64,"Murphy, John Ryan",2020,245,26.1,0.077,0.0,0.125,0.077,0.113,0.315,0.254,1.0,13.0,71.2,1.3,14,34,30,-5.3,,,,,,
59,"Tucker, Cole",2022,278,21.2,0.077,0.0,0.111,0.077,0.068,0.12,0.119,1.0,13.0,80.2,17.8,8,31,28,-5.2,,,,,,
217,"León, Sandy",2021,920,23.6,0.074,0.093,0.081,0.167,0.137,0.161,0.111,4.0,54.0,84.5,23.1,30,106,111,-14.9,,,,,,
109,"Gomes, Yan",2024,375,29.1,0.074,0.0,0.125,0.074,0.085,0.209,0.184,2.0,27.0,83.6,17.4,23,60,49,-9.6,67.935507451,7.471717255,,,,
106,"Díaz, Lewin",2021,521,20.3,0.074,0.111,0.053,0.185,0.147,0.195,0.146,2.0,27.0,87.2,23.1,17,66,40,-9.4,,,,,,
115,"Zimmer, Bradley",2022,439,26.2,0.071,0.107,0.1,0.179,0.18,0.256,0.126,2.0,28.0,86.0,-3.7,28,60,55,-6.6,,,,,,
71,"McCarthy, Jake",2021,282,25.2,0.071,0.071,0.167,0.143,0.166,0.137,0.057,1.0,14.0,72.7,13.1,17,32,39,-3.9,,,,,,
59,"Brubaker, JT",2021,157,37.6,0.071,0.0,0.091,0.071,0.174,0.259,0.167,1.0,14.0,76.2,-15.9,4,17,42,-4.4,,,,,,
71,"Lester, Jon",2021,214,33.2,0.071,0.0,0.143,0.071,0.141,0.151,0.078,1.0,14.0,59.7,-12.9,13,31,40,-4.2,,,"Lester, Jon",Starting_Pitcher,74.0,190.0
51,"Marchán, Rafael",2021,193,26.4,0.071,0.143,0.091,0.214,0.214,0.233,0.138,1.0,14.0,80.7,10.5,2,27,24,-4.2,,,,,,
77,"Rojas, Jose",2022,228,33.8,0.071,0.071,0.143,0.143,0.132,0.177,0.126,1.0,14.0,83.2,35.6,12,45,32,-4.0,,,,,,
161,"Adell, Jo",2020,547,29.4,0.071,0.036,0.167,0.107,0.186,0.195,0.076,2.0,28.0,89.4,19.9,33,75,86,-9.8,,,,,,
53,"Zavala, Seby",2024,171,31.0,0.071,0.0,0.143,0.071,0.105,0.311,0.187,1.0,14.0,84.7,11.9,11,27,26,-3.9,67.541686842,7.289479474,,,,
86,"Garneau, Dustin",2021,290,29.7,0.071,0.214,0.0,0.286,0.216,0.298,0.141,1.0,14.0,87.4,20.1,22,47,39,-4.1,,,,,,
57,"Barrero, Jose",2020,277,20.6,0.071,0.0,0.2,0.071,0.063,0.099,0.104,1.0,14.0,81.3,14.2,16,28,29,-4.6,,,,,,
122,"Herrera, Jose",2022,475,25.7,0.069,0.034,0.091,0.103,0.114,0.119,0.084,2.0,29.0,78.9,-6.5,10,57,65,-8.7,,,,,,
60,"Allen, Nick",2024,356,16.9,0.067,0.0,0.091,0.067,0.098,0.166,0.137,1.0,15.0,65.2,10.2,6,34,26,-5.3,52.806996667,5.559241667,,,,
53,"Calhoun, Willie",2022,233,22.7,0.067,0.0,0.077,0.067,0.135,0.235,0.156,1.0,15.0,87.6,26.0,2,21,32,-4.8,,,,,,
58,"Darvish, Yu",2021,217,26.7,0.067,0.0,0.111,0.067,0.059,0.113,0.118,1.0,15.0,81.1,-25.3,5,29,29,-6.3,,,,,,
52,"Rivas, Webster",2021,283,18.4,0.067,0.2,0.0,0.267,0.134,0.258,0.22,1.0,15.0,82.7,8.8,4,30,22,-3.7,,,,,,
70,"Castro, Rodolfo",2021,398,17.6,0.067,0.067,0.1,0.133,0.121,0.163,0.125,1.0,15.0,76.9,5.9,11,38,32,-4.5,,,,,,
63,"Hall, Darick",2023,205,30.7,0.067,0.0,0.1,0.067,0.134,0.262,0.209,1.0,15.0,97.1,8.9,8,37,26,-5.0,,,,,,
47,"Stefanic, Michael",2022,251,18.7,0.067,0.0,0.077,0.067,0.098,0.238,0.217,1.0,15.0,90.4,1.8,3,23,24,-5.2,,,,,,
71,"Black, Tyler",2024,239,29.7,0.063,0.0,0.125,0.063,0.092,0.102,0.067,1.0,16.0,85.1,8.8,12,32,39,-5.0,65.749744839,6.902496774,,,,
72,"Jay, Jon",2020,208,34.6,0.063,0.0,0.063,0.063,0.046,0.252,0.211,1.0,16.0,84.7,18.6,5,38,34,-7.8,,,,,,
71,"León, Sandy",2020,351,20.2,0.063,0.0,0.067,0.063,0.157,0.265,0.194,1.0,16.0,78.1,16.2,8,34,37,-6.2,,,,,,
71,"O'Grady, Brian",2021,272,26.1,0.063,0.0,0.091,0.063,0.119,0.208,0.146,1.0,16.0,82.4,12.3,10,35,36,-5.3,,,,,,
66,"Harrison, Monte",2020,218,30.3,0.063,0.0,0.167,0.063,0.055,0.042,0.044,1.0,16.0,79.9,-0.5,15,31,35,-6.2,,,,,,
65,"Hill, Derek",2023,190,34.2,0.063,0.0,0.083,0.063,0.126,0.17,0.111,1.0,16.0,77.8,-2.7,5,30,35,-5.4,,,,,,
78,"Buehler, Walker",2021,345,22.6,0.059,0.059,0.143,0.118,0.073,0.048,0.052,1.0,17.0,60.2,-24.3,11,34,44,-4.7,,,,,,
109,"Kemp, Tony",2020,408,26.7,0.059,0.059,0.083,0.118,0.218,0.274,0.116,1.0,17.0,80.4,29.5,10,43,66,-5.2,,,,,,
68,"Corbin, Patrick",2021,220,30.9,0.059,0.0,0.111,0.059,0.052,0.114,0.12,1.0,17.0,69.2,-22.8,14,43,25,-6.3,,,,,,
191,"Vargas, Miguel",2024,1009,18.9,0.056,0.028,0.069,0.083,0.139,0.212,0.099,2.0,36.0,83.1,22.6,14,84,107,-12.5,67.993019881,7.554439286,,,,
78,"Kelly, Merrill",2021,208,37.5,0.056,0.0,0.111,0.056,0.083,0.082,0.051,1.0,18.0,62.3,-9.9,12,38,40,-7.4,,,,,,
82,"Neuse, Sheldon",2021,261,31.4,0.056,0.0,0.1,0.056,0.049,0.099,0.097,1.0,18.0,87.5,15.7,17,43,39,-6.7,,,,,,
72,"Palacios, Jermaine",2022,303,23.8,0.056,0.0,0.077,0.056,0.044,0.155,0.169,1.0,18.0,84.8,4.8,19,46,26,-7.3,,,,,,
85,"Sánchez, Ali",2024,338,25.1,0.053,0.0,0.077,0.053,0.103,0.167,0.091,1.0,19.0,75.2,3.1,11,40,45,-5.4,61.567268378,6.707034865,,,,
202,"Nola, Austin",2023,633,31.9,0.05,0.0,0.061,0.05,0.153,0.265,0.185,2.0,40.0,75.4,4.4,10,78,124,-12.4,,,,,,
95,"Adrianza, Ehire",2020,406,23.4,0.05,0.0,0.067,0.05,0.131,0.223,0.157,1.0,20.0,80.1,14.5,6,38,57,-9.0,,,,,,
92,"Mendick, Danny",2020,468,19.7,0.048,0.0,0.056,0.048,0.069,0.177,0.151,1.0,21.0,83.1,14.6,11,43,49,-5.8,,,,,,
107,"Rengifo, Luis",2020,438,24.4,0.048,0.0,0.083,0.048,0.124,0.198,0.132,1.0,21.0,79.3,-5.9,13,52,55,-7.2,,,,,,
131,"Davis, Henry",2024,521,25.1,0.045,0.0,0.071,0.045,0.131,0.201,0.128,1.0,22.0,83.5,17.5,15,61,70,-7.3,69.783668974,7.168381026,,,,
57,"Madris, Bligh",2023,117,48.7,0.0,0.0,0.0,0.0,0.116,0.164,0.062,0.0,10.0,82.1,21.8,10,30,27,-4.0,,,,,,
48,"Sosa, Lenyn",2022,136,35.3,0.0,0.0,0.0,0.0,0.057,0.144,0.095,0.0,11.0,80.8,20.5,7,30,18,-4.6,,,,,,
42,"Allen, Greg",2021,190,22.1,0.0,0.0,0.0,0.0,0.283,0.29,0.003,0.0,5.0,90.3,38.5,3,14,28,-1.8,,,,,,
69,"Nottingham, Jacob",2021,185,37.3,0.0,0.0,0.0,0.0,0.088,0.142,0.054,0.0,13.0,87.1,37.4,18,38,31,-5.4,,,,,,
21,"Williams, Luke",2023,67,31.3,0.0,0.0,0.0,0.0,0.0,0.018,0.018,0.0,6.0,81.1,21.3,6,14,7,-2.9,,,,,,
21,"Kreidler, Ryan",2023,72,29.2,0.0,0.0,0.0,0.0,0.0,0.091,0.092,0.0,6.0,89.1,6.8,3,9,12,-2.3,,,,,,
60,"Yepez, Juan",2023,271,22.1,0.0,0.0,0.0,0.0,0.0,0.082,0.087,0.0,12.0,71.6,43.4,10,29,31,-6.1,,,,,,
100,"Fairchild, Stuart",2022,423,23.6,0.0,0.0,0.0,0.0,0.11,0.166,0.059,0.0,16.0,86.3,-0.2,22,43,57,-7.3,,,,,,
26,"Collins, Isaac",2024,87,29.9,0.0,0.0,0.0,0.0,0.115,0.169,0.055,0.0,5.0,80.2,21.5,4,8,18,-2.5,72.56878,7.007425,,,,
30,"Gomber, Austin",2021,118,25.4,0.0,0.0,0.0,0.0,0.0,0.061,0.063,0.0,10.0,61.4,-7.4,5,24,6,-4.3,,,,,,
30,"Florial, Estevan",2021,110,27.3,0.0,0.0,0.0,0.0,0.115,0.235,0.109,0.0,5.0,92.2,18.0,4,14,16,-1.6,,,,,,
33,"Hamilton, Billy",2020,117,28.2,0.0,0.0,0.0,0.0,0.078,0.215,0.15,0.0,7.0,78.7,16.1,4,22,11,-3.5,,,,,,
33,"Forsythe, Logan",2020,150,22.0,0.0,0.0,0.0,0.0,0.262,0.281,0.031,0.0,5.0,76.8,5.0,2,7,26,1.6,,,,,,
40,"Anderson, Ian",2021,146,27.4,0.0,0.0,0.0,0.0,0.0,0.026,0.028,0.0,10.0,43.7,-6.0,15,25,15,-5.3,,,,,,
28,"Fraley, Jake",2020,120,23.3,0.0,0.0,0.0,0.0,0.178,0.217,0.055,0.0,6.0,88.0,37.3,4,10,18,-1.9,,,,,,
32,"Castillo, Luis",2021,170,18.8,0.0,0.0,0.0,0.0,0.0,0.084,0.091,0.0,12.0,67.2,-16.2,13,25,7,-6.1,,,"Castillo, Luis",Second_Baseman,71.0,190.0
18,"Peralta, Freddy",2021,165,10.9,0.0,0.0,0.0,0.0,0.0,0.033,0.036,0.0,5.0,21.2,-22.0,4,11,7,-2.0,,,,,,
27,"Eflin, Zach",2021,128,21.1,0.0,0.0,0.0,0.0,0.09,0.112,0.025,0.0,7.0,57.7,-16.0,6,21,6,-2.5,,,,,,
18,"García, Avisaíl",2024,186,9.7,0.0,0.0,0.0,0.0,0.0,0.054,0.059,0.0,6.0,80.8,-3.5,6,13,5,-2.9,68.325788571,7.372035714,,,,
73,"Contreras, Mark",2022,220,33.2,0.0,0.0,0.0,0.0,0.0,0.178,0.117,0.0,21.0,87.3,-0.2,21,55,18,-9.5,,,,,,
23,"Gray, Josiah",2021,79,29.1,0.0,0.0,0.0,0.0,0.0,0.108,0.107,0.0,6.0,79.7,-20.0,7,13,10,-3.5,,,,,,
30,"Beckham, Tim",2022,91,33.0,0.0,0.0,0.0,0.0,0.0,0.056,0.057,0.0,7.0,91.8,-7.0,7,16,14,-1.8,,,,,,
49,"Goodrum, Niko",2024,140,35.0,0.0,0.0,0.0,0.0,0.069,0.187,0.143,0.0,9.0,74.6,-23.3,9,22,27,-3.6,72.366082222,7.856247778,,,,
47,"Perdomo, Geraldo",2021,129,36.4,0.0,0.0,0.0,0.0,0.173,0.233,0.078,0.0,9.0,76.7,-6.8,8,15,32,-2.4,,,,,,
34,"Megill, Tylor",2021,125,27.2,0.0,0.0,0.0,0.0,0.099,0.105,0.006,0.0,6.0,50.0,-53.5,9,19,15,-2.7,,,,,,
65,"Davis, Chris",2020,219,29.7,0.0,0.0,0.0,0.0,0.0,0.091,0.093,0.0,14.0,92.1,18.6,15,39,26,-7.6,,,,,,
39,"Fedde, Erick",2021,164,23.8,0.0,0.0,0.0,0.0,0.0,0.157,0.183,0.0,8.0,72.3,-9.6,3,22,17,-3.7,,,,,,
46,"Thomas, Cody",2023,198,23.2,0.0,0.0,0.0,0.0,0.063,0.157,0.11,0.0,10.0,76.1,0.3,8,25,21,-4.1,,,,,,
56,"Machín, Vimael",2020,270,20.7,0.0,0.0,0.0,0.0,0.0,0.185,0.189,0.0,17.0,81.2,3.7,3,32,24,-7.9,,,,,,
28,"Lopez, Irving",2023,52,53.8,0.0,0.0,0.0,0.0,0.0,0.053,0.059,0.0,5.0,84.1,23.0,6,17,11,-3.4,,,,,,
34,"Bauer, Trevor",2021,136,25.0,0.0,0.0,0.0,0.0,0.0,0.187,0.198,0.0,7.0,70.3,-24.4,1,10,24,-4.0,,,,,,
27,"Alzolay, Adbert",2021,99,27.3,0.0,0.0,0.0,0.0,0.0,0.043,0.046,0.0,8.0,78.0,-36.1,5,16,11,-3.0,,,,,,
37,"Stroman, Marcus",2021,178,20.8,0.0,0.0,0.0,0.0,0.086,0.096,0.01,0.0,7.0,57.9,-25.3,7,21,16,-4.0,,,,,,
68,"Mahle, Tyler",2021,239,28.5,0.0,0.0,0.0,0.0,0.115,0.269,0.153,0.0,15.0,71.1,-22.4,9,36,32,-6.0,,,,,,
60,"Drury, Brandon",2020,188,31.9,0.0,0.0,0.0,0.0,0.054,0.16,0.126,0.0,11.0,71.4,7.3,8,32,28,-4.4,,,,,,
32,"Morrison, Logan",2020,130,24.6,0.0,0.0,0.0,0.0,0.116,0.147,0.034,0.0,5.0,88.2,25.5,1,10,22,-0.7,,,,,,
17,"Ramos, Heliot",2022,77,22.1,0.0,0.0,0.0,0.0,0.0,0.399,0.247,0.0,6.0,87.9,-8.4,3,10,7,-2.2,,,,,,
25,"Guthrie, Dalton",2023,113,22.1,0.0,0.0,0.0,0.0,0.116,0.177,0.08,0.0,5.0,78.5,2.7,3,12,13,-1.3,,,,,,
28,"Arrieta, Jake",2021,122,23.0,0.0,0.0,0.0,0.0,0.0,0.016,0.016,0.0,6.0,43.8,-30.3,5,11,17,-2.6,,,,,,
44,"Knapp, Andrew",2022,176,25.0,0.0,0.0,0.0,0.0,0.125,0.211,0.092,0.0,8.0,86.6,0.3,9,20,24,-4.0,,,,,,
70,"Scherzer, Max",2021,246,28.5,0.0,0.0,0.0,0.0,0.0,0.103,0.102,0.0,16.0,71.7,-12.3,14,42,28,-6.9,,,,,,
36,"Kennedy, Buddy",2023,120,30.0,0.0,0.0,0.0,0.0,0.099,0.335,0.293,0.0,6.0,80.8,9.8,3,12,24,-2.0,,,,,,
21,"Lavastida, Bryan",2022,57,36.8,0.0,0.0,0.0,0.0,0.115,0.209,0.122,0.0,5.0,90.8,21.5,1,5,16,-1.8,,,,,,
22,"Gutierrez, Vladimir",2021,116,19.0,0.0,0.0,0.0,0.0,0.086,0.197,0.131,0.0,7.0,56.4,-33.3,4,12,10,-1.8,,,,,,
47,"Hernández, Yonny",2022,117,40.2,0.0,0.0,0.0,0.0,0.0,0.169,0.184,0.0,10.0,77.0,-25.7,1,27,20,-3.2,,,,,,
22,"Schrock, Max",2020,68,32.4,0.0,0.0,0.0,0.0,0.0,0.098,0.106,0.0,6.0,80.1,18.0,4,17,5,-2.9,,,,,,
23,"Phegley, Josh",2020,70,32.9,0.0,0.0,0.0,0.0,0.0,0.101,0.1,0.0,5.0,76.6,28.3,3,9,14,-1.8,,,,,,
26,"Siani, Michael",2022,98,26.5,0.0,0.0,0.0,0.0,0.0,0.035,0.036,0.0,6.0,59.2,61.4,3,12,14,-2.9,,,,,,
26,"Dickerson, Alex",2022,151,17.2,0.0,0.0,0.0,0.0,0.098,0.315,0.212,0.0,6.0,100.7,11.7,5,11,15,-2.6,,,,,,
30,"Thaiss, Matt",2020,110,27.3,0.0,0.0,0.0,0.0,0.1,0.177,0.073,0.0,6.0,83.5,21.8,3,14,16,-2.3,,,,,,
54,"Owings, Chris",2022,261,20.7,0.0,0.0,0.0,0.0,0.131,0.242,0.149,0.0,13.0,62.3,6.3,8,22,32,-5.6,,,,,,
35,"Brantly, Rob",2021,89,39.3,0.0,0.0,0.0,0.0,0.0,0.128,0.125,0.0,9.0,77.4,48.5,6,19,16,-3.4,,,,,,
52,"Heath, Nick",2021,157,33.1,0.0,0.0,0.0,0.0,0.063,0.125,0.068,0.0,10.0,73.2,-3.4,14,26,26,-3.7,,,,,,
52,"Robinson, Chuckie",2024,298,17.4,0.0,0.0,0.0,0.0,0.049,0.163,0.133,0.0,13.0,75.0,-1.1,14,29,23,-5.2,69.039195517,6.710505862,,,,
31,"Weathers, Ryan",2021,94,33.0,0.0,0.0,0.0,0.0,0.0,0.073,0.066,0.0,9.0,76.6,-26.1,4,18,13,-4.1,,,,,,
31,"Mills, Alec",2021,149,20.8,0.0,0.0,0.0,0.0,0.0,0.039,0.044,0.0,7.0,55.8,-8.5,5,15,16,-3.3,,,,,,
33,"Gray, Sonny",2021,136,24.3,0.0,0.0,0.0,0.0,0.0,0.074,0.07,0.0,10.0,68.0,-7.6,3,16,17,-5.2,,,,,,
30,"Batten, Matthew",2022,91,33.0,0.0,0.0,0.0,0.0,0.0,0.064,0.068,0.0,7.0,92.1,-14.0,9,15,15,-3.0,,,,,,
40,"Anderson, Brett",2021,133,30.1,0.0,0.0,0.0,0.0,0.077,0.148,0.088,0.0,8.0,65.6,-32.2,3,17,23,-1.9,,,,,,
45,"Lawlar, Jordan",2023,134,33.6,0.0,0.0,0.0,0.0,0.142,0.158,0.021,0.0,8.0,77.3,27.7,8,20,25,-2.5,,,,,,
65,"Gallagher, Cam",2020,244,26.6,0.0,0.0,0.0,0.0,0.14,0.227,0.119,0.0,12.0,73.7,13.6,6,24,41,-4.9,,,,,,
60,"DeSclafani, Anthony",2021,232,25.9,0.0,0.0,0.0,0.0,0.046,0.11,0.074,0.0,14.0,49.8,-27.0,15,29,31,-7.3,,,,,,
26,"Luciano, Marco",2023,184,14.1,0.0,0.0,0.0,0.0,0.0,0.043,0.046,0.0,7.0,83.7,-23.7,4,11,15,-3.4,,,,,,
21,"Adams, Jordyn",2023,138,15.2,0.0,0.0,0.0,0.0,0.0,0.16,0.185,0.0,6.0,90.9,-2.6,6,16,5,-2.0,,,,,,
24,"Mejía, Francisco",2020,160,15.0,0.0,0.0,0.0,0.0,0.081,0.208,0.136,0.0,8.0,78.3,27.0,5,19,5,-3.0,,,,,,
73,"Alcantara, Sandy",2021,268,27.2,0.0,0.0,0.0,0.0,0.04,0.084,0.047,0.0,17.0,60.2,-49.5,13,27,46,-8.0,,,,,,
13,"Goins, Ryan",2020,40,32.5,0.0,0.0,0.0,0.0,0.0,0.173,0.128,0.0,5.0,87.8,26.2,1,7,6,-2.1,,,,,,
18,"Thompson, Bubba",2024,77,23.4,0.0,0.0,0.0,0.0,0.0,0.086,0.094,0.0,5.0,79.0,-38.0,6,12,6,-2.7,52.485224167,5.632259167,,,,
35,"López, Pablo",2021,125,28.0,0.0,0.0,0.0,0.0,0.0,0.009,0.007,0.0,7.0,40.1,-51.3,15,20,15,-4.0,,,,,,
31,"Ríos, Edwin",2023,153,20.3,0.0,0.0,0.0,0.0,0.099,0.129,0.038,0.0,6.0,80.8,-7.5,7,16,15,-2.2,,,,,,
32,"Godoy, José",2022,87,36.8,0.0,0.0,0.0,0.0,0.077,0.111,0.042,0.0,8.0,63.1,-12.8,9,19,13,-3.9,,,,,,
24,"Dunn, Blake",2024,120,20.0,0.0,0.0,0.0,0.0,0.115,0.186,0.094,0.0,5.0,75.8,17.7,4,10,14,-1.6,71.492073,6.651479,,,,
23,"Remillard, Zach",2024,151,15.2,0.0,0.0,0.0,0.0,0.0,0.147,0.161,0.0,6.0,100.0,-7.3,2,11,12,-2.6,53.012998,5.470983,,,,
31,"Owings, Chris",2023,95,32.6,0.0,0.0,0.0,0.0,0.0,0.103,0.111,0.0,7.0,56.8,45.3,4,16,15,-1.9,,,,,,
32,"Friedl, TJ",2021,136,23.5,0.0,0.0,0.0,0.0,0.173,0.251,0.127,0.0,5.0,82.5,26.5,1,12,20,-2.7,,,,,,
26,"Wilson, Bryse",2021,87,29.9,0.0,0.0,0.0,0.0,0.0,0.177,0.185,0.0,6.0,57.9,-14.9,1,13,13,-2.9,,,,,,
20,"Lopez, Alejo",2021,71,28.2,0.0,0.0,0.0,0.0,0.0,0.222,0.231,0.0,6.0,83.1,13.0,4,15,5,-2.9,,,,,,
31,"Sánchez, Jesús",2020,125,24.8,0.0,0.0,0.0,0.0,0.2,0.221,0.016,0.0,5.0,84.5,55.0,8,15,16,-1.4,,,,,,
24,"Moncada, Yoán",2024,192,12.5,0.0,0.0,0.0,0.0,0.0,0.117,0.124,0.0,5.0,98.0,-6.5,5,9,15,-3.0,64.551432857,7.086867143,,,,
52,"Houser, Adrian",2021,182,28.6,0.0,0.0,0.0,0.0,0.0,0.017,0.018,0.0,11.0,36.9,-12.7,13,25,27,-5.9,,,,,,
69,"Ríos, Edwin",2021,235,29.4,0.0,0.0,0.0,0.0,0.194,0.228,0.052,0.0,13.0,86.1,-18.4,11,26,43,-5.2,,,,,,
20,"Anderson, Chase",2021,43,46.5,0.0,0.0,0.0,0.0,0.0,0.202,0.214,0.0,5.0,53.1,-1.2,5,14,6,-0.9,,,,,,
51,"Locklear, Tyler",2024,196,26.0,0.0,0.0,0.0,0.0,0.051,0.099,0.055,0.0,13.0,80.3,26.9,6,25,26,-5.1,70.81966,7.397554167,,,,
78,"Eaton, Nate",2023,208,37.5,0.0,0.0,0.0,0.0,0.041,0.11,0.074,0.0,16.0,76.2,-8.2,17,37,41,-8.0,,,,,,
30,"Garneau, Dustin",2020,176,17.0,0.0,0.0,0.0,0.0,0.262,0.291,0.045,0.0,5.0,52.5,0.3,3,9,21,-0.6,,,,,,
65,"Lagares, Juan",2022,241,27.0,0.0,0.0,0.0,0.0,0.086,0.238,0.152,0.0,14.0,90.4,6.7,6,30,35,-5.4,,,,,,
55,"Wiemer, Joey",2024,109,50.5,0.0,0.0,0.0,0.0,0.0,0.157,0.092,0.0,13.0,80.3,28.5,8,21,34,-5.1,68.304982,7.437827,,,,
45,"Kessinger, Grae",2024,115,39.1,0.0,0.0,0.0,0.0,0.063,0.159,0.1,0.0,10.0,84.6,0.2,11,23,22,-3.8,66.570305238,7.017949524,,,,
28,"Motter, Taylor",2021,126,22.2,0.0,0.0,0.0,0.0,0.0,0.084,0.092,0.0,6.0,80.1,33.5,5,20,8,-3.2,,,,,,
45,"Trejo, Alan",2021,183,24.6,0.0,0.0,0.0,0.0,0.063,0.104,0.041,0.0,9.0,89.2,27.3,10,21,24,-3.0,,,,,,
38,"Crowe, Wil",2021,139,27.3,0.0,0.0,0.0,0.0,0.0,0.085,0.09,0.0,11.0,69.3,-0.2,5,23,15,-4.8,,,,,,
34,"Stowers, Kyle",2023,118,28.8,0.0,0.0,0.0,0.0,0.0,0.102,0.112,0.0,10.0,85.2,26.6,7,21,13,-4.1,,,,,,
26,"Hill, Rich",2021,98,26.5,0.0,0.0,0.0,0.0,0.0,0.021,0.024,0.0,5.0,51.0,-26.8,9,17,9,-2.6,,,"Hill, Rich",Starting_Pitcher,77.0,190.0
31,"Musgrove, Joe",2021,191,16.2,0.0,0.0,0.0,0.0,0.0,0.078,0.084,0.0,8.0,77.6,-5.6,5,17,14,-5.4,,,,,,
58,"Bemboom, Anthony",2020,223,26.0,0.0,0.0,0.0,0.0,0.175,0.273,0.121,0.0,8.0,69.8,14.5,5,22,36,-2.1,,,,,,
28,"Herrera, Iván",2022,98,28.6,0.0,0.0,0.0,0.0,0.0,0.056,0.062,0.0,5.0,76.1,7.5,2,14,14,-2.5,,,,,,
46,"Dalbec, Bobby",2023,229,20.1,0.0,0.0,0.0,0.0,0.107,0.122,0.017,0.0,11.0,80.7,-11.7,13,20,26,-3.8,,,,,,
19,"Cueto, Johnny",2021,123,15.4,0.0,0.0,0.0,0.0,0.0,0.097,0.101,0.0,7.0,77.8,-24.2,1,10,9,-2.6,,,,,,
23,"Keller, Mitch",2021,126,18.3,0.0,0.0,0.0,0.0,0.0,0.138,0.143,0.0,7.0,70.1,-49.5,1,11,12,-2.8,,,,,,
22,"Woodford, Jake",2021,66,33.3,0.0,0.0,0.0,0.0,0.0,0.027,0.029,0.0,6.0,77.6,2.0,8,12,10,-3.6,,,,,,
22,"Amador, Adael",2024,119,18.5,0.0,0.0,0.0,0.0,0.0,0.181,0.196,0.0,6.0,100.1,-4.5,4,15,7,-2.7,62.603944615,6.574307692,,,,
79,"Wood, Alex",2021,187,42.2,0.0,0.0,0.0,0.0,0.043,0.073,0.034,0.0,15.0,65.8,-44.9,12,29,50,-8.4,,,,,,
28,"Kuhl, Chad",2021,86,32.6,0.0,0.0,0.0,0.0,0.0,0.041,0.044,0.0,8.0,78.8,-28.5,6,14,14,-4.1,,,,,,
64,"Benintendi, Andrew",2020,229,27.9,0.0,0.0,0.0,0.0,0.28,0.303,0.04,0.0,9.0,68.0,-14.0,7,25,39,-2.3,,,,,,
37,"Robinson, Chuckie",2022,205,18.0,0.0,0.0,0.0,0.0,0.0,0.145,0.156,0.0,11.0,73.7,-14.6,3,21,16,-5.0,,,,,,
33,"Gray, Tristan",2024,123,26.8,0.0,0.0,0.0,0.0,0.086,0.158,0.088,0.0,7.0,102.7,29.0,8,15,18,-2.7,73.620950667,7.609539333,,,,
19,"Camargo, Johan",2021,81,23.5,0.0,0.0,0.0,0.0,0.0,0.169,0.147,0.0,5.0,91.2,-0.2,1,8,11,-2.5,,,,,,
42,"Mayo, Coby",2024,188,22.3,0.0,0.0,0.0,0.0,0.0,0.114,0.119,0.0,10.0,85.0,2.0,11,23,19,-4.8,75.011978182,6.733227273,,,,
29,"Sánchez, Ali",2020,41,70.7,0.0,0.0,0.0,0.0,0.116,0.142,0.024,0.0,5.0,88.2,15.8,7,17,12,-3.1,,,,,,
90,"Castro, Jason",2022,369,24.4,0.0,0.0,0.0,0.0,0.063,0.127,0.077,0.0,19.0,71.7,-0.1,17,42,48,-8.8,,,,,,
30,"Smith, Kevin",2021,123,24.4,0.0,0.0,0.0,0.0,0.069,0.131,0.044,0.0,9.0,86.5,56.6,7,16,14,-4.3,,,,,,
32,"Jankowski, Travis",2022,258,12.4,0.0,0.0,0.0,0.0,0.233,0.345,0.182,0.0,6.0,88.8,-3.0,1,7,25,-1.6,,,,,,
46,"Johnson, Bryce",2023,176,26.1,0.0,0.0,0.0,0.0,0.054,0.144,0.101,0.0,11.0,83.6,18.0,11,23,23,-4.6,,,,,,
39,"Senzatela, Antonio",2021,159,24.5,0.0,0.0,0.0,0.0,0.0,0.123,0.117,0.0,10.0,49.8,-6.0,6,26,13,-5.9,,,,,,
39,"Bemboom, Anthony",2022,244,16.0,0.0,0.0,0.0,0.0,0.138,0.395,0.27,0.0,8.0,74.2,-4.0,3,13,26,-1.9,,,,,,
23,"Schebler, Scott",2021,114,20.2,0.0,0.0,0.0,0.0,0.0,0.054,0.06,0.0,5.0,65.2,14.0,6,12,11,-2.3,,,,,,
32,"Young, Andrew",2020,145,22.1,0.0,0.0,0.0,0.0,0.104,0.155,0.058,0.0,6.0,67.7,-19.3,6,13,19,-2.8,,,,,,
17,"Williams, Mason",2020,69,24.6,0.0,0.0,0.0,0.0,0.0,0.159,0.171,0.0,5.0,85.5,-23.3,3,10,7,-3.2,,,,,,
