"pitches","player_id","player_name","year","total_pitches","pitch_percent","ba","iso","babip","slg","woba","xwoba","xba","hits","abs","launch_speed","launch_angle","spin_rate","velocity","effective_speed","whiffs","swings","takes","eff_min_vel","release_extension","pos3_int_start_distance","pos4_int_start_distance","pos5_int_start_distance","pos6_int_start_distance","pos7_int_start_distance","pos8_int_start_distance","pos9_int_start_distance","pitcher_run_exp","run_exp","bat_speed","swing_length"
3,643290,"Dunn, Justin",2021,13,23.1,1,1,1,2,1.242,0.305,0.211,1,1,95.1,27,2949,86.3,86.23,0,1,2,-0.09999999999999432,6.2,124,153,125,149,281,296,282,"-0.9","0.9",,
1,666137,"Lee, Khalil",2022,3,33.3,1,3,,4,2.072,1.778,0.86,1,1,104.5,29,2207,96.9,96.3,0,1,0,-0.6000000000000085,6,124,149,116,160,296,323,296,"-2.6","2.6",,
7,669023,"Downs, Jeter",2023,43,16.3,1,0,1,1,0.883,0.9,0.98,1,1,69.3,25,2382,89.2,89.34,1,3,4,0.09999999999999432,6.24,102,150,112,149,296,324,295,"-1.5","1.5",,
7,543482,"Maggi, Drew",2023,25,28,1,0,1,1,0.883,0.705,0.751,1,1,99.4,10,1903,88.3,88.41,0,4,3,0.10000000000000853,6.27,121,152,119,148,296,314,300,"-0.5","0.5",,
12,676439,"Feduccia, Hunter",2024,57,21.1,1,0,1,1,0.785,0.601,0.531,1,1,92.2,7,1698,77.1,75.65,0,7,5,-1.5,5.13,116,148,132,152,295,336,295,"-1.4","1.4","68.47397","7.149411429"
4,656716,"McKinstry, Zach",2020,32,12.5,1,0,1,1,0.883,0.764,0.813,1,1,96.2,11,2626,95.8,96.45,0,1,3,0.6000000000000085,6.13,128,151,122,152,309,330,314,"-0.7","0.7",,
4,592254,"De León, José",2021,19,21.1,1,0,1,1,0.879,0.152,0.169,1,1,87.7,-7,2538,88.2,87.55,0,2,2,-0.7000000000000028,5.93,109,149,113,148,279,293,240,"-0.9","0.9",,
9,657061,"Tucker, Cole",2023,42,21.4,1,0,1,1,0.789,0.789,0.951,1,1,75.9,18,2578,85.9,85.51,1,2,7,-0.4000000000000057,6.03,104,149,120,144,299,315,286,"-1.8","1.8",,
15,656448,"Garrett, Stone",2024,31,48.4,1,1.5,1,2.5,1.466,1.393,0.923,2,2,101.6,20.5,1898,87.1,87.19,2,8,7,0.10000000000000853,6.18,105,151,121,148,312,323,286,"-2.7","2.7","74.7404825","7.0992625"
25,656495,"Guthrie, Dalton",2022,120,20.8,1,0,1,1,0.786,0.618,0.585,3,3,72.6,-12,2325,89.5,88.88,0,4,21,-0.5999999999999943,6.08,111,144,117,141,265,307,278,"-3.7","3.7",,
3,669288,"Johnson, Daniel",2020,49,6.1,1,0,1,1,0.883,0.569,0.593,1,1,94.5,8,2567,89.9,90.17,0,1,2,0.29999999999999716,6.23,107,137,103,137,279,307,270,"-1","1",,
9,665561,"Marchán, Rafael",2020,33,27.3,1,3,,4,1.339,0.816,0.493,1,1,99.6,33,2170,88.3,88.58,1,5,4,0.29999999999999716,6.31,113,146,114,143,261,294,280,"-2.1","2.1",,
4,547176,"Camarena, Daniel",2021,15,26.7,1,3,,4,2.007,1.547,0.9,1,1,107.2,22,2016,92.3,92.13,0,2,2,-0.20000000000000284,6.22,123,145,101,150,244,289,289,"-3.3","3.3",,
3,605504,"Thomas, Dillon",2021,45,6.7,1,0,1,1,0.879,0.874,0.923,1,1,87.3,14,2590,85.2,84.07,1,2,1,-1.1000000000000085,5.53,121,146,110,153,283,324,310,"-1.5","1.5",,
27,671083,"Kennedy, Buddy",2024,132,20.5,1,1,0.75,2,0.959,0.815,0.726,4,4,88.7,24.2,2245,89.8,90.3,1,10,17,0.5,6.6,104,150,111,145,289,317,283,"-4.4","4.4","68.500623333","6.595933333"
3,656818,"Overton, Connor",2021,3,100,1,0,1,1,0.879,0.122,0.131,1,1,66.8,52,2170,92.4,93.53,0,1,2,1.0999999999999943,7.07,120,150,105,148,272,292,284,"-1.5","1.5",,
2,595191,"Eickhoff, Jerad",2021,15,13.3,1,0,1,1,0.879,0.19,0.184,2,2,43.7,-48.5,2117,93,93.25,0,2,0,0.29999999999999716,6.3,118,146,99,147,281,294,260,"-0.7","0.7",,
2,664670,"Lopez, Alejo",2023,6,33.3,1,1,1,2,1.244,0.92,0.974,1,1,83.4,16,1746,93.1,94.75,0,1,1,1.7999999999999972,7,112,145,97,147,298,307,272,"-1","1",,
7,528748,"Castellanos, Humberto",2021,12,58.3,0.75,0.75,0.5,1.5,0.753,0.403,0.36,3,4,89,3.2,1944,90.4,90.33,0,6,1,-0.10000000000000853,6.37,111,149,101,148,293,302,274,"-2.4","2.4",,
13,456715,"Cain, Lorenzo",2020,73,17.8,0.75,0,0.75,0.75,0.662,0.613,0.656,3,4,82.8,1,2167,90.3,90.79,1,6,7,0.5,6.48,109,141,112,138,305,311,288,"-2.6","2.6",,
10,666179,"Beer, Seth",2021,36,27.8,0.667,0,1,0.667,0.586,0.584,0.622,2,3,80.7,18.5,2319,91.4,91.31,2,7,3,-0.10000000000000853,6.2,115,156,115,146,286,309,299,"-0.7","0.7",,
48,676391,"Clement, Ernie",2023,155,31,0.667,0.133,0.667,0.8,0.594,0.386,0.43,10,15,81.3,12.1,2213,88.3,88.28,5,36,12,0,6.32,107,146,113,144,297,317,280,"-7.3","7.3",,
19,647351,"Toro, Abraham",2023,69,27.5,0.667,0.5,0.6,1.167,0.775,0.695,0.617,4,6,89.2,13.5,1833,89.6,89.95,4,10,9,0.4000000000000057,6.53,112,144,106,150,303,322,298,"-4.6","4.6",,
10,681962,"Capra, Vinny",2023,83,12,0.667,0.333,0.667,1,0.709,0.305,0.328,2,3,74.3,4,2101,87.8,87.34,1,4,6,-0.5,6.1,112,149,114,147,305,319,298,"-1.4","1.4",,
11,656024,"Pérez, Carlos",2022,76,14.5,0.667,0.333,0.667,1,0.715,0.263,0.239,2,3,89.6,-8.7,2377,88,87.63,1,6,5,-0.4000000000000057,6.01,110,142,117,138,292,312,281,"-1.9","1.9",,
6,656302,"Cease, Dylan",2021,20,30,0.667,0,1,0.667,0.586,0.208,0.222,2,3,90.8,-16,2269,89.7,89.17,2,5,1,-0.5,5.98,105,145,105,140,289,294,257,"-1.5","1.5",,
9,644433,"Tromp, Chadwick",2022,14,64.3,0.667,0.333,0.667,1,0.715,0.4,0.392,2,3,88.8,1.7,2179,88.5,88.08,0,6,3,-0.4000000000000057,6.16,113,155,117,152,300,312,284,"-2.7","2.7",,
11,672640,"Lopez, Otto",2022,36,30.6,0.667,0,0.667,0.667,0.589,0.249,0.264,2,3,82.7,10,2253,89.3,88.85,1,6,5,-0.5,6.16,104,147,109,144,300,306,277,"-1.4","1.4",,
14,641511,"Delay, Jason",2024,50,28,0.667,0.667,0.667,1.333,0.8,0.464,0.368,2,3,76.8,3.5,2259,93.2,93.22,3,8,6,0,6.31,102,147,115,143,298,316,280,"-3.5","3.5","70.214595","7.331395"
83,650333,"Arraez, Luis",2020,512,16.2,0.579,0.263,0.579,0.842,0.586,0.49,0.393,11,19,91.3,20.5,2263,89.8,89.98,4,34,49,0.20000000000000284,6.31,112,140,102,139,281,312,300,"-8.8","8.8",,
41,595943,"Evans, Phillip",2020,159,25.8,0.556,0.444,0.571,1,0.663,0.442,0.32,5,9,86.6,8.5,2401,85.7,85.78,7,19,22,0.09999999999999432,6.32,105,149,112,144,297,309,282,"-5.7","5.7",,
48,663967,"Salazar, César",2024,111,43.2,0.5,0.1,0.455,0.6,0.442,0.387,0.404,5,10,82.7,14.7,2335,89.6,89.38,7,30,18,-0.19999999999998863,6.25,112,139,104,144,286,321,289,"-2","2","62.289432667","6.945704333"
8,608475,"Lugo, Dawel",2020,46,17.4,0.5,0,0.5,0.5,0.441,0.279,0.287,1,2,79.6,5.5,2035,80.8,80.49,2,4,4,-0.29999999999999716,6.24,116,143,116,144,298,323,287,"-0.2","0.2",,
14,518960,"Lucroy, Jonathan",2021,83,16.9,0.5,0.25,0.667,0.75,0.53,0.243,0.265,2,4,74.6,-7.5,2426,88.1,88.06,2,8,6,0,6.22,90,138,102,136,296,307,283,"-0.5","0.5",,
7,680118,"Blanco, Dairon",2022,26,26.9,0.5,0,1,0.5,0.442,0.095,0.102,1,2,93.9,-17,2334,82,82.3,2,4,3,0.29999999999999716,6.66,109,150,105,144,302,323,293,"-1.2","1.2",,
7,592325,"Gamel, Ben",2023,49,14.3,0.5,0.5,0.5,1,0.622,0.345,0.262,1,2,95.4,38,2389,86.5,86.24,0,2,5,-0.29999999999999716,6.03,122,148,125,152,284,325,297,"-1.2","1.2",,
12,656509,"Harrison, Monte",2022,61,19.7,0.5,0,1,0.5,0.535,0.387,0.232,1,2,107.2,-2,2418,88.5,88.6,2,5,7,0.09999999999999432,6.39,106,151,112,147,311,318,288,"-0.4","0.4",,
7,623323,"Bishop, Braden",2021,16,43.8,0.5,0,1,0.5,0.44,0.084,0.071,1,2,41.4,-66,2549,88.5,88.34,2,5,2,-0.20000000000000284,6.1,105,147,110,149,307,325,284,"0.4","-0.4",,
10,595284,"Knapp, Andrew",2024,25,40,0.5,0,0.5,0.5,0.441,0.308,0.34,1,2,79.7,-25,2424,89.4,87.72,3,5,5,-1.5999999999999943,5.31,121,150,111,145,276,316,293,"-0.4","0.4","60.962648","6.35698"
4,661388,"Contreras, William",2020,36,11.1,0.5,0.5,0.5,1,0.619,0.182,0.178,1,2,88.7,8.5,2304,87.9,88.77,0,3,1,0.8999999999999915,6.57,111,147,114,148,284,308,292,"-0.6","0.6",,
13,691176,"Domínguez, Jasson",2023,120,10.8,0.5,0.75,0.5,1.25,0.722,0.329,0.309,2,4,92.6,1.7,2282,88.1,88.6,1,7,6,0.5,6.51,121,145,111,148,292,331,298,"-1.3","1.3",,
73,606988,"Greiner, Grayson",2021,344,21.2,0.5,0.25,0.7,0.75,0.558,0.399,0.274,8,16,81.9,4.3,2160,88.6,88.5,8,29,44,-0.09999999999999432,6.25,109,149,119,146,295,325,290,"-4","4",,
17,668800,"Knizner, Andrew",2020,65,26.2,0.5,0,0.667,0.5,0.353,0.371,0.243,2,4,100.9,9.7,2336,90.4,90.72,0,5,12,0.29999999999999716,6.44,96,151,113,146,297,319,283,"-1.1","1.1",,
36,686823,"Brennan, Will",2022,150,24,0.5,0.3,0.5,0.8,0.572,0.521,0.433,5,10,94,10.2,2384,88.8,88.22,6,25,11,-0.5999999999999943,6.47,114,146,107,145,281,315,291,"-4.1","4.1",,
76,664057,"Stevenson, Andrew",2020,191,39.8,0.5,0.333,0.667,0.833,0.592,0.406,0.305,6,12,88.1,13.6,2239,88.2,88.35,5,28,48,0.20000000000000284,6.4,106,146,103,145,287,312,303,"-7.1","7.1",,
16,656537,"Hill, Derek",2020,49,32.7,0.5,0,0.5,0.5,0.527,0.382,0.24,1,2,95.9,-12,2316,90.4,90.94,0,6,10,0.5,6.54,107,152,116,147,300,319,275,"-0.4","0.4",,
28,641505,"Davis, Jonathan",2020,152,18.4,0.5,0.167,0.5,0.667,0.429,0.337,0.259,3,6,97.1,14.7,2175,89.5,89.31,3,16,12,-0.20000000000000284,6.16,101,150,110,142,303,315,281,"-1.4","1.4",,
31,623182,"Kivlehan, Patrick",2021,46,67.4,0.5,0,0.5,0.5,0.459,0.419,0.223,1,2,101.7,15,2179,87.1,87.27,6,12,19,0.20000000000000284,6.41,111,148,123,142,298,321,296,"-1.3","1.3",,
14,572863,"Garneau, Dustin",2022,52,26.9,0.5,0.25,1,0.75,0.536,0.524,0.379,2,4,86.8,29,2310,83.6,83.35,5,8,6,-0.19999999999998863,6.35,116,155,120,149,299,324,293,"-0.9","0.9",,
12,623912,"Ramírez, Harold",2020,43,27.9,0.5,0,0.5,0.5,0.527,0.348,0.183,1,2,84.3,-18.5,2399,90,90.56,1,5,7,0.5999999999999943,6.73,110,148,115,147,307,318,278,"-0.5","0.5",,
30,602104,"Urías, Ramón",2020,108,27.8,0.5,0.167,0.5,0.667,0.55,0.393,0.289,3,6,89.4,0.7,2165,89.1,89.2,0,10,20,0.10000000000000853,6.29,107,146,113,142,283,317,286,"-1.7","1.7",,
17,622668,"Castillo, Ivan",2021,22,77.3,0.5,0,0.5,0.5,0.524,0.395,0.266,1,2,91.4,-13,2276,87,86.79,1,5,12,-0.20000000000000284,6.27,116,152,120,149,289,305,291,"-1","1",,
17,622761,"Mateo, Jorge",2020,113,15,0.5,0.25,0.667,0.75,0.53,0.366,0.323,2,4,79.8,9.5,2413,86.7,86.96,1,11,6,0.29999999999999716,6.35,108,150,115,142,296,320,290,"-2.1","2.1",,
15,541600,"Tovar, Wilfredo",2021,48,31.3,0.5,0,1,0.5,0.44,0.292,0.311,2,4,85.1,-22.5,2279,87.2,87.17,6,11,4,0,6.41,101,138,104,134,298,298,268,"0","0",,
11,518586,"Culberson, Charlie",2020,30,36.7,0.5,0.5,1,1,0.619,0.455,0.324,1,2,102,23,2552,88.8,89,2,5,6,0.20000000000000284,6.45,111,148,116,146,287,312,279,"-1.1","1.1",,
9,664062,"Gonsolin, Tony",2021,75,12,0.5,0,1,0.5,0.44,0.124,0.127,1,2,71.3,-66,2063,90.5,90.81,2,4,5,0.29999999999999716,6.66,98,138,100,145,286,297,273,"-0.4","0.4",,
28,670276,"Stevenson, Cal",2024,102,27.5,0.5,0.25,0.571,0.75,0.534,0.324,0.3,4,8,80.5,7.9,2215,90.7,90.56,3,12,16,-0.10000000000000853,6.21,111,137,102,139,285,312,297,"-1.8","1.8","57.254121667","6.371783333"
40,606157,"Aquino, Aristides",2020,219,18.3,0.5,0.4,0.444,0.9,0.61,0.576,0.464,5,10,79.7,7.4,2238,87.2,86.98,5,19,21,-0.20000000000000284,6.1,108,146,113,141,293,326,299,"-3.9","3.9",,
31,681584,"Villar, David",2024,136,22.8,0.5,0.333,0.75,0.833,0.51,0.648,0.371,3,6,103.8,19,2195,87,87.23,5,16,15,0.20000000000000284,6.27,113,147,121,142,299,316,289,"-1.2","1.2","65.126856667","7.599476667"
14,656403,"Ellis, Drew",2022,80,17.5,0.5,0,1,0.5,0.524,0.395,0.244,1,2,87.5,20,1974,87.3,87.02,2,5,9,-0.29999999999999716,6.46,108,153,121,146,299,325,305,"-0.5","0.5",,
17,547942,"Kim, Kwang Hyun",2021,103,16.5,0.5,0.25,0.5,0.75,0.569,0.27,0.133,2,4,78.4,-9.3,2098,88.6,88.08,2,11,6,-0.5,5.97,110,145,98,146,272,298,287,"-3.8","3.8",,
6,663330,"Jones, Jahmai",2020,24,25,0.5,0,1,0.5,0.441,0.442,0.44,1,2,98.9,14,2427,88.8,88.38,2,4,2,-0.3999999999999915,5.9,114,151,107,147,299,316,290,"-0.3","0.3",,
11,664058,"Fletcher, David",2024,27,40.7,0.5,0,0.333,0.5,0.294,0.21,0.031,1,2,88.2,13.7,2226,87.4,87.42,0,7,4,0,6.46,113,147,119,146,294,297,259,"0.2","-0.2","66.060455714","6.656197143"
110,593528,"Bonifacio, Jorge",2020,370,29.7,0.478,0.304,0.692,0.783,0.532,0.432,0.349,11,23,90.6,6.5,2356,86.8,87.04,26,62,48,0.20000000000000284,6.37,103,143,111,140,297,321,289,"-8.6","8.6",,
50,687093,"Grissom, Vaughn",2023,289,17.3,0.471,0.176,0.571,0.647,0.463,0.356,0.331,8,17,93.9,9.4,2225,89.5,90.01,6,27,23,0.5,6.49,110,148,114,145,306,324,292,"-4.5","4.5",,
173,543592,"Nola, Austin",2021,694,24.9,0.467,0.2,0.435,0.667,0.497,0.375,0.329,21,45,89.4,16.3,2227,88.9,88.85,5,85,88,-0.10000000000000853,6.31,109,150,120,145,301,320,291,"-14.5","14.5",,
189,656413,"Fairchild, Stuart",2024,853,22.2,0.465,0.186,0.594,0.651,0.5,0.39,0.324,20,43,84.4,16.4,2209,87.9,88.3,31,93,96,0.3999999999999915,6.47,106,148,115,144,299,320,288,"-11.4","11.4","65.753400933","7.069699467"
41,650968,"Pozo, Yohel",2021,232,17.7,0.462,0.385,0.455,0.846,0.558,0.362,0.266,6,13,91.1,18.2,2228,87.5,87.24,5,24,17,-0.29999999999999716,6.1,110,150,120,146,296,321,292,"-4.6","4.6",,
56,571602,"Davidson, Matt",2020,200,28,0.455,0.818,0.4,1.273,0.7,0.551,0.327,5,11,98.5,24.4,2223,86.6,86.81,7,27,29,0.20000000000000284,6.32,109,152,117,144,299,328,289,"-6.5","6.5",,
34,545350,"Marisnick, Jake",2020,128,26.6,0.455,0.182,0.625,0.636,0.466,0.305,0.282,5,11,89.9,14.5,2129,88.7,89.1,9,21,13,0.3999999999999915,6.48,106,150,113,145,301,323,287,"-2.7","2.7",,
52,679845,"Loftin, Nick",2023,250,20.8,0.455,0.091,0.455,0.545,0.459,0.416,0.269,5,11,83.6,-1,2283,89.7,90,4,26,26,0.29999999999999716,6.45,110,149,113,143,299,325,292,"-3.4","3.4",,
41,571431,"Adams, Matt",2020,209,19.6,0.455,0.455,0.5,0.909,0.577,0.347,0.234,5,11,84.4,23,2208,87.4,87.67,7,24,17,0.29999999999999716,6.39,116,151,130,137,297,321,295,"-3.9","3.9",,
184,664761,"Bohm, Alec",2020,661,27.8,0.452,0.071,0.475,0.524,0.45,0.397,0.347,19,42,91.5,6.3,2248,88.7,88.77,13,88,96,0.09999999999999432,6.34,111,148,120,146,298,317,284,"-9.7","9.7",,
37,691406,"Caminero, Junior",2023,134,27.6,0.444,0,0.571,0.444,0.423,0.299,0.271,4,9,85.6,-19.1,2220,90.1,90.53,4,19,18,0.4000000000000057,6.76,103,144,118,140,295,322,279,"-1.9","1.9",,
28,666176,"Adell, Jo",2023,261,10.7,0.444,0.111,0.571,0.556,0.432,0.203,0.219,4,9,78.9,-10.6,2284,89,89.34,4,15,13,0.29999999999999716,6.6,117,151,121,147,305,321,298,"-1","1",,
178,664034,"France, Ty",2020,614,29,0.442,0.116,0.528,0.558,0.455,0.398,0.37,19,43,81.8,16.6,2314,88.7,88.69,17,85,93,0,6.28,111,149,118,146,296,318,293,"-10.1","10.1",,
125,621545,"Remillard, Zach",2023,576,21.7,0.441,0.088,0.652,0.529,0.444,0.271,0.249,15,34,75.1,0,2315,88.7,89.08,19,63,62,0.3999999999999915,6.41,109,146,110,141,298,320,293,"-8.3","8.3",,
397,666134,"Jones, Nolan",2023,1809,21.9,0.44,0.373,0.474,0.813,0.555,0.465,0.32,33,75,89.1,10.2,2268,89.6,90.14,43,174,223,0.5,6.45,117,143,113,148,297,330,308,"-26.7","26.7",,
150,605141,"Betts, Mookie",2020,930,16.1,0.439,0.366,0.424,0.805,0.524,0.403,0.325,18,41,91.8,21.3,2285,89.6,89.4,11,77,73,-0.19999999999998863,6.13,106,146,115,141,303,328,301,"-12.5","12.5",,
64,664058,"Fletcher, David",2023,327,19.6,0.435,0.174,0.45,0.609,0.448,0.301,0.322,10,23,83.6,6.6,2304,88.8,89.21,8,41,23,0.4000000000000057,6.58,108,149,114,145,294,312,284,"-2.5","2.5",,
373,650333,"Arraez, Luis",2023,2161,17.3,0.434,0.132,0.442,0.566,0.436,0.372,0.357,46,106,87.8,13.2,2253,89.9,90.1,15,200,173,0.19999999999998863,6.46,116,143,109,145,280,312,298,"-19.9","19.9",,
38,694376,"Whitcomb, Shay",2024,181,21,0.429,0.143,0.429,0.571,0.488,0.502,0.447,3,7,83.9,16.3,2260,86.8,87.13,0,15,23,0.29999999999999716,6.61,108,147,118,142,298,324,291,"-2.8","2.8","71.774881429","7.529028571"
32,681351,"O'Hoppe, Logan",2022,60,53.3,0.429,0,0.5,0.429,0.448,0.342,0.238,3,7,90.7,34.3,2209,89.2,89.08,5,14,18,-0.10000000000000853,6.36,109,149,113,145,304,317,297,"-1.5","1.5",,
31,623168,"Heineman, Tyler",2023,181,17.1,0.429,0.286,0.75,0.714,0.545,0.377,0.251,3,7,76.6,-9.5,2160,90.7,91.02,3,15,16,0.29999999999999716,6.62,109,137,99,140,287,314,286,"-1.8","1.8",,
23,669394,"Burger, Jake",2021,182,12.6,0.429,0.429,0.75,0.857,0.532,0.311,0.234,3,7,98.8,26.8,2051,87.6,87.5,5,15,8,-0.09999999999999432,6.27,106,144,111,140,293,319,289,"-0.9","0.9",,
103,666182,"Bichette, Bo",2020,472,21.8,0.429,0.321,0.476,0.75,0.508,0.476,0.375,12,28,88.1,7.3,2265,88.5,88.67,17,63,40,0.20000000000000284,6.35,104,147,115,144,301,316,285,"-7","7",,
28,678225,"Bae, Ji Hwan",2022,120,23.3,0.429,0.143,0.5,0.571,0.465,0.304,0.267,3,7,64.2,-16.2,2398,88.5,88.59,4,15,13,0.09999999999999432,6.35,103,132,94,132,287,308,285,"-2.1","2.1",,
27,667670,"Rooker, Brent",2020,85,31.8,0.429,0.143,0.75,0.571,0.429,0.332,0.31,3,7,94.9,12.8,2273,87.8,88.03,4,16,11,0.20000000000000284,6.4,114,151,114,139,300,322,291,"-1.7","1.7",,
122,608700,"Plawecki, Kevin",2020,324,37.7,0.429,0.214,0.5,0.643,0.478,0.318,0.271,12,28,87.4,11.7,2315,90.3,90.79,8,51,71,0.5,6.6,107,146,117,146,291,316,287,"-6.9","6.9",,
89,660620,"Araúz, Jonathan",2020,335,26.6,0.429,0.095,0.529,0.524,0.437,0.415,0.416,9,21,85.7,10.6,2288,88.8,89.2,8,40,49,0.4000000000000057,6.53,109,147,109,145,280,313,296,"-3.9","3.9",,
37,640458,"Mercado, Óscar",2023,112,33,0.429,0.143,0.6,0.571,0.43,0.265,0.278,3,7,78.7,26.6,2279,86.3,86.09,6,20,17,-0.20000000000000284,6.21,107,148,115,142,303,316,288,"-2.5","2.5",,
41,665833,"Cruz, Oneil",2023,162,25.3,0.429,0,0.5,0.429,0.404,0.228,0.128,3,7,82.5,-8.2,2075,86.1,86.13,6,16,25,0,6.3,107,138,108,142,290,320,295,"-3","3",,
117,545361,"Trout, Mike",2021,610,19.2,0.423,0.462,0.533,0.885,0.567,0.46,0.312,11,26,91.1,5.8,2305,90.8,90.68,9,45,72,-0.09999999999999432,6.22,111,148,116,141,305,323,297,"-6.4","6.4",,
260,518692,"Freeman, Freddie",2020,1021,25.5,0.423,0.462,0.421,0.885,0.573,0.584,0.425,22,52,95.4,16.9,2173,87.9,88.27,21,128,132,0.3999999999999915,6.48,119,153,120,144,296,321,300,"-17.6","17.6",,
104,664029,"Mathias, Mark",2022,404,25.7,0.421,0.474,0.4,0.895,0.556,0.443,0.354,8,19,87.6,10.8,2326,87.9,87.82,10,42,62,-0.10000000000000853,6.33,109,149,117,147,301,325,288,"-7","7",,
161,665742,"Soto, Juan",2020,827,19.5,0.421,0.368,0.464,0.789,0.519,0.408,0.298,16,38,87.4,4.4,2222,87.1,87.26,16,59,102,0.20000000000000284,6.33,112,146,110,147,294,320,307,"-7.2","7.2",,
148,578428,"Iglesias, Jose",2020,567,26.1,0.421,0.184,0.469,0.605,0.433,0.413,0.374,16,38,83.7,4.5,2212,88.5,88.52,12,87,61,0,6.33,108,150,114,147,292,312,279,"-6.6","6.6",,
44,641680,"Heim, Jonah",2020,144,30.6,0.417,0,0.417,0.417,0.393,0.453,0.39,5,12,86.7,1.8,2327,90.7,90.72,3,22,22,0,6.22,121,161,115,151,294,320,300,"-0.7","0.7",,
42,676646,"Reks, Zach",2022,114,36.8,0.417,0.083,0.5,0.5,0.4,0.295,0.295,5,12,87,27.3,2333,89.4,89.3,4,23,19,-0.10000000000000853,6.25,116,162,106,148,291,324,296,"-1.9","1.9",,
104,680700,"Palacios, Richie",2023,408,25.5,0.412,0.176,0.438,0.588,0.434,0.271,0.238,7,17,85.2,2.5,2215,90.1,90.5,6,44,60,0.4000000000000057,6.55,115,141,105,144,287,318,304,"-4","4",,
226,663886,"Stephenson, Tyler",2022,732,30.9,0.412,0.275,0.487,0.686,0.48,0.362,0.282,21,51,88.3,7.2,2226,87.4,87.57,28,100,126,0.19999999999998863,6.37,110,148,117,144,297,319,285,"-12.5","12.5",,
89,595284,"Knapp, Andrew",2020,345,25.8,0.409,0.364,0.533,0.773,0.495,0.458,0.359,9,22,88.6,9.1,2276,87.8,87.84,18,45,44,0,6.34,112,148,112,146,287,315,290,"-4.6","4.6",,
258,664983,"McCarthy, Jake",2022,1263,20.4,0.403,0.13,0.484,0.532,0.427,0.35,0.306,31,77,85.9,9.9,2275,88.2,88.19,40,142,116,0,6.35,113,148,103,148,292,321,301,"-13.4","13.4",,
18,663698,"Bart, Joey",2021,21,85.7,0.4,0,0.667,0.4,0.352,0.236,0.254,2,5,91.9,28.3,2194,84.8,85.59,3,8,10,0.7999999999999972,6.59,112,150,121,148,303,324,290,"-0.3","0.3",,
88,595751,"Alfaro, Jorge",2020,342,25.7,0.4,0.2,0.529,0.6,0.447,0.352,0.283,10,25,92.8,1.6,2242,88.3,88.67,17,51,37,0.4000000000000057,6.51,110,149,115,147,310,322,291,"-4.1","4.1",,
76,663609,"Baker, Luken",2024,201,37.8,0.4,0.6,0.364,1,0.546,0.361,0.209,6,15,91.5,18.8,2300,89.3,89.53,11,35,41,0.20000000000000284,6.34,111,148,121,144,303,327,301,"-2.6","2.6","72.035169143","7.663591429"
176,656582,"Joe, Connor",2021,818,21.5,0.4,0.225,0.4,0.625,0.455,0.421,0.318,16,40,89.3,16,2245,88.5,88.62,11,73,103,0.09999999999999432,6.25,110,151,117,148,305,324,295,"-10.4","10.4",,
151,650489,"Castro, Willi",2020,534,28.3,0.4,0.2,0.467,0.6,0.411,0.327,0.304,16,40,83.5,6.7,2175,86.9,87.26,26,95,56,0.3999999999999915,6.48,108,147,108,146,292,320,294,"-4.9","4.9",,
94,671083,"Kennedy, Buddy",2022,363,25.9,0.4,0.4,0.455,0.8,0.503,0.428,0.306,6,15,88.3,11.4,2187,87.2,87.08,10,37,57,-0.10000000000000853,6.42,111,147,115,142,299,319,291,"-6.4","6.4",,
19,660644,"Bruján, Vidal",2021,100,19,0.4,0,0.5,0.4,0.352,0.326,0.344,2,5,81.5,-14.3,2208,91.1,90.98,3,13,6,-0.09999999999999432,6.42,114,146,97,145,285,310,293,"0.2","-0.2",,
39,605113,"Ahmed, Nick",2022,211,18.5,0.4,0,0.571,0.4,0.384,0.321,0.311,4,10,87.1,1.4,2299,87.9,87.35,7,22,17,-0.6000000000000085,6.18,100,145,114,140,300,314,296,"-1.3","1.3",,
134,669743,"Call, Alex",2024,493,27.2,0.4,0.2,0.474,0.6,0.487,0.345,0.25,10,25,89.4,10.5,2273,89.7,90.05,13,56,78,0.3999999999999915,6.48,107,143,111,141,298,313,286,"-4.9","4.9","62.930502909","6.513846182"
47,677941,"Adams, Jordyn",2024,158,29.7,0.4,0,0.444,0.4,0.383,0.38,0.346,4,10,90.6,8.8,2306,87.2,87.67,5,23,24,0.5,6.52,107,149,112,144,304,320,290,"-0.7","0.7","69.549765217","7.686353478"
14,682668,"Acuña, Luisangel",2024,136,10.3,0.4,0,0.4,0.4,0.353,0.42,0.446,2,5,102.5,-9.6,2227,90.6,91.17,2,8,6,0.6000000000000085,6.72,112,148,124,146,309,327,292,"-0.1","0.1","72.96463625","7.0611275"
198,665487,"Tatis Jr., Fernando",2020,988,20,0.4,0.375,0.5,0.775,0.516,0.448,0.331,16,40,97.8,5.2,2259,89.3,89.17,27,94,104,-0.09999999999999432,6.17,108,146,115,142,305,325,297,"-13","13",,
118,682622,"Marte, Noelvi",2023,444,26.6,0.4,0.067,0.462,0.467,0.387,0.274,0.277,12,30,90.5,-8,2151,88.7,88.93,16,60,58,0.20000000000000284,6.41,110,149,117,145,299,320,289,"-3.4","3.4",,
42,606019,"Quiroz, Esteban",2022,185,22.7,0.4,0,0.571,0.4,0.384,0.229,0.191,4,10,58.8,-3,2379,89.5,89.27,6,22,20,-0.20000000000000284,6.27,99,140,100,142,288,311,293,"-0.7","0.7",,
14,644433,"Tromp, Chadwick",2021,77,18.2,0.4,0,0.4,0.4,0.352,0.323,0.329,2,5,89.4,34.2,2277,87.6,87.93,0,7,7,0.30000000000001137,6.46,104,139,107,138,292,318,287,"-0.5","0.5",,
14,672386,"Kirk, Alejandro",2020,85,16.5,0.4,0.2,0.4,0.6,0.424,0.205,0.217,2,5,97.6,10.8,2271,87.8,87.85,1,7,7,0,6.36,117,148,122,149,298,314,280,"-1.2","1.2",,
18,686676,"Lee, Korey",2022,100,18,0.4,0.2,0.667,0.6,0.429,0.14,0.155,2,5,81.3,26.3,2212,87.7,87.54,4,11,7,-0.20000000000000284,6.23,99,129,106,125,297,325,286,"-1","1",,
107,606132,"Tapia, Raimel",2020,805,13.3,0.4,0.04,0.435,0.44,0.375,0.284,0.213,10,25,85.2,11.9,2328,89.6,89.68,14,64,43,0.10000000000000853,6.12,112,145,105,146,291,325,303,"-0.5","0.5",,
99,656514,"Haseley, Adam",2020,369,26.8,0.4,0.05,0.444,0.45,0.384,0.317,0.303,8,20,81,0.6,2182,88.7,88.74,5,40,59,0,6.36,108,140,104,143,282,313,288,"-2.9","2.9",,
39,624414,"Arroyo, Christian",2020,195,20,0.4,0.6,0.286,1,0.584,0.432,0.279,4,10,90.1,8.2,2274,88.5,88.55,6,22,17,0.09999999999999432,6.46,104,146,116,147,292,316,288,"-2.7","2.7",,
45,614173,"Cordero, Franchy",2020,172,26.2,0.4,0.4,0.375,0.8,0.516,0.478,0.352,4,10,94.4,1.1,2360,89,89.19,3,24,21,0.20000000000000284,6.3,118,145,110,150,292,324,297,"-2.4","2.4",,
18,672744,"Canario, Alexander",2023,61,29.5,0.4,1,0.333,1.4,0.715,0.281,0.186,2,5,82.8,34.3,2316,90.9,91.47,5,12,6,0.5999999999999943,6.51,106,148,116,146,300,319,298,"-2.5","2.5",,
149,664058,"Fletcher, David",2020,906,16.4,0.4,0.089,0.419,0.489,0.375,0.33,0.35,18,45,83.1,7.6,2303,89.1,88.99,6,78,71,-0.09999999999999432,6.19,106,142,108,141,294,310,284,"-7.2","7.2",,
490,665742,"Soto, Juan",2021,2601,18.8,0.396,0.292,0.356,0.689,0.49,0.491,0.354,42,106,93.3,3.5,2219,89.1,89.07,34,187,303,0,6.29,117,151,112,148,299,324,306,"-27.1","27.1",,
192,605119,"Anderson, Brian",2020,888,21.6,0.395,0.419,0.4,0.814,0.518,0.38,0.255,17,43,88.8,11.1,2220,89.3,89.39,29,92,100,0.10000000000000853,6.41,111,148,119,144,304,318,289,"-14.3","14.3",,
178,628451,"Ibáñez, Andy",2024,917,19.4,0.395,0.233,0.455,0.628,0.43,0.344,0.302,17,43,88.6,16.6,2291,89.4,89.63,26,99,79,0.19999999999998863,6.38,106,145,116,143,295,321,286,"-8","8","68.274084894","7.134748723"
104,500743,"Rojas, Miguel",2020,532,19.5,0.393,0.321,0.429,0.714,0.486,0.31,0.258,11,28,86.6,8,2272,87.8,88.06,11,47,57,0.29999999999999716,6.44,108,146,112,144,306,315,283,"-8.4","8.4",,
718,518692,"Freeman, Freddie",2022,2755,26.1,0.391,0.185,0.409,0.576,0.443,0.451,0.35,59,151,92.3,14.3,2201,89.3,89.45,67,343,375,0.20000000000000284,6.31,117,152,113,147,295,322,305,"-33.4","33.4",,
103,667472,"Myers, Dane",2024,425,24.2,0.391,0.261,0.444,0.652,0.439,0.385,0.314,9,23,90.8,10.4,2269,90.2,90.48,12,47,56,0.29999999999999716,6.49,108,145,112,143,300,318,285,"-5.1","5.1","67.565578936","6.863665745"
191,408234,"Cabrera, Miguel",2020,909,21,0.39,0.244,0.406,0.634,0.453,0.49,0.377,16,41,93,8.9,2359,87.9,87.97,31,94,97,0.09999999999999432,6.34,109,149,118,146,301,327,290,"-8.2","8.2",,
98,664029,"Mathias, Mark",2023,299,32.8,0.389,0.056,0.538,0.444,0.424,0.409,0.363,7,18,83.1,12.1,2200,88.6,89.06,14,37,61,0.5,6.52,113,146,117,143,301,322,293,"-3.3","3.3",,
180,543939,"Wong, Kolten",2020,849,21.2,0.389,0.083,0.438,0.472,0.41,0.299,0.24,14,36,82.1,6.7,2331,89.3,89.57,14,88,92,0.29999999999999716,6.36,111,144,100,144,287,315,299,"-4.2","4.2",,
104,641645,"Guillorme, Luis",2020,327,31.8,0.389,0.056,0.5,0.444,0.406,0.304,0.228,7,18,89.4,8.2,2243,89.4,89.82,11,41,63,0.3999999999999915,6.51,114,146,106,147,278,313,296,"-2","2",,
592,677951,"Witt Jr., Bobby",2024,2600,22.8,0.388,0.326,0.387,0.713,0.467,0.465,0.342,50,129,91.6,15.2,2318,89,89.33,58,313,279,0.29999999999999716,6.45,107,144,114,141,310,325,293,"-29.4","29.4","72.331275819","6.928349652"
341,592626,"Pederson, Joc",2022,1685,20.2,0.388,0.282,0.429,0.671,0.455,0.458,0.351,33,85,95.5,14.9,2214,89.1,89.32,40,179,162,0.20000000000000284,6.34,117,153,110,147,295,322,302,"-21.4","21.4",,
303,623912,"Ramírez, Harold",2021,1335,22.7,0.387,0.08,0.414,0.467,0.38,0.356,0.335,29,75,92.4,7.1,2232,89.1,89.21,41,181,122,0.10000000000000853,6.26,108,146,116,144,299,318,286,"-10","10",,
152,656811,"O'Hearn, Ryan",2020,559,27.2,0.387,0.065,0.522,0.452,0.4,0.367,0.305,12,31,89.1,2.3,2264,90.5,90.41,14,58,94,-0.09999999999999432,6.13,119,152,110,151,298,325,301,"-4","4",,
149,663538,"Hoerner, Nico",2021,650,22.9,0.387,0.097,0.414,0.484,0.409,0.325,0.286,12,31,82,13.8,2264,88,88.22,15,79,70,0.20000000000000284,6.41,108,146,113,142,294,315,285,"-7","7",,
201,514917,"Hernández, César",2020,1076,18.7,0.386,0.114,0.515,0.5,0.402,0.306,0.28,17,44,81.8,-1.5,2280,89.1,89.41,19,95,106,0.30000000000001137,6.36,114,144,107,145,284,315,284,"-5.5","5.5",,
53,591741,"Osuna, José",2020,308,17.2,0.385,0.077,0.455,0.462,0.411,0.338,0.299,5,13,85.8,-0.8,2364,86.5,87.22,12,32,21,0.7000000000000028,6.65,106,145,111,139,301,319,288,"-2.1","2.1",,
35,594798,"deGrom, Jacob",2021,102,34.3,0.385,0.077,0.417,0.462,0.366,0.357,0.366,5,13,85.8,8.5,2283,89.6,90.05,3,23,12,0.4000000000000057,6.53,105,139,97,141,283,307,299,"-1.8","1.8",,
367,608369,"Seager, Corey",2023,1846,19.9,0.385,0.375,0.408,0.76,0.473,0.443,0.355,37,96,93.1,11.7,2266,88.1,88.19,58,202,165,0.10000000000000853,6.39,117,142,112,146,300,328,303,"-19.5","19.5",,
49,642423,"Sierra, Magneuris",2020,206,23.8,0.385,0.231,0.556,0.615,0.389,0.235,0.213,5,13,72.7,-7.3,2117,87.1,87.16,7,30,19,0.10000000000000853,6.39,100,131,105,130,271,304,292,"-2.9","2.9",,
47,607461,"Beaty, Matt",2020,184,25.5,0.385,0.077,0.5,0.462,0.415,0.372,0.326,5,13,90.1,6.6,2148,88.4,88.68,4,27,20,0.29999999999999716,6.49,117,147,110,144,293,323,303,"-1.5","1.5",,
108,680728,"Del Castillo, Adrian",2024,336,32.1,0.385,0.385,0.467,0.769,0.509,0.334,0.201,10,26,90.8,22.7,2193,89.7,90.09,15,54,54,0.3999999999999915,6.49,116,143,111,147,292,323,300,"-8","8","70.974761111","7.116515926"
63,664059,"Haggerty, Sam",2020,229,27.5,0.385,0.308,0.667,0.692,0.469,0.297,0.236,5,13,98,6.3,2301,89,88.56,15,36,27,-0.4000000000000057,6.03,110,144,104,145,294,314,296,"-0.6","0.6",,
60,666211,"Trammell, Taylor",2023,239,25.1,0.385,0.462,0.375,0.846,0.546,0.602,0.4,5,13,93,19.6,2258,88.2,88.22,10,27,33,0,6.3,117,146,108,151,290,317,296,"-5.3","5.3",,
286,668904,"Lewis, Royce",2023,906,31.6,0.385,0.4,0.386,0.785,0.512,0.401,0.303,25,65,89.1,15.1,2283,89,89.62,27,129,157,0.5999999999999943,6.62,107,147,115,144,297,321,292,"-19.3","19.3",,
528,605141,"Betts, Mookie",2023,2712,19.5,0.383,0.267,0.364,0.65,0.471,0.453,0.352,46,120,91.9,21.1,2296,89.5,89.83,26,222,306,0.29999999999999716,6.46,108,146,118,141,298,321,297,"-33.3","33.3",,
351,671739,"Harris II, Michael",2022,1655,21.2,0.383,0.223,0.438,0.606,0.441,0.353,0.289,36,94,88.9,1.2,2197,88.3,88.44,42,184,167,0.10000000000000853,6.37,118,148,109,149,293,321,298,"-19.3","19.3",,
86,679631,"Vavra, Terrin",2022,383,22.5,0.381,0.286,0.368,0.667,0.429,0.353,0.31,8,21,84.6,17.7,2261,89.4,89.35,9,44,42,-0.10000000000000853,6.33,114,144,106,148,283,314,295,"-4.4","4.4",,
253,592518,"Machado, Manny",2020,936,27,0.381,0.238,0.392,0.619,0.418,0.359,0.305,24,63,89.7,7.8,2213,89.5,89.49,27,129,124,0,6.22,110,147,117,143,303,325,296,"-12.9","12.9",,
198,456781,"Solano, Donovan",2020,746,26.5,0.38,0.16,0.429,0.54,0.413,0.365,0.309,19,50,88.9,11.4,2256,89.1,89.32,21,103,95,0.20000000000000284,6.31,109,147,117,145,300,319,290,"-12.1","12.1",,
118,696285,"Young, Jacob",2023,466,25.3,0.379,0.034,0.393,0.414,0.39,0.335,0.28,11,29,81.7,-2.3,2363,89.1,89.39,15,58,60,0.30000000000001137,6.47,106,145,102,140,303,317,290,"-3.9","3.9",,
295,444876,"Escobar, Alcides",2021,1383,21.3,0.379,0.182,0.444,0.561,0.413,0.344,0.3,25,66,80.1,11.8,2253,89.1,89.27,42,162,133,0.20000000000000284,6.33,107,145,107,142,299,313,283,"-9.1","9.1",,
116,502517,"Murphy, Daniel",2020,487,23.8,0.379,0.103,0.435,0.483,0.371,0.294,0.28,11,29,85.3,14.1,2306,89.6,89.89,11,71,45,0.30000000000001137,6.34,115,159,117,151,291,326,301,"-4.7","4.7",,
153,623520,"Bote, David",2020,599,25.5,0.379,0.31,0.409,0.69,0.483,0.439,0.323,11,29,90.5,9.8,2242,88.4,88.7,18,61,92,0.29999999999999716,6.41,106,146,114,141,297,320,292,"-7.4","7.4",,
241,607208,"Turner, Trea",2020,1033,23.3,0.378,0.311,0.417,0.689,0.477,0.43,0.299,17,45,90.3,8.9,2225,89,89.24,25,113,128,0.20000000000000284,6.38,106,144,112,141,298,317,290,"-9.3","9.3",,
297,664774,"Wade Jr., LaMonte",2021,1565,19,0.377,0.261,0.431,0.638,0.425,0.385,0.324,26,69,86.5,13.3,2253,88.4,88.52,37,165,132,0.09999999999999432,6.27,118,146,106,148,291,320,302,"-11.2","11.2",,
89,621493,"Ward, Taylor",2020,391,22.8,0.375,0,0.5,0.375,0.419,0.458,0.367,6,16,91.1,6,2336,88.4,88.11,10,38,51,-0.30000000000001137,6.02,106,145,112,141,302,317,290,"-4.6","4.6",,
36,620443,"Torrens, Luis",2023,126,28.6,0.375,0.25,0.429,0.625,0.452,0.399,0.355,3,8,89.1,17.9,2113,88.8,88.51,5,19,17,-0.29999999999999716,6.07,112,145,114,145,298,315,287,"-1.9","1.9",,
154,669257,"Smith, Will",2020,610,25.2,0.375,0.167,0.45,0.542,0.437,0.46,0.362,9,24,90.5,23.6,2261,88.4,88.17,7,59,95,-0.20000000000000284,6.16,104,146,115,142,304,322,297,"-5.2","5.2",,
65,672515,"Moreno, Gabriel",2022,265,24.5,0.375,0.188,0.357,0.563,0.422,0.346,0.271,6,16,92.1,7.4,2271,89,89.24,3,31,34,0.20000000000000284,6.43,112,152,120,148,298,319,286,"-1.9","1.9",,
34,592407,"Holaday, Bryan",2020,122,27.9,0.375,0.125,0.429,0.5,0.411,0.331,0.272,3,8,81.8,28.6,2258,89,89.44,2,12,22,0.4000000000000057,6.49,106,150,118,144,292,312,278,"-1.4","1.4",,
33,592656,"Ramos, Henry",2021,209,15.8,0.375,0.125,0.429,0.5,0.333,0.204,0.219,3,8,89.2,6.4,2426,91.7,91.45,5,21,12,-0.29999999999999716,6.14,110,148,112,145,301,318,290,"-0.5","0.5",,
70,594824,"Garcia, Greg",2020,289,24.2,0.375,0.063,0.375,0.438,0.353,0.312,0.319,6,16,73.7,13.5,2090,88.4,88.34,5,35,35,-0.10000000000000853,6.13,115,140,104,141,288,318,301,"-4.9","4.9",,
36,664041,"Davis, Jaylin",2022,128,28.1,0.375,0,0.5,0.375,0.331,0.277,0.283,3,8,88.7,2.5,2417,88.8,88.73,8,18,18,-0.09999999999999432,6.25,101,136,109,134,288,322,297,"0.4","-0.4",,
33,621002,"Robertson, Daniel",2020,90,36.7,0.375,0,0.429,0.375,0.372,0.327,0.264,3,8,82.1,-16.3,2158,86.5,86.41,4,13,20,-0.09999999999999432,5.95,108,141,113,137,307,332,304,"-1.5","1.5",,
200,578428,"Iglesias, Jose",2024,1075,18.6,0.375,0.107,0.4,0.482,0.388,0.317,0.285,21,56,85.3,6.3,2255,90.2,90.7,15,115,85,0.5,6.57,109,146,115,145,301,319,286,"-8.2","8.2","67.730594825","6.585577281"
156,455117,"Maldonado, Martín",2020,695,22.4,0.375,0.25,0.526,0.625,0.483,0.42,0.319,12,32,80.2,11.7,2207,87.2,87,22,67,89,-0.20000000000000284,6.25,102,142,110,140,299,322,288,"-9.3","9.3",,
462,641680,"Heim, Jonah",2023,1996,23.1,0.375,0.33,0.384,0.705,0.46,0.363,0.292,42,112,90.4,14.6,2225,89.8,89.93,50,258,204,0.10000000000000853,6.47,114,144,115,146,295,327,297,"-34.9","34.9",,
27,670869,"Soto, Livan",2022,223,12.1,0.375,0.375,0.5,0.75,0.42,0.329,0.357,3,8,80,19.6,2399,87.7,87.71,3,17,10,0,6.33,105,138,92,142,290,310,294,"-1.8","1.8",,
46,677588,"Tena, José",2023,158,29.1,0.375,0,1,0.375,0.404,0.273,0.186,3,8,88.1,-2,2227,90.4,90.66,8,21,25,0.29999999999999716,6.47,119,145,109,149,285,316,296,"-0.5","0.5",,
102,663611,"Madrigal, Nick",2020,424,24.1,0.37,0,0.4,0.37,0.34,0.258,0.25,10,27,79.4,0.6,2389,88.8,88.75,7,50,52,0,6.17,105,147,109,144,290,311,274,"-2.3","2.3",,
626,518692,"Freeman, Freddie",2023,2753,22.7,0.37,0.222,0.415,0.593,0.433,0.411,0.341,50,135,89.6,18.3,2255,88.8,89.09,65,328,298,0.29999999999999716,6.45,116,143,115,146,292,322,302,"-31.2","31.2",,
474,666971,"Gurriel Jr., Lourdes",2021,2072,22.9,0.368,0.246,0.429,0.614,0.413,0.368,0.29,42,114,91.3,6.1,2254,89.1,89.12,73,272,202,0,6.27,108,149,118,146,300,322,289,"-23.1","23.1",,
317,666165,"Sabol, Blake",2023,1360,23.3,0.368,0.25,0.489,0.618,0.426,0.318,0.243,28,76,88.5,15.1,2207,89.4,89.7,64,182,135,0.29999999999999716,6.39,116,146,108,149,290,320,301,"-10.8","10.8",,
127,645277,"Albies, Ozzie",2020,444,28.6,0.367,0.133,0.476,0.5,0.392,0.266,0.222,11,30,81.1,12.3,2083,88.3,88.76,21,73,54,0.5,6.6,111,146,125,136,294,318,296,"-0.9","0.9",,
141,461314,"Kemp, Matt",2020,547,25.8,0.367,0.367,0.421,0.733,0.492,0.476,0.318,11,30,86.6,12.2,2292,87.5,87.51,21,66,75,0,6.09,109,147,119,142,306,330,299,"-5.7","5.7",,
120,608348,"Kelly, Carson",2020,506,23.7,0.367,0.233,0.45,0.6,0.436,0.365,0.294,11,30,87.1,13.1,2321,89.5,89.44,16,62,58,-0.09999999999999432,6.4,110,148,114,142,303,323,293,"-4.2","4.2",,
415,650333,"Arraez, Luis",2022,2413,17.2,0.366,0.075,0.364,0.441,0.371,0.34,0.31,34,93,87.9,11,2264,89,88.98,12,173,242,0,6.27,114,145,105,145,281,315,298,"-8.4","8.4",,
205,665862,"Chisholm Jr., Jazz",2022,950,21.6,0.366,0.463,0.393,0.829,0.504,0.44,0.324,15,41,89.9,17.9,2247,88.5,88.32,26,95,110,-0.20000000000000284,6.31,119,148,110,146,291,321,298,"-14.2","14.2",,
429,650333,"Arraez, Luis",2024,2416,17.8,0.366,0.045,0.369,0.411,0.352,0.338,0.335,41,112,83.2,8.5,2237,89.2,89.31,12,213,216,0.09999999999999432,6.43,117,145,108,146,276,310,296,"-4","4","61.020123632","5.828738"
343,665923,"Ruiz, Esteury",2023,1753,19.6,0.365,0.073,0.461,0.438,0.369,0.304,0.283,35,96,78.5,10.1,2273,89.2,89.38,57,200,143,0.20000000000000284,6.4,101,142,99,139,295,312,282,"-8.2","8.2",,
454,660688,"Ruiz, Keibert",2023,1887,24.1,0.365,0.214,0.367,0.579,0.415,0.348,0.306,46,126,86.8,16.1,2254,88.5,89.02,36,247,207,0.5,6.56,116,146,114,148,294,322,295,"-18.4","18.4",,
509,670541,"Alvarez, Yordan",2023,1908,26.7,0.365,0.394,0.36,0.76,0.49,0.472,0.327,38,104,94.3,14,2229,89.3,89.27,54,243,266,0,6.39,119,144,117,148,295,332,303,"-28.3","28.3",,
445,650490,"Díaz, Yandy",2023,2357,18.9,0.365,0.302,0.408,0.667,0.471,0.433,0.309,35,96,91.9,8.3,2257,89.3,89.31,35,181,264,0,6.4,111,146,118,145,305,326,289,"-20.7","20.7",,
142,677588,"Tena, José",2024,673,21.1,0.364,0.061,0.5,0.424,0.381,0.385,0.3,12,33,90.6,4,2329,88.8,89.05,15,74,68,0.29999999999999716,6.41,114,143,101,146,290,318,301,"-1.5","1.5","69.738263562","6.835570685"
93,547172,"Wolters, Tony",2020,412,22.6,0.364,0.091,0.471,0.455,0.406,0.399,0.34,8,22,84,8.6,2224,89.6,89.96,15,45,48,0.4000000000000057,6.32,117,150,111,151,287,318,298,"-3.4","3.4",,
123,519058,"Moustakas, Mike",2020,660,18.6,0.364,0.545,0.235,0.909,0.522,0.493,0.349,8,22,89.8,21,2399,87.5,87.73,11,62,61,0.20000000000000284,6.39,117,155,112,147,288,324,297,"-9.5","9.5",,
339,542303,"Ozuna, Marcell",2020,1074,31.6,0.364,0.26,0.411,0.623,0.44,0.438,0.336,28,77,93.5,12.9,2225,88.4,88.84,53,173,166,0.3999999999999915,6.52,106,146,117,142,306,324,292,"-14.9","14.9",,
439,666182,"Bichette, Bo",2023,2225,19.7,0.364,0.178,0.402,0.542,0.396,0.392,0.336,43,118,90.9,6.8,2311,89.9,90.19,50,283,156,0.29999999999999716,6.55,111,144,117,143,302,322,287,"-14.1","14.1",,
41,657193,"Alvarez, Eddy",2021,283,14.5,0.364,0.182,0.4,0.545,0.411,0.299,0.27,4,11,89.3,20,2163,86.8,86.79,3,18,23,0,6.45,114,148,102,149,286,312,294,"-0.3","0.3",,
56,663647,"Hayes, Ke'Bryan",2020,388,14.4,0.364,0.273,0.5,0.636,0.438,0.332,0.283,4,11,93.4,3.6,2313,87.6,87.57,6,26,30,0.09999999999999432,6.24,105,145,112,142,299,315,286,"-2.2","2.2",,
60,606993,"Hager, Jake",2022,260,23.1,0.364,0,0.444,0.364,0.419,0.36,0.256,4,11,64.7,14.7,2220,88,87.8,8,26,34,-0.20000000000000284,6.33,108,150,116,144,295,319,285,"-1.4","1.4",,
101,553882,"Narváez, Omar",2020,553,18.3,0.364,0,0.533,0.364,0.352,0.388,0.314,8,22,85.8,30.2,2392,87,87.28,16,49,52,0.29999999999999716,6.36,115,151,109,148,289,315,294,"-0.5","0.5",,
98,671221,"Waters, Drew",2022,433,22.6,0.364,0.409,0.4,0.773,0.524,0.435,0.301,8,22,83.7,17.1,2268,88.7,89.46,10,45,53,0.7999999999999972,6.31,110,142,104,142,290,319,297,"-6.6","6.6",,
135,518934,"LeMahieu, DJ",2020,829,16.3,0.364,0.091,0.414,0.455,0.372,0.391,0.361,12,33,88.8,2.9,2169,89.3,89.26,12,68,67,0,6.34,112,149,118,146,307,313,281,"-1.8","1.8",,
48,663662,"Cameron, Daz",2022,266,18,0.364,0,0.444,0.364,0.4,0.34,0.25,4,11,93.8,1.9,2200,89.4,89.55,6,22,26,0.09999999999999432,6.35,109,151,120,145,302,319,286,"-0.9","0.9",,
48,572008,"Owings, Chris",2021,194,24.7,0.364,0.273,0.667,0.636,0.438,0.285,0.245,4,11,92.7,14.8,2572,88.7,89.36,6,18,30,0.7000000000000028,6.45,108,148,111,144,312,327,296,"-1","1",,
51,641943,"Palacios, Joshua",2024,307,16.6,0.364,0.182,0.5,0.545,0.453,0.366,0.284,4,11,94.1,6.1,2282,89.4,89.97,7,23,28,0.5999999999999943,6.65,111,141,110,143,299,318,294,"-2.1","2.1","70.056027826","7.204277391"
46,665561,"Marchán, Rafael",2024,195,23.6,0.364,0,0.5,0.364,0.351,0.353,0.344,4,11,80.3,12.3,2193,87,87.43,4,24,22,0.4000000000000057,6.6,107,134,106,140,286,312,290,"0.8","-0.8","61.252188182","7.192953636"
472,665487,"Tatis Jr., Fernando",2021,2141,22,0.364,0.374,0.419,0.737,0.481,0.478,0.32,36,99,95.5,14,2234,89.8,89.76,68,228,244,0,6.3,110,148,115,144,303,325,299,"-23.6","23.6",,
93,696100,"Goodman, Hunter",2023,293,31.7,0.364,0.318,0.421,0.682,0.439,0.351,0.311,8,22,92.1,15.9,2304,89.6,90.09,15,41,52,0.5,6.44,111,151,117,147,308,331,294,"-4.3","4.3",,
36,676632,"Madris, Bligh",2024,275,13.1,0.364,0,0.444,0.364,0.35,0.279,0.236,4,11,87,10.8,2054,87.6,87.92,4,19,17,0.30000000000001137,6.48,114,147,112,150,281,310,297,"-1.2","1.2","70.811165263","7.487227895"
51,623520,"Bote, David",2024,162,31.5,0.364,0.182,0.444,0.545,0.413,0.331,0.28,4,11,90.2,10.7,2230,87.3,87.32,10,31,20,0,6.34,105,146,121,143,300,318,291,"-1","1","70.006329355","7.611926452"
262,650391,"Jiménez, Eloy",2022,1178,22.2,0.364,0.167,0.423,0.53,0.409,0.36,0.261,24,66,92.8,5.9,2281,89.1,89.18,45,139,123,0.10000000000000853,6.37,110,150,118,144,304,327,293,"-11.2","11.2",,
131,666176,"Adell, Jo",2021,569,23,0.364,0.333,0.37,0.697,0.449,0.377,0.327,12,33,85,15.9,2291,89.1,89.06,20,76,55,0,6.26,104,147,115,143,304,320,292,"-9.3","9.3",,
653,608841,"Meneses, Joey",2023,2543,25.7,0.363,0.131,0.42,0.494,0.383,0.329,0.302,61,168,90,8.6,2307,89.2,89.55,79,334,319,0.29999999999999716,6.52,109,147,120,145,303,321,291,"-21","21",,
535,647304,"Naylor, Josh",2023,1649,32.4,0.363,0.178,0.387,0.541,0.383,0.361,0.332,53,146,90.5,11.4,2279,88.7,89.1,71,306,229,0.3999999999999915,6.5,116,142,112,145,288,320,296,"-17","17",,
207,444482,"Peralta, David",2020,822,25.2,0.361,0.066,0.44,0.426,0.342,0.277,0.262,22,61,91,10.5,2274,89.6,89.41,28,110,97,-0.19999999999998863,6.22,116,150,114,148,294,324,304,"-5.7","5.7",,
577,686469,"Pasquantino, Vinnie",2024,2133,27.1,0.36,0.223,0.349,0.583,0.388,0.343,0.301,50,139,91.5,13.7,2228,88.5,88.76,43,300,277,0.29999999999999716,6.36,115,139,108,142,296,323,304,"-14.6","14.6","70.424233393","7.285406036"
407,668731,"Baddoo, Akil",2021,1880,21.6,0.359,0.256,0.391,0.615,0.448,0.39,0.287,28,78,85.5,11.2,2187,89.1,88.98,47,183,224,-0.09999999999999432,6.2,113,146,103,144,290,321,295,"-17","17",,
153,488726,"Brantley, Michael",2020,721,21.2,0.359,0.256,0.375,0.615,0.436,0.374,0.309,14,39,86.7,7.6,2174,88.5,88.32,9,56,97,-0.20000000000000284,6.27,118,152,111,148,286,320,301,"-7.1","7.1",,
68,679631,"Vavra, Terrin",2023,212,32.1,0.357,0,0.556,0.357,0.382,0.305,0.225,5,14,75.2,-9.4,2279,91.3,91.31,14,35,33,0,6.3,116,145,100,149,289,317,300,"-0.8","0.8",,
147,571976,"Myers, Wil",2020,843,17.4,0.357,0.524,0.333,0.881,0.514,0.449,0.313,15,42,87.6,12.8,2307,88.3,88.27,18,65,82,0,6.26,112,150,119,145,298,323,301,"-14.6","14.6",,
102,606466,"Marte, Ketel",2020,695,14.7,0.357,0.107,0.357,0.464,0.373,0.387,0.3,10,28,87.3,6,2242,90.5,90.53,12,55,47,0,6.29,115,147,107,147,296,323,305,"-4.7","4.7",,
138,679032,"Rojas, Johan",2023,561,24.6,0.357,0.119,0.469,0.476,0.389,0.291,0.26,15,42,78.4,0.6,2271,88.9,89.01,21,83,55,0.09999999999999432,6.41,104,143,106,142,294,317,283,"-3.2","3.2",,
324,624431,"Trevino, Jose",2022,1259,25.7,0.355,0.151,0.408,0.505,0.39,0.328,0.291,33,93,89.3,8.3,2304,88.7,88.67,36,164,160,0,6.35,107,146,113,145,298,318,283,"-16.2","16.2",,
170,663538,"Hoerner, Nico",2020,523,32.5,0.355,0.032,0.355,0.387,0.375,0.358,0.315,11,31,83.2,-2.4,2438,88.4,88.51,5,69,101,0.09999999999999432,6.25,106,146,110,142,293,316,286,"-1.9","1.9",,
123,444876,"Escobar, Alcides",2022,510,24.1,0.355,0.065,0.478,0.419,0.349,0.314,0.301,11,31,81.7,10.7,2133,88.3,88.4,20,77,46,0.10000000000000853,6.36,105,147,111,143,301,315,283,"0.3","-0.3",,
119,665120,"Walsh, Jared",2020,393,30.3,0.355,0.387,0.348,0.742,0.413,0.377,0.285,11,31,87.9,10,2366,88.3,88.28,23,70,49,0,6.2,117,157,110,150,300,321,302,"-5.7","5.7",,
358,547180,"Harper, Bryce",2022,1594,22.5,0.354,0.38,0.338,0.734,0.451,0.449,0.353,28,79,93.4,12.3,2118,88.7,88.75,45,189,169,0.09999999999999432,6.36,116,154,115,151,293,323,302,"-16.7","16.7",,
684,663656,"Tucker, Kyle",2023,2570,26.6,0.354,0.245,0.344,0.599,0.414,0.406,0.321,52,147,91.4,15.5,2210,89.4,89.56,63,333,351,0.19999999999998863,6.47,117,142,114,147,294,327,298,"-25.8","25.8",,
394,578428,"Iglesias, Jose",2022,1738,22.7,0.354,0.121,0.391,0.475,0.38,0.306,0.28,35,99,88.3,4.6,2256,88.5,88.89,24,200,194,0.4000000000000057,6.38,108,150,115,147,302,319,288,"-11.4","11.4",,
67,595453,"Wallach, Chad",2020,189,35.4,0.353,0.294,0.5,0.647,0.433,0.368,0.283,6,17,86.1,10.5,2241,86.8,86.89,12,34,33,0.10000000000000853,6.44,107,146,115,144,304,319,286,"-1.8","1.8",,
214,592696,"Rosario, Eddie",2020,828,25.8,0.353,0.216,0.364,0.569,0.417,0.339,0.242,18,51,84.2,14.4,2255,88.4,88.36,23,118,96,0,6.24,114,148,106,145,294,324,301,"-5.1","5.1",,
561,543063,"Crawford, Brandon",2021,2136,26.3,0.353,0.303,0.378,0.655,0.44,0.412,0.293,42,119,90.5,18.3,2210,89.2,89.24,83,293,268,0,6.29,116,149,111,149,296,324,305,"-23","23",,
60,595956,"Gallagher, Cam",2021,433,13.9,0.353,0,0.353,0.353,0.314,0.312,0.306,6,17,77.5,10.3,2308,89.5,89.4,4,34,26,-0.09999999999999432,6.13,108,147,116,146,300,316,289,"1.6","-1.6",,
148,460075,"Braun, Ryan",2020,496,29.8,0.353,0.441,0.348,0.794,0.477,0.405,0.313,12,34,92.2,13.5,2365,87.5,87.76,16,69,79,0.29999999999999716,6.4,110,145,115,143,300,322,292,"-7.7","7.7",,
187,608385,"Winker, Jesse",2023,831,22.5,0.353,0.088,0.429,0.441,0.422,0.399,0.317,12,34,87.4,10.4,2262,89.8,90.12,21,87,100,0.29999999999999716,6.49,118,146,116,149,290,321,299,"-7.1","7.1",,
80,664770,"Lukes, Nathan",2024,356,22.5,0.353,0.118,0.3,0.471,0.366,0.339,0.305,6,17,83.7,14.6,2212,88.7,88.83,4,37,43,0.09999999999999432,6.45,109,142,104,144,285,317,297,"-1.3","1.3","61.492207429","6.311393714"
538,518692,"Freeman, Freddie",2021,2688,20,0.352,0.172,0.378,0.525,0.407,0.421,0.333,43,122,89.4,9.6,2237,90.3,90.61,62,282,256,0.29999999999999716,6.44,119,156,116,148,299,325,303,"-17.8","17.8",,
312,592885,"Yelich, Christian",2024,1268,24.6,0.352,0.239,0.404,0.592,0.422,0.346,0.285,25,71,89.2,3.7,2239,89.6,89.88,35,155,157,0.30000000000001137,6.48,116,143,108,145,294,321,303,"-8.7","8.7","70.151850698","7.322066434"
182,669256,"Solak, Nick",2020,895,20.3,0.351,0.054,0.371,0.405,0.349,0.39,0.341,13,37,91.4,12.8,2241,86.9,86.91,12,83,99,0,6.27,107,146,115,144,305,324,290,"-3.3","3.3",,
157,608577,"Mazara, Nomar",2022,714,22,0.351,0,0.433,0.351,0.33,0.301,0.284,13,37,84.3,8.8,2261,90.3,90.41,19,73,84,0.10000000000000853,6.29,117,153,118,151,297,323,301,"-1","1",,
393,605141,"Betts, Mookie",2024,2047,19.2,0.351,0.247,0.333,0.598,0.422,0.349,0.272,34,97,90.3,22.1,2282,89.7,89.94,23,172,221,0.20000000000000284,6.44,107,147,118,143,301,321,294,"-19.5","19.5","67.041370608","6.815396486"
152,594809,"Eaton, Adam",2020,676,22.5,0.351,0.216,0.393,0.568,0.412,0.35,0.28,13,37,82.3,2.9,2139,89.8,90.12,12,75,77,0.29999999999999716,6.44,109,144,99,146,281,317,299,"-3.2","3.2",,
407,664983,"McCarthy, Jake",2024,1786,22.8,0.35,0.23,0.369,0.58,0.419,0.365,0.317,35,100,81.3,4.2,2243,89.2,89.34,34,198,209,0.09999999999999432,6.35,113,144,101,148,289,322,301,"-16.2","16.2","64.764315474","6.547076053"
145,457759,"Turner, Justin",2020,681,21.3,0.35,0.225,0.353,0.575,0.408,0.468,0.35,14,40,91,20.3,2296,89.2,88.96,17,71,74,-0.20000000000000284,6.17,108,145,115,141,302,324,296,"-5.9","5.9",,
106,596117,"Stubbs, Garrett",2022,505,21,0.35,0.55,0.444,0.9,0.553,0.326,0.217,7,20,87.7,22.5,2167,88.9,89.1,16,46,60,0.19999999999998863,6.37,115,150,105,149,280,315,295,"-9.3","9.3",,
85,664702,"Straw, Myles",2020,352,24.1,0.35,0.1,0.467,0.45,0.361,0.274,0.234,7,20,83.8,7.9,2266,89.7,89.56,8,33,52,-0.10000000000000853,6.25,108,147,108,142,293,310,280,"-0.9","0.9",,
71,676572,"Wagaman, Eric",2024,269,26.4,0.35,0.15,0.467,0.5,0.365,0.275,0.253,7,20,97.6,9.9,2390,89.1,89.38,9,35,36,0.30000000000001137,6.52,109,151,118,147,298,319,293,"-0.8","0.8","71.624825714","7.004948929"
347,656811,"O'Hearn, Ryan",2023,1451,23.9,0.349,0.163,0.375,0.512,0.37,0.348,0.313,30,86,90.6,9.1,2292,89.3,89.57,33,177,170,0.29999999999999716,6.45,118,145,113,150,296,325,297,"-8.4","8.4",,
244,666182,"Bichette, Bo",2024,1186,20.6,0.348,0.091,0.426,0.439,0.364,0.358,0.311,23,66,88.6,11.8,2316,90.5,90.62,31,144,100,0.09999999999999432,6.46,109,145,115,143,300,321,284,"-9.2","9.2","68.791734741","7.166410815"
76,543333,"Hosmer, Eric",2023,407,18.7,0.348,0.087,0.4,0.435,0.338,0.204,0.214,8,23,85.3,8.8,2237,89.8,89.66,7,38,38,-0.09999999999999432,6.23,113,136,113,141,291,318,300,"-0.9","0.9",,
345,602104,"Urías, Ramón",2021,1253,27.5,0.348,0.101,0.48,0.449,0.395,0.35,0.282,24,69,90.2,4.3,2228,89.5,89.74,36,145,200,0.20000000000000284,6.51,108,147,113,143,300,321,285,"-11.7","11.7",,
598,673237,"Diaz, Yainer",2024,2128,28.1,0.348,0.165,0.358,0.513,0.362,0.341,0.311,55,158,89.5,8.4,2252,88.9,88.94,82,363,235,0,6.45,106,146,117,142,298,325,290,"-14.8","14.8","71.257990383","7.322743687"
94,665052,"Conine, Griffin",2024,334,28.1,0.348,0.043,0.533,0.391,0.366,0.274,0.235,8,23,84,-0.8,2166,88.9,89.39,13,50,44,0.5,6.54,116,139,109,143,294,322,301,"-2.3","2.3","71.802552292","7.226872292"
111,573131,"Ruf, Darin",2020,419,26.5,0.348,0.174,0.467,0.522,0.429,0.35,0.242,8,23,83.9,12.2,2330,88,88.12,15,47,64,0.09999999999999432,6.21,110,148,118,143,299,324,293,"-4.2","4.2",,
417,680977,"Donovan, Brendan",2022,1966,21.2,0.347,0.173,0.379,0.52,0.428,0.409,0.337,26,75,88.2,7,2233,90.3,90.48,22,166,251,0.20000000000000284,6.34,115,145,105,147,287,317,300,"-17.9","17.9",,
287,606466,"Marte, Ketel",2021,1411,20.3,0.347,0.306,0.377,0.653,0.441,0.398,0.31,25,72,92.7,6.1,2230,88,88.08,27,149,138,0.09999999999999432,6.34,116,149,109,148,296,325,305,"-12.6","12.6",,
318,571657,"Farmer, Kyle",2023,1398,22.7,0.346,0.198,0.403,0.543,0.414,0.368,0.289,28,81,85.9,15.1,2282,88.5,88.82,37,158,160,0.29999999999999716,6.43,109,148,116,144,297,318,287,"-8.4","8.4",,
117,663457,"Nootbaar, Lars",2021,472,24.8,0.346,0.115,0.4,0.462,0.381,0.319,0.268,9,26,90.3,13,2155,89,89.32,19,55,62,0.29999999999999716,6.49,112,144,107,146,296,321,304,"-3.2","3.2",,
617,571970,"Muncy, Max",2021,2434,25.3,0.346,0.323,0.388,0.669,0.47,0.437,0.299,44,127,91.3,18.1,2242,88.2,88.41,60,240,377,0.20000000000000284,6.29,119,157,113,149,298,324,304,"-27.1","27.1",,
588,592450,"Judge, Aaron",2022,2906,20.2,0.346,0.375,0.362,0.721,0.479,0.486,0.325,36,104,94.8,14.5,2247,88.3,88.34,69,253,335,0,6.36,109,150,120,145,308,329,293,"-27.9","27.9",,
254,608070,"Ramírez, José",2020,1146,22.2,0.345,0.491,0.282,0.836,0.504,0.375,0.273,19,55,89.1,20.3,2264,87.6,87.76,18,115,139,0.20000000000000284,6.27,116,149,110,148,293,323,291,"-13.6","13.6",,
127,660650,"Garcia, Dérmis",2022,535,23.7,0.345,0.345,0.571,0.69,0.455,0.314,0.219,10,29,93.8,16.7,2397,88.4,88.51,33,66,61,0.09999999999999432,6.41,112,147,115,142,296,317,291,"-6.5","6.5",,
195,544369,"Gregorius, Didi",2020,902,21.6,0.345,0.236,0.333,0.582,0.393,0.3,0.269,19,55,83.1,17.2,2233,88.6,88.69,20,119,76,0.10000000000000853,6.34,116,148,116,145,288,319,290,"-7.3","7.3",,
538,665742,"Soto, Juan",2024,2960,18.2,0.345,0.328,0.316,0.672,0.469,0.515,0.369,40,116,95.1,9.2,2276,88.6,88.85,37,225,313,0.30000000000001137,6.51,118,143,111,147,294,327,298,"-32.2","32.2","73.76174555","7.22397689"
144,608577,"Mazara, Nomar",2020,611,23.6,0.345,0.138,0.5,0.483,0.386,0.346,0.278,10,29,93.9,9.8,2361,87.9,88.14,17,73,71,0.19999999999998863,6.37,117,153,113,148,289,328,303,"-4.1","4.1",,
132,669127,"Langeliers, Shea",2022,583,22.6,0.345,0.31,0.429,0.655,0.429,0.288,0.192,10,29,87.3,22.7,2260,87.6,87.65,22,69,63,0,6.39,110,149,116,144,295,318,288,"-4.9","4.9",,
589,664761,"Bohm, Alec",2023,2252,26.2,0.344,0.126,0.369,0.47,0.367,0.358,0.32,52,151,90.2,12.7,2276,89.6,89.75,54,305,284,0.20000000000000284,6.39,111,147,120,146,301,320,287,"-14.1","14.1",,
539,592518,"Machado, Manny",2021,2238,24.1,0.344,0.313,0.306,0.656,0.424,0.415,0.323,44,128,93.8,14.8,2243,89.8,89.75,51,256,283,0,6.29,109,148,118,144,302,324,296,"-19.2","19.2",,
361,663616,"Larnach, Trevor",2024,1576,22.9,0.344,0.2,0.371,0.544,0.398,0.347,0.281,31,90,90.6,11.5,2215,89,89.35,57,170,191,0.29999999999999716,6.49,116,143,112,147,292,324,300,"-7.5","7.5","69.912339207","7.232812744"
107,571771,"Hernández, Enrique",2020,556,19.2,0.344,0.281,0.286,0.625,0.421,0.408,0.305,11,32,89,22.4,2204,87.1,86.67,8,50,57,-0.3999999999999915,6.03,108,148,116,145,299,319,292,"-5.8","5.8",,
142,663624,"Mountcastle, Ryan",2020,520,27.3,0.343,0,0.429,0.343,0.318,0.28,0.256,12,35,88.3,16.1,2259,87.8,87.9,29,86,56,0.10000000000000853,6.41,110,145,116,141,300,320,284,"-2.7","2.7",,
157,657557,"DeJong, Paul",2020,682,23,0.343,0.114,0.379,0.457,0.353,0.326,0.273,12,35,87,24.5,2338,89,89.21,28,77,80,0.20000000000000284,6.36,108,148,118,141,303,322,297,"-3","3",,
120,570481,"González, Erik",2020,661,18.2,0.343,0.171,0.407,0.514,0.345,0.342,0.256,12,35,91.5,4.3,2277,88.4,88.53,17,66,54,0.09999999999999432,6.3,105,142,107,139,304,316,281,"-0.3","0.3",,
556,476704,"Lowrie, Jed",2021,2033,27.3,0.342,0.183,0.407,0.525,0.399,0.379,0.291,41,120,90.8,16.1,2286,89,89.11,52,263,293,0.09999999999999432,6.36,114,154,111,147,295,322,296,"-17.2","17.2",,
188,621035,"Taylor, Chris",2020,858,21.9,0.342,0.263,0.367,0.605,0.465,0.466,0.355,13,38,88,5.9,2300,88.3,88.08,18,76,112,-0.20000000000000284,6.14,106,145,113,142,302,323,295,"-10.4","10.4",,
348,649557,"Díaz, Aledmys",2021,1140,30.5,0.341,0.134,0.443,0.476,0.377,0.329,0.293,28,82,85.2,10.5,2202,88.8,88.69,35,181,167,-0.09999999999999432,6.28,110,150,116,144,297,324,290,"-10.2","10.2",,
163,570482,"Urshela, Gio",2020,633,25.8,0.341,0.22,0.308,0.561,0.376,0.417,0.362,14,41,91.3,8.3,2218,89.4,89.89,14,84,79,0.5,6.62,107,149,117,145,302,319,284,"-4.8","4.8",,
421,608385,"Winker, Jesse",2021,1895,22.2,0.341,0.275,0.377,0.615,0.44,0.354,0.264,31,91,90.1,9.9,2232,89.3,89.49,45,202,219,0.20000000000000284,6.29,115,148,111,145,292,321,299,"-14.6","14.6",,
224,501303,"Adrianza, Ehire",2021,835,26.8,0.341,0.22,0.353,0.561,0.407,0.374,0.295,14,41,84.7,16.1,2122,89,89.31,20,108,116,0.29999999999999716,6.45,114,147,107,146,293,316,293,"-7.7","7.7",,
178,596103,"Slater, Austin",2023,808,22,0.341,0.273,0.414,0.614,0.426,0.454,0.365,15,44,92.7,7.7,2276,87.4,87.68,22,85,93,0.29999999999999716,6.38,112,148,117,145,303,321,289,"-4.8","4.8",,
203,622110,"Duffy, Matt",2022,934,21.7,0.34,0.085,0.381,0.426,0.374,0.322,0.257,16,47,86.6,12,2212,89.3,89.3,22,98,105,0,6.33,109,146,112,144,304,316,286,"-3","3",,
616,666182,"Bichette, Bo",2021,2609,23.6,0.34,0.19,0.376,0.531,0.386,0.391,0.333,50,147,93.5,8.6,2269,89.5,89.52,72,368,248,0,6.28,109,146,117,145,304,323,287,"-15.3","15.3",,
444,683734,"Vaughn, Andrew",2022,2087,21.3,0.339,0.138,0.378,0.477,0.37,0.305,0.241,37,109,90.5,4.7,2307,88.7,88.57,56,230,214,-0.10000000000000853,6.22,110,148,116,144,303,326,289,"-15.1","15.1",,
494,666139,"Lowe, Josh",2023,2036,24.3,0.339,0.196,0.438,0.536,0.388,0.344,0.283,38,112,89,14,2240,89.4,89.45,90,278,216,0,6.44,115,144,109,147,290,326,300,"-12.4","12.4",,
572,457759,"Turner, Justin",2022,2144,26.7,0.339,0.24,0.34,0.579,0.419,0.413,0.317,41,121,90.6,18.6,2211,90.3,90.51,58,272,300,0.20000000000000284,6.44,108,149,118,144,303,321,294,"-21.5","21.5",,
254,543543,"Miller, Brad",2022,914,27.8,0.339,0.068,0.452,0.407,0.364,0.344,0.29,20,59,89.4,10.8,2231,89.5,89.33,40,122,132,-0.20000000000000284,6.26,118,152,107,148,292,325,300,"-7.5","7.5",,
271,656448,"Garrett, Stone",2023,1039,26.1,0.338,0.231,0.422,0.569,0.379,0.404,0.319,22,65,94.4,18.8,2234,88.9,89.25,53,158,113,0.29999999999999716,6.44,109,148,119,144,301,322,290,"-8.9","8.9",,
343,608369,"Seager, Corey",2021,1397,24.6,0.338,0.175,0.369,0.512,0.401,0.388,0.288,27,80,90.8,9.6,2274,88.5,88.5,60,178,165,0,6.25,116,154,113,148,297,323,304,"-11.5","11.5",,
656,457759,"Turner, Justin",2023,2670,24.6,0.338,0.209,0.347,0.547,0.397,0.376,0.305,50,148,89.2,14.3,2308,90,90.26,59,327,329,0.29999999999999716,6.49,109,145,118,142,291,322,293,"-18.5","18.5",,
574,667670,"Rooker, Brent",2024,2378,24.1,0.338,0.331,0.415,0.669,0.441,0.39,0.273,46,136,90.7,15.8,2252,89.3,89.44,112,296,278,0.10000000000000853,6.47,109,147,119,143,302,323,294,"-21.6","21.6","72.092280651","7.047193793"
269,670770,"Friedl, TJ",2024,1286,20.9,0.338,0.279,0.3,0.618,0.426,0.367,0.286,23,68,81.5,14.4,2268,89.4,89.62,18,116,153,0.19999999999998863,6.41,110,140,97,144,287,318,292,"-13.7","13.7","67.211390455","6.507916"
368,521692,"Perez, Salvador",2022,1700,21.6,0.337,0.238,0.373,0.574,0.402,0.374,0.277,34,101,89.6,17.7,2276,88.2,88.44,66,213,155,0.20000000000000284,6.36,109,146,117,142,303,331,300,"-9.6","9.6",,
572,643446,"McNeil, Jeff",2022,2065,27.7,0.336,0.084,0.359,0.42,0.348,0.326,0.306,48,143,86.7,14.4,2212,89.5,89.56,42,305,267,0.09999999999999432,6.41,113,146,104,145,283,317,296,"-8.5","8.5",,
496,453568,"Blackmon, Charlie",2022,2085,23.8,0.336,0.115,0.398,0.45,0.354,0.333,0.298,44,131,88,10.3,2199,89,89.34,61,286,210,0.29999999999999716,6.34,117,152,111,148,296,325,305,"-8.9","8.9",,
652,592450,"Judge, Aaron",2024,2885,22.6,0.336,0.375,0.39,0.711,0.483,0.47,0.312,43,128,96.7,18.6,2277,89.2,89.56,89,280,372,0.3999999999999915,6.56,109,148,120,143,305,330,293,"-33.5","33.5","75.819294457","8.12866124"
667,502110,"Martinez, J.D.",2021,2410,27.7,0.335,0.245,0.361,0.581,0.4,0.402,0.323,52,155,91.7,16,2263,88.4,88.35,86,356,311,0,6.23,107,149,118,143,294,325,300,"-22.4","22.4",,
430,669720,"Hays, Austin",2021,1957,22,0.333,0.167,0.39,0.5,0.395,0.332,0.268,34,102,87.8,6.2,2256,88.8,88.84,41,199,231,0,6.4,106,147,115,143,297,321,288,"-9.1","9.1",,
62,607345,"Smith, Kevan",2020,163,38,0.333,0,0.4,0.333,0.352,0.272,0.201,4,12,82.1,-11.4,2198,88.1,88.3,4,23,39,0.20000000000000284,6.53,106,150,118,146,306,315,288,"-0.8","0.8",,
33,676356,"DeLuca, Jonny",2023,167,19.8,0.333,0.333,0.333,0.667,0.447,0.378,0.302,3,9,82.5,18.9,2225,88.3,88.54,4,16,17,0.20000000000000284,6.3,108,147,117,143,302,324,296,"-2.4","2.4",,
324,642165,"VanMeter, Josh",2021,1326,24.4,0.333,0.259,0.375,0.593,0.446,0.368,0.253,18,54,87.7,12.2,2249,88.2,88.15,26,118,206,-0.10000000000000853,6.3,116,152,109,148,294,322,303,"-10.5","10.5",,
44,665923,"Ruiz, Esteury",2024,246,17.9,0.333,0.111,0.429,0.444,0.274,0.336,0.245,3,9,84.7,11.4,2198,91.1,91.3,7,27,17,0.20000000000000284,6.53,99,133,100,129,293,309,279,"0.6","-0.6","66.279199048","6.872100952"
200,600303,"La Stella, Tommy",2021,1034,19.3,0.333,0.119,0.361,0.452,0.36,0.37,0.313,14,42,89.1,16.2,2257,89.8,89.56,12,86,114,-0.20000000000000284,6.12,115,149,107,148,288,317,302,"-2.7","2.7",,
263,663656,"Tucker, Kyle",2020,862,30.5,0.333,0.254,0.38,0.587,0.406,0.311,0.257,21,63,91.4,15.1,2197,87.9,87.89,32,135,128,0,6.3,114,152,111,150,293,324,303,"-10.4","10.4",,
11,663743,"Fortes, Nick",2021,133,8.3,0.333,0,0.5,0.333,0.293,0.147,0.144,1,3,97.3,14,2709,80.3,79.51,1,5,6,-0.7999999999999972,6.21,113,140,105,147,295,312,290,"0.3","-0.3",,
211,573262,"Yastrzemski, Mike",2020,940,22.4,0.333,0.238,0.394,0.571,0.414,0.317,0.227,14,42,84.7,25.9,2290,88.1,88.17,21,90,121,0.10000000000000853,6.2,117,149,109,151,292,322,301,"-8.9","8.9",,
78,609280,"Andujar, Miguel",2023,327,23.9,0.333,0.296,0.318,0.63,0.404,0.378,0.342,9,27,92.2,8.8,2211,87.4,87.74,11,45,33,0.29999999999999716,6.44,107,149,119,144,307,321,291,"-2.6","2.6",,
259,607461,"Beaty, Matt",2021,885,29.3,0.333,0.136,0.408,0.47,0.383,0.293,0.242,22,66,87.1,15.2,2284,88.6,88.62,23,126,133,0,6.25,117,147,113,148,292,319,299,"-9.2","9.2",,
422,456781,"Solano, Donovan",2023,1806,23.4,0.333,0.148,0.455,0.481,0.428,0.416,0.296,27,81,91.9,9.8,2256,88.8,89.17,62,194,228,0.4000000000000057,6.52,110,147,117,145,299,318,285,"-11.5","11.5",,
42,641924,"Nottingham, Jacob",2020,226,18.6,0.333,0.333,0.6,0.667,0.437,0.245,0.176,4,12,85.3,6.3,2358,89.2,89.64,5,24,18,0.3999999999999915,6.49,110,147,118,141,300,321,280,"-2.8","2.8",,
62,605361,"Martini, Nick",2023,314,19.7,0.333,0.556,0.231,0.889,0.511,0.341,0.256,6,18,87.6,31.4,2198,89,89,8,31,31,0,6.29,115,145,112,148,292,318,299,"-5.4","5.4",,
197,655316,"Monasterio, Andruw",2024,647,30.4,0.333,0.077,0.5,0.41,0.385,0.374,0.291,13,39,85.8,2.8,2348,89.6,89.94,22,91,106,0.30000000000001137,6.45,110,148,115,145,304,319,287,"-4.4","4.4","66.556992198","6.56138011"
143,605353,"Machín, Vimael",2022,1002,14.3,0.333,0.121,0.367,0.455,0.358,0.371,0.333,11,33,88.3,3.3,2227,90.4,90.28,10,68,75,-0.10000000000000853,6.28,115,146,108,148,285,314,299,"-1.4","1.4",,
59,666703,"Rosario, Eguy",2023,157,37.6,0.333,0.083,0.5,0.417,0.324,0.105,0.107,4,12,80.7,13.4,2320,88.8,88.91,6,27,32,0.10000000000000853,6.42,111,150,117,147,299,318,291,"-1.1","1.1",,
22,607333,"Taylor, Beau",2020,103,21.4,0.333,0,0.5,0.333,0.395,0.278,0.149,1,3,81.2,12.5,2366,90.8,91.5,2,8,14,0.7999999999999972,6.69,114,146,107,143,279,313,291,"-2.5","2.5",,
67,608331,"Fried, Max",2021,249,26.9,0.333,0.083,0.5,0.417,0.397,0.29,0.197,4,12,75.8,-5.6,2236,88.4,88.69,9,31,36,0.29999999999999716,6.48,109,143,104,147,283,305,285,"-2.4","2.4",,
102,606115,"Arcia, Orlando",2021,347,29.4,0.333,0.042,0.381,0.375,0.325,0.325,0.313,8,24,89.6,4.1,2344,90,90.3,15,60,42,0.29999999999999716,6.42,108,148,113,146,306,317,287,"-1.9","1.9",,
36,682073,"Hensley, David",2022,142,25.4,0.333,0.167,0.5,0.5,0.44,0.309,0.194,2,6,94.2,-11.8,2242,89.9,89.78,2,9,27,-0.10000000000000853,6.29,107,140,108,134,296,322,287,"-0.9","0.9",,
52,542932,"Berti, Jon",2024,271,19.2,0.333,0.25,0.375,0.583,0.436,0.344,0.278,4,12,74.9,3,2342,88.4,88.21,4,19,33,-0.20000000000000284,6.37,109,146,113,142,297,316,282,"-1.8","1.8","67.166736667","6.738980667"
14,677008,"Kjerstad, Heston",2023,124,11.3,0.333,0.167,0.5,0.5,0.354,0.371,0.262,2,6,85.8,22.5,2238,87.6,87.69,4,9,5,0.10000000000000853,6.54,118,147,111,150,291,324,299,"-0.7","0.7",,
232,689172,"Wisely, Brett",2024,988,23.5,0.333,0.117,0.422,0.45,0.349,0.27,0.238,20,60,82.4,10.1,2228,88.8,89.32,32,127,105,0.5,6.53,117,144,103,149,288,317,299,"-2.3","2.3","64.866345217","6.608271304"
55,678246,"Vargas, Miguel",2022,202,27.2,0.333,0.083,0.4,0.417,0.301,0.322,0.269,4,12,89.5,17.5,2053,87.9,88.41,3,26,29,0.5,6.55,114,149,118,142,300,316,289,"-0.9","0.9",,
12,642772,"Basabe, Luis Alexander",2020,78,15.4,0.333,0,0.5,0.333,0.294,0.196,0.209,1,3,61.5,39.5,2136,88.8,88.95,3,8,4,0.10000000000000853,6.2,119,149,121,149,297,324,289,"0.1","-0.1",,
252,642086,"Smith, Dominic",2020,757,33.3,0.333,0.263,0.405,0.596,0.399,0.395,0.315,19,57,89.9,9.4,2158,88.6,88.88,35,129,123,0.30000000000001137,6.41,113,146,112,145,291,323,299,"-5.7","5.7",,
78,664314,"Florial, Estevan",2024,450,17.3,0.333,0.333,0.364,0.667,0.479,0.331,0.208,5,15,86.9,15.9,2214,90.1,90.31,14,37,41,0.20000000000000284,6.45,112,142,109,147,286,319,302,"-4.4","4.4","70.658852703","7.060064865"
11,620453,"Grullón, Deivy",2020,20,55,0.333,0,0.5,0.333,0.294,0.21,0.233,1,3,73.7,51,2516,90.2,90.75,3,8,3,0.5,6.64,107,149,122,149,309,325,287,"0.2","-0.2",,
193,605119,"Anderson, Brian",2021,1028,18.8,0.333,0.148,0.372,0.481,0.394,0.307,0.213,18,54,86.4,14,2237,88.8,88.82,24,111,82,0,6.39,110,150,119,147,304,322,291,"-10.1","10.1",,
19,670541,"Alvarez, Yordan",2020,35,54.3,0.333,1,0,1.333,0.677,0.456,0.26,1,3,93.7,-2.7,2199,88.9,89.36,1,7,12,0.5,6.46,109,161,136,147,276,342,307,"-1.5","1.5",,
383,643217,"Benintendi, Andrew",2023,2351,16.3,0.333,0.065,0.383,0.398,0.341,0.333,0.31,31,93,83.1,14,2281,88.5,88.79,44,203,180,0.29999999999999716,6.4,116,143,108,146,286,319,298,"-6.6","6.6",,
19,640457,"Meadows, Austin",2023,79,24.1,0.333,0,0.333,0.333,0.294,0.364,0.376,2,6,87.3,22.2,2223,86.3,86.21,2,12,7,-0.09999999999999432,6.55,119,148,116,150,289,317,300,"0.1","-0.1",,
27,687401,"Ortiz, Joey",2023,112,24.1,0.333,0,0.4,0.333,0.252,0.228,0.204,2,6,94.7,-3.8,2055,88.9,88.68,4,16,11,-0.20000000000000284,6.34,113,151,119,146,303,318,279,"-0.3","0.3",,
15,643436,"McBroom, Ryan",2021,39,38.5,0.333,0,1,0.333,0.293,0.093,0.099,1,3,75.5,10,2263,90.5,90.94,2,8,7,0.4000000000000057,6.56,116,154,117,148,293,322,292,"0.2","-0.2",,
17,623168,"Heineman, Tyler",2024,61,27.9,0.333,0,1,0.333,0.458,0.326,0.081,1,3,30.8,-30,2292,90.5,90.66,1,9,8,0.20000000000000284,6.46,108,142,105,147,290,317,293,"-0.4","0.4","56.21459625","6.19454625"
10,660636,"Castillo, Diego A.",2024,36,27.8,0.333,0,0.5,0.333,0.294,0.354,0.379,1,3,91.1,-4.5,2266,93.7,94.76,0,3,7,1.0999999999999943,6.8,112,139,118,142,302,324,295,"-1.2","1.2","67.9031","7.498885"
51,641513,"Demeritte, Travis",2020,150,34,0.333,0.111,0.6,0.444,0.403,0.33,0.24,3,9,93.9,30,2426,85.3,85.29,7,16,35,0,6.27,106,144,113,141,300,321,287,"-1.2","1.2",,
31,663330,"Jones, Jahmai",2024,152,20.4,0.333,0,0.429,0.333,0.294,0.153,0.151,3,9,80.2,3.7,2136,84.8,85.24,5,17,14,0.4000000000000057,6.52,104,150,114,147,299,322,285,"0.5","-0.5","59.985166","6.717172667"
11,621458,"Ríos, Edwin",2024,40,27.5,0.333,0,1,0.333,0.294,0.232,0.25,1,3,77,24,2283,90.8,91.23,4,7,4,0.4000000000000057,6.5,125,149,115,151,296,325,299,"0.2","-0.2","68.99169","7.206795714"
14,663527,"Nevin, Tyler",2021,83,16.9,0.333,0,0.333,0.333,0.293,0.175,0.189,1,3,90.7,13.3,2150,84.4,84.08,1,8,6,-0.30000000000001137,6.41,113,152,115,146,303,325,290,"-0.2","0.2",,
14,678894,"Peguero, Liover",2024,46,30.4,0.333,0.333,0.5,0.667,0.418,0.263,0.257,1,3,93,30,2403,89,89.25,2,7,7,0.29999999999999716,6.62,112,153,127,149,298,316,284,"-0.8","0.8","68.845856667","6.607325"
81,663853,"Gonzalez, Romy",2022,393,20.6,0.333,0.333,0.417,0.667,0.419,0.307,0.242,7,21,89.7,-0.4,2298,89,89.07,16,46,35,0.09999999999999432,6.36,110,150,116,145,298,322,289,"0","0",,
268,669364,"Edwards, Xavier",2024,1185,22.6,0.333,0.117,0.392,0.45,0.347,0.241,0.207,20,60,83.1,7,2262,89.8,90.02,21,126,142,0.20000000000000284,6.52,110,142,103,143,287,310,290,"-2.8","2.8","62.05910696","6.03717216"
25,519306,"Souza Jr., Steven",2022,73,34.2,0.333,0,0.5,0.333,0.295,0.3,0.319,2,6,84.2,11.8,2206,88.2,88.32,5,15,10,0.09999999999999432,6.23,108,147,117,140,289,324,289,"1.4","-1.4",,
81,671213,"Casas, Triston",2022,412,19.7,0.333,0.389,0.308,0.722,0.5,0.368,0.193,6,18,80.3,-5.1,2256,89.1,88.67,8,31,50,-0.3999999999999915,6.13,123,163,117,151,284,321,298,"-5","5",,
19,642350,"Siri, Jose",2021,199,9.5,0.333,0,0.5,0.333,0.293,0.231,0.243,2,6,89.3,11.5,2319,85.9,85.78,5,11,8,-0.10000000000000853,6.31,113,152,119,148,306,324,290,"-0.6","0.6",,
208,670712,"Brosseau, Mike",2022,686,30.3,0.333,0.205,0.478,0.538,0.442,0.372,0.261,13,39,87.4,20.2,2276,89.1,89.11,29,98,110,0,6.3,108,149,115,145,300,316,289,"-6.2","6.2",,
22,606992,"Haase, Eric",2020,85,25.9,0.333,0,0.333,0.333,0.221,0.229,0.324,1,3,92.3,17.3,2559,87.7,88.15,3,8,14,0.5,6.4,110,149,117,145,296,331,284,"0.2","-0.2",,
524,593871,"Polanco, Jorge",2021,2489,21.1,0.333,0.333,0.333,0.667,0.425,0.383,0.281,40,120,88.7,20,2248,88.5,88.6,63,289,235,0.09999999999999432,6.31,112,147,107,146,293,320,295,"-12.3","12.3",,
23,608422,"Godoy, José",2021,168,13.7,0.333,0,0.429,0.333,0.293,0.247,0.257,3,9,97.5,-1,2436,86.1,85.99,4,13,10,-0.09999999999999432,6.27,118,149,104,151,289,318,301,"-0.1","0.1",,
420,672515,"Moreno, Gabriel",2024,1532,27.4,0.333,0.16,0.379,0.494,0.398,0.395,0.307,27,81,89.9,12.1,2282,88.9,89.23,32,177,243,0.29999999999999716,6.44,111,147,119,144,305,322,288,"-15.2","15.2","69.304370753","6.961300548"
385,594838,"Gosselin, Phil",2021,1436,26.8,0.333,0.069,0.406,0.402,0.35,0.324,0.273,29,87,85.9,7.4,2227,88,88,35,175,210,0,6.35,107,146,112,142,301,317,287,"-8.3","8.3",,
496,665926,"Giménez, Andrés",2022,2044,24.3,0.333,0.278,0.362,0.611,0.425,0.367,0.281,42,126,85.9,13.1,2267,88.3,88.2,78,263,233,-0.09999999999999432,6.23,113,146,103,146,283,316,291,"-19.4","19.4",,
23,642851,"Wynns, Austin",2024,75,30.7,0.333,0.167,0.4,0.5,0.356,0.176,0.161,2,6,89.8,21.2,2257,91.9,91.87,3,14,9,0,6.23,114,149,124,148,302,319,287,"-0.7","0.7","68.077541429","6.992238571"
25,664247,"Garlick, Kyle",2023,120,20.8,0.333,0.167,0.5,0.5,0.354,0.336,0.217,2,6,92.3,25.8,2362,85.6,85.38,4,11,14,-0.19999999999998863,6.23,100,150,121,145,297,327,285,"-0.4","0.4",,
40,641561,"Fargas, Johneshwy",2021,189,21.2,0.333,0.25,0.444,0.583,0.381,0.315,0.342,4,12,68.1,2.6,2237,86.9,86.98,8,26,14,0.09999999999999432,6.36,99,143,108,139,296,315,286,"-1.2","1.2",,
27,668904,"Lewis, Royce",2022,141,19.1,0.333,0.5,0.25,0.833,0.493,0.376,0.293,2,6,91.7,12.2,2408,88.6,88.07,1,14,13,-0.5,6,111,150,118,145,298,319,285,"-2.2","2.2",,
199,624503,"Gordon, Nick",2021,781,25.5,0.333,0.137,0.444,0.471,0.35,0.271,0.255,17,51,92.1,7.4,2180,90.1,90.42,31,120,79,0.30000000000001137,6.41,113,146,103,146,282,316,298,"-3","3",,
9,687957,"Harris, Dustin",2024,23,39.1,0.333,0.333,0.5,0.667,0.418,0.185,0.164,1,3,94.6,36.5,2265,92.6,92.14,2,5,4,-0.5,6.1,119,143,109,151,295,324,312,"-0.8","0.8","64.7647125","7.1218475"
13,547379,"Pérez, Roberto",2023,77,16.9,0.333,0,1,0.333,0.294,0.246,0.221,1,3,107.9,15,2629,89.7,89.98,4,6,7,0.29999999999999716,6.5,115,153,116,149,301,321,288,"0.2","-0.2",,
259,609280,"Andujar, Miguel",2024,1176,22,0.333,0.152,0.351,0.485,0.371,0.298,0.266,22,66,83.2,8.3,2277,89,89.23,22,129,130,0.20000000000000284,6.45,108,144,116,141,301,321,293,"-9.6","9.6","69.37065375","7.636048359"
18,656627,"Kolozsvary, Mark",2022,77,23.4,0.333,0.333,0.5,0.667,0.42,0.215,0.225,2,6,88.2,6.3,2383,83.3,83.47,1,7,11,0.20000000000000284,6.37,102,147,112,142,295,315,286,"-0.1","0.1",,
49,640902,"Pereda, Jhonny",2024,158,31,0.333,0,0.5,0.333,0.294,0.271,0.286,4,12,87.5,8.1,2370,93,93.71,6,25,24,0.7000000000000028,6.72,115,149,117,149,307,316,282,"-1","1","67.021658","6.9470564"
39,595981,"Heineman, Scott",2020,191,20.4,0.333,0.25,0.364,0.583,0.407,0.415,0.36,4,12,94.6,9,2295,89.5,89.9,4,19,20,0.4000000000000057,6.47,118,152,120,147,300,327,296,"-1.5","1.5",,
100,664901,"Mendick, Danny",2022,422,23.7,0.333,0.148,0.409,0.481,0.373,0.234,0.209,9,27,79.3,5.7,2216,86.3,86.03,12,50,50,-0.29999999999999716,6.14,109,147,109,143,296,319,283,"-2","2",,
137,673962,"Jung, Josh",2024,693,19.8,0.333,0.25,0.409,0.583,0.396,0.289,0.227,12,36,85.1,9.6,2286,89,89.15,28,70,67,0.20000000000000284,6.48,106,143,117,140,303,324,293,"-3.7","3.7","68.791587692","7.109225577"
123,622100,"Jones, Taylor",2021,424,29,0.333,0.333,0.391,0.667,0.397,0.309,0.248,10,30,89.3,10.2,2248,89.3,89.02,18,68,55,-0.29999999999999716,6.2,109,151,117,145,294,322,288,"-1","1",,
12,605233,"Fisher, Derek",2021,25,48,0.333,0,0.5,0.333,0.293,0.139,0.149,1,3,90.5,34,2459,89.1,89.52,2,6,6,0.4000000000000057,6.12,119,148,119,148,302,338,312,"0.5","-0.5",,
23,660623,"Ynoa, Huascar",2021,112,20.5,0.333,0.5,1,0.833,0.481,0.411,0.262,2,6,108.9,16,2286,89,89.2,7,12,11,0.20000000000000284,6.58,114,153,117,151,300,306,273,"-2.3","2.3",,
11,458681,"Lynn, Lance",2021,19,57.9,0.333,0,1,0.333,0.293,0.287,0.309,1,3,73.1,19,2021,88.8,88.31,4,10,1,-0.5,5.93,112,154,115,148,288,298,264,"0.1","-0.1",,
20,664314,"Florial, Estevan",2022,140,14.3,0.333,0,0.4,0.333,0.295,0.234,0.246,2,6,82.6,-1.6,2339,94,94.09,4,11,9,0.09999999999999432,6.5,113,155,105,147,293,322,288,"0.3","-0.3",,
67,670242,"Wallner, Matt",2022,257,26.1,0.333,0.167,0.6,0.5,0.377,0.25,0.234,6,18,86.6,13.1,2243,90.3,90.17,14,35,32,-0.09999999999999432,6.23,117,150,110,148,292,321,290,"-1.5","1.5",,
14,593528,"Bonifacio, Jorge",2021,46,30.4,0.333,0,0.333,0.333,0.393,0.282,0.149,1,3,61,-5.3,1894,86.7,86.68,0,4,10,0,6.39,100,132,109,129,295,331,292,"-0.9","0.9",,
37,592144,"Bernard, Wynton",2022,167,22.2,0.333,0,0.375,0.333,0.295,0.256,0.271,3,9,80.7,3.2,2239,90.4,90.88,6,19,18,0.5,6.19,105,146,107,142,308,326,298,"0.1","-0.1",,
43,664774,"Wade Jr., LaMonte",2020,192,22.4,0.333,0,0.4,0.333,0.395,0.525,0.46,2,6,84.5,-0.8,2251,88.3,88.62,1,16,27,0.29999999999999716,6.39,119,146,106,145,287,321,291,"-1","1",,
8,666205,"Muller, Kyle",2021,46,17.4,0.333,0,1,0.333,0.293,0.032,0.031,1,3,84.6,-24,2376,90,90.36,6,8,0,0.4000000000000057,6.29,98,140,109,144,292,300,269,"0.2","-0.2",,
56,685133,"Meckler, Wade",2023,271,20.7,0.333,0.083,0.444,0.417,0.355,0.294,0.28,4,12,76.5,17.7,2213,88.4,88.85,8,24,32,0.3999999999999915,6.58,117,146,105,151,278,316,292,"0.3","-0.3",,
109,643265,"Cooper, Garrett",2020,557,19.6,0.333,0.333,0.412,0.667,0.425,0.412,0.335,9,27,92.6,15.3,2312,88.6,88.97,14,50,59,0.4000000000000057,6.56,109,148,117,146,307,321,287,"-4.8","4.8",,
142,642731,"Estrada, Thairo",2021,514,27.6,0.333,0.242,0.333,0.576,0.41,0.29,0.226,11,33,80.7,5.5,2249,88.5,88.87,10,64,78,0.4000000000000057,6.44,107,147,112,145,298,316,287,"-8","8",,
20,600474,"Severino, Pedro",2022,95,21.1,0.333,0.167,0.5,0.5,0.358,0.265,0.254,2,6,87.1,33.3,2421,85.8,85.69,4,12,8,-0.09999999999999432,6.24,113,151,116,149,296,313,281,"0.3","-0.3",,
42,641796,"Locastro, Tim",2020,318,13.2,0.333,0.222,0.375,0.556,0.429,0.443,0.359,3,9,83.1,24.3,2116,91.3,91.45,0,19,23,0.20000000000000284,6.61,108,149,108,141,298,314,288,"-2.4","2.4",,
98,677800,"Abreu, Wilyer",2023,361,27.1,0.333,0.125,0.471,0.458,0.367,0.315,0.28,8,24,89,9.6,2291,88.5,88.34,15,46,52,-0.20000000000000284,6.23,113,142,108,147,283,321,297,"-3.1","3.1",,
48,668843,"Capel, Conner",2022,242,19.8,0.333,0.333,0.222,0.667,0.401,0.427,0.407,3,9,92.3,14.8,2279,90.8,90.71,6,25,23,-0.09999999999999432,6.29,110,144,106,146,292,321,304,"-2.5","2.5",,
144,680118,"Blanco, Dairon",2023,509,28.3,0.333,0.139,0.462,0.472,0.379,0.353,0.298,12,36,78,4.7,2261,88.8,89.29,23,76,68,0.5,6.53,104,143,107,140,302,323,292,"-1.6","1.6",,
43,672642,"Berroa, Steward",2024,183,23.5,0.333,0,0.4,0.333,0.474,0.47,0.273,2,6,90.4,34,2316,89.1,89.11,2,12,31,0,6.29,115,147,98,148,288,317,294,"-1","1","67.165648333","6.6842725"
68,683021,"Stefanic, Michael",2023,253,26.9,0.333,0.056,0.375,0.389,0.334,0.261,0.239,6,18,81.3,9.6,2220,89.7,90.14,1,28,40,0.3999999999999915,6.66,112,148,118,145,299,315,284,"-1","1",,
37,572008,"Owings, Chris",2020,155,23.9,0.333,0.111,0.5,0.444,0.334,0.16,0.158,3,9,86.1,32,2322,89.8,90.09,8,22,15,0.29999999999999716,6.07,108,146,112,144,306,320,290,"0.6","-0.6",,
160,443558,"Cruz, Nelson",2020,846,18.9,0.333,0.278,0.45,0.611,0.439,0.384,0.263,12,36,91.9,9.9,2412,88.7,88.67,27,78,82,0,6.25,108,148,117,143,300,326,299,"-5.6","5.6",,
12,643271,"Crook, Narciso",2022,31,38.7,0.333,0.333,0.333,0.667,0.315,0.311,0.331,1,3,99.7,18.7,2313,89.3,89.2,1,4,8,-0.09999999999999432,6.3,105,130,109,127,294,326,297,"0.2","-0.2",,
18,665966,"Narvaez, Carlos",2024,68,26.5,0.333,0,0.5,0.333,0.393,0.441,0.371,1,3,105.3,2.5,2162,88.6,88.62,2,5,13,0,6.44,109,144,114,138,306,327,282,"0.3","-0.3","72.8138775","8.0307825"
11,664059,"Haggerty, Sam",2024,59,18.6,0.333,0,0.333,0.333,0.294,0.163,0.162,1,3,73.9,39,1992,84.7,84.89,0,5,6,0.20000000000000284,6.21,100,124,108,125,299,319,284,"0.3","-0.3","66.897138","7.712872"
8,621008,"De Goti, Alex",2021,25,32,0.333,0,0.333,0.333,0.293,0.138,0.129,1,3,88.2,17,2248,90.3,90.6,1,4,4,0.29999999999999716,6.42,108,152,114,145,305,327,288,"-0.2","0.2",,
456,514888,"Altuve, Jose",2024,2454,18.6,0.331,0.194,0.372,0.524,0.383,0.304,0.259,41,124,83.7,11.8,2274,88.6,88.62,44,227,229,0,6.44,108,145,109,142,290,323,290,"-13.9","13.9","65.711631902","7.603931805"
521,641355,"Bellinger, Cody",2024,2083,25,0.331,0.185,0.349,0.515,0.379,0.346,0.29,43,130,88.4,15.6,2210,89.6,89.92,47,262,259,0.30000000000001137,6.48,119,143,114,147,294,322,300,"-10.8","10.8","67.417615913","7.572904286"
592,502671,"Goldschmidt, Paul",2021,2751,21.5,0.331,0.155,0.382,0.486,0.363,0.37,0.303,47,142,92.3,15.5,2317,88.6,88.72,72,291,301,0.10000000000000853,6.36,108,148,117,144,308,324,298,"-11.1","11.1",,
506,553869,"Díaz, Elias",2023,1984,25.5,0.331,0.137,0.38,0.468,0.356,0.299,0.257,41,124,86.6,14.2,2269,88.5,89.14,72,278,228,0.5999999999999943,6.48,110,149,119,145,307,328,294,"-8.3","8.3",,
488,547180,"Harper, Bryce",2024,2469,19.8,0.331,0.339,0.337,0.669,0.449,0.389,0.287,39,118,92.8,16.3,2239,88.5,88.77,65,264,224,0.29999999999999716,6.47,118,144,115,147,292,325,300,"-22.2","22.2","71.711309253","7.184306058"
580,592450,"Judge, Aaron",2021,2654,21.9,0.331,0.229,0.395,0.559,0.409,0.422,0.334,39,118,96.8,10.6,2252,88.8,88.94,78,259,321,0.10000000000000853,6.41,109,147,118,142,304,328,293,"-19.5","19.5",,
682,608070,"Ramírez, José",2022,2742,24.9,0.331,0.306,0.301,0.637,0.416,0.345,0.277,52,157,88,20,2203,88.3,88.3,44,344,338,0,6.31,114,153,110,144,292,319,294,"-23.2","23.2",,
404,672275,"Bailey, Patrick",2023,1411,28.6,0.33,0.242,0.403,0.571,0.41,0.387,0.296,30,91,87.5,4.7,2164,89.1,89.46,37,193,211,0.4000000000000057,6.46,114,144,110,145,292,319,295,"-8.1","8.1",,
576,663993,"Lowe, Nathaniel",2024,2356,24.4,0.33,0.13,0.395,0.461,0.391,0.374,0.287,38,115,89.1,3.8,2243,90.1,90.17,53,252,324,0.10000000000000853,6.41,118,146,116,149,292,325,303,"-12","12","71.23001912","7.10503"
440,547180,"Harper, Bryce",2021,2401,18.3,0.33,0.216,0.394,0.545,0.407,0.374,0.276,29,88,86.6,13.9,2221,89.4,89.26,55,200,240,-0.10000000000000853,6.28,117,152,112,148,295,324,299,"-15.8","15.8",,
389,643265,"Cooper, Garrett",2023,1818,21.4,0.33,0.289,0.403,0.619,0.423,0.398,0.303,32,97,90.5,16.9,2287,89.3,89.36,68,199,190,0.10000000000000853,6.4,109,147,120,144,304,320,291,"-15.8","15.8",,
277,547989,"Abreu, José",2020,1027,27,0.329,0.386,0.362,0.714,0.439,0.4,0.297,23,70,92.7,8.8,2396,88.1,88.15,33,150,127,0.10000000000000853,6.23,108,150,117,144,300,327,295,"-13.8","13.8",,
617,571448,"Arenado, Nolan",2021,2443,25.3,0.329,0.243,0.331,0.571,0.395,0.383,0.316,46,140,89.5,19.6,2316,89.3,89.39,48,281,336,0.10000000000000853,6.35,110,149,117,145,306,324,299,"-16.3","16.3",,
636,521692,"Perez, Salvador",2024,2301,27.6,0.329,0.205,0.37,0.534,0.394,0.378,0.3,53,161,90.1,18.1,2283,88.6,89.03,114,362,274,0.4000000000000057,6.48,109,146,119,142,306,327,300,"-17","17","71.716422064","7.865743895"
338,680574,"McLain, Matt",2023,1672,20.2,0.329,0.397,0.405,0.726,0.471,0.399,0.286,24,73,89.3,7.5,2246,89,89.32,44,155,183,0.29999999999999716,6.48,108,147,115,145,297,320,290,"-16.1","16.1",,
298,543063,"Crawford, Brandon",2023,1227,24.3,0.329,0.214,0.365,0.543,0.376,0.315,0.256,23,70,87.7,16.2,2250,89.6,90.06,44,164,134,0.5,6.52,117,141,107,146,292,322,300,"-2.7","2.7",,
337,607680,"Pillar, Kevin",2024,1206,27.9,0.329,0.171,0.377,0.5,0.375,0.324,0.282,25,76,81.3,19.3,2296,88.6,88.71,35,182,155,0.10000000000000853,6.44,108,147,116,143,300,318,291,"-6.9","6.9","66.748507584","7.431205562"
588,661388,"Contreras, William",2023,2419,24.3,0.328,0.172,0.371,0.5,0.385,0.347,0.285,42,128,91.9,4.3,2245,88.6,88.9,69,277,311,0.30000000000001137,6.48,110,146,117,144,302,320,287,"-12.1","12.1",,
283,643265,"Cooper, Garrett",2021,1001,28.3,0.328,0.19,0.5,0.517,0.409,0.352,0.267,19,58,91.9,7.3,2298,88.8,88.85,40,133,150,0.10000000000000853,6.38,112,148,116,147,305,320,287,"-6.1","6.1",,
490,606466,"Marte, Ketel",2024,2146,22.8,0.328,0.328,0.284,0.655,0.425,0.428,0.304,39,119,93.2,10.6,2200,89.9,90.26,43,241,249,0.3999999999999915,6.51,116,144,113,145,296,325,301,"-12.6","12.6","72.19984972","7.525759626"
603,542583,"Aguilar, Jesús",2021,2066,29.2,0.328,0.24,0.343,0.568,0.393,0.346,0.271,41,125,89.4,20.6,2300,88.7,88.76,63,271,332,0.09999999999999432,6.41,110,148,118,145,304,322,293,"-15.6","15.6",,
263,608348,"Kelly, Carson",2024,1173,22.4,0.328,0.311,0.294,0.639,0.46,0.42,0.284,20,61,89.2,15.5,2317,89,89.06,25,116,147,0.09999999999999432,6.38,109,149,118,145,299,321,288,"-13.1","13.1","67.887939902","6.635843235"
220,605612,"Castro, Harold",2023,994,22.1,0.328,0.063,0.404,0.391,0.32,0.277,0.263,21,64,80.2,7.5,2270,88.9,89.49,34,134,86,0.5999999999999943,6.42,115,142,106,146,290,327,305,"-4.5","4.5",,
424,686668,"Doyle, Brenton",2024,2158,19.6,0.327,0.214,0.346,0.541,0.385,0.376,0.295,32,98,86,12.1,2343,89.4,90.03,60,217,207,0.5999999999999943,6.44,108,146,114,144,307,328,294,"-9","9","68.746620242","7.199591691"
192,660294,"Tsutsugo, Yoshi",2021,1072,17.9,0.327,0.184,0.35,0.51,0.384,0.372,0.287,16,49,90.8,18.6,2197,89.5,89.47,21,90,102,0,6.25,115,156,112,146,291,318,297,"-2.8","2.8",,
427,516782,"Marte, Starling",2021,1970,21.7,0.327,0.163,0.376,0.49,0.379,0.354,0.295,34,104,89.1,4.5,2210,88.6,88.62,49,209,218,0,6.32,108,148,112,145,301,320,288,"-11.5","11.5",,
241,645302,"Robles, Victor",2024,1020,23.6,0.327,0.173,0.381,0.5,0.379,0.362,0.313,17,52,83.4,10.7,2367,88.7,88.82,36,132,109,0.09999999999999432,6.42,106,146,105,143,295,317,287,"-11.1","11.1","63.191858095","6.501828889"
502,608385,"Winker, Jesse",2024,2063,24.3,0.327,0.192,0.362,0.519,0.41,0.344,0.251,34,104,85.4,11.6,2296,89.9,90.29,44,219,283,0.3999999999999915,6.49,120,146,113,148,290,319,299,"-12.5","12.5","67.575469317","7.152816927"
207,600869,"Candelario, Jeimer",2020,844,24.5,0.327,0.082,0.395,0.408,0.353,0.369,0.317,16,49,88.4,15.9,2217,86.7,86.84,22,98,109,0.09999999999999432,6.32,113,148,112,147,296,324,295,"-3.5","3.5",,
414,425877,"Molina, Yadier",2021,1669,24.8,0.327,0.142,0.359,0.469,0.353,0.309,0.262,37,113,89,14.8,2247,88.6,88.8,64,255,159,0.20000000000000284,6.34,112,150,119,146,302,320,290,"-11.6","11.6",,
446,643396,"Kiner-Falefa, Isiah",2022,1940,23,0.327,0.062,0.343,0.389,0.322,0.28,0.263,37,113,84.1,2.7,2273,88.8,88.77,26,223,223,0,6.3,107,146,112,145,298,314,280,"-5.4","5.4",,
221,518595,"d'Arnaud, Travis",2020,676,32.7,0.327,0.173,0.457,0.5,0.381,0.34,0.289,17,52,91.8,4.2,2206,89.3,89.68,36,117,104,0.4000000000000057,6.53,107,147,117,142,304,318,288,"0.4","-0.4",,
284,657041,"Thomas, Lane",2021,1115,25.5,0.327,0.2,0.41,0.527,0.41,0.354,0.276,18,55,91.1,7.5,2234,89.3,89.69,27,122,162,0.4000000000000057,6.45,108,149,113,144,301,316,286,"-10.3","10.3",,
211,664901,"Mendick, Danny",2021,762,27.7,0.326,0.163,0.364,0.488,0.383,0.298,0.229,14,43,80.9,24.6,2242,90.2,90.25,21,98,113,0,6.29,103,145,109,141,294,316,282,"-3.4","3.4",,
183,650391,"Jiménez, Eloy",2020,805,22.7,0.326,0.419,0.346,0.744,0.457,0.378,0.256,14,43,91.3,8.1,2308,87.4,87.48,34,99,84,0.09999999999999432,6.25,105,150,116,143,302,330,297,"-6.5","6.5",,
598,608070,"Ramírez, José",2024,2735,21.9,0.326,0.271,0.303,0.597,0.392,0.313,0.26,47,144,88.2,19.4,2239,88.7,89.01,50,325,273,0.29999999999999716,6.49,114,143,113,146,292,321,295,"-16.5","16.5","69.540395146","7.127079871"
162,595281,"Kiermaier, Kevin",2022,831,19.5,0.326,0.14,0.464,0.465,0.365,0.294,0.253,14,43,88.4,9.5,2210,88,87.73,29,85,77,-0.29999999999999716,6.23,116,148,101,148,291,323,297,"-4.7","4.7",,
591,594807,"Duvall, Adam",2021,2158,27.4,0.326,0.431,0.345,0.757,0.455,0.451,0.307,47,144,91.1,21.6,2306,88,87.99,88,312,279,0,6.36,109,149,118,143,302,323,295,"-25.6","25.6",,
268,624415,"Biggio, Cavan",2020,1112,24.1,0.326,0.196,0.412,0.522,0.442,0.358,0.233,15,46,86.1,12.7,2199,88.8,88.82,24,101,167,0,6.28,116,149,105,146,282,317,292,"-11.8","11.8",,
482,665120,"Walsh, Jared",2021,2256,21.4,0.325,0.275,0.36,0.6,0.413,0.387,0.287,39,120,90.2,6.1,2241,88.5,88.47,64,242,240,0,6.34,117,156,113,148,296,323,303,"-21","21",,
312,608369,"Seager, Corey",2024,1872,16.7,0.325,0.313,0.328,0.639,0.429,0.448,0.325,27,83,92.6,12.3,2251,88.5,88.62,47,168,144,0.09999999999999432,6.43,116,145,117,149,296,327,301,"-17.4","17.4","70.285433404","6.719743688"
396,643565,"Tauchman, Mike",2023,1711,23.1,0.325,0.169,0.348,0.494,0.396,0.419,0.351,25,77,89.2,7.4,2270,89.4,90.03,36,184,212,0.5999999999999943,6.47,113,142,108,145,287,318,301,"-13.1","13.1",,
542,502110,"Martinez, J.D.",2023,1865,29.1,0.325,0.325,0.377,0.65,0.41,0.397,0.288,39,120,95.4,18.8,2248,89,89.39,99,297,245,0.4000000000000057,6.5,109,148,120,144,305,323,295,"-20.7","20.7",,
294,672640,"Lopez, Otto",2024,1545,19,0.325,0.078,0.357,0.403,0.33,0.296,0.269,25,77,87.6,5.5,2235,89.8,90.18,30,165,129,0.4000000000000057,6.6,109,147,115,145,300,314,283,"-5.6","5.6","68.642864129","6.344497935"
462,650391,"Jiménez, Eloy",2023,1717,26.9,0.325,0.142,0.383,0.467,0.361,0.324,0.275,39,120,90,8.8,2230,88.5,88.88,79,256,206,0.4000000000000057,6.51,111,148,119,145,303,327,294,"-10.1","10.1",,
469,669242,"Edman, Tommy",2022,2328,20.1,0.324,0.13,0.388,0.454,0.374,0.331,0.275,35,108,88.7,9.4,2212,89.1,89.21,45,232,237,0.10000000000000853,6.35,111,144,105,145,294,318,297,"-10","10",,
347,545341,"Grichuk, Randal",2024,1088,31.9,0.324,0.324,0.321,0.649,0.437,0.423,0.302,24,74,88.9,14.6,2256,88.6,88.95,38,175,172,0.4000000000000057,6.47,110,149,120,145,301,324,294,"-10.9","10.9","71.769551977","7.531559826"
167,519048,"Moreland, Mitch",2020,574,29.1,0.324,0.27,0.417,0.595,0.421,0.315,0.214,12,37,91,17.6,2271,88.9,89.35,29,80,87,0.5,6.49,118,158,118,150,290,324,305,"-5.7","5.7",,
483,607208,"Turner, Trea",2021,2487,19.4,0.324,0.167,0.356,0.491,0.363,0.343,0.279,35,108,90.4,8.7,2271,89.6,89.68,61,260,223,0.10000000000000853,6.33,108,145,113,141,301,319,291,"-8.8","8.8",,
166,543807,"Springer, George",2020,821,20.2,0.324,0.27,0.333,0.595,0.434,0.393,0.264,12,37,90.5,27,2281,88.2,88.2,22,75,91,0,6.26,107,148,117,144,303,325,295,"-5.6","5.6",,
259,545121,"Vargas, Ildemaro",2024,1058,24.5,0.324,0.132,0.309,0.456,0.332,0.29,0.288,22,68,83.7,1.4,2256,89.6,90.12,9,127,132,0.5,6.54,111,145,107,146,290,315,295,"0.1","-0.1","65.314168067","6.865116891"
212,572761,"Carpenter, Matt",2022,723,29.3,0.324,0.676,0.211,1,0.571,0.418,0.266,11,34,91,19.3,2288,89.2,89.31,22,92,120,0.09999999999999432,6.32,116,154,107,146,298,324,295,"-11.7","11.7",,
281,596748,"Franco, Maikel",2020,944,29.8,0.323,0.274,0.294,0.597,0.381,0.33,0.273,20,62,86.7,14.1,2329,87.4,87.5,33,130,151,0.09999999999999432,6.25,107,146,117,143,302,326,295,"-5.5","5.5",,
503,677951,"Witt Jr., Bobby",2022,2332,21.6,0.323,0.189,0.384,0.512,0.361,0.302,0.254,41,127,87.6,12.9,2225,88.4,88.45,68,271,232,0,6.34,106,145,114,142,304,324,293,"-6.5","6.5",,
591,641355,"Bellinger, Cody",2023,2158,27.4,0.323,0.192,0.316,0.515,0.366,0.357,0.291,42,130,87.1,16.6,2261,89.1,89.33,63,305,286,0.20000000000000284,6.4,118,142,113,146,293,321,300,"-11.9","11.9",,
482,596847,"Choi, Ji Man",2022,1840,26.2,0.323,0.194,0.441,0.516,0.396,0.378,0.255,30,93,94,12.8,2196,89.7,89.66,69,199,283,0,6.36,116,156,110,149,291,324,302,"-8.6","8.6",,
677,606192,"Hernández, Teoscar",2021,2290,29.6,0.323,0.21,0.391,0.533,0.386,0.369,0.292,54,167,92.3,13.5,2255,89.3,89.31,110,355,322,0,6.27,107,149,118,145,300,325,293,"-25.6","25.6",,
444,642708,"Rosario, Amed",2021,2156,20.6,0.323,0.165,0.382,0.488,0.356,0.314,0.277,41,127,89.7,4,2232,89.1,89.21,63,243,201,0.10000000000000853,6.35,107,147,112,143,296,315,285,"-4.6","4.6",,
133,656180,"Adams, Riley",2023,567,23.5,0.323,0.323,0.381,0.645,0.44,0.373,0.266,10,31,90.9,25.6,2157,88.4,89.13,13,69,64,0.6999999999999886,6.71,108,149,119,145,299,322,292,"-5.2","5.2",,
568,543760,"Semien, Marcus",2023,2799,20.3,0.322,0.147,0.333,0.469,0.365,0.331,0.269,46,143,88.2,17.7,2256,88.6,88.67,56,283,285,0.10000000000000853,6.37,109,145,116,141,302,327,293,"-18.8","18.8",,
368,645277,"Albies, Ozzie",2024,1649,22.3,0.322,0.103,0.338,0.425,0.347,0.354,0.288,28,87,87.8,17.1,2214,89.4,89.84,35,221,147,0.3999999999999915,6.55,116,142,112,145,295,320,295,"-4.7","4.7","67.235154422","7.181287136"
752,621566,"Olson, Matt",2023,3092,24.3,0.322,0.383,0.32,0.705,0.461,0.441,0.298,48,149,93.1,18.1,2270,89.8,90.2,93,352,400,0.4000000000000057,6.47,118,144,115,147,303,329,303,"-30.1","30.1",,
596,621020,"Swanson, Dansby",2022,2751,21.7,0.321,0.241,0.376,0.562,0.401,0.384,0.273,44,137,89.2,12.5,2244,89.1,89.35,100,312,284,0.20000000000000284,6.44,108,147,115,143,305,323,291,"-18.8","18.8",,
225,621028,"Newman, Kevin",2022,1080,20.8,0.321,0.161,0.409,0.482,0.361,0.293,0.274,18,56,84.1,10.5,2260,89.4,89.87,23,106,119,0.5,6.52,108,147,114,145,301,310,277,"-4.4","4.4",,
208,644374,"Chang, Yu",2021,965,21.6,0.321,0.196,0.386,0.518,0.359,0.362,0.339,18,56,85.3,21.3,2268,88.7,88.71,23,113,95,0,6.24,107,146,115,142,298,319,287,"-5.2","5.2",,
536,642708,"Rosario, Amed",2023,1979,27.1,0.321,0.08,0.394,0.401,0.337,0.299,0.26,44,137,89,6.4,2280,88.6,88.77,74,291,245,0.20000000000000284,6.36,109,144,114,141,297,316,284,"-6.4","6.4",,
306,591720,"Torreyes, Ronald",2021,1170,26.2,0.321,0.16,0.333,0.481,0.372,0.288,0.241,26,81,79.2,12.9,2230,89.1,89.36,14,156,150,0.30000000000001137,6.41,106,147,110,145,294,312,275,"-14.5","14.5",,
550,595777,"Profar, Jurickson",2024,2739,20.1,0.321,0.189,0.349,0.509,0.403,0.372,0.274,34,106,86.1,5.3,2208,88.9,89.24,46,261,289,0.29999999999999716,6.51,115,144,112,146,293,320,295,"-15.5","15.5","67.192883584","6.988278319"
548,664034,"France, Ty",2021,2394,22.9,0.321,0.157,0.35,0.479,0.366,0.34,0.263,45,140,86.4,8.8,2241,88.9,88.87,53,281,267,0,6.29,110,149,118,144,299,320,288,"-11","11",,
558,663993,"Lowe, Nathaniel",2022,2525,22.1,0.321,0.191,0.389,0.511,0.393,0.347,0.26,42,131,89.7,6.9,2291,89.5,89.34,68,289,269,-0.20000000000000284,6.3,119,150,112,147,294,326,301,"-9.4","9.4",,
135,649966,"Urías, Luis",2020,485,27.8,0.321,0.071,0.45,0.393,0.378,0.299,0.222,9,28,82.8,1.5,2337,87.5,87.84,15,53,82,0.29999999999999716,6.41,109,149,114,147,299,316,281,"-3.4","3.4",,
504,672580,"Garcia, Maikel",2023,1989,25.3,0.321,0.073,0.368,0.394,0.319,0.348,0.314,35,109,90,5.4,2265,89.7,90.21,34,219,285,0.5,6.48,108,145,112,143,305,323,291,"-2.9","2.9",,
118,642133,"Tellez, Rowdy",2020,441,26.8,0.321,0.143,0.348,0.464,0.359,0.42,0.326,9,28,87.2,10.8,2292,87.6,87.58,15,62,56,0,6.24,118,160,114,149,293,322,299,"-1.9","1.9",,
462,514888,"Altuve, Jose",2021,2489,18.6,0.32,0.27,0.309,0.59,0.413,0.382,0.281,32,100,87.3,12.8,2195,88.3,88.28,38,200,262,0,6.35,108,148,110,143,294,323,290,"-14.9","14.9",,
172,650859,"Rengifo, Luis",2024,1084,15.9,0.32,0.22,0.342,0.54,0.385,0.326,0.292,16,50,85.8,9.4,2278,88.9,89.18,21,104,68,0.29999999999999716,6.5,115,142,107,147,287,317,298,"-3.5","3.5","66.113762424","6.882680606"
421,571980,"Naquin, Tyler",2021,1797,23.4,0.32,0.26,0.377,0.58,0.396,0.352,0.269,32,100,89.2,8.2,2206,90.1,90.26,63,243,178,0.20000000000000284,6.31,114,147,110,147,290,320,297,"-17.8","17.8",,
94,543281,"Harrison, Josh",2020,335,28.1,0.32,0,0.32,0.32,0.292,0.311,0.315,8,25,85,17,2225,87.4,87.77,16,57,37,0.3999999999999915,6.45,107,143,110,138,292,312,287,"1.5","-1.5",,
94,681807,"Fry, David",2023,431,21.8,0.32,0.4,0.333,0.72,0.46,0.441,0.303,8,25,91.9,17.3,2218,89.5,89.88,19,56,38,0.4000000000000057,6.51,111,147,118,144,296,318,287,"-3.9","3.9",,
149,650490,"Díaz, Yandy",2020,573,26,0.32,0.12,0.35,0.44,0.417,0.361,0.244,8,25,89.6,-1.5,2232,88,88.14,6,49,100,0.09999999999999432,6.41,110,147,117,147,303,323,288,"-3.7","3.7",,
443,656775,"Mullins, Cedric",2023,1782,24.9,0.32,0.311,0.325,0.631,0.418,0.348,0.273,33,103,89.9,21.7,2259,89.8,89.96,65,233,210,0.20000000000000284,6.4,109,140,98,145,290,323,296,"-15.1","15.1",,
182,669134,"Campusano, Luis",2023,601,30.3,0.32,0.2,0.302,0.52,0.364,0.388,0.357,16,50,85.9,16.6,2255,89.5,89.56,20,102,80,0.09999999999999432,6.43,112,148,119,146,298,323,292,"-4.5","4.5",,
207,593160,"Merrifield, Whit",2020,996,20.8,0.32,0.34,0.289,0.66,0.415,0.336,0.283,16,50,83.6,17.7,2309,87.2,87.3,16,99,108,0.09999999999999432,6.24,107,145,110,143,302,319,288,"-8","8",,
550,592518,"Machado, Manny",2022,2371,23.2,0.319,0.27,0.366,0.589,0.407,0.355,0.263,45,141,93.5,17.7,2275,89.5,89.41,71,283,267,-0.09999999999999432,6.29,108,148,120,143,303,325,297,"-19.6","19.6",,
451,623912,"Ramírez, Harold",2023,1564,28.8,0.319,0.133,0.347,0.451,0.354,0.348,0.279,36,113,89.1,6.3,2289,89.1,89.11,65,269,182,0,6.43,107,145,117,143,301,324,288,"-5.7","5.7",,
207,670242,"Wallner, Matt",2024,1030,20.1,0.319,0.383,0.435,0.702,0.466,0.438,0.286,15,47,93.4,18.3,2261,89.5,89.91,42,101,106,0.4000000000000057,6.52,112,143,116,149,294,326,301,"-6.6","6.6","75.39333828","7.167828602"
309,680776,"Duran, Jarren",2023,1397,22.1,0.319,0.159,0.377,0.478,0.359,0.325,0.258,22,69,88.3,7.6,2268,88.8,89.1,39,157,152,0.29999999999999716,6.52,114,142,108,147,279,319,306,"-4.2","4.2",,
504,670770,"Friedl, TJ",2023,2194,23,0.319,0.221,0.348,0.54,0.383,0.278,0.242,36,113,81.6,13.1,2196,88.8,89.1,44,231,273,0.29999999999999716,6.49,110,141,96,145,284,317,294,"-10.2","10.2",,
275,680911,"Miller, Owen",2023,1192,23.1,0.319,0.145,0.356,0.464,0.331,0.283,0.253,22,69,85,14.1,2337,89.7,89.87,29,149,126,0.20000000000000284,6.43,108,146,117,145,297,315,282,"-2","2",,
259,686823,"Brennan, Will",2024,1230,21.1,0.319,0.116,0.364,0.435,0.351,0.319,0.273,22,69,84.7,14,2196,89.5,89.91,35,152,107,0.4000000000000057,6.52,116,143,106,146,284,317,297,"-5.7","5.7","67.681001571","6.7322655"
351,608841,"Meneses, Joey",2024,1142,30.7,0.319,0.097,0.373,0.417,0.348,0.321,0.245,23,72,89.2,6.3,2248,89.4,89.81,47,184,167,0.3999999999999915,6.54,111,148,119,145,300,319,289,"-6","6","68.800976159","6.895060366"
226,669707,"Triolo, Jared",2023,839,26.9,0.319,0.106,0.4,0.426,0.392,0.358,0.269,15,47,88.4,13.3,2300,89.6,90.18,24,96,130,0.6000000000000085,6.61,110,144,114,142,306,321,288,"-7.6","7.6",,
630,607043,"Nimmo, Brandon",2024,2747,22.9,0.319,0.289,0.347,0.607,0.433,0.408,0.31,43,135,92.7,7.7,2265,90.2,90.53,64,290,340,0.29999999999999716,6.52,117,143,107,145,290,321,300,"-25.6","25.6","71.319496052","7.156970849"
179,595777,"Profar, Jurickson",2020,837,21.4,0.318,0.182,0.316,0.5,0.375,0.336,0.255,14,44,84.5,14.7,2233,88.3,88.42,21,88,91,0.10000000000000853,6.32,108,149,108,146,294,320,294,"-1.9","1.9",,
80,592444,"Jones, JaCoby",2021,396,20.2,0.318,0.136,0.6,0.455,0.347,0.262,0.211,7,22,94.2,17.5,2305,87.2,86.83,18,44,36,-0.4000000000000057,6.25,107,149,115,142,292,323,291,"-0.8","0.8",,
113,645444,"Herrera, Jose",2024,501,22.6,0.318,0.045,0.389,0.364,0.331,0.311,0.277,7,22,79.5,5.9,2253,89.6,90.17,12,48,65,0.6000000000000085,6.56,114,144,111,147,286,316,297,"-0.4","0.4","62.772352708","6.678203333"
390,514888,"Altuve, Jose",2022,2308,16.9,0.318,0.188,0.381,0.506,0.403,0.311,0.215,27,85,84.5,10.6,2260,87.7,87.52,27,166,224,-0.20000000000000284,6.31,106,147,112,142,291,322,290,"-8.5","8.5",,
506,643446,"McNeil, Jeff",2023,2193,23.1,0.318,0.147,0.328,0.465,0.374,0.342,0.291,41,129,83.9,13.1,2226,89.3,89.55,41,284,222,0.29999999999999716,6.45,117,145,107,148,283,316,299,"-14.1","14.1",,
152,671289,"Freeman, Tyler",2023,636,23.9,0.317,0.146,0.375,0.463,0.35,0.356,0.309,13,41,81.4,2.9,2297,89.5,89.84,9,81,71,0.29999999999999716,6.45,102,143,109,142,293,315,280,"-1.2","1.2",,
237,646240,"Devers, Rafael",2020,980,24.2,0.317,0.333,0.341,0.65,0.422,0.37,0.284,19,60,94.6,10.4,2198,88.4,88.48,42,131,106,0.09999999999999432,6.35,114,149,113,146,284,319,302,"-4.7","4.7",,
542,668804,"Reynolds, Bryan",2024,2604,20.8,0.317,0.19,0.362,0.508,0.383,0.383,0.287,40,126,91.6,8.8,2222,88.9,89.21,77,275,267,0.29999999999999716,6.47,116,144,114,146,298,320,295,"-11.7","11.7","69.885893821","6.76460748"
197,575929,"Contreras, Willson",2020,871,22.6,0.317,0.122,0.364,0.439,0.372,0.357,0.278,13,41,90.8,1.1,2362,90.3,91,24,97,100,0.7000000000000028,6.62,107,148,115,144,297,319,295,"-2.2","2.2",,
243,641820,"Mancini, Trey",2023,1050,23.1,0.317,0.111,0.392,0.429,0.312,0.287,0.264,20,63,89.7,12.5,2269,89.6,89.96,38,136,107,0.4000000000000057,6.47,112,147,117,144,300,320,292,"2","-2",,
419,660271,"Ohtani, Shohei",2023,2321,18.1,0.317,0.287,0.357,0.604,0.41,0.379,0.274,32,101,90.9,7.9,2219,89.3,89.45,75,221,198,0.20000000000000284,6.44,120,145,115,149,300,328,305,"-9.5","9.5",,
474,607043,"Nimmo, Brandon",2022,2781,17,0.317,0.24,0.333,0.558,0.409,0.352,0.263,33,104,87.7,12.9,2281,89.5,89.44,50,223,251,-0.09999999999999432,6.33,115,146,105,146,284,316,299,"-20.9","20.9",,
485,643217,"Benintendi, Andrew",2021,2045,23.7,0.316,0.202,0.348,0.518,0.365,0.332,0.255,36,114,90.6,17.1,2222,89,88.97,69,266,219,0,6.22,113,144,105,143,291,318,302,"-8.5","8.5",,
83,613564,"Vosler, Jason",2022,419,19.8,0.316,0.316,0.385,0.632,0.421,0.306,0.211,6,19,81.5,8,2325,88.3,88.32,16,41,42,0,6.34,117,147,105,149,293,315,296,"-2.2","2.2",,
68,621311,"Dahl, David",2020,392,17.3,0.316,0.158,0.429,0.474,0.336,0.273,0.244,6,19,84.9,21.1,2368,88.5,88.72,13,41,27,0.20000000000000284,6.1,110,144,110,145,293,328,305,"0.1","-0.1",,
85,683002,"Henderson, Gunnar",2022,539,15.8,0.316,0.105,0.375,0.421,0.382,0.333,0.272,6,19,89,-8.8,2229,88.5,88.44,5,36,49,-0.09999999999999432,6.39,111,146,107,147,292,322,298,"-1.8","1.8",,
336,514888,"Altuve, Jose",2023,1557,21.6,0.316,0.211,0.357,0.526,0.402,0.313,0.225,24,76,84.2,15,2262,89,89.08,32,148,188,0.09999999999999432,6.44,110,149,115,145,291,322,292,"-10.2","10.2",,
103,488771,"Castro, Jason",2020,406,25.4,0.316,0.316,0.5,0.632,0.446,0.419,0.293,6,19,94.3,26.5,2309,87.2,86.94,11,39,64,-0.29999999999999716,6.08,121,160,116,152,296,324,298,"-3","3",,
525,543068,"Cron, C.J.",2021,2191,24,0.316,0.316,0.318,0.632,0.43,0.394,0.272,36,114,91.4,14.3,2265,89.4,89.69,74,259,266,0.29999999999999716,6.29,111,149,117,145,306,331,301,"-23.2","23.2",,
81,663853,"Gonzalez, Romy",2023,363,22.3,0.316,0.421,0.429,0.737,0.419,0.421,0.292,6,19,90.3,15.7,2261,87.3,87.57,15,45,36,0.29999999999999716,6.39,108,146,114,144,302,321,288,"-3.5","3.5",,
370,571771,"Hernández, Enrique",2022,1490,24.8,0.316,0.102,0.383,0.418,0.331,0.272,0.241,31,98,86.9,11,2283,88,87.88,50,194,176,-0.09999999999999432,6.31,106,148,115,142,291,317,292,"-2","2",,
92,666018,"Aranda, Jonathan",2023,449,20.5,0.316,0.263,0.357,0.579,0.388,0.265,0.197,6,19,90.2,-2.5,2232,88.6,88.46,11,45,47,-0.09999999999999432,6.24,115,138,107,142,289,326,300,"-2.8","2.8",,
109,681146,"Bride, Jonah",2023,460,23.7,0.316,0,0.353,0.316,0.352,0.4,0.284,6,19,90.4,9.5,2202,89,89.85,8,42,67,0.7999999999999972,6.73,105,143,112,138,300,317,291,"-2.7","2.7",,
511,670032,"Lopez, Nicky",2021,2126,24,0.316,0.053,0.337,0.368,0.343,0.342,0.282,36,114,80.7,-1.5,2200,88.8,88.83,29,231,280,0,6.28,109,142,98,142,281,311,297,"-1.9","1.9",,
113,596117,"Stubbs, Garrett",2023,496,22.8,0.316,0.211,0.385,0.526,0.429,0.322,0.214,6,19,72.9,8.7,2258,89,89.09,13,51,62,0.09999999999999432,6.39,106,138,100,142,282,316,291,"-2.1","2.1",,
238,572228,"Voit, Luke",2020,910,26.2,0.315,0.463,0.273,0.778,0.464,0.451,0.321,17,54,88.7,25.5,2263,88.3,88.42,29,119,119,0.10000000000000853,6.36,105,145,116,139,301,320,285,"-11.1","11.1",,
439,592192,"Canha, Mark",2023,2085,21.1,0.315,0.207,0.31,0.522,0.387,0.366,0.28,29,92,87.3,12.8,2242,88.2,88.49,29,196,243,0.29999999999999716,6.46,108,147,116,144,300,321,291,"-13.4","13.4",,
241,542364,"Ortega, Rafael",2021,1337,18,0.315,0.278,0.342,0.593,0.417,0.342,0.262,17,54,82.9,19.5,2250,88.3,88.44,30,123,118,0.10000000000000853,6.36,116,148,108,149,287,318,296,"-7.5","7.5",,
739,607208,"Turner, Trea",2022,2720,27.2,0.315,0.169,0.366,0.483,0.35,0.341,0.289,56,178,88.7,9.6,2266,88.8,88.87,95,389,350,0.10000000000000853,6.34,108,146,113,141,302,321,293,"-13.4","13.4",,
596,665489,"Guerrero Jr., Vladimir",2021,2509,23.8,0.315,0.294,0.312,0.608,0.43,0.416,0.311,45,143,93.6,11.4,2222,89.1,89.09,87,301,295,0,6.28,110,149,120,145,304,326,293,"-23.2","23.2",,
571,669701,"Smith, Josh",2024,2327,24.5,0.315,0.145,0.385,0.46,0.378,0.338,0.254,39,124,88,14.1,2227,89.1,89.08,75,280,291,0,6.4,113,145,107,148,289,323,299,"-12.3","12.3","67.182035165","6.591592381"
215,680777,"Jeffers, Ryan",2022,948,22.7,0.315,0.222,0.368,0.537,0.398,0.37,0.282,17,54,86.6,8.2,2272,89.1,88.92,24,106,109,-0.19999999999998863,6.21,107,148,117,144,299,322,290,"-2.7","2.7",,
560,660670,"Acuña Jr., Ronald",2023,2782,20.1,0.315,0.226,0.301,0.54,0.404,0.447,0.325,39,124,94.4,5.8,2260,89.4,89.83,42,250,310,0.3999999999999915,6.53,111,148,120,146,310,329,299,"-17.1","17.1",,
339,605612,"Castro, Harold",2022,1660,20.4,0.315,0.045,0.373,0.36,0.293,0.279,0.275,28,89,84.7,8,2320,88.6,88.56,42,204,135,0,6.27,115,149,105,149,286,319,297,"-3","3",,
144,676701,"Trejo, Alan",2022,494,29.1,0.314,0.114,0.5,0.429,0.342,0.317,0.26,11,35,89.4,16.5,2268,89.2,89.55,26,80,64,0.29999999999999716,6.32,106,145,112,143,302,322,290,"-2","2",,
663,666969,"García, Adolis",2022,2537,26.1,0.314,0.256,0.345,0.571,0.384,0.342,0.264,49,156,91.8,13.7,2254,89.9,89.99,106,356,307,0.09999999999999432,6.37,109,150,117,145,305,328,295,"-13.6","13.6",,
537,670541,"Alvarez, Yordan",2022,2195,24.5,0.314,0.178,0.344,0.492,0.379,0.447,0.342,37,118,94.5,14.7,2196,88.7,88.61,64,236,301,-0.10000000000000853,6.35,119,155,112,150,291,329,302,"-8.1","8.1",,
507,575929,"Contreras, Willson",2023,1950,26,0.314,0.245,0.403,0.559,0.417,0.397,0.28,32,102,89.6,7.2,2266,89.4,89.76,73,253,254,0.3999999999999915,6.51,109,148,118,144,310,325,294,"-11.2","11.2",,
241,687952,"Encarnacion-Strand, Christian",2023,936,25.7,0.314,0.235,0.364,0.549,0.429,0.4,0.281,16,51,90.6,22.6,2210,89.9,90.14,35,117,124,0.19999999999998863,6.42,111,147,118,145,301,320,295,"-6.6","6.6",,
394,660271,"Ohtani, Shohei",2022,2546,15.5,0.314,0.461,0.282,0.775,0.468,0.453,0.308,32,102,94.3,12.6,2197,88.6,88.57,54,221,173,0,6.31,119,151,109,149,301,327,305,"-14.5","14.5",,
302,571976,"Myers, Wil",2022,1160,26,0.314,0.186,0.392,0.5,0.366,0.33,0.255,22,70,86.5,15.4,2282,88,87.71,47,152,150,-0.29999999999999716,6.23,106,147,115,142,300,324,293,"-3.4","3.4",,
274,671277,"García Jr., Luis",2022,1323,20.7,0.314,0.105,0.338,0.419,0.324,0.315,0.252,27,86,86.6,9.1,2206,87.5,87.7,44,173,101,0.20000000000000284,6.45,115,145,105,146,288,317,300,"0.2","-0.2",,
250,542583,"Aguilar, Jesús",2020,882,28.3,0.314,0.157,0.357,0.471,0.347,0.323,0.279,16,51,89,19,2218,89.2,89.5,28,127,123,0.29999999999999716,6.52,109,148,119,144,305,324,291,"-3.4","3.4",,
188,663611,"Madrigal, Nick",2021,809,23.2,0.313,0.146,0.341,0.458,0.341,0.299,0.28,15,48,83.3,1.8,2281,90,90.12,8,98,90,0.09999999999999432,6.32,104,142,106,140,290,307,272,"-2.2","2.2",,
404,679032,"Rojas, Johan",2024,1329,30.4,0.313,0.071,0.38,0.384,0.326,0.292,0.275,31,99,81.1,3,2269,88.9,89.33,52,204,200,0.3999999999999915,6.57,105,145,106,143,293,316,282,"-2.2","2.2","66.606406263","6.983134789"
68,628711,"Urías, Julio",2021,226,30.1,0.313,0.125,0.385,0.438,0.344,0.252,0.206,5,16,70.2,-0.3,2242,87.9,87.79,9,46,22,-0.10000000000000853,6.11,100,141,101,143,277,303,288,"-0.5","0.5",,
185,664059,"Haggerty, Sam",2022,735,25.2,0.313,0.125,0.417,0.438,0.345,0.248,0.209,15,48,83.2,13,2197,89.2,89.01,26,94,91,-0.20000000000000284,6.18,111,146,103,146,287,313,291,"-0.8","0.8",,
242,621563,"Wendle, Joey",2022,1281,18.9,0.313,0.109,0.333,0.422,0.326,0.275,0.259,20,64,86.5,-2.5,2230,88.8,88.72,25,141,101,-0.09999999999999432,6.31,115,148,105,147,286,315,297,"-3.8","3.8",,
75,664314,"Florial, Estevan",2023,294,25.5,0.313,0.125,0.417,0.438,0.379,0.404,0.32,5,16,88,21.4,2282,89.2,89.81,12,37,38,0.5999999999999943,6.66,121,143,110,147,289,314,293,"-0.6","0.6",,
499,621493,"Ward, Taylor",2022,2297,21.7,0.313,0.25,0.316,0.563,0.411,0.433,0.294,30,96,90.5,19.2,2292,88.7,88.57,39,193,306,-0.10000000000000853,6.29,108,148,115,142,304,320,292,"-11.5","11.5",,
180,642336,"Mejía, Francisco",2021,1013,17.8,0.313,0.229,0.333,0.542,0.371,0.312,0.257,15,48,86.1,22.8,2212,88.4,88.34,24,112,68,-0.10000000000000853,6.38,112,148,110,146,292,321,292,"-6.1","6.1",,
79,519317,"Stanton, Giancarlo",2020,415,19,0.313,0.188,0.571,0.5,0.384,0.397,0.314,5,16,103.7,7.3,2180,88.9,88.82,10,29,50,-0.10000000000000853,6.27,109,151,122,146,307,320,288,"-2.5","2.5",,
695,663586,"Riley, Austin",2021,2595,26.8,0.313,0.175,0.37,0.487,0.361,0.349,0.285,50,160,90.2,19,2232,89.3,89.45,107,366,329,0.10000000000000853,6.35,109,148,117,143,306,324,294,"-9","9",,
318,516782,"Marte, Starling",2024,1417,22.4,0.313,0.15,0.4,0.463,0.356,0.344,0.307,25,80,88.5,5,2240,89,89.6,42,155,163,0.5999999999999943,6.66,109,148,114,145,300,321,290,"-6.9","6.9","69.125652587","7.033696364"
469,672695,"Perdomo, Geraldo",2023,2064,22.7,0.313,0.219,0.329,0.531,0.399,0.319,0.249,30,96,78.3,11.9,2235,89.7,90.01,28,219,250,0.29999999999999716,6.46,113,142,102,145,291,323,296,"-10.8","10.8",,
65,596105,"Smith Jr., Dwight",2020,287,22.6,0.313,0.25,0.364,0.563,0.382,0.251,0.169,5,16,85.7,13.6,2115,85.1,85.27,6,27,38,0.20000000000000284,6.46,122,150,112,150,287,316,293,"-0.3","0.3",,
488,592885,"Yelich, Christian",2023,2559,19.1,0.313,0.2,0.357,0.513,0.383,0.356,0.278,36,115,92.2,1.4,2267,88.7,88.88,54,219,269,0.20000000000000284,6.43,117,143,111,147,292,322,299,"-13.2","13.2",,
78,621458,"Ríos, Edwin",2020,293,26.6,0.313,0.25,0.333,0.563,0.4,0.384,0.292,5,16,91.5,14.2,2328,89.1,89.29,14,41,37,0.20000000000000284,6.33,118,150,117,149,296,334,303,"0","0",,
51,669222,"Senzel, Nick",2020,257,19.8,0.313,0.375,0.308,0.688,0.387,0.378,0.318,5,16,89.9,19.3,2348,87.6,87.99,7,31,20,0.4000000000000057,6.43,100,143,110,136,290,316,284,"0.6","-0.6",,
417,623912,"Ramírez, Harold",2022,1578,26.4,0.312,0.088,0.339,0.4,0.32,0.327,0.302,39,125,89.5,0.1,2246,87.3,87.21,58,246,171,-0.09999999999999432,6.36,109,147,116,145,298,322,289,"-6","6",,
646,668715,"Steer, Spencer",2024,2621,24.6,0.312,0.299,0.348,0.61,0.417,0.363,0.282,48,154,89.3,17.5,2297,90.1,90.52,68,307,339,0.4000000000000057,6.54,110,146,117,143,299,321,289,"-28.6","28.6","69.611601045","7.270963902"
419,595879,"Báez, Javier",2023,1970,21.3,0.312,0.156,0.36,0.468,0.354,0.335,0.286,34,109,88.7,10.1,2259,88.8,89.18,81,248,171,0.4000000000000057,6.48,108,147,117,143,300,325,290,"-10.9","10.9",,
523,671277,"García Jr., Luis",2024,1883,27.8,0.312,0.234,0.327,0.546,0.378,0.347,0.284,44,141,87.2,9.3,2253,88.4,88.82,63,281,242,0.3999999999999915,6.52,117,144,108,146,289,319,302,"-15.6","15.6","69.355333065","7.214447778"
377,474832,"Belt, Brandon",2021,1578,23.9,0.311,0.324,0.372,0.635,0.443,0.373,0.214,23,74,88.4,19.8,2320,89.9,89.92,53,187,190,0,6.27,118,160,111,149,295,324,307,"-10.5","10.5",,
689,608324,"Bregman, Alex",2022,2521,27.3,0.311,0.267,0.297,0.578,0.415,0.418,0.305,42,135,88.4,19.3,2255,89.1,89.03,44,279,410,-0.09999999999999432,6.38,107,147,116,141,294,323,291,"-20.2","20.2",,
417,592325,"Gamel, Ben",2022,1713,24.3,0.311,0.27,0.358,0.581,0.449,0.402,0.277,23,74,90.5,15.9,2300,88.5,88.69,34,171,246,0.20000000000000284,6.4,118,148,109,146,289,317,295,"-13.4","13.4",,
301,621438,"Taylor, Tyrone",2022,1522,19.8,0.311,0.243,0.367,0.554,0.381,0.351,0.288,23,74,91,17.8,2317,89,88.86,53,161,140,-0.09999999999999432,6.21,106,144,115,139,299,317,289,"-7.2","7.2",,
650,592518,"Machado, Manny",2024,2387,27.2,0.311,0.236,0.339,0.547,0.373,0.364,0.295,50,161,92.8,9.5,2286,90.1,90.33,93,347,303,0.20000000000000284,6.49,109,148,121,145,302,324,295,"-9.9","9.9","73.464245","7.726207704"
718,661388,"Contreras, William",2024,2677,26.8,0.31,0.222,0.361,0.532,0.398,0.374,0.271,49,158,94.1,7.1,2251,89,89.39,93,348,370,0.4000000000000057,6.51,110,146,119,145,304,322,291,"-16.1","16.1","72.450784207","7.207599817"
281,663656,"Tucker, Kyle",2024,1349,20.8,0.31,0.19,0.348,0.5,0.41,0.363,0.258,18,58,91.6,21.9,2234,89.4,89.52,18,108,173,0.09999999999999432,6.48,119,141,112,146,289,326,297,"-6.5","6.5","71.445112062","7.481193299"
180,640449,"Frazier, Clint",2020,688,26.2,0.31,0.276,0.35,0.586,0.458,0.432,0.292,9,29,89.8,20.6,2129,88.2,88.46,18,61,119,0.29999999999999716,6.44,108,148,116,143,301,313,282,"-9.3","9.3",,
233,666135,"Kirilloff, Alex",2021,835,27.9,0.31,0.155,0.364,0.466,0.337,0.389,0.305,18,58,88.6,6.4,2281,88.5,88.49,35,133,100,0,6.23,114,153,112,148,295,321,302,"-1.8","1.8",,
568,458015,"Votto, Joey",2021,2232,25.4,0.31,0.328,0.333,0.638,0.422,0.401,0.295,36,116,91.7,19.2,2179,89,89.21,83,260,308,0.20000000000000284,6.33,116,153,113,147,292,322,301,"-18.2","18.2",,
211,657108,"White, Evan",2020,828,25.5,0.31,0.357,0.36,0.667,0.42,0.402,0.284,13,42,92,12.1,2317,88.9,88.87,34,103,108,0,6.26,109,148,117,145,297,318,289,"-5.6","5.6",,
151,649966,"Urías, Luis",2023,741,20.4,0.31,0.31,0.333,0.621,0.45,0.375,0.228,9,29,88.5,9.9,2220,88.8,89.28,16,66,85,0.5,6.58,111,150,117,146,288,315,287,"-7.4","7.4",,
320,676801,"McCormick, Chas",2021,1283,24.9,0.31,0.207,0.356,0.517,0.367,0.346,0.228,18,58,91.1,21.7,2212,88.8,88.77,54,155,165,0,6.27,107,148,114,143,297,321,288,"-5.7","5.7",,
453,671218,"Ramos, Heliot",2024,2011,22.5,0.31,0.147,0.372,0.457,0.345,0.331,0.257,36,116,89.5,6,2248,89.5,89.82,73,238,215,0.29999999999999716,6.41,109,147,119,144,302,320,291,"-7.1","7.1","73.911439741","6.849742845"
522,669016,"Marsh, Brandon",2023,1984,26.3,0.31,0.18,0.412,0.49,0.384,0.335,0.239,31,100,90.4,12.2,2236,89.8,90.05,49,220,302,0.20000000000000284,6.49,116,145,108,148,285,320,299,"-12.2","12.2",,
310,680977,"Donovan, Brendan",2023,1431,21.7,0.31,0.241,0.311,0.552,0.423,0.46,0.346,18,58,90.3,9.9,2277,89.2,89.39,19,126,184,0.20000000000000284,6.44,116,143,108,146,292,323,301,"-6.5","6.5",,
359,670768,"González, Luis",2022,1472,24.4,0.309,0.088,0.385,0.397,0.34,0.292,0.236,21,68,85,12.1,2278,89.3,89.5,40,167,192,0.20000000000000284,6.35,112,147,103,147,287,315,299,"-2.2","2.2",,
524,665926,"Giménez, Andrés",2024,2400,21.8,0.309,0.106,0.333,0.415,0.324,0.326,0.297,38,123,85.1,9.5,2241,88.3,88.55,70,294,230,0.20000000000000284,6.42,111,141,101,145,282,317,295,"-3.4","3.4","67.165353092","7.030622863"
661,543068,"Cron, C.J.",2022,2500,26.4,0.309,0.257,0.339,0.566,0.387,0.362,0.288,47,152,90.4,14.8,2293,88.8,89.15,77,352,309,0.29999999999999716,6.36,109,150,119,145,308,329,302,"-9","9",,
486,656941,"Schwarber, Kyle",2021,1986,24.5,0.309,0.32,0.339,0.629,0.44,0.435,0.292,30,97,90.7,11.5,2202,88.7,88.67,62,216,270,0,6.28,118,155,112,148,294,321,305,"-13.8","13.8",,
506,647304,"Naylor, Josh",2022,1768,28.6,0.309,0.276,0.296,0.585,0.405,0.355,0.266,38,123,90.4,12.5,2304,88.2,88.12,45,258,248,-0.10000000000000853,6.23,116,157,110,148,291,319,295,"-17.1","17.1",,
372,602104,"Urías, Ramón",2023,1461,25.5,0.309,0.117,0.446,0.426,0.348,0.308,0.244,29,94,87.8,8.1,2262,89.3,89.66,59,193,179,0.4000000000000057,6.49,108,147,115,144,305,322,287,"-7.8","7.8",,
177,643446,"McNeil, Jeff",2020,804,22,0.308,0.179,0.314,0.487,0.33,0.307,0.267,12,39,86.9,19.8,2170,87.6,87.84,17,101,76,0.20000000000000284,6.38,112,142,107,144,287,316,292,"-0.5","0.5",,
370,807799,"Yoshida, Masataka",2024,1593,23.2,0.308,0.11,0.317,0.418,0.361,0.361,0.278,28,91,87,9.3,2301,89.4,89.57,22,180,190,0.19999999999998863,6.43,118,143,112,146,280,318,301,"-7.3","7.3","70.369109146","7.327315305"
494,571657,"Farmer, Kyle",2022,2145,23,0.308,0.15,0.318,0.458,0.351,0.342,0.303,37,120,84.7,10.5,2233,89.2,89.47,47,262,232,0.29999999999999716,6.44,109,147,117,143,296,317,287,"-9.7","9.7",,
47,657277,"Webb, Logan",2021,177,26.6,0.308,0.462,0.375,0.769,0.456,0.351,0.25,4,13,90.9,5.6,2387,86.9,86.63,6,29,18,-0.30000000000001137,6.04,90,133,100,136,288,304,279,"-1.8","1.8",,
148,608671,"Jankowski, Travis",2021,583,25.4,0.308,0.269,0.412,0.577,0.451,0.361,0.24,8,26,78.7,2.7,2250,89.1,89.07,13,61,87,0,6.32,112,145,101,146,279,313,294,"-6.1","6.1",,
369,643289,"Dubón, Mauricio",2024,1450,25.4,0.308,0.112,0.316,0.421,0.304,0.277,0.269,33,107,84.8,11.4,2263,89.2,89.18,40,227,142,0,6.4,109,146,110,144,295,319,283,"-0.6","0.6","66.492081137","7.483667583"
233,643376,"Jansen, Danny",2022,961,24.2,0.308,0.327,0.268,0.635,0.405,0.437,0.317,16,52,88.9,26,2265,88,87.96,22,108,125,0,6.39,107,147,115,142,295,323,291,"-6","6",,
95,665155,"Maton, Nick",2021,512,18.6,0.308,0.154,0.4,0.462,0.313,0.257,0.263,8,26,82.6,7.5,2208,88.4,88.31,17,61,34,-0.10000000000000853,6.29,116,149,108,150,281,315,291,"-1.9","1.9",,
214,642715,"Adames, Willy",2020,826,25.9,0.308,0.308,0.471,0.615,0.448,0.399,0.262,12,39,89.1,13.9,2230,89,89.15,41,89,125,0.09999999999999432,6.47,107,148,117,145,304,318,285,"-4.1","4.1",,
107,666150,"Fletcher, Dominic",2023,380,28.2,0.308,0.346,0.3,0.654,0.419,0.319,0.249,8,26,84.1,4.5,2239,89.7,89.82,13,57,50,0.09999999999999432,6.35,114,143,106,148,288,317,303,"-4.5","4.5",,
105,606299,"Peraza, José",2021,509,20.6,0.308,0.231,0.318,0.538,0.43,0.362,0.261,8,26,88.3,16.9,2348,88.3,88.28,8,50,55,0,6.38,106,147,112,144,299,311,284,"-7.4","7.4",,
214,605113,"Ahmed, Nick",2020,832,25.7,0.308,0.288,0.342,0.596,0.423,0.406,0.316,16,52,86.9,12.6,2291,89.9,89.74,29,99,115,-0.20000000000000284,6.31,109,149,114,145,303,323,294,"-5.6","5.6",,
68,660620,"Araúz, Jonathan",2023,273,24.9,0.308,0.462,0.286,0.769,0.491,0.369,0.217,4,13,84.2,13.4,2263,89.4,89.47,6,23,45,0.09999999999999432,6.34,111,144,110,145,294,319,296,"-3.4","3.4",,
604,572122,"Seager, Kyle",2021,2554,23.6,0.308,0.336,0.33,0.643,0.413,0.341,0.237,44,143,89.4,15.1,2222,87.4,87.4,94,314,290,0,6.3,116,155,111,146,294,321,298,"-20.2","20.2",,
250,595879,"Báez, Javier",2024,1028,24.3,0.308,0.262,0.333,0.569,0.364,0.345,0.294,20,65,91.5,10.1,2296,88.3,88.65,37,137,113,0.4000000000000057,6.49,109,149,118,144,297,320,289,"-3.8","3.8","73.386891811","8.566584803"
429,670042,"Raley, Luke",2024,1713,25,0.308,0.22,0.414,0.527,0.399,0.359,0.252,28,91,86,7.4,2250,89.5,89.86,69,222,207,0.4000000000000057,6.47,114,141,106,146,295,323,297,"-5.1","5.1","73.405052488","7.204696411"
63,493329,"Gurriel, Yuli",2024,281,22.4,0.308,0,0.333,0.308,0.263,0.37,0.358,4,13,90.7,7,2276,89.7,90.01,7,29,34,0.29999999999999716,6.5,106,148,118,142,306,324,294,"-0.2","0.2","71.44759","7.954027241"
595,502671,"Goldschmidt, Paul",2022,2701,22,0.308,0.248,0.333,0.556,0.416,0.39,0.269,36,117,91.3,12.7,2298,88.9,88.91,59,243,352,0,6.29,108,147,118,144,306,321,297,"-23.9","23.9",,
636,645277,"Albies, Ozzie",2021,2608,24.4,0.307,0.3,0.286,0.607,0.391,0.365,0.281,43,140,90.4,24.9,2207,89.1,89.19,75,362,274,0.10000000000000853,6.32,115,149,111,147,297,321,296,"-10.5","10.5",,
439,572041,"Pollock, AJ",2021,1465,30,0.307,0.168,0.394,0.475,0.37,0.335,0.25,31,101,90.8,9.2,2251,88.9,89.01,63,215,224,0.09999999999999432,6.31,108,150,118,144,302,323,294,"-10.9","10.9",,
340,518595,"d'Arnaud, Travis",2022,1633,20.8,0.307,0.295,0.308,0.602,0.419,0.331,0.241,27,88,86,5.6,2270,89.4,89.62,41,179,161,0.19999999999998863,6.41,111,148,117,144,302,322,288,"-14.2","14.2",,
225,545341,"Grichuk, Randal",2020,855,26.3,0.306,0.258,0.298,0.565,0.378,0.387,0.3,19,62,87,11.5,2252,87.9,87.96,26,119,106,0.09999999999999432,6.34,108,148,116,144,294,320,291,"-8.5","8.5",,
405,500743,"Rojas, Miguel",2021,2001,20.2,0.306,0.092,0.326,0.398,0.34,0.319,0.277,30,98,84.9,8.5,2299,89.2,89.09,30,179,226,-0.10000000000000853,6.31,110,148,113,145,300,314,280,"-4.3","4.3",,
138,519222,"Romine, Austin",2020,525,26.3,0.306,0.083,0.423,0.389,0.302,0.262,0.25,11,36,86,-3,2283,88.7,88.79,21,76,62,0.09999999999999432,6.31,108,147,115,144,299,323,285,"1.5","-1.5",,
181,666971,"Gurriel Jr., Lourdes",2020,832,21.8,0.306,0.102,0.359,0.408,0.317,0.294,0.257,15,49,90.3,8.7,2276,88.7,88.82,24,93,88,0.09999999999999432,6.31,108,143,114,140,295,318,287,"-2.3","2.3",,
222,682928,"Abrams, CJ",2022,1008,22,0.306,0.113,0.353,0.419,0.322,0.276,0.246,19,62,85.2,-2.1,2238,89.2,89.25,27,135,87,0.09999999999999432,6.38,114,146,101,148,282,314,296,"-2.5","2.5",,
291,592669,"Renfroe, Hunter",2024,1652,17.6,0.306,0.181,0.357,0.486,0.373,0.31,0.257,22,72,86.7,14.1,2359,88.3,88.64,34,136,155,0.29999999999999716,6.42,108,148,119,144,302,326,300,"-9.9","9.9","73.622541129","7.540377823"
366,641598,"Garver, Mitch",2023,1430,25.6,0.306,0.264,0.333,0.569,0.415,0.346,0.241,22,72,91.3,20.3,2293,89.2,89.53,27,152,214,0.29999999999999716,6.55,112,149,119,144,303,329,295,"-16.1","16.1",,
566,680757,"Kwan, Steven",2022,2643,21.4,0.306,0.174,0.324,0.479,0.369,0.312,0.254,37,121,85.8,10.1,2252,89.2,89.29,19,222,344,0.09999999999999432,6.31,113,144,102,144,275,309,291,"-6.7","6.7",,
413,669221,"Murphy, Sean",2023,1748,23.6,0.306,0.282,0.328,0.588,0.441,0.432,0.303,26,85,95.1,7.7,2265,89.1,89.57,48,195,218,0.5,6.47,109,149,120,145,308,327,296,"-14.9","14.9",,
370,669016,"Marsh, Brandon",2022,1807,20.5,0.306,0.143,0.38,0.449,0.334,0.301,0.249,30,98,83.8,8.5,2221,88.7,88.67,49,192,178,0,6.37,115,148,107,148,292,320,300,"-4.3","4.3",,
206,600303,"La Stella, Tommy",2020,940,21.9,0.306,0.111,0.314,0.417,0.363,0.294,0.2,11,36,84.2,14.1,2231,88.8,88.7,8,76,130,-0.09999999999999432,6.23,116,151,111,150,288,318,299,"-2.1","2.1",,
267,572816,"Dickerson, Corey",2022,1083,24.7,0.306,0.167,0.288,0.472,0.349,0.321,0.284,22,72,87.6,8.1,2215,90.5,90.54,27,156,111,0,6.36,116,146,113,147,292,320,304,"-6","6",,
415,592885,"Yelich, Christian",2021,2012,20.6,0.305,0.159,0.338,0.463,0.384,0.389,0.3,25,82,88.9,-2.1,2265,88.2,88.28,42,170,245,0.09999999999999432,6.28,117,148,111,146,297,321,304,"-4.3","4.3",,
610,663993,"Lowe, Nathaniel",2021,2691,22.7,0.305,0.214,0.354,0.519,0.381,0.361,0.267,40,131,93,5.6,2229,89.7,89.6,63,299,311,-0.10000000000000853,6.25,118,150,113,147,292,324,302,"-16.9","16.9",,
455,641584,"Fraley, Jake",2023,1420,32,0.305,0.257,0.313,0.562,0.403,0.353,0.284,32,105,83.2,15.7,2251,89,89.37,57,245,210,0.4000000000000057,6.45,118,143,108,147,286,320,297,"-9.1","9.1",,
616,623993,"Santander, Anthony",2023,2764,22.3,0.305,0.242,0.333,0.547,0.383,0.352,0.267,39,128,90.4,17.2,2272,89.2,89.53,68,326,290,0.29999999999999716,6.51,115,145,115,148,300,325,295,"-14.4","14.4",,
391,660670,"Acuña Jr., Ronald",2022,2162,18.1,0.305,0.085,0.407,0.39,0.338,0.296,0.229,25,82,89.8,10.9,2252,89.7,89.91,57,188,203,0.20000000000000284,6.41,108,148,118,144,307,326,296,"-4","4",,
496,592206,"Castellanos, Nick",2021,2143,23.1,0.305,0.29,0.3,0.595,0.37,0.354,0.293,40,131,88.1,12.9,2230,88.2,88.32,84,292,204,0.09999999999999432,6.3,108,149,118,143,300,323,294,"-7.1","7.1",,
94,542454,"Santana, Danny",2021,516,18.2,0.304,0.217,0.333,0.522,0.388,0.263,0.203,7,23,84.3,11,2198,90,90.06,16,51,43,0.09999999999999432,6.3,115,150,113,146,286,320,299,"-5.6","5.6",,
490,543877,"Vázquez, Christian",2022,1632,30,0.304,0.104,0.363,0.409,0.324,0.276,0.241,35,115,87.2,12.4,2214,88.8,88.7,42,232,258,-0.09999999999999432,6.28,109,147,115,145,294,319,288,"-5.2","5.2",,
132,673451,"Akiyama, Shogo",2020,821,16.1,0.304,0,0.389,0.304,0.37,0.326,0.225,7,23,87,-0.8,2338,89,89.36,11,62,70,0.4000000000000057,6.41,113,141,106,144,280,312,296,"-1.5","1.5",,
444,544725,"García, Leury",2021,1672,26.6,0.304,0.17,0.379,0.473,0.357,0.286,0.236,34,112,80.9,1.7,2218,88.8,88.82,60,251,193,0,6.27,108,143,103,142,286,317,292,"0.3","-0.3",,
149,572039,"Piscotty, Stephen",2020,588,25.3,0.304,0.283,0.344,0.587,0.377,0.329,0.272,14,46,88.9,14.7,2287,87.3,87.2,27,95,54,-0.09999999999999432,6.19,110,150,119,146,299,322,290,"-7.9","7.9",,
266,641584,"Fraley, Jake",2021,1159,23,0.304,0.239,0.344,0.543,0.434,0.402,0.238,14,46,81.7,12,2229,88.4,88.7,31,97,169,0.29999999999999716,6.42,114,149,109,147,287,315,293,"-11","11",,
327,607732,"Stallings, Jacob",2024,1073,30.5,0.304,0.261,0.37,0.565,0.412,0.36,0.273,21,69,84.9,9.9,2335,89,89.62,41,150,177,0.5999999999999943,6.44,109,146,118,145,307,326,292,"-7.3","7.3","65.619032897","6.989613034"
131,642180,"Wade, Tyler",2021,647,20.2,0.304,0.043,0.467,0.348,0.356,0.259,0.174,7,23,79.7,8.9,2149,90.6,90.84,10,55,76,0.20000000000000284,6.42,108,144,97,143,285,317,290,"-0.3","0.3",,
260,664056,"Bader, Harrison",2022,1187,21.9,0.304,0.145,0.396,0.449,0.341,0.285,0.244,21,69,85.9,18.2,2310,87.8,87.94,34,138,122,0.10000000000000853,6.42,107,144,112,141,298,319,294,"-1.8","1.8",,
132,643565,"Tauchman, Mike",2020,469,28.1,0.304,0.13,0.368,0.435,0.346,0.335,0.319,7,23,81.5,17.3,2271,90.6,90.92,19,64,68,0.30000000000001137,6.53,115,145,110,145,288,317,295,"-3","3",,
219,571788,"Holt, Brock",2021,1024,21.4,0.304,0.071,0.386,0.375,0.326,0.284,0.243,17,56,85.6,15.8,2260,88.3,88.32,25,107,112,0,6.25,116,148,108,148,285,317,299,"-2.2","2.2",,
115,669743,"Call, Alex",2022,570,20.2,0.304,0.348,0.313,0.652,0.456,0.293,0.176,7,23,89.5,15.5,2340,88.9,89.38,14,54,61,0.5,6.59,107,148,114,146,302,317,286,"-3.2","3.2",,
339,643393,"Kemp, Tony",2021,1511,22.4,0.304,0.188,0.305,0.493,0.382,0.358,0.293,21,69,83.8,15.1,2195,89.2,89.41,30,158,180,0.20000000000000284,6.38,110,143,100,145,282,312,294,"-6.7","6.7",,
321,543939,"Wong, Kolten",2021,1815,17.7,0.304,0.203,0.338,0.506,0.362,0.278,0.232,24,79,86.6,14.3,2263,88,88.11,36,172,149,0.09999999999999432,6.27,115,148,105,147,289,314,297,"-4.1","4.1",,
103,695238,"Wagner, Will",2024,364,28.3,0.304,0.087,0.368,0.391,0.346,0.354,0.296,7,23,89.7,-0.9,2216,89.6,89.9,11,48,55,0.30000000000001137,6.5,118,142,105,146,282,317,291,"-3.3","3.3","67.329555","6.315248913"
715,669257,"Smith, Will",2023,2292,31.2,0.303,0.141,0.325,0.444,0.359,0.363,0.27,43,142,88.4,16,2297,89.7,90.13,63,343,372,0.3999999999999915,6.5,111,147,119,144,301,321,293,"-6.2","6.2",,
481,664040,"Lowe, Brandon",2023,1718,28,0.303,0.174,0.384,0.477,0.365,0.31,0.232,33,109,90.8,16.1,2213,88.7,88.82,81,260,221,0.09999999999999432,6.47,115,141,107,145,291,325,297,"-10.8","10.8",,
517,666971,"Gurriel Jr., Lourdes",2024,2083,24.8,0.303,0.141,0.333,0.444,0.332,0.352,0.314,43,142,89.5,16.2,2270,89.3,89.59,57,281,236,0.29999999999999716,6.46,112,148,120,147,304,325,294,"-1.7","1.7","68.557561128","7.450471984"
645,608070,"Ramírez, José",2021,2675,24.1,0.303,0.268,0.27,0.57,0.385,0.385,0.305,43,142,88.7,17.9,2158,88.5,88.57,40,322,323,0.09999999999999432,6.21,114,157,112,145,295,322,296,"-13.6","13.6",,
508,543760,"Semien, Marcus",2024,2626,19.3,0.303,0.185,0.33,0.487,0.383,0.37,0.302,36,119,87.4,15.7,2316,88.7,88.91,53,272,236,0.20000000000000284,6.49,110,149,120,144,301,324,293,"-12.2","12.2","65.768222137","7.582209153"
604,663656,"Tucker, Kyle",2022,2262,26.7,0.303,0.255,0.327,0.559,0.391,0.356,0.267,44,145,89.8,18.8,2226,89.3,89.09,72,329,275,-0.20000000000000284,6.29,117,155,113,151,289,327,298,"-18.9","18.9",,
468,669394,"Burger, Jake",2024,2081,22.5,0.303,0.126,0.372,0.429,0.35,0.327,0.25,36,119,91.5,11.5,2257,89.5,89.79,63,236,232,0.29999999999999716,6.56,110,147,120,144,304,321,295,"-6.6","6.6","73.557540688","7.309790138"
364,405395,"Pujols, Albert",2022,1385,26.3,0.303,0.382,0.233,0.684,0.424,0.422,0.285,23,76,91.8,18.1,2269,88.8,88.81,37,189,175,0,6.33,109,149,120,146,304,322,294,"-14","14",,
484,664034,"France, Ty",2022,2211,21.9,0.303,0.172,0.323,0.475,0.35,0.32,0.264,37,122,90.4,10.4,2272,88.8,88.82,55,260,224,0,6.28,110,149,117,145,298,318,286,"-11.1","11.1",,
138,519299,"Sogard, Eric",2020,499,27.7,0.303,0.061,0.323,0.364,0.325,0.374,0.357,10,33,85.6,16.2,2352,88.4,88.71,1,52,86,0.29999999999999716,6.48,111,145,103,148,283,310,288,"0.6","-0.6",,
452,681481,"Carpenter, Kerry",2023,1761,25.7,0.303,0.193,0.365,0.495,0.372,0.354,0.265,33,109,89.5,13.8,2178,88.1,88.45,72,247,205,0.4000000000000057,6.51,117,145,113,150,292,326,295,"-9.9","9.9",,
246,666160,"Moniak, Mickey",2023,1161,21.2,0.303,0.227,0.405,0.53,0.377,0.36,0.284,20,66,86.3,11.1,2256,88.9,89.12,60,156,90,0.19999999999998863,6.48,117,143,107,147,294,322,299,"-4.8","4.8",,
566,663538,"Hoerner, Nico",2023,2539,22.3,0.302,0.101,0.323,0.403,0.331,0.323,0.294,42,139,85.8,7.8,2284,89.6,89.75,30,262,304,0.20000000000000284,6.43,110,144,112,143,296,316,287,"-12.8","12.8",,
238,592192,"Canha, Mark",2020,1063,22.4,0.302,0.349,0.257,0.651,0.413,0.424,0.3,13,43,88.4,16.2,2251,87.8,87.82,20,98,140,0,6.27,108,147,117,141,296,321,291,"-10.7","10.7",,
451,694192,"Chourio, Jackson",2024,2103,21.4,0.302,0.186,0.37,0.488,0.353,0.323,0.283,39,129,91.4,9.4,2267,89.3,89.65,69,258,193,0.29999999999999716,6.49,108,146,113,145,302,319,289,"-14.1","14.1","71.70738867","7.319816567"
418,641313,"Anderson, Tim",2021,2010,20.8,0.302,0.142,0.387,0.443,0.335,0.319,0.272,32,106,89.7,3.5,2171,89.1,89.21,74,249,169,0.10000000000000853,6.31,107,146,114,142,300,319,286,"-5.5","5.5",,
312,693304,"Gonzales, Nick",2024,1371,22.8,0.302,0.105,0.352,0.407,0.309,0.334,0.289,26,86,88.3,6.6,2343,88.8,89.33,45,184,128,0.5,6.55,109,147,116,144,306,318,289,"-2.2","2.2","69.720046474","7.352833757"
345,673357,"Robert Jr., Luis",2022,1349,25.6,0.302,0.177,0.357,0.479,0.34,0.301,0.272,29,96,88.4,11.4,2258,88.9,89.2,60,225,120,0.29999999999999716,6.44,110,148,118,145,305,329,293,"-7.9","7.9",,
341,664040,"Lowe, Brandon",2024,1624,21,0.302,0.314,0.311,0.616,0.398,0.396,0.3,26,86,90.5,15.2,2266,88.9,88.99,60,198,143,0.09999999999999432,6.44,116,142,110,147,293,325,300,"-7.1","7.1","70.19979538","6.90379375"
357,408234,"Cabrera, Miguel",2022,1643,21.7,0.302,0.07,0.362,0.372,0.307,0.312,0.268,26,86,89.3,3.3,2242,90,90.08,48,191,166,0.09999999999999432,6.36,112,150,118,146,300,322,285,"1.1","-1.1",,
373,500743,"Rojas, Miguel",2022,1816,20.5,0.301,0.108,0.321,0.409,0.342,0.341,0.304,28,93,84.8,11.6,2251,88.5,88.48,27,180,193,0,6.36,107,146,111,143,300,315,282,"-5.7","5.7",,
678,593428,"Bogaerts, Xander",2022,2500,27.1,0.301,0.242,0.308,0.542,0.38,0.348,0.263,46,153,87.5,11.9,2280,89,89.11,88,320,358,0.09999999999999432,6.37,107,147,117,143,294,321,294,"-14.7","14.7",,
409,457763,"Posey, Buster",2021,1757,23.3,0.301,0.226,0.348,0.527,0.38,0.343,0.255,28,93,87,7.7,2291,88.3,88.34,50,184,225,0,6.3,110,149,119,146,302,321,294,"-11.1","11.1",,
590,642715,"Adames, Willy",2022,2466,23.9,0.301,0.271,0.34,0.571,0.391,0.344,0.26,40,133,89.6,20.4,2292,89,88.92,86,315,275,-0.09999999999999432,6.27,108,148,117,144,301,322,293,"-14.8","14.8",,
429,608369,"Seager, Corey",2022,2268,18.9,0.301,0.177,0.293,0.478,0.368,0.378,0.284,34,113,89.4,15.8,2244,87.1,86.9,63,242,187,-0.19999999999998863,6.28,118,158,112,147,298,329,301,"-3.2","3.2",,
579,664761,"Bohm, Alec",2024,2122,27.3,0.301,0.233,0.296,0.534,0.379,0.355,0.279,44,146,90.6,10.4,2290,89.9,90.23,47,291,288,0.29999999999999716,6.52,109,146,119,145,303,322,287,"-22.6","22.6","70.487258571","7.268590476"
404,664058,"Fletcher, David",2021,2218,18.2,0.301,0.075,0.339,0.376,0.301,0.288,0.293,40,133,79.3,3.2,2246,89.3,89.29,28,234,170,0,6.35,107,145,108,143,293,306,272,"-1.5","1.5",,
423,592626,"Pederson, Joc",2024,1810,23.4,0.301,0.325,0.31,0.627,0.432,0.442,0.313,25,83,90.6,12.5,2187,89.7,90,46,181,242,0.29999999999999716,6.48,118,141,111,146,296,327,303,"-16","16","71.294860702","7.542375146"
317,405395,"Pujols, Albert",2021,1123,28.2,0.301,0.192,0.3,0.493,0.351,0.333,0.272,22,73,88.2,11.7,2287,87,86.83,27,157,160,-0.20000000000000284,6.19,111,151,120,148,298,323,293,"-2.9","2.9",,
292,462101,"Andrus, Elvis",2023,1592,18.3,0.301,0.123,0.318,0.425,0.341,0.281,0.243,22,73,87.7,7.7,2309,88.4,88.57,23,125,167,0.19999999999998863,6.45,106,146,112,143,296,318,285,"-4","4",,
507,521692,"Perez, Salvador",2023,2061,24.6,0.301,0.173,0.35,0.474,0.333,0.34,0.276,40,133,89.8,19.2,2325,88.1,88.41,103,327,180,0.30000000000001137,6.45,110,147,118,143,305,328,298,"-0.8","0.8",,
386,608324,"Bregman, Alex",2021,1593,24.2,0.301,0.133,0.315,0.434,0.351,0.333,0.264,25,83,88.6,15.3,2236,88.3,88.32,18,158,228,0,6.35,109,149,117,144,295,326,292,"-5.9","5.9",,
60,694497,"Carter, Evan",2023,336,17.9,0.3,0.3,0.25,0.6,0.397,0.329,0.241,3,10,83.4,6.6,2305,90.1,90.06,2,21,39,0,6.37,117,146,106,148,284,324,291,"-1.2","1.2",,
157,543333,"Hosmer, Eric",2020,570,27.5,0.3,0.425,0.25,0.725,0.407,0.385,0.288,12,40,91.9,9.5,2250,89.2,89.26,22,92,65,0.09999999999999432,6.29,117,151,115,149,294,323,306,"-4.7","4.7",,
141,429664,"Canó, Robinson",2020,605,23.3,0.3,0.125,0.297,0.425,0.345,0.388,0.324,12,40,92.7,-1.3,2190,89.3,89.52,10,78,63,0.20000000000000284,6.41,111,144,114,146,291,320,300,"-3.8","3.8",,
445,643217,"Benintendi, Andrew",2022,1926,23.1,0.3,0.082,0.327,0.382,0.333,0.34,0.28,33,110,89.1,9.2,2201,89.2,89.38,44,215,230,0.20000000000000284,6.36,115,147,103,146,292,321,300,"0.2","-0.2",,
93,681460,"Baldwin, Brooks",2024,426,21.8,0.3,0.15,0.5,0.45,0.34,0.235,0.186,6,20,76.4,19.5,2292,90.6,91.05,17,59,34,0.4000000000000057,6.58,103,138,100,144,286,316,294,"1.2","-1.2","66.128689286","6.681867679"
112,592743,"Simmons, Andrelton",2020,446,25.1,0.3,0.1,0.36,0.4,0.348,0.294,0.246,9,30,82.9,4.1,2372,87.8,87.54,8,53,59,-0.29999999999999716,6.1,111,151,117,147,303,319,291,"0.2","-0.2",,
305,456781,"Solano, Donovan",2022,1189,25.7,0.3,0.086,0.375,0.386,0.331,0.334,0.273,21,70,89.8,12.3,2247,88.9,88.92,35,165,140,0,6.32,108,145,115,142,297,313,284,"0.6","-0.6",,
50,660829,"Park, Hoy",2022,237,21.1,0.3,0,0.429,0.3,0.29,0.191,0.13,3,10,79.4,8.6,2064,88.8,88.79,4,20,30,0,6.31,116,152,110,150,288,313,295,"0.5","-0.5",,
742,606192,"Hernández, Teoscar",2023,2673,27.8,0.3,0.153,0.383,0.453,0.331,0.307,0.256,51,170,89.7,7,2258,88.5,88.75,130,395,347,0.29999999999999716,6.43,111,149,118,145,300,323,291,"-8.5","8.5",,
311,608671,"Jankowski, Travis",2023,1118,27.8,0.3,0.129,0.351,0.429,0.347,0.287,0.247,21,70,82.2,12,2249,88.8,88.89,25,143,168,0.10000000000000853,6.39,114,144,103,145,285,320,300,"-9.5","9.5",,
158,666135,"Kirilloff, Alex",2022,614,25.7,0.3,0.233,0.296,0.533,0.363,0.317,0.245,9,30,86.6,3.3,2216,89.4,89.32,13,75,83,-0.10000000000000853,6.24,116,152,117,149,291,322,299,"-5.3","5.3",,
94,669222,"Senzel, Nick",2021,417,22.5,0.3,0.05,0.333,0.35,0.336,0.369,0.329,6,20,88.3,19.8,2318,88.8,88.82,14,48,46,0,6.31,105,145,113,140,300,325,286,"-1.7","1.7",,
59,628450,"Hernandez, Yadiel",2020,121,48.8,0.3,0.4,0.4,0.7,0.4,0.336,0.262,3,10,96,12,2031,88.8,89.31,11,36,23,0.5,6.59,118,149,114,150,288,315,305,"-0.2","0.2",,
644,600869,"Candelario, Jeimer",2021,2547,25.3,0.3,0.238,0.374,0.538,0.395,0.393,0.294,39,130,90.5,13.3,2157,88,88.07,76,301,343,0.09999999999999432,6.29,115,154,111,148,293,323,296,"-18.3","18.3",,
748,624413,"Alonso, Pete",2022,2507,29.8,0.3,0.375,0.256,0.675,0.43,0.39,0.258,48,160,90.3,19.3,2264,89.8,89.87,89,371,377,0.10000000000000853,6.39,107,147,118,142,301,322,293,"-24.1","24.1",,
211,643524,"Schwindel, Frank",2021,918,23,0.3,0.267,0.311,0.567,0.389,0.299,0.234,18,60,88.1,10.5,2254,88.5,88.57,33,117,94,0.09999999999999432,6.27,111,149,120,145,297,322,297,"-8.4","8.4",,
36,572204,"Thompson, Trayce",2021,160,22.5,0.3,0.6,0.2,0.9,0.508,0.611,0.409,3,10,90.5,22.3,2170,88.3,88.16,6,16,20,-0.09999999999999432,6.15,112,147,121,145,294,322,297,"-3.2","3.2",,
33,691594,"Sanoja, Javier",2024,118,28,0.3,0,0.333,0.3,0.265,0.257,0.264,3,10,88.3,2.9,2309,88.5,88.51,3,20,13,0,6.43,101,139,102,136,302,312,281,"-0.8","0.8","60.256918947","6.710843158"
121,605361,"Martini, Nick",2024,625,19.4,0.3,0.267,0.269,0.567,0.391,0.364,0.251,9,30,87.9,17.1,2161,91.1,91.21,14,59,62,0.10000000000000853,6.41,114,142,109,146,285,319,295,"-4.4","4.4","68.086008511","6.631901489"
92,668663,"Barrera, Tres",2021,417,22.1,0.3,0.3,0.313,0.6,0.449,0.456,0.331,6,20,78.1,18.4,2192,90.1,90.44,13,45,47,0.30000000000001137,6.44,107,145,113,141,301,316,285,"-3.3","3.3",,
41,641786,"Lewis, Kyle",2023,231,17.7,0.3,0.3,0.286,0.6,0.43,0.433,0.362,3,10,88.2,3.5,2305,88.1,88.06,5,18,23,0,6.26,111,145,118,141,303,322,295,"-1.4","1.4",,
336,607680,"Pillar, Kevin",2021,1322,25.4,0.3,0.287,0.311,0.588,0.392,0.327,0.27,24,80,85.2,20.7,2186,88.3,88.34,35,182,154,0,6.35,106,146,113,142,296,317,289,"-10.3","10.3",,
110,649966,"Urías, Luis",2024,452,24.3,0.3,0.3,0.455,0.6,0.454,0.406,0.237,6,20,86.6,22.6,2341,88.3,88.32,12,58,52,0,6.36,110,149,115,145,295,317,284,"-8.1","8.1","66.127621154","7.523454231"
133,595909,"Cave, Jake",2020,504,26.4,0.3,0.2,0.467,0.5,0.381,0.321,0.236,9,30,87.6,2.2,2291,89.1,89.17,26,69,64,0.10000000000000853,6.31,115,146,106,144,288,319,301,"-2.3","2.3",,
31,644433,"Tromp, Chadwick",2024,182,17,0.3,0.2,0.375,0.5,0.308,0.241,0.27,3,10,88.9,4.5,2298,87.9,88.25,9,19,12,0.29999999999999716,6.6,107,139,114,138,298,317,290,"0.5","-0.5","72.763054118","8.057341765"
769,646240,"Devers, Rafael",2021,2502,30.7,0.3,0.306,0.3,0.606,0.403,0.422,0.301,54,180,93,14.8,2220,89.7,89.66,114,406,363,0,6.31,117,153,114,149,288,323,305,"-22.6","22.6",,
638,677594,"Rodríguez, Julio",2023,2511,25.4,0.299,0.222,0.365,0.521,0.375,0.338,0.271,50,167,92.1,8.6,2210,88.7,88.92,103,355,283,0.20000000000000284,6.42,110,147,118,143,301,323,292,"-15.3","15.3",,
700,665742,"Soto, Juan",2023,2897,24.2,0.299,0.278,0.309,0.576,0.41,0.414,0.294,43,144,92.7,8.5,2207,88.8,88.85,57,290,410,0.10000000000000853,6.39,117,145,113,148,293,325,306,"-20.7","20.7",,
375,641933,"O'Neill, Tyler",2022,1594,23.5,0.299,0.221,0.358,0.519,0.374,0.388,0.281,23,77,92.4,19.1,2269,89,89.09,64,201,174,0.09999999999999432,6.37,106,147,118,142,303,320,297,"-6.6","6.6",,
334,665833,"Cruz, Oneil",2022,1459,22.9,0.299,0.364,0.364,0.662,0.424,0.373,0.258,23,77,92.8,12.8,2302,87.9,88.13,47,136,198,0.19999999999998863,6.41,118,150,113,148,299,322,300,"-13.8","13.8",,
605,640457,"Meadows, Austin",2021,2366,25.6,0.299,0.313,0.3,0.612,0.399,0.367,0.272,40,134,88.8,19.9,2197,89.3,89.44,68,291,314,0.10000000000000853,6.47,116,153,111,147,291,325,300,"-18.1","18.1",,
585,493329,"Gurriel, Yuli",2021,2292,25.5,0.299,0.134,0.283,0.433,0.341,0.324,0.251,38,127,89.3,14.5,2187,88.8,88.82,27,264,321,0,6.33,110,148,119,145,298,324,291,"-6.7","6.7",,
376,671739,"Harris II, Michael",2024,1685,22.3,0.299,0.165,0.366,0.464,0.338,0.324,0.275,29,97,88.6,5.6,2200,89.5,89.86,52,217,159,0.4000000000000057,6.46,120,146,113,149,297,324,301,"-1.5","1.5","72.750734612","7.924097233"
536,642708,"Rosario, Amed",2022,2395,22.4,0.299,0.102,0.346,0.401,0.32,0.3,0.262,47,157,87.8,1.7,2309,88,88.05,70,325,211,0,6.27,108,146,112,143,296,315,284,"-8.2","8.2",,
373,643289,"Dubón, Mauricio",2023,1671,22.3,0.298,0.106,0.345,0.404,0.308,0.334,0.315,31,104,87.2,11.1,2310,89.4,89.52,53,229,144,0.09999999999999432,6.44,107,146,109,143,297,318,285,"0.6","-0.6",,
496,664023,"Happ, Ian",2021,2250,22,0.298,0.202,0.377,0.5,0.382,0.328,0.243,31,104,84.6,9.8,2248,89.5,89.72,70,238,258,0.20000000000000284,6.39,117,150,115,147,293,321,297,"-11","11",,
232,516416,"Segura, Jean",2020,821,28.3,0.298,0.191,0.316,0.489,0.391,0.399,0.301,14,47,87.5,11.4,2209,88,88.1,16,100,132,0.09999999999999432,6.33,109,148,116,146,301,318,281,"-3.8","3.8",,
590,553993,"Suárez, Eugenio",2022,2617,22.5,0.298,0.24,0.377,0.537,0.394,0.355,0.235,36,121,88.5,22.3,2234,89,88.92,94,268,322,-0.09999999999999432,6.28,109,149,117,143,297,319,290,"-9.8","9.8",,
528,641487,"Crawford, J.P.",2021,2791,18.9,0.298,0.123,0.34,0.421,0.341,0.314,0.275,34,114,83.7,4,2226,89,89,47,246,282,0,6.31,117,147,109,147,284,315,296,"0.4","-0.4",,
702,621566,"Olson, Matt",2024,2947,23.8,0.298,0.234,0.34,0.532,0.384,0.371,0.278,42,141,90.9,16.5,2237,90,90.49,93,350,352,0.5,6.57,119,143,117,148,300,327,302,"-14.3","14.3","72.122116887","7.394669497"
424,663624,"Mountcastle, Ryan",2023,1743,24.3,0.298,0.307,0.278,0.605,0.376,0.389,0.301,34,114,92.2,17.5,2312,89.4,89.65,58,241,183,0.29999999999999716,6.49,110,147,119,143,306,326,292,"-6.4","6.4",,
222,664874,"Zavala, Seby",2022,875,25.4,0.298,0.128,0.448,0.426,0.323,0.307,0.239,14,47,87.9,18.8,2249,87.9,87.83,46,124,98,-0.10000000000000853,6.22,109,148,114,143,299,321,291,"0.2","-0.2",,
570,665489,"Guerrero Jr., Vladimir",2024,2602,21.9,0.298,0.179,0.315,0.477,0.344,0.395,0.326,45,151,93.4,9,2279,90.4,90.73,64,289,281,0.29999999999999716,6.52,110,148,120,145,303,326,292,"-9.7","9.7","73.82513011","7.608309634"
453,605137,"Bell, Josh",2024,2238,20.2,0.298,0.175,0.299,0.474,0.359,0.363,0.289,34,114,88,10.5,2222,89,89.19,49,221,232,0.20000000000000284,6.47,115,145,117,146,294,320,295,"-10","10","69.414290239","7.849759952"
333,663647,"Hayes, Ke'Bryan",2021,1532,21.7,0.297,0.135,0.333,0.432,0.336,0.323,0.271,22,74,92,3,2216,89,89.29,20,136,197,0.29999999999999716,6.37,110,147,115,144,302,315,285,"-2.2","2.2",,
513,408234,"Cabrera, Miguel",2021,2035,25.2,0.297,0.068,0.358,0.364,0.302,0.292,0.222,35,118,89.7,4.1,2250,89.4,89.49,75,268,245,0.09999999999999432,6.36,110,149,118,143,303,325,292,"1","-1",,
647,668804,"Reynolds, Bryan",2021,2493,26,0.297,0.181,0.352,0.478,0.374,0.386,0.295,41,138,87.2,15.8,2166,88,88.05,78,318,329,0,6.27,116,148,112,145,295,317,293,"-13.8","13.8",,
382,676391,"Clement, Ernie",2024,1449,26.4,0.297,0.153,0.29,0.449,0.324,0.29,0.273,35,118,83,16.6,2285,89.9,90.21,30,228,154,0.29999999999999716,6.51,107,145,111,142,295,316,285,"-8.5","8.5","63.126382627","6.575276774"
222,673357,"Robert Jr., Luis",2021,963,23.1,0.297,0.156,0.321,0.453,0.347,0.35,0.268,19,64,88,18.4,2223,88.4,88.39,39,134,88,0,6.27,107,149,117,143,303,324,295,"-6.4","6.4",,
681,645277,"Albies, Ozzie",2023,2563,26.6,0.297,0.222,0.302,0.519,0.361,0.344,0.269,47,158,88.6,17.4,2214,89,89.45,82,391,290,0.4000000000000057,6.5,114,142,111,144,296,324,299,"-9.2","9.2",,
187,593871,"Polanco, Jorge",2020,901,20.8,0.297,0.027,0.344,0.324,0.324,0.376,0.327,11,37,81.1,7.1,2231,87.9,88.17,12,83,104,0.29999999999999716,6.35,111,145,105,146,292,321,296,"-2.3","2.3",,
370,606132,"Tapia, Raimel",2022,1578,23.4,0.296,0.148,0.361,0.444,0.325,0.282,0.254,32,108,87.3,4.4,2217,89.6,89.61,49,226,144,0,6.36,114,146,102,146,283,313,298,"-5.8","5.8",,
325,543228,"Gomes, Yan",2021,1348,24.1,0.296,0.222,0.339,0.519,0.363,0.364,0.301,24,81,89.7,9.2,2268,89.7,89.85,42,185,140,0.20000000000000284,6.34,107,146,114,142,300,319,291,"-6","6",,
151,503556,"Gonzalez, Marwin",2020,802,18.8,0.296,0.148,0.318,0.444,0.334,0.33,0.258,8,27,89,12.6,2327,87.3,87.39,15,64,87,0.10000000000000853,6.32,112,146,109,145,295,321,297,"-0.7","0.7",,
291,678225,"Bae, Ji Hwan",2023,1506,19.3,0.296,0.099,0.351,0.394,0.32,0.295,0.263,21,71,83.4,-4.7,2286,89.1,89.28,34,155,136,0.20000000000000284,6.4,110,142,99,144,286,315,295,"-0.9","0.9",,
547,502110,"Martinez, J.D.",2024,2052,26.7,0.296,0.288,0.33,0.584,0.402,0.423,0.326,37,125,90.6,13.1,2250,88.9,89.35,81,274,273,0.5,6.53,110,147,119,144,304,323,294,"-7.6","7.6","70.937647649","8.357320598"
548,593160,"Merrifield, Whit",2023,2200,24.9,0.296,0.17,0.33,0.467,0.336,0.297,0.257,40,135,85.4,13.4,2303,89.2,89.31,58,286,262,0.09999999999999432,6.45,109,148,114,145,297,317,284,"-1.8","1.8",,
460,595879,"Báez, Javier",2022,2092,22,0.296,0.2,0.341,0.496,0.353,0.313,0.247,37,125,87,9.5,2284,87.7,87.67,103,274,186,0,6.29,109,150,117,146,300,325,292,"-4.7","4.7",,
139,591971,"Valera, Breyvic",2021,411,33.8,0.296,0.074,0.333,0.37,0.291,0.275,0.255,8,27,84.9,9.7,2184,88.9,88.76,5,60,79,-0.10000000000000853,6.28,106,145,106,144,289,317,289,"-0.1","0.1",,
344,488726,"Brantley, Michael",2021,1868,18.4,0.296,0.133,0.326,0.429,0.324,0.349,0.3,29,98,88.9,8.8,2111,88.6,88.62,18,161,183,0,6.32,117,147,111,147,286,323,299,"-1.2","1.2",,
337,628450,"Hernandez, Yadiel",2022,1303,25.9,0.296,0.148,0.367,0.444,0.333,0.332,0.25,24,81,88,2.4,2206,88.4,88.5,56,183,154,0.09999999999999432,6.38,116,147,110,148,294,319,301,"-1.3","1.3",,
218,657757,"Sheets, Gavin",2021,809,26.9,0.295,0.295,0.333,0.591,0.383,0.342,0.257,13,44,88.2,7.5,2124,89.7,89.75,28,110,108,0.09999999999999432,6.25,114,152,110,145,292,322,301,"-1.4","1.4",,
278,656896,"Rivera, Emmanuel",2023,1132,24.6,0.295,0.082,0.34,0.377,0.308,0.296,0.264,18,61,90.8,16.2,2266,89.8,90.16,38,138,140,0.4000000000000057,6.49,109,147,117,143,304,325,292,"1.3","-1.3",,
340,516770,"Castro, Starlin",2021,1292,26.3,0.295,0.102,0.325,0.398,0.309,0.373,0.33,26,88,88.6,9.8,2224,89.2,89.26,23,163,177,0.09999999999999432,6.31,108,149,116,146,302,315,289,"1.1","-1.1",,
395,606132,"Tapia, Raimel",2021,1973,20,0.295,0.114,0.312,0.41,0.308,0.282,0.265,31,105,85.7,-0.2,2247,89.5,89.77,33,223,172,0.29999999999999716,6.28,116,146,108,146,291,325,306,"3.9","-3.9",,
229,624503,"Gordon, Nick",2024,1008,22.7,0.295,0.311,0.317,0.607,0.377,0.306,0.239,18,61,87.8,10.1,2148,88.8,89.01,48,149,80,0.20000000000000284,6.49,113,142,105,147,289,317,296,"-5","5","66.538311805","7.154388722"
313,500743,"Rojas, Miguel",2024,1211,25.8,0.295,0.026,0.315,0.321,0.306,0.352,0.332,23,78,83.3,9,2263,89.1,89.53,12,158,155,0.4000000000000057,6.5,109,146,114,144,301,316,286,"2.5","-2.5","64.098757413","6.586242308"
274,608703,"Reynolds, Matt",2022,1080,25.4,0.295,0.098,0.486,0.393,0.327,0.253,0.21,18,61,88.2,4.3,2301,88.2,88.16,40,109,165,0,6.45,109,148,117,145,297,314,285,"-1.5","1.5",,
156,502210,"Reddick, Josh",2021,589,26.5,0.295,0.114,0.364,0.409,0.304,0.26,0.26,13,44,82.2,16.8,2272,88.8,88.84,26,93,63,0,6.31,119,154,111,148,295,321,303,"-1","1",,
370,664056,"Bader, Harrison",2021,1586,23.3,0.295,0.227,0.333,0.523,0.369,0.325,0.248,26,88,87.8,13.9,2235,88.4,88.57,40,184,186,0.19999999999998863,6.32,107,146,109,140,304,321,293,"-4.7","4.7",,
199,642851,"Wynns, Austin",2022,703,28.3,0.295,0.136,0.353,0.432,0.331,0.31,0.259,13,44,85.7,13.9,2289,88,88.1,17,82,117,0.09999999999999432,6.37,113,147,116,143,300,316,286,"-3.8","3.8",,
452,668942,"Rojas, Josh",2022,2033,22.2,0.295,0.084,0.368,0.379,0.338,0.293,0.213,28,95,82.5,5.2,2240,88.7,88.6,57,196,256,-0.10000000000000853,6.31,112,144,102,145,289,321,301,"-2.1","2.1",,
222,624512,"McGuire, Reese",2022,967,23,0.295,0.098,0.378,0.393,0.298,0.236,0.229,18,61,78.1,10.1,2287,89.2,89.09,33,133,89,-0.10000000000000853,6.27,112,150,107,148,281,316,298,"3.4","-3.4",,
707,518692,"Freeman, Freddie",2024,2522,28,0.295,0.201,0.298,0.497,0.373,0.406,0.307,44,149,89.2,16.1,2239,89.6,89.93,68,371,336,0.30000000000001137,6.42,120,144,115,147,293,320,301,"-12.2","12.2","68.388702801","6.713125663"
674,670623,"Paredes, Isaac",2023,2366,28.5,0.295,0.228,0.313,0.523,0.394,0.324,0.246,44,149,86.3,22.7,2273,89.4,89.37,56,335,338,0,6.37,109,147,118,143,298,325,292,"-19.4","19.4",,
319,607054,"Peterson, Jace",2021,1295,24.6,0.295,0.131,0.34,0.426,0.365,0.347,0.254,18,61,84.5,10.9,2216,88.4,88.46,30,131,188,0.09999999999999432,6.23,116,145,106,146,291,318,298,"-4.4","4.4",,
300,670032,"Lopez, Nicky",2024,1628,18.4,0.295,0.077,0.348,0.372,0.326,0.268,0.236,23,78,79.2,5,2304,89.1,89.56,20,146,154,0.5,6.55,113,143,102,146,277,309,296,"-5.6","5.6","60.454522701","6.393795474"
576,694671,"Langford, Wyatt",2024,2256,25.5,0.294,0.254,0.345,0.548,0.386,0.348,0.265,37,126,88.5,14.5,2251,88.8,88.87,61,252,324,0.10000000000000853,6.45,108,147,117,143,301,324,293,"-10.3","10.3","72.076654802","6.936962687"
469,541645,"García, Avisaíl",2021,1756,26.7,0.294,0.151,0.341,0.445,0.347,0.366,0.287,35,119,89.4,6.5,2289,89,89.16,102,270,199,0.20000000000000284,6.32,108,147,117,143,304,321,291,"-8.1","8.1",,
251,542194,"Bethancourt, Christian",2022,1106,22.7,0.294,0.147,0.346,0.441,0.333,0.345,0.288,20,68,89.4,13.1,2280,88.2,88.17,48,155,96,0,6.32,111,152,120,148,301,324,290,"-1.6","1.6",,
87,664058,"Fletcher, David",2022,730,11.9,0.294,0.088,0.303,0.382,0.305,0.282,0.277,10,34,78.5,15.9,2229,88.7,88.82,5,55,32,0.09999999999999432,6.47,110,145,106,142,290,304,275,"0.5","-0.5",,
142,542932,"Berti, Jon",2020,585,24.3,0.294,0.059,0.4,0.353,0.327,0.295,0.255,10,34,78.6,4.1,2302,87.8,88.04,12,63,79,0.20000000000000284,6.47,105,145,110,139,302,310,280,"2.2","-2.2",,
223,678894,"Peguero, Liover",2023,811,27.5,0.294,0.118,0.433,0.412,0.333,0.288,0.229,15,51,86.5,0.7,2222,89.1,89.25,36,116,107,0.10000000000000853,6.38,107,146,115,144,306,319,287,"-0.3","0.3",,
66,672569,"Campero, Gustavo",2024,177,37.3,0.294,0.176,0.308,0.471,0.369,0.313,0.255,5,17,79.2,13,2143,90.7,90.87,9,40,26,0.20000000000000284,6.51,110,143,98,144,287,318,295,"-1.4","1.4","61.090762368","6.179891053"
204,624414,"Arroyo, Christian",2023,734,27.8,0.294,0.118,0.385,0.412,0.32,0.323,0.248,15,51,83.3,7.2,2271,90.1,90.26,34,129,75,0.20000000000000284,6.41,111,146,116,144,289,321,291,"-2","2",,
132,519299,"Sogard, Eric",2021,679,19.4,0.294,0.059,0.345,0.353,0.275,0.242,0.238,10,34,83.6,7.9,2229,89.8,89.9,6,60,72,0.10000000000000853,6.3,114,144,103,145,275,308,289,"2.7","-2.7",,
216,671277,"García Jr., Luis",2021,846,25.5,0.294,0.103,0.339,0.397,0.313,0.265,0.248,20,68,87,4.5,2255,87.9,87.89,26,114,102,0,6.28,116,148,107,149,290,317,299,"0.3","-0.3",,
135,676694,"Meyers, Jake",2022,635,21.3,0.294,0.029,0.357,0.324,0.286,0.359,0.306,10,34,84.5,6.7,2288,87.6,87.45,15,66,69,-0.09999999999999432,6.32,109,151,115,148,295,322,286,"1.4","-1.4",,
542,606115,"Arcia, Orlando",2023,2132,25.4,0.294,0.079,0.36,0.373,0.325,0.294,0.249,37,126,87.5,6.1,2257,89.4,89.88,65,262,280,0.5,6.52,111,148,118,145,306,323,291,"0.8","-0.8",,
66,608686,"Mayfield, Jack",2022,255,25.9,0.294,0.118,0.385,0.412,0.302,0.195,0.201,5,17,86.6,15.8,2166,88.4,88.36,7,35,31,0,6.36,102,144,108,141,299,319,292,"1.2","-1.2",,
506,682985,"Greene, Riley",2024,2415,21,0.294,0.227,0.38,0.521,0.364,0.338,0.254,35,119,90.2,8.5,2248,89,89.26,57,243,263,0.29999999999999716,6.43,116,142,112,146,293,325,300,"-7.7","7.7","72.807865135","6.978078198"
275,453568,"Blackmon, Charlie",2023,1518,18.1,0.294,0.191,0.286,0.485,0.375,0.325,0.24,20,68,84.1,19.8,2283,89.2,89.8,30,146,129,0.5999999999999943,6.42,117,143,111,148,295,329,303,"-9","9",,
267,602104,"Urías, Ramón",2024,1150,23.2,0.294,0.162,0.327,0.456,0.341,0.286,0.231,20,68,85.3,16,2319,89.1,89.4,40,141,126,0.30000000000001137,6.5,108,145,115,141,302,321,287,"-1","1","68.226624","7.402515259"
156,592567,"Moran, Colin",2022,530,29.4,0.294,0.176,0.32,0.471,0.357,0.304,0.216,10,34,88.6,6.7,2218,87.6,87.98,21,68,88,0.4000000000000057,6.54,115,154,116,145,289,314,296,"-1.4","1.4",,
440,624428,"Frazier, Adam",2023,1750,25.1,0.294,0.255,0.284,0.549,0.394,0.344,0.284,30,102,83.9,11.7,2267,90,90.24,43,212,228,0.20000000000000284,6.47,115,142,104,146,286,317,295,"-9.4","9.4",,
146,671277,"García Jr., Luis",2020,505,28.9,0.293,0.146,0.355,0.439,0.338,0.303,0.238,12,41,84.7,-6.1,2205,87.6,88.11,25,78,68,0.5,6.58,109,143,105,148,287,316,303,"-1.3","1.3",,
464,663457,"Nootbaar, Lars",2023,2074,22.4,0.293,0.13,0.313,0.424,0.364,0.399,0.293,27,92,90.8,6,2219,89.3,89.56,30,172,292,0.29999999999999716,6.47,118,144,107,147,293,320,301,"-4.3","4.3",,
369,691718,"Crow-Armstrong, Pete",2024,1421,26,0.293,0.196,0.358,0.489,0.351,0.315,0.247,27,92,85,10,2218,88.5,88.84,66,228,141,0.29999999999999716,6.42,113,142,97,145,289,318,299,"-4.2","4.2","65.23433473","6.758578243"
252,670032,"Lopez, Nicky",2023,1022,24.7,0.293,0.121,0.333,0.414,0.351,0.332,0.279,17,58,82.7,-5,2163,89.5,89.9,36,133,119,0.4000000000000057,6.44,115,144,101,146,281,314,301,"-3.4","3.4",,
166,443558,"Cruz, Nelson",2023,566,29.3,0.293,0.146,0.44,0.439,0.314,0.302,0.266,12,41,94.7,11.5,2272,88.9,88.98,41,94,72,0.09999999999999432,6.41,108,149,121,145,304,324,294,"-3.2","3.2",,
583,592192,"Canha, Mark",2021,2642,22.1,0.293,0.086,0.344,0.379,0.357,0.351,0.268,34,116,87.2,12.3,2239,87.6,87.67,47,258,325,0.10000000000000853,6.34,109,149,117,145,298,322,291,"-8.8","8.8",,
329,622534,"Margot, Manuel",2023,1225,26.9,0.293,0.098,0.338,0.39,0.306,0.318,0.28,24,82,85.6,7.4,2305,89.2,89.36,42,180,149,0.20000000000000284,6.47,107,147,110,145,299,322,287,"4.7","-4.7",,
440,662139,"Varsho, Daulton",2022,2321,19,0.293,0.212,0.32,0.505,0.36,0.325,0.239,29,99,83.6,12.6,2217,88.2,88.09,65,261,179,-0.10000000000000853,6.29,113,148,104,146,292,323,299,"-9","9",,
906,642715,"Adames, Willy",2024,2733,33.2,0.293,0.365,0.324,0.657,0.442,0.412,0.274,53,181,90.3,17.5,2261,89.4,89.83,152,463,443,0.3999999999999915,6.51,107,146,117,142,303,321,293,"-32.8","32.8","72.401282111","8.076418089"
239,641914,"Neuse, Sheldon",2022,1160,20.6,0.293,0.155,0.375,0.448,0.343,0.253,0.21,17,58,88.9,-6.8,2254,88.3,88.26,35,121,118,0,6.35,110,148,116,145,299,318,286,"-6.9","6.9",,
376,669221,"Murphy, Sean",2021,1694,22.2,0.293,0.16,0.4,0.453,0.37,0.362,0.256,22,75,86.5,13.2,2289,88.5,88.58,36,163,213,0.09999999999999432,6.37,110,149,119,144,301,323,292,"-9.6","9.6",,
537,592663,"Realmuto, J.T.",2021,2096,25.6,0.293,0.172,0.39,0.466,0.372,0.326,0.237,34,116,90.3,10.8,2257,88.8,88.88,78,266,271,0.10000000000000853,6.36,108,148,117,144,299,322,291,"-5.6","5.6",,
203,686469,"Pasquantino, Vinnie",2023,1013,20,0.292,0.167,0.31,0.458,0.366,0.366,0.307,14,48,88.9,18.8,2229,88.5,88.81,16,100,103,0.29999999999999716,6.48,118,142,113,147,301,328,306,"-1.5","1.5",,
524,516416,"Segura, Jean",2021,2182,24,0.292,0.133,0.31,0.425,0.344,0.315,0.225,33,113,84,7.3,2229,89.2,89.21,36,244,280,0,6.32,109,147,111,146,299,315,280,"-1.7","1.7",,
529,592206,"Castellanos, Nick",2022,2066,25.6,0.292,0.108,0.337,0.4,0.329,0.325,0.28,38,130,86.3,9,2264,88,88.02,91,311,218,0,6.35,110,149,119,144,301,322,291,"-0.1","0.1",,
598,680757,"Kwan, Steven",2023,2843,21,0.292,0.073,0.299,0.365,0.312,0.327,0.308,40,137,84.3,11.8,2262,89.5,89.82,26,272,326,0.29999999999999716,6.46,115,143,104,145,276,309,293,"-0.9","0.9",,
297,671732,"Butler, Lawrence",2024,1815,16.4,0.292,0.169,0.309,0.462,0.352,0.374,0.295,19,65,91.4,11.8,2209,89.9,89.85,32,149,148,-0.10000000000000853,6.28,117,145,108,148,290,319,301,"-6.2","6.2","72.642544615","6.925717538"
98,592325,"Gamel, Ben",2020,513,19.1,0.292,0.375,0.313,0.667,0.404,0.383,0.285,7,24,87.7,13.2,2284,88.5,88.61,14,50,48,0.09999999999999432,6.31,116,148,110,149,287,316,296,"-0.7","0.7",,
236,666185,"Carlson, Dylan",2023,1047,22.5,0.292,0.146,0.333,0.438,0.361,0.307,0.212,14,48,85.9,14.6,2297,88.7,89.16,30,97,139,0.5,6.43,115,147,111,148,296,321,299,"0.9","-0.9",,
227,608577,"Mazara, Nomar",2021,776,29.3,0.292,0.125,0.333,0.417,0.333,0.262,0.217,14,48,87.7,8.8,2278,88.5,88.49,29,121,105,0,6.3,117,151,112,147,293,324,299,"-2.2","2.2",,
445,571657,"Farmer, Kyle",2021,1955,22.8,0.292,0.159,0.323,0.451,0.33,0.279,0.25,33,113,85,19.2,2264,88.8,89.05,50,241,204,0.20000000000000284,6.38,107,148,116,144,296,318,287,"-3.7","3.7",,
96,572039,"Piscotty, Stephen",2022,554,17.3,0.292,0.292,0.278,0.583,0.369,0.329,0.26,7,24,94.6,16.5,2249,88.8,88.78,20,60,36,0,6.35,105,149,116,144,301,319,289,"0.3","-0.3",,
387,647351,"Toro, Abraham",2021,1502,25.8,0.292,0.125,0.297,0.417,0.37,0.375,0.281,21,72,87.7,12.8,2158,89.6,89.54,29,188,199,-0.09999999999999432,6.29,112,148,113,145,291,318,290,"-11.9","11.9",,
589,656555,"Hoskins, Rhys",2022,2897,20.3,0.292,0.233,0.354,0.525,0.384,0.343,0.241,35,120,87.2,15.5,2208,88.6,88.63,75,257,332,0,6.37,108,149,118,144,297,321,292,"-11.6","11.6",,
499,527038,"Flores, Wilmer",2022,2426,20.6,0.292,0.255,0.27,0.547,0.392,0.354,0.264,31,106,87.2,20.6,2248,88.9,89.05,41,238,261,0.09999999999999432,6.38,109,148,118,144,299,318,289,"-14","14",,
115,641786,"Lewis, Kyle",2021,604,19,0.292,0.25,0.417,0.542,0.388,0.314,0.221,7,24,90.6,24.9,2317,88.1,87.95,21,54,61,-0.19999999999998863,6.24,112,150,120,146,299,323,291,"-1.2","1.2",,
212,457705,"McCutchen, Andrew",2020,974,21.8,0.292,0.208,0.314,0.5,0.361,0.358,0.271,14,48,89.1,16.4,2243,88.7,88.89,18,93,119,0.20000000000000284,6.39,104,146,115,142,300,319,284,"-3.6","3.6",,
392,642133,"Tellez, Rowdy",2024,1666,23.5,0.292,0.157,0.301,0.449,0.339,0.309,0.237,26,89,86.9,17.2,2202,89.4,89.74,39,175,217,0.29999999999999716,6.51,118,142,114,146,295,321,303,"-9","9","71.972956731","7.960299679"
728,668227,"Arozarena, Randy",2023,2679,27.2,0.292,0.136,0.357,0.429,0.351,0.364,0.27,45,154,91.9,9.6,2266,89.5,89.52,98,336,392,0,6.4,109,146,116,143,301,327,292,"-11.9","11.9",,
90,621446,"Brinson, Lewis",2020,429,21,0.292,0.167,0.375,0.458,0.347,0.26,0.196,7,24,88.9,5.4,2267,86.7,87.11,18,49,41,0.3999999999999915,6.58,110,147,114,144,302,321,292,"-1.6","1.6",,
385,682985,"Greene, Riley",2022,1716,22.4,0.291,0.093,0.373,0.384,0.316,0.322,0.269,25,86,90.9,-0.6,2247,88.3,88.3,45,198,187,0,6.32,115,146,108,148,287,318,298,"-3.8","3.8",,
546,668939,"Rutschman, Adley",2024,2593,21.1,0.291,0.165,0.311,0.457,0.33,0.329,0.28,37,127,89.7,19.2,2231,88.4,88.66,42,255,291,0.29999999999999716,6.45,118,144,115,146,296,323,296,"-9.7","9.7","67.488276446","6.893059298"
584,543333,"Hosmer, Eric",2021,2200,26.5,0.291,0.146,0.336,0.437,0.337,0.328,0.275,44,151,90,5.9,2250,89,88.94,70,295,289,-0.09999999999999432,6.3,120,152,114,149,293,322,305,"-6.4","6.4",,
740,467793,"Santana, Carlos",2023,2463,30,0.291,0.222,0.305,0.513,0.382,0.332,0.253,46,158,88,18,2234,88.8,89.14,80,341,399,0.29999999999999716,6.5,115,144,115,146,299,322,295,"-9.9","9.9",,
218,676701,"Trejo, Alan",2023,875,24.9,0.291,0.109,0.326,0.4,0.319,0.334,0.309,16,55,84.2,14.8,2292,88.2,88.54,24,118,100,0.29999999999999716,6.33,109,146,113,145,305,326,291,"-3.9","3.9",,
492,663697,"India, Jonathan",2024,2652,18.6,0.291,0.163,0.301,0.453,0.387,0.422,0.324,25,86,86.9,10.3,2266,88.9,89.28,35,185,307,0.3999999999999915,6.48,111,148,118,145,300,319,288,"-12.3","12.3","69.369582771","7.077065181"
498,545341,"Grichuk, Randal",2022,1977,25.2,0.291,0.228,0.306,0.52,0.361,0.332,0.27,37,127,89.1,8.1,2291,89.3,89.67,70,257,241,0.4000000000000057,6.37,107,149,117,145,306,324,295,"-8.5","8.5",,
280,595751,"Alfaro, Jorge",2021,1105,25.3,0.29,0.145,0.422,0.435,0.352,0.357,0.278,20,69,92.1,2.4,2253,88.5,88.38,52,163,117,-0.09999999999999432,6.36,109,147,115,144,305,321,289,"-2.2","2.2",,
429,596115,"Story, Trevor",2022,1575,27.2,0.29,0.29,0.319,0.58,0.38,0.33,0.237,29,100,85.4,15.2,2255,89.2,89.13,68,224,205,-0.10000000000000853,6.34,107,149,117,144,294,320,292,"-9.1","9.1",,
138,605170,"Caratini, Victor",2020,541,25.5,0.29,0.065,0.391,0.355,0.339,0.337,0.262,9,31,90.8,6.7,2274,87,87.46,11,58,80,0.5,6.47,113,147,109,145,289,319,301,"-1.2","1.2",,
386,669304,"Miranda, Jose",2024,1540,25.1,0.29,0.183,0.316,0.473,0.347,0.297,0.228,27,93,85.8,14.5,2275,88.8,89.04,46,188,198,0.20000000000000284,6.44,107,145,116,140,298,321,290,"-4.2","4.2","68.501632045","7.50335858"
300,664774,"Wade Jr., LaMonte",2024,1639,18.3,0.29,0.081,0.304,0.371,0.339,0.376,0.294,18,62,88.7,7.4,2219,88.8,89.08,23,124,176,0.29999999999999716,6.44,118,144,111,147,291,319,300,"-3.1","3.1","71.843493947","6.704884123"
119,650907,"Pinto, René",2023,398,29.9,0.29,0.484,0.235,0.774,0.445,0.453,0.331,9,31,93.6,16.8,2306,88.5,88.26,19,66,53,-0.20000000000000284,6.29,111,147,116,145,300,326,290,"-1.4","1.4",,
628,571448,"Arenado, Nolan",2022,2330,27,0.29,0.213,0.302,0.503,0.373,0.331,0.258,45,155,88.9,22,2299,88.9,89.03,61,310,318,0.09999999999999432,6.39,108,148,119,144,305,324,297,"-9.8","9.8",,
243,677551,"Franco, Wander",2022,1216,20,0.29,0.081,0.295,0.371,0.299,0.265,0.229,18,62,83.4,13.7,2114,89.4,89.27,14,128,115,-0.10000000000000853,6.28,116,145,109,145,288,321,300,"2.8","-2.8",,
281,572233,"Walker, Christian",2020,962,29.2,0.29,0.194,0.296,0.484,0.349,0.353,0.279,18,62,89,13.4,2323,89,88.93,36,146,135,-0.09999999999999432,6.3,111,149,118,142,305,326,296,"-2.8","2.8",,
546,677951,"Witt Jr., Bobby",2023,2701,20.2,0.29,0.225,0.293,0.514,0.334,0.34,0.294,40,138,89,16,2271,89.1,89.61,68,279,267,0.5,6.53,108,145,114,141,307,327,294,"-2","2",,
299,543105,"Dickerson, Alex",2021,1229,24.3,0.29,0.319,0.26,0.609,0.404,0.441,0.336,20,69,87.5,19.8,2320,88.4,88.5,40,157,142,0.09999999999999432,6.29,119,154,112,150,293,321,301,"-6","6",,
304,670097,"Short, Zack",2023,1027,29.6,0.29,0.226,0.341,0.516,0.384,0.37,0.257,18,62,83.1,18.4,2266,89.1,89.5,34,135,169,0.4000000000000057,6.46,105,143,109,138,297,323,288,"-3.6","3.6",,
103,644374,"Chang, Yu",2023,379,27.2,0.29,0.129,0.364,0.419,0.329,0.276,0.25,9,31,91.3,7.1,2291,87.5,87.81,22,57,46,0.29999999999999716,6.54,109,146,113,142,287,320,296,"-2.6","2.6",,
530,668804,"Reynolds, Bryan",2023,2524,21,0.29,0.234,0.309,0.524,0.366,0.356,0.287,36,124,91.7,10.5,2196,88.9,89.23,72,255,275,0.29999999999999716,6.44,116,147,115,147,300,320,294,"-9.5","9.5",,
304,606992,"Haase, Eric",2022,1376,22.1,0.29,0.217,0.32,0.507,0.355,0.358,0.303,20,69,89.8,16.5,2268,88.2,88.19,50,159,145,0,6.28,109,150,117,145,296,320,289,"-5","5",,
320,666023,"Fermin, Freddy",2024,1434,22.3,0.289,0,0.338,0.289,0.282,0.293,0.274,22,76,84.8,8.8,2315,88.9,89.31,41,164,156,0.3999999999999915,6.45,109,149,117,146,302,321,293,"-0.7","0.7","67.864378903","7.262771935"
642,630105,"Cronenworth, Jake",2022,2665,24.1,0.289,0.207,0.324,0.496,0.367,0.303,0.217,39,135,88,22.2,2232,89.5,89.46,49,277,365,0,6.34,115,147,111,148,287,319,303,"-15.2","15.2",,
411,516782,"Marte, Starling",2022,1920,21.4,0.289,0.093,0.355,0.381,0.342,0.331,0.276,28,97,84.7,2.9,2267,89.3,89.51,48,205,206,0.20000000000000284,6.46,109,147,111,143,295,317,286,"-8.5","8.5",,
200,606115,"Arcia, Orlando",2022,920,21.7,0.289,0.2,0.314,0.489,0.361,0.372,0.286,13,45,89,8.3,2275,89.2,89.45,29,94,106,0.29999999999999716,6.48,109,148,114,144,301,320,286,"0.3","-0.3",,
208,641487,"Crawford, J.P.",2020,935,22.2,0.289,0.133,0.308,0.422,0.329,0.297,0.245,13,45,82.2,4.5,2220,89.1,89.17,12,89,119,0.10000000000000853,6.32,116,144,106,146,283,312,295,"-2","2",,
303,681481,"Carpenter, Kerry",2024,1131,26.8,0.289,0.355,0.3,0.645,0.398,0.385,0.272,22,76,90.3,19.5,2278,88.4,88.69,46,159,144,0.29999999999999716,6.46,115,142,111,148,290,325,298,"-7.9","7.9","69.388209669","7.420513974"
147,521692,"Perez, Salvador",2020,563,26.1,0.289,0.237,0.409,0.526,0.35,0.317,0.233,11,38,89.3,16.1,2279,87.2,87.4,28,85,62,0.20000000000000284,6.27,108,143,115,140,306,325,291,"-2.5","2.5",,
364,553882,"Narváez, Omar",2021,1625,22.4,0.289,0.12,0.31,0.41,0.339,0.324,0.234,24,83,86.4,20,2258,88.8,88.96,37,181,183,0.20000000000000284,6.26,115,153,110,145,289,318,300,"-2.6","2.6",,
498,596129,"Vogelbach, Daniel",2022,2102,23.7,0.289,0.133,0.407,0.422,0.358,0.328,0.237,26,90,89.5,10,2282,89.4,89.51,33,164,334,0.09999999999999432,6.37,116,156,114,148,292,321,302,"-3.2","3.2",,
326,672820,"Sosa, Lenyn",2024,1377,23.7,0.289,0.237,0.321,0.526,0.364,0.373,0.308,22,76,88.1,10.7,2301,89.2,89.54,45,187,139,0.29999999999999716,6.5,112,149,118,147,299,319,288,"-4.7","4.7","69.50512773","7.227205514"
330,641313,"Anderson, Tim",2023,1942,17,0.289,0.066,0.379,0.355,0.32,0.298,0.231,22,76,86.4,4.6,2248,88.8,89.17,47,166,164,0.4000000000000057,6.45,108,145,115,142,302,318,284,"3.2","-3.2",,
718,646240,"Devers, Rafael",2023,2579,27.8,0.289,0.224,0.316,0.513,0.383,0.381,0.277,44,152,93.4,10.4,2283,89.7,89.96,94,370,348,0.29999999999999716,6.47,118,144,116,149,285,324,304,"-9.9","9.9",,
650,593428,"Bogaerts, Xander",2021,2505,25.9,0.289,0.185,0.311,0.474,0.349,0.381,0.298,39,135,89.2,13.9,2233,87.8,87.84,77,305,345,0,6.29,107,146,116,142,292,322,295,"-3.8","3.8",,
186,630105,"Cronenworth, Jake",2020,754,24.7,0.289,0.237,0.29,0.526,0.388,0.414,0.299,11,38,90.2,15.8,2230,88.7,88.58,11,77,109,-0.10000000000000853,6.18,116,152,111,149,286,323,306,"-3.2","3.2",,
354,668942,"Rojas, Josh",2023,1350,26.2,0.289,0.079,0.339,0.368,0.322,0.32,0.259,22,76,86.3,7.5,2240,88.5,88.78,32,163,191,0.29999999999999716,6.43,112,142,103,146,288,320,298,"-1.8","1.8",,
191,607680,"Pillar, Kevin",2023,756,25.3,0.289,0.222,0.324,0.511,0.338,0.274,0.243,13,45,86,22.3,2274,88.9,89.14,26,105,86,0.19999999999998863,6.45,110,146,117,143,301,323,290,"-3.3","3.3",,
535,571745,"Haniger, Mitch",2021,2775,19.3,0.288,0.328,0.273,0.616,0.377,0.386,0.291,36,125,90.6,13.1,2213,87.6,87.64,70,266,269,0,6.29,109,149,118,144,300,322,291,"-18.1","18.1",,
288,677551,"Franco, Wander",2021,1101,26.2,0.288,0.082,0.317,0.37,0.324,0.307,0.263,21,73,86.6,5.4,2159,89.4,89.68,22,140,148,0.29999999999999716,6.5,112,144,110,144,288,321,297,"-6.4","6.4",,
276,649557,"Díaz, Aledmys",2022,1178,23.4,0.288,0.164,0.281,0.452,0.338,0.36,0.319,21,73,86.4,8.9,2256,87.9,87.76,33,145,131,-0.10000000000000853,6.28,109,149,115,144,293,322,290,"-2.5","2.5",,
468,677594,"Rodríguez, Julio",2022,2084,22.5,0.288,0.216,0.371,0.505,0.376,0.372,0.269,32,111,94.2,9.7,2259,88.6,88.57,69,227,241,0,6.24,109,148,117,144,301,321,289,"-14.6","14.6",,
207,680718,"Barger, Addison",2024,859,24.1,0.288,0.25,0.342,0.538,0.355,0.365,0.3,15,52,92.2,15.3,2238,88.6,88.7,24,96,111,0.10000000000000853,6.38,116,143,113,147,288,321,296,"-4.2","4.2","73.065484632","7.520245684"
476,687263,"Neto, Zach",2024,2289,20.8,0.288,0.207,0.338,0.495,0.387,0.388,0.28,32,111,87.1,6.8,2281,88.9,89.06,72,247,229,0.19999999999998863,6.46,109,148,114,143,301,322,292,"-14.6","14.6","68.234629633","6.977617844"
426,663624,"Mountcastle, Ryan",2024,1901,22.4,0.288,0.135,0.35,0.423,0.322,0.33,0.28,30,104,89.8,10.8,2358,89.4,89.52,61,250,176,0.09999999999999432,6.4,107,147,118,145,305,325,291,"-4.6","4.6","73.354592208","7.461216926"
752,606192,"Hernández, Teoscar",2024,2608,28.8,0.288,0.259,0.388,0.547,0.4,0.373,0.257,49,170,91.5,10.2,2298,89.2,89.39,145,385,367,0.20000000000000284,6.41,109,148,119,144,303,322,295,"-14.7","14.7","71.720578694","7.715802789"
487,453568,"Blackmon, Charlie",2021,2144,22.7,0.288,0.18,0.306,0.468,0.352,0.379,0.307,40,139,87.3,9.4,2227,89.8,89.87,44,270,217,0.10000000000000853,6.18,115,151,110,148,298,329,307,"-1.7","1.7",,
339,643396,"Kiner-Falefa, Isiah",2023,1454,23.3,0.288,0.041,0.362,0.329,0.295,0.272,0.251,21,73,88.5,8.5,2289,89.5,89.74,34,167,172,0.20000000000000284,6.46,109,145,113,144,300,317,282,"-2.4","2.4",,
494,677800,"Abreu, Wilyer",2024,1806,27.4,0.287,0.183,0.366,0.47,0.338,0.296,0.215,33,115,90.9,18.9,2205,89.8,90.13,77,254,240,0.29999999999999716,6.52,117,143,109,147,284,321,304,"-2.3","2.3","73.04411951","7.325967061"
281,605612,"Castro, Harold",2021,1173,24,0.287,0.037,0.359,0.325,0.27,0.308,0.301,23,80,84.9,6.5,2247,89,89.28,49,181,100,0.29999999999999716,6.4,111,144,102,146,284,316,295,"5.3","-5.3",,
443,672695,"Perdomo, Geraldo",2024,1580,28,0.287,0.085,0.321,0.372,0.323,0.273,0.214,27,94,82.5,15.9,2326,90.1,90.33,31,206,237,0.20000000000000284,6.42,113,144,107,146,289,319,294,"0.2","-0.2","63.257409101","6.584916085"
362,680757,"Kwan, Steven",2024,2165,16.7,0.287,0.087,0.301,0.375,0.355,0.352,0.29,23,80,82.3,13.4,2226,89.1,89.59,12,156,206,0.5,6.55,113,143,102,145,276,312,296,"-5.3","5.3","62.29859922","6.356247305"
727,669257,"Smith, Will",2022,2373,30.6,0.287,0.167,0.295,0.453,0.364,0.347,0.259,43,150,89.1,18.8,2290,89.1,89.2,66,323,404,0.10000000000000853,6.34,108,147,117,142,304,320,294,"-15","15",,
67,607054,"Peterson, Jace",2020,287,23.3,0.286,0.429,0.2,0.714,0.504,0.534,0.277,2,7,91.5,13.7,2307,88.4,88.75,9,24,43,0.3999999999999915,6.51,114,138,107,144,286,310,294,"-1.1","1.1",,
44,477132,"Kershaw, Clayton",2021,157,28,0.286,0,0.5,0.286,0.306,0.299,0.265,2,7,67.6,5.2,2447,89,89.28,7,29,15,0.29999999999999716,6.45,103,141,109,137,263,296,283,"1.1","-1.1",,
21,669137,"Alvarez, Armando",2024,139,15.1,0.286,0,0.333,0.286,0.252,0.421,0.437,2,7,77.1,13.5,2380,87.7,87.97,2,13,8,0.29999999999999716,6.47,110,144,110,141,303,318,293,"0.3","-0.3","64.139530833","6.589138333"
693,596019,"Lindor, Francisco",2022,2829,24.5,0.286,0.202,0.298,0.488,0.341,0.344,0.271,48,168,88.3,13.2,2267,88.9,88.89,82,372,321,0,6.36,111,144,108,143,292,319,295,"-10.1","10.1",,
36,666213,"Welker, Colton",2021,173,20.8,0.286,0.143,0.286,0.429,0.352,0.391,0.322,2,7,88,23.9,2136,87.7,87.73,1,17,19,0,6.16,108,151,116,144,300,322,286,"-0.6","0.6",,
413,669242,"Edman, Tommy",2021,2612,15.8,0.286,0.134,0.299,0.42,0.307,0.322,0.291,32,112,84.5,9.5,2198,88.6,88.65,34,227,186,0,6.28,114,147,105,148,294,317,297,"-1.2","1.2",,
431,660162,"Moncada, Yoán",2022,1725,25,0.286,0.255,0.328,0.541,0.386,0.317,0.225,28,98,88,17.4,2180,89.6,89.42,53,211,220,-0.19999999999998863,6.16,114,149,111,147,295,323,295,"-6.5","6.5",,
32,660634,"Hernández, Yonny",2023,111,28.8,0.286,0.143,0.4,0.429,0.266,0.216,0.228,2,7,66.7,27.8,2203,91.6,92.71,6,16,16,1.1000000000000085,6.82,106,143,104,146,286,304,289,"-0.5","0.5",,
413,666971,"Gurriel Jr., Lourdes",2022,1852,22.3,0.286,0.133,0.326,0.419,0.341,0.335,0.28,30,105,90.6,8.2,2292,89.8,89.87,41,208,205,0.10000000000000853,6.39,109,148,118,145,300,324,291,"-3.5","3.5",,
26,623323,"Bishop, Braden",2020,117,22.2,0.286,0.143,0.4,0.429,0.394,0.34,0.237,2,7,76.1,0.3,2354,88.3,87.76,4,14,12,-0.5,5.99,98,145,107,141,293,312,279,"-2","2",,
25,670912,"Oviedo, Johan",2021,80,31.3,0.286,0,0.5,0.286,0.251,0.129,0.143,2,7,90.1,-19.3,2156,89.6,90.04,5,13,12,0.4000000000000057,6.51,105,139,103,143,285,297,262,"0.5","-0.5",,
37,460077,"Butera, Drew",2021,144,25.7,0.286,0,0.333,0.286,0.22,0.389,0.396,2,7,59,-0.9,2261,87.8,87.93,6,25,12,0.10000000000000853,6.34,102,139,104,136,288,316,289,"0.6","-0.6",,
34,456124,"Kratz, Erik",2020,118,28.8,0.286,0,0.4,0.286,0.252,0.27,0.272,2,7,85.2,-1.6,2384,88.1,87.94,4,20,14,-0.19999999999998863,6.28,107,143,117,140,304,311,282,"0.7","-0.7",,
100,593643,"Alberto, Hanser",2023,273,36.6,0.286,0.214,0.292,0.5,0.345,0.274,0.249,8,28,75.3,12.7,2283,86.2,86.46,12,72,28,0.29999999999999716,6.43,104,146,111,140,294,320,286,"-1.4","1.4",,
67,676116,"Noda, Ryan",2024,499,13.4,0.286,0.071,0.4,0.357,0.33,0.351,0.249,4,14,76.6,16.3,2307,91.2,91.23,10,31,36,0,6.46,116,147,110,149,291,320,299,"-0.7","0.7","65.113980435","6.882562609"
92,596103,"Slater, Austin",2020,431,21.3,0.286,0.143,0.385,0.429,0.354,0.361,0.286,6,21,88.6,1.5,2275,88.1,88.02,10,41,51,-0.09999999999999432,6.09,112,148,116,146,301,319,288,"0.2","-0.2",,
84,678225,"Bae, Ji Hwan",2024,313,26.8,0.286,0,0.429,0.286,0.26,0.21,0.194,6,21,74.4,-18.8,2286,90.4,91,16,44,40,0.5999999999999943,6.63,114,146,101,149,280,313,301,"1.4","-1.4","66.349472791","6.613639302"
52,543829,"Strange-Gordon, Dee",2022,196,26.5,0.286,0,0.333,0.286,0.253,0.143,0.154,4,14,75.4,0.6,2156,89.8,89.95,6,31,21,0.20000000000000284,6.37,109,142,97,142,278,308,294,"1.9","-1.9",,
64,502481,"Dyson, Jarrod",2020,248,25.8,0.286,0,0.364,0.286,0.282,0.207,0.179,4,14,84.1,4.6,2353,89.7,90.02,7,30,34,0.29999999999999716,6.37,108,142,97,143,278,307,287,"0.8","-0.8",,
41,666164,"Rutherford, Blake",2023,135,30.4,0.286,0,0.4,0.286,0.308,0.223,0.165,2,7,94.3,-12,2272,89.5,89.98,7,24,17,0.5,6.56,117,142,104,148,286,315,296,"0.2","-0.2",,
28,623507,"Lester, Josh",2023,92,30.4,0.286,0,0.4,0.286,0.252,0.222,0.223,2,7,89.5,-1.2,2215,87.2,87.83,2,12,16,0.5999999999999943,6.57,117,148,114,153,295,323,301,"0","0",,
203,518735,"Grandal, Yasmani",2020,860,23.6,0.286,0.143,0.45,0.429,0.376,0.339,0.204,10,35,91.4,12.6,2199,88.2,88.28,19,65,138,0.09999999999999432,6.24,112,154,110,145,297,326,304,"-2","2",,
161,542303,"Ozuna, Marcell",2021,758,21.2,0.286,0.214,0.345,0.5,0.369,0.371,0.275,12,42,89.1,15.1,2232,89.5,89.79,17,78,83,0.29999999999999716,6.47,108,147,117,144,304,325,294,"-4.8","4.8",,
121,666464,"Encarnacion, Jerar",2024,490,24.7,0.286,0.286,0.316,0.571,0.361,0.386,0.291,8,28,94.8,11.9,2183,87.4,87.94,15,65,56,0.5,6.47,111,148,122,145,304,322,290,"-1","1","74.440188","7.895213231"
38,547170,"Delmonico, Nicky",2020,96,39.6,0.286,0,0.286,0.286,0.308,0.245,0.183,2,7,68.7,20.9,2186,87.7,88.11,2,18,20,0.3999999999999915,6.25,117,155,109,151,294,322,299,"-0.5","0.5",,
17,642201,"White, Eli",2024,160,10.6,0.286,0.143,0.5,0.429,0.305,0.145,0.119,2,7,72.6,22.8,2105,87.5,88.09,2,10,7,0.5999999999999943,6.54,111,148,114,146,308,318,282,"0.8","-0.8","65.742382222","6.414045556"
44,605233,"Fisher, Derek",2020,178,24.7,0.286,0,0.4,0.286,0.316,0.327,0.26,2,7,87.7,-4.6,2102,84.7,84.42,9,16,28,-0.29999999999999716,6.19,102,140,103,142,290,319,296,"1","-1",,
190,519058,"Moustakas, Mike",2021,792,24,0.286,0.071,0.333,0.357,0.332,0.307,0.214,12,42,84.9,8.3,2208,89.2,89.36,30,94,96,0.20000000000000284,6.31,117,157,113,149,293,323,298,"-0.6","0.6",,
110,658069,"Fuentes, Joshua",2020,380,28.9,0.286,0.179,0.389,0.464,0.296,0.207,0.202,8,28,78.9,5.5,2157,89.8,90,17,65,45,0.20000000000000284,6.33,105,148,115,144,304,324,291,"1.6","-1.6",,
691,547989,"Abreu, José",2021,2606,26.5,0.286,0.271,0.277,0.557,0.383,0.384,0.284,40,140,92.4,7.8,2221,89.6,89.7,87,359,332,0.10000000000000853,6.32,108,146,117,142,300,325,294,"-22.9","22.9",,
79,666018,"Aranda, Jonathan",2022,334,23.7,0.286,0,0.429,0.286,0.272,0.151,0.137,6,21,93,-3.3,2260,90.4,90.2,11,43,36,-0.20000000000000284,6.36,116,153,109,149,283,320,297,"0.4","-0.4",,
142,657061,"Tucker, Cole",2021,512,27.7,0.286,0.107,0.304,0.393,0.352,0.361,0.275,8,28,86.7,6.6,2158,87,87.08,19,66,76,0.09999999999999432,6.27,114,144,109,145,290,314,285,"-3.2","3.2",,
323,516416,"Segura, Jean",2022,1406,23,0.286,0.065,0.333,0.351,0.327,0.28,0.222,22,77,85.1,7.7,2217,89.8,89.73,30,148,175,-0.09999999999999432,6.28,108,149,114,146,296,319,286,"2.1","-2.1",,
364,573262,"Yastrzemski, Mike",2023,1573,23.1,0.286,0.26,0.354,0.545,0.38,0.329,0.244,22,77,88,15.5,2244,89.1,89.45,38,152,212,0.4000000000000057,6.42,119,145,107,148,291,320,299,"-2","2",,
416,643393,"Kemp, Tony",2022,2047,20.3,0.286,0.088,0.309,0.374,0.327,0.29,0.239,26,91,80.4,11.5,2259,89.4,89.44,24,216,200,0,6.35,113,145,100,147,279,312,296,"-7.2","7.2",,
597,668930,"Turang, Brice",2024,2470,24.2,0.286,0.177,0.311,0.463,0.33,0.292,0.268,42,147,81,1.6,2251,88.6,88.79,56,326,271,0.20000000000000284,6.42,110,141,99,144,285,314,298,"0.3","-0.3","62.973177456","5.897905575"
16,669369,"Johnson, Bryce",2022,57,28.1,0.286,0,0.5,0.286,0.253,0.234,0.249,2,7,92.7,26.3,2220,90.2,90.01,5,10,6,-0.20000000000000284,6.04,114,150,106,149,289,316,293,"0.3","-0.3",,
70,664728,"Isbel, Kyle",2021,321,21.8,0.286,0.143,0.333,0.429,0.338,0.26,0.204,6,21,83.2,20.9,2274,89.2,89.17,8,39,31,0,6.23,115,147,104,148,286,320,302,"0","0",,
20,613564,"Vosler, Jason",2024,120,16.7,0.286,0,0.333,0.286,0.252,0.438,0.381,2,7,94.3,20,2304,88.9,89.19,3,12,8,0.29999999999999716,6.41,123,145,118,149,283,320,296,"-0.1","0.1","70.887931","7.687954"
53,640449,"Frazier, Clint",2023,320,16.6,0.286,0,0.571,0.286,0.282,0.194,0.16,4,14,94.7,1.7,2259,88.7,88.85,9,29,24,0.20000000000000284,6.4,110,150,115,146,299,317,288,"0.8","-0.8",,
253,656252,"Bradley, Bobby",2021,1089,23.2,0.286,0.179,0.4,0.464,0.363,0.341,0.243,16,56,85.9,13.1,2255,88.2,88.28,54,126,127,0.09999999999999432,6.29,115,158,111,148,290,321,299,"-0.7","0.7",,
41,666165,"Sabol, Blake",2024,124,33.1,0.286,0.143,0.4,0.429,0.423,0.396,0.223,2,7,87,-5.6,2148,89.3,89.97,5,17,24,0.7000000000000028,6.49,118,143,112,147,290,323,299,"0.1","-0.1","69.572872941","7.244237647"
244,660821,"Sánchez, Jesús",2021,989,24.7,0.286,0.214,0.351,0.5,0.36,0.307,0.22,16,56,86.9,9.6,2195,89.3,89.23,34,129,115,-0.09999999999999432,6.32,112,148,109,146,289,319,299,"-1.4","1.4",,
33,605612,"Castro, Harold",2020,224,14.7,0.286,0,0.333,0.286,0.252,0.162,0.166,2,7,79.4,13.2,2258,92.3,92.21,4,21,12,-0.09999999999999432,6.18,112,145,104,144,284,322,290,"0.3","-0.3",,
238,669065,"Stowers, Kyle",2024,819,29.1,0.286,0.25,0.438,0.536,0.384,0.348,0.24,16,56,91.3,9.2,2158,89.3,89.65,51,136,102,0.29999999999999716,6.54,116,144,109,149,293,320,301,"-6.2","6.2","70.626360588","6.710328382"
63,672701,"Devers, José",2021,174,36.2,0.286,0.071,0.364,0.357,0.286,0.28,0.29,4,14,82.2,-6.2,2225,89,89.19,12,41,22,0.20000000000000284,6.48,109,145,105,144,281,306,288,"-0.1","0.1",,
35,570560,"Sánchez, Yolmer",2022,185,18.9,0.286,0,0.286,0.286,0.307,0.283,0.216,2,7,68.6,28.1,2206,88.4,88.44,2,16,19,0,6.33,107,141,98,146,274,317,298,"0.2","-0.2",,
26,670223,"Mervis, Matt",2024,98,26.5,0.286,0,0.4,0.286,0.252,0.245,0.266,2,7,86.9,0.4,1964,86.1,85.97,6,16,10,-0.09999999999999432,6.18,124,147,123,148,286,318,302,"0.7","-0.7","73.0613075","7.90446375"
106,656537,"Hill, Derek",2021,529,20,0.286,0.143,0.318,0.429,0.354,0.38,0.302,8,28,87,16.1,2192,87.8,87.71,6,55,51,-0.09999999999999432,6.2,102,147,106,144,293,314,282,"-0.8","0.8",,
78,602922,"Rondón, José",2021,377,20.7,0.286,0.286,0.3,0.571,0.373,0.321,0.244,4,14,84,24,2366,87.8,87.86,13,34,44,0.10000000000000853,6.3,108,148,113,144,304,320,291,"-0.8","0.8",,
615,680776,"Duran, Jarren",2024,2844,21.6,0.285,0.161,0.392,0.445,0.35,0.324,0.266,39,137,90.1,8.1,2260,90,90.22,87,293,322,0.20000000000000284,6.45,116,143,106,146,281,318,304,"-3.3","3.3","71.513261912","7.431691801"
682,670541,"Alvarez, Yordan",2021,2397,28.5,0.285,0.329,0.294,0.614,0.399,0.403,0.279,45,158,91.7,13.9,2183,87.6,87.63,57,290,392,0,6.36,120,158,114,149,293,329,302,"-14","14",,
478,665487,"Tatis Jr., Fernando",2023,2335,20.5,0.285,0.138,0.337,0.423,0.333,0.351,0.285,37,130,90.8,7.7,2261,89.1,89.23,78,258,220,0.10000000000000853,6.39,110,148,120,144,301,326,297,"-5.5","5.5",,
703,608324,"Bregman, Alex",2023,2789,25.2,0.285,0.192,0.293,0.477,0.397,0.376,0.268,43,151,87.9,16,2245,89.6,89.61,42,278,425,0,6.42,110,148,119,145,295,323,292,"-21.6","21.6",,
382,621043,"Correa, Carlos",2024,1375,27.8,0.284,0.148,0.31,0.432,0.337,0.307,0.241,23,81,89.3,10.2,2305,89.7,90.04,37,177,205,0.29999999999999716,6.47,109,149,121,146,298,322,291,"-6.3","6.3","72.119793415","7.185755915"
461,657136,"Wong, Connor",2024,1865,24.7,0.284,0.101,0.357,0.385,0.329,0.322,0.257,31,109,88.1,5.7,2261,89,89.2,68,248,213,0.20000000000000284,6.41,109,147,114,144,291,318,292,"-1.8","1.8","70.535256723","7.206110462"
570,570731,"Schoop, Jonathan",2021,2588,22,0.284,0.119,0.312,0.403,0.302,0.311,0.272,38,134,89.3,11.2,2226,89.4,89.44,77,314,256,0,6.33,107,148,118,144,298,324,291,"-0.8","0.8",,
281,663697,"India, Jonathan",2022,1733,16.2,0.284,0.164,0.362,0.448,0.355,0.305,0.237,19,67,87.4,19.2,2237,89.1,89.3,32,127,154,0.20000000000000284,6.42,111,146,115,141,293,312,289,"-8.1","8.1",,
515,656775,"Mullins, Cedric",2022,2460,20.9,0.284,0.172,0.303,0.455,0.332,0.33,0.271,38,134,85.8,22.4,2245,88.9,88.94,56,286,229,0,6.36,113,144,99,145,293,321,294,"-3.6","3.6",,
424,518735,"Grandal, Yasmani",2021,1669,25.4,0.284,0.358,0.279,0.642,0.443,0.423,0.255,19,67,94.4,20.2,2178,88.2,88.27,39,140,284,0.09999999999999432,6.28,115,155,114,147,293,324,299,"-13.8","13.8",,
526,660271,"Ohtani, Shohei",2021,2594,20.3,0.284,0.402,0.345,0.686,0.442,0.451,0.29,29,102,94.5,17.6,2183,88,88.08,98,261,265,0.09999999999999432,6.39,119,154,117,149,299,326,307,"-16.7","16.7",,
442,592626,"Pederson, Joc",2021,1918,23,0.284,0.2,0.329,0.484,0.346,0.325,0.234,27,95,90.4,18.4,2254,88.2,88.3,53,220,222,0.09999999999999432,6.31,119,156,112,148,294,322,298,"-6.3","6.3",,
354,672284,"Kelenic, Jarred",2024,1758,20.1,0.284,0.185,0.396,0.469,0.336,0.28,0.2,23,81,90,22.2,2185,88.9,89.28,77,182,172,0.3999999999999915,6.49,115,140,111,146,295,322,301,"-0.1","0.1","70.290962848","7.171476061"
581,660271,"Ohtani, Shohei",2024,2838,20.5,0.283,0.234,0.292,0.517,0.367,0.443,0.322,41,145,94.7,13.6,2225,89.1,89.34,83,308,273,0.20000000000000284,6.36,119,145,115,149,299,326,306,"-12.1","12.1","74.101753055","7.654325309"
519,666158,"Lux, Gavin",2024,1939,26.8,0.283,0.097,0.419,0.381,0.331,0.342,0.278,32,113,90.7,11,2249,89.4,89.72,64,225,294,0.29999999999999716,6.44,117,143,110,146,291,319,299,"-6.2","6.2","69.503924146","7.219122049"
199,488726,"Brantley, Michael",2022,1006,19.8,0.283,0.174,0.297,0.457,0.36,0.411,0.337,13,46,88.4,10.1,2170,89,89.02,15,89,110,0,6.42,120,148,111,148,282,322,297,"-6.1","6.1",,
214,458015,"Votto, Joey",2023,938,22.8,0.283,0.434,0.25,0.717,0.437,0.364,0.253,15,53,91.8,15.7,2186,88.6,88.92,27,106,108,0.30000000000001137,6.41,113,142,111,145,294,322,300,"-4.2","4.2",,
374,453568,"Blackmon, Charlie",2024,1920,19.5,0.283,0.172,0.325,0.455,0.339,0.297,0.267,28,99,83.6,9.6,2241,89.3,89.71,40,219,155,0.4000000000000057,6.35,117,142,111,147,294,324,301,"-3.5","3.5","65.245183541","7.057474641"
300,467793,"Santana, Carlos",2020,1123,26.7,0.283,0.35,0.268,0.633,0.417,0.44,0.305,17,60,90.8,17.1,2262,87,87.37,27,122,178,0.4000000000000057,6.4,114,153,112,144,292,322,294,"-5.6","5.6",,
246,545361,"Trout, Mike",2020,1023,24,0.283,0.457,0.226,0.739,0.417,0.474,0.307,13,46,95.8,22.2,2288,89.7,89.49,22,96,150,-0.20000000000000284,6.13,108,149,120,145,307,327,295,"-5.5","5.5",,
178,641511,"Delay, Jason",2023,682,26.1,0.283,0.087,0.342,0.37,0.293,0.216,0.205,13,46,76.8,5,2319,89.8,90.07,20,99,79,0.29999999999999716,6.39,109,147,115,143,303,316,285,"2.8","-2.8",,
615,656941,"Schwarber, Kyle",2024,2852,21.6,0.283,0.208,0.338,0.492,0.366,0.379,0.27,34,120,94.2,15.9,2240,88.5,88.69,78,264,351,0.20000000000000284,6.44,118,142,114,146,294,324,295,"-11.5","11.5","74.684077657","7.608701297"
229,624428,"Frazier, Adam",2024,1211,18.9,0.283,0.017,0.321,0.3,0.303,0.313,0.277,17,60,79.9,15.2,2309,89.1,89.71,21,123,106,0.6000000000000085,6.6,114,141,102,144,284,315,298,"0.4","-0.4","64.466238534","6.782050948"
356,622534,"Margot, Manuel",2022,1397,25.5,0.283,0.141,0.312,0.424,0.317,0.315,0.29,26,92,86.3,8.8,2291,88.1,87.89,47,202,154,-0.19999999999998863,6.28,109,148,113,147,301,322,290,"-2.3","2.3",,
458,596019,"Lindor, Francisco",2021,2096,21.9,0.283,0.261,0.288,0.543,0.392,0.396,0.279,26,92,88.9,12.3,2211,88.6,88.6,54,223,235,0,6.32,111,145,106,143,293,320,296,"-7.2","7.2",,
248,572228,"Voit, Luke",2021,966,25.7,0.283,0.132,0.368,0.415,0.35,0.373,0.288,15,53,89.3,20,2215,87.2,87.24,46,133,115,0,6.33,110,150,119,143,304,329,291,"-2.6","2.6",,
280,663845,"Rivas III, Alfonso",2022,1208,23.2,0.283,0.183,0.35,0.467,0.355,0.286,0.202,17,60,84.1,6.3,2260,88.4,88.33,29,137,143,-0.10000000000000853,6.27,115,147,108,145,288,318,298,"-4.8","4.8",,
465,672695,"Perdomo, Geraldo",2022,2061,22.6,0.283,0.121,0.316,0.404,0.346,0.319,0.259,28,99,80.5,5.3,2254,88.3,87.99,33,204,261,-0.29999999999999716,6.24,110,149,103,146,291,318,295,"-2.7","2.7",,
415,663538,"Hoerner, Nico",2022,1831,22.7,0.283,0.104,0.315,0.387,0.309,0.327,0.303,30,106,86.9,6.8,2256,88.2,88.17,41,216,199,0,6.26,109,146,114,143,297,317,288,"-1.9","1.9",,
308,624414,"Arroyo, Christian",2022,1041,29.6,0.282,0.141,0.299,0.423,0.32,0.346,0.312,22,78,86.6,8,2322,89.1,89.01,31,176,132,-0.09999999999999432,6.23,108,148,117,145,290,316,293,"-1.4","1.4",,
416,444482,"Peralta, David",2022,1830,22.7,0.282,0.136,0.317,0.417,0.316,0.342,0.292,29,103,91.5,14.3,2242,88.6,88.38,65,223,193,-0.19999999999998863,6.33,114,149,109,146,291,323,302,"3.7","-3.7",,
516,678662,"Tovar, Ezequiel",2024,2528,20.4,0.282,0.145,0.362,0.427,0.313,0.299,0.243,37,131,85.2,15.6,2368,88.1,88.64,130,331,185,0.5,6.41,107,147,114,145,306,326,291,"0.9","-0.9","68.086324456","7.291473571"
315,592696,"Rosario, Eddie",2021,1508,20.9,0.282,0.129,0.299,0.412,0.3,0.323,0.28,24,85,87.2,11.4,2205,88.3,88.34,38,181,134,0,6.26,116,150,108,146,292,319,296,"-2.7","2.7",,
153,608700,"Plawecki, Kevin",2021,622,24.6,0.282,0.051,0.333,0.333,0.306,0.307,0.254,11,39,83.6,5.5,2208,88.8,88.85,12,79,74,0.10000000000000853,6.32,109,149,117,146,289,317,290,"1.7","-1.7",,
172,680776,"Duran, Jarren",2022,881,19.5,0.282,0.128,0.478,0.41,0.345,0.266,0.206,11,39,86,0.7,2190,87.8,87.97,33,88,84,0.20000000000000284,6.36,110,140,100,144,279,317,301,"-1.8","1.8",,
214,656669,"Luplow, Jordan",2021,869,24.6,0.282,0.436,0.4,0.718,0.465,0.384,0.217,11,39,86.2,28.6,2234,89.2,89.25,39,98,116,0.09999999999999432,6.28,106,146,114,140,294,321,291,"-6.2","6.2",,
471,592273,"Drury, Brandon",2022,2242,21,0.282,0.336,0.275,0.618,0.393,0.325,0.247,31,110,88.6,16.1,2300,89,89.09,48,225,246,0.09999999999999432,6.37,110,148,118,143,300,319,292,"-14.8","14.8",,
277,621512,"Nido, Tomás",2022,1067,26,0.282,0.085,0.357,0.366,0.3,0.301,0.263,20,71,78.6,7.1,2228,88.2,88.19,60,179,98,0,6.35,106,147,114,144,296,314,286,"2.5","-2.5",,
553,444482,"Peralta, David",2021,2062,26.8,0.282,0.153,0.321,0.435,0.34,0.307,0.244,37,131,87,4,2216,88.7,88.71,62,264,289,0,6.32,118,150,112,148,294,321,304,"-8.2","8.2",,
433,665161,"Peña, Jeremy",2022,2004,21.6,0.282,0.164,0.306,0.445,0.337,0.367,0.291,31,110,84.9,10.6,2231,87.7,87.55,70,242,191,-0.10000000000000853,6.32,108,147,113,143,295,325,289,"-1.5","1.5",,
297,501571,"Lagares, Juan",2021,1237,24,0.282,0.197,0.345,0.479,0.339,0.306,0.267,20,71,88.1,7.1,2246,88.8,88.76,31,146,151,0,6.32,106,145,110,141,301,317,286,"0.6","-0.6",,
165,643289,"Dubón, Mauricio",2020,680,24.3,0.282,0.231,0.273,0.513,0.364,0.364,0.248,11,39,85.4,15.6,2311,88.4,88.53,20,91,74,0.09999999999999432,6.24,109,146,112,141,298,319,290,"-2","2",,
278,669222,"Senzel, Nick",2023,1189,23.4,0.282,0.155,0.321,0.437,0.333,0.308,0.269,20,71,85.1,20.2,2267,89.4,89.6,33,132,146,0.19999999999998863,6.36,109,145,113,143,295,318,286,"3","-3",,
420,578428,"Iglesias, Jose",2021,1858,22.6,0.281,0.14,0.313,0.421,0.305,0.298,0.294,32,114,85.4,9.3,2255,89,89.03,48,256,164,0,6.37,107,146,112,143,298,316,288,"6.2","-6.2",,
318,608701,"Refsnyder, Rob",2023,1004,31.7,0.281,0.078,0.367,0.359,0.334,0.309,0.234,18,64,88.1,12.8,2215,87.4,87.58,29,130,188,0.19999999999998863,6.47,111,147,117,143,290,321,293,"-5.4","5.4",,
344,676059,"Westburg, Jordan",2024,1634,21.1,0.281,0.292,0.308,0.573,0.389,0.373,0.271,25,89,87.3,13.6,2281,88.8,89.06,52,182,162,0.29999999999999716,6.5,107,148,116,144,305,324,290,"-8.2","8.2","67.792441627","6.682755301"
271,671289,"Freeman, Tyler",2024,1381,19.6,0.281,0.14,0.286,0.421,0.378,0.342,0.252,16,57,83.3,10.8,2254,89.4,89.61,18,125,146,0.19999999999998863,6.45,106,144,110,142,295,318,288,"-4.8","4.8","67.814985825","6.78744"
548,664761,"Bohm, Alec",2022,2301,23.8,0.281,0.111,0.304,0.393,0.298,0.319,0.287,38,135,90.3,8.9,2247,88.9,89.01,60,291,257,0.09999999999999432,6.39,112,149,118,146,301,318,287,"-0.8","0.8",,
590,592206,"Castellanos, Nick",2023,2427,24.3,0.281,0.216,0.363,0.497,0.331,0.305,0.253,48,171,89.3,13.3,2229,88.2,88.38,136,361,229,0.20000000000000284,6.39,111,148,120,145,299,322,291,"-3.4","3.4",,
138,665804,"Amaya, Miguel",2023,624,22.1,0.281,0.156,0.364,0.438,0.341,0.26,0.2,9,32,80.1,11.8,2245,87.4,87.6,16,63,75,0.19999999999998863,6.35,113,147,118,145,298,318,293,"-1.6","1.6",,
498,624424,"Conforto, Michael",2021,1982,25.1,0.281,0.135,0.333,0.417,0.348,0.361,0.271,27,96,88.5,13.5,2196,88.9,88.91,49,232,266,0,6.33,114,151,110,146,292,320,299,"-1.2","1.2",,
250,595751,"Alfaro, Jorge",2022,1008,24.8,0.281,0.25,0.333,0.531,0.361,0.387,0.29,18,64,90,11.1,2272,89.1,89.06,54,161,89,0,6.37,110,150,120,145,301,321,291,"-6.8","6.8",,
512,592273,"Drury, Brandon",2023,1963,26.1,0.281,0.256,0.329,0.537,0.359,0.319,0.253,34,121,89.9,9.3,2274,89.4,89.76,80,273,239,0.3999999999999915,6.57,109,149,117,145,304,322,294,"-0.6","0.6",,
121,572039,"Piscotty, Stephen",2021,676,17.9,0.281,0.219,0.35,0.5,0.36,0.363,0.286,9,32,87.1,12.5,2302,87.6,87.72,23,68,53,0.10000000000000853,6.42,111,151,118,146,302,318,289,"-1","1",,
528,683002,"Henderson, Gunnar",2023,2405,22,0.281,0.306,0.281,0.587,0.385,0.372,0.267,34,121,92.6,16.3,2245,89,89.2,61,256,272,0.20000000000000284,6.43,118,144,112,148,296,326,300,"-11","11",,
112,621011,"Schrock, Max",2021,522,21.5,0.28,0.08,0.333,0.36,0.295,0.266,0.248,7,25,80.7,18.5,2314,88.6,89.02,10,57,55,0.4000000000000057,6.51,116,140,105,141,288,317,294,"-1.2","1.2",,
148,676914,"Schneider, Davis",2023,583,25.4,0.28,0.16,0.389,0.44,0.41,0.484,0.294,7,25,94.3,26.7,2222,88.7,88.92,23,68,80,0.20000000000000284,6.38,108,149,118,145,295,324,291,"-1.9","1.9",,
114,592530,"Marmolejos, José",2020,450,25.3,0.28,0.36,0.333,0.64,0.402,0.357,0.25,7,25,88.3,12.2,2232,87,86.77,18,54,60,-0.20000000000000284,6.15,116,145,105,145,293,317,301,"-1.9","1.9",,
326,602074,"Daza, Yonathan",2022,1536,21.2,0.28,0.159,0.296,0.439,0.317,0.298,0.273,23,82,87.2,6.4,2267,87.7,88.02,28,171,155,0.29999999999999716,6.35,107,145,111,142,304,320,287,"-3.1","3.1",,
89,673962,"Jung, Josh",2022,394,22.6,0.28,0.2,0.429,0.48,0.325,0.335,0.261,7,25,88.4,6.5,2287,89,89.1,13,42,47,0.09999999999999432,6.4,110,145,117,143,307,324,291,"0.2","-0.2",,
129,642851,"Wynns, Austin",2023,604,21.4,0.28,0.08,0.389,0.36,0.324,0.291,0.216,7,25,80.1,10.2,2266,88.9,89.43,16,66,63,0.5,6.39,107,144,114,142,307,323,290,"0.4","-0.4",,
100,669911,"Toglia, Michael",2022,478,20.9,0.28,0.28,0.375,0.56,0.367,0.277,0.246,7,25,84.9,9.4,2269,87.9,88.26,16,44,56,0.3999999999999915,6.36,112,151,117,149,302,320,298,"-0.1","0.1",,
110,641505,"Davis, Jonathan",2023,419,26.3,0.28,0.08,0.333,0.36,0.301,0.315,0.301,7,25,83.4,10.7,2196,89.9,90.17,9,49,61,0.29999999999999716,6.48,104,142,108,137,301,315,287,"2.9","-2.9",,
510,682998,"Carroll, Corbin",2023,2431,21,0.28,0.153,0.322,0.432,0.343,0.328,0.252,33,118,85.3,9.4,2276,89.1,89.28,49,236,274,0.20000000000000284,6.38,114,142,103,146,294,324,301,"-5.1","5.1",,
494,543228,"Gomes, Yan",2023,1586,31.1,0.28,0.093,0.319,0.374,0.289,0.321,0.263,30,107,85.9,8.4,2287,89.3,89.39,63,280,214,0.10000000000000853,6.4,110,148,118,145,298,318,291,"-1.2","1.2",,
476,672515,"Moreno, Gabriel",2023,1544,30.8,0.28,0.183,0.286,0.462,0.339,0.318,0.243,26,93,90,5,2311,89.6,89.9,37,204,272,0.30000000000001137,6.44,110,146,116,144,303,320,288,"-1.5","1.5",,
489,676475,"Burleson, Alec",2024,2117,23.1,0.28,0.144,0.274,0.424,0.309,0.327,0.277,37,132,89.7,14.3,2275,89.5,89.85,54,292,197,0.4000000000000057,6.45,118,144,110,147,296,322,305,"0.5","-0.5","69.96505639","7.449903899"
101,592273,"Drury, Brandon",2021,320,31.6,0.28,0.08,0.368,0.36,0.291,0.253,0.235,7,25,88,1.7,2196,90.2,90,15,60,41,-0.20000000000000284,6.32,110,147,117,143,303,321,291,"-0.3","0.3",,
413,669289,"Espinal, Santiago",2024,1505,27.4,0.279,0.105,0.289,0.384,0.323,0.326,0.283,24,86,83.7,19.2,2290,88.8,89.1,28,200,213,0.29999999999999716,6.46,107,145,111,143,298,316,282,"-4.1","4.1","64.234709032","7.15993543"
328,655316,"Monasterio, Andruw",2023,1345,24.4,0.279,0.118,0.346,0.397,0.338,0.335,0.259,19,68,89.1,19.4,2297,88.6,88.8,32,139,189,0.20000000000000284,6.39,109,147,113,144,301,315,283,"-3.9","3.9",,
630,680977,"Donovan, Brendan",2024,2487,25.3,0.279,0.132,0.292,0.412,0.335,0.353,0.285,38,136,89.2,10.1,2210,90.1,90.47,44,279,351,0.4000000000000057,6.51,118,144,106,147,291,320,300,"-10.1","10.1","67.152878465","6.68040126"
285,664728,"Isbel, Kyle",2023,1127,25.3,0.279,0.088,0.328,0.368,0.319,0.3,0.233,19,68,84.5,10.8,2238,89.1,89.52,30,150,135,0.4000000000000057,6.43,116,143,104,147,292,323,301,"0.3","-0.3",,
218,546991,"Almora Jr., Albert",2022,846,25.8,0.279,0.164,0.308,0.443,0.327,0.235,0.208,17,61,80.1,0.6,2185,88.2,88.13,27,124,94,-0.10000000000000853,6.29,107,146,112,142,297,315,282,"-3.5","3.5",,
269,592178,"Bryant, Kris",2023,1281,21,0.279,0.132,0.347,0.412,0.334,0.343,0.278,19,68,84.3,14.9,2193,88.5,89.01,32,127,142,0.5,6.4,109,146,117,142,307,333,298,"-0.4","0.4",,
459,663886,"Stephenson, Tyler",2024,1947,23.6,0.279,0.202,0.325,0.481,0.373,0.34,0.249,29,104,89.1,7.1,2295,89.2,89.48,47,206,253,0.29999999999999716,6.49,108,144,116,142,303,321,288,"-6.4","6.4","68.810668515","7.335980941"
557,545341,"Grichuk, Randal",2021,2004,27.8,0.279,0.218,0.304,0.497,0.343,0.329,0.256,41,147,90.9,15.7,2270,88.6,88.64,68,286,271,0,6.34,107,148,116,143,297,322,292,"-6.6","6.6",,
157,669242,"Edman, Tommy",2020,876,17.9,0.279,0.093,0.364,0.372,0.303,0.315,0.28,12,43,87.9,7.7,2315,87.7,88.01,23,84,73,0.29999999999999716,6.44,115,147,107,146,287,316,296,"-0.9","0.9",,
430,656811,"O'Hearn, Ryan",2024,1920,22.4,0.279,0.125,0.29,0.404,0.323,0.324,0.272,29,104,88.1,13.5,2261,88.3,88.58,38,219,211,0.29999999999999716,6.49,116,145,114,150,295,325,300,"0.6","-0.6","71.279678095","7.132696952"
192,608369,"Seager, Corey",2020,807,23.8,0.279,0.197,0.255,0.475,0.337,0.429,0.348,17,61,92.1,5.5,2201,88.5,88.43,26,116,76,-0.09999999999999432,6.14,118,151,116,150,297,325,305,"-0.8","0.8",,
366,624503,"Gordon, Nick",2022,1550,23.6,0.279,0.221,0.318,0.5,0.352,0.305,0.206,24,86,88.1,12.2,2236,88.9,88.98,57,219,147,0.09999999999999432,6.28,112,143,103,145,287,318,295,"-4.3","4.3",,
270,663616,"Larnach, Trevor",2023,915,29.5,0.278,0.278,0.355,0.556,0.371,0.377,0.266,15,54,95,17.5,2243,87.8,87.86,46,126,144,0.10000000000000853,6.32,117,142,112,146,291,324,296,"-6.7","6.7",,
172,545350,"Marisnick, Jake",2021,727,23.7,0.278,0.083,0.4,0.361,0.336,0.307,0.211,10,36,86.2,11.8,2271,88.8,88.97,28,83,89,0.20000000000000284,6.38,109,147,114,143,295,319,289,"-2.3","2.3",,
177,608324,"Bregman, Alex",2020,736,24,0.278,0.194,0.286,0.472,0.363,0.362,0.269,10,36,89.4,17.5,2278,88.5,88.54,10,68,109,0,6.37,106,148,117,143,298,324,293,"-0.9","0.9",,
639,553993,"Suárez, Eugenio",2024,2542,25.1,0.278,0.192,0.333,0.47,0.337,0.317,0.246,42,151,86.7,16.9,2287,89.2,89.55,92,306,333,0.29999999999999716,6.47,110,147,120,142,301,325,295,"-4.6","4.6","69.085676928","7.665168635"
441,519203,"Rizzo, Anthony",2021,2230,19.8,0.278,0.13,0.292,0.407,0.326,0.307,0.256,30,108,89.3,10.1,2241,89.3,89.33,50,221,220,0,6.34,118,158,113,148,290,322,298,"-3.7","3.7",,
610,500871,"Escobar, Eduardo",2021,2404,25.4,0.278,0.243,0.275,0.521,0.36,0.368,0.289,40,144,87.7,19.8,2229,88.8,88.79,64,322,288,0,6.32,117,154,112,148,296,321,298,"-10.3","10.3",,
101,621466,"Stewart, DJ",2020,494,20.4,0.278,0.222,0.5,0.5,0.42,0.374,0.219,5,18,81.2,9.5,2153,88.4,88.45,18,52,49,0.09999999999999432,6.39,118,150,114,148,293,322,296,"-1.2","1.2",,
485,670541,"Alvarez, Yordan",2024,2264,21.4,0.278,0.209,0.276,0.487,0.366,0.396,0.279,32,115,91.8,19.6,2281,89.6,89.55,35,228,257,0,6.36,121,144,115,149,293,330,301,"-9.2","9.2","75.241383689","7.418961165"
102,668715,"Steer, Spencer",2022,428,23.8,0.278,0,0.357,0.278,0.371,0.346,0.226,5,18,82.3,-10.9,2360,89.2,89.39,4,36,66,0.20000000000000284,6.45,111,149,117,145,299,316,285,"-0.4","0.4",,
360,620443,"Torrens, Luis",2021,1554,23.2,0.278,0.177,0.333,0.456,0.342,0.334,0.256,22,79,89.7,2.9,2261,88.4,88.44,48,171,189,0,6.29,109,148,117,144,297,317,286,"-4.7","4.7",,
113,641505,"Davis, Jonathan",2022,376,30.1,0.278,0,0.455,0.278,0.382,0.351,0.212,5,18,82.9,-1.5,2301,90.1,90.05,11,50,63,0,6.24,106,148,112,145,296,314,283,"-1.5","1.5",,
474,519317,"Stanton, Giancarlo",2024,1831,25.9,0.278,0.306,0.293,0.583,0.386,0.422,0.306,30,108,94.8,15.6,2270,89.3,89.79,65,234,240,0.5,6.62,111,150,122,145,306,328,291,"-11.5","11.5","79.83263009","8.374632287"
191,657656,"Laureano, Ramón",2020,895,21.3,0.278,0.222,0.32,0.5,0.377,0.333,0.191,10,36,88.6,8.7,2317,88.5,88.43,17,81,110,-0.09999999999999432,6.21,109,148,113,143,299,318,290,"-3.5","3.5",,
536,672386,"Kirk, Alejandro",2022,2200,24.4,0.278,0.183,0.262,0.461,0.375,0.38,0.286,32,115,91.6,12.3,2281,89.5,89.5,28,209,327,0,6.38,111,148,118,145,300,321,289,"-9.3","9.3",,
152,658668,"Olivares, Edward",2022,689,22.1,0.278,0.028,0.313,0.306,0.282,0.308,0.269,10,36,87.6,2.8,2268,89.5,89.45,15,83,69,-0.09999999999999432,6.21,108,150,113,144,301,322,291,"-2.7","2.7",,
194,542340,"Villar, Jonathan",2022,877,22.1,0.278,0.028,0.37,0.306,0.32,0.314,0.241,10,36,84.4,-5.2,2175,89.3,89.25,34,92,102,0,6.22,115,147,110,148,294,317,304,"-3.8","3.8",,
272,670242,"Wallner, Matt",2023,1046,26,0.278,0.296,0.314,0.574,0.414,0.392,0.241,15,54,93,23.2,2167,88.8,89.03,46,133,139,0.20000000000000284,6.38,118,145,116,150,294,324,298,"-10.1","10.1",,
325,647351,"Toro, Abraham",2022,1340,24.3,0.278,0.208,0.293,0.486,0.353,0.327,0.245,20,72,86.7,23.7,2221,88.9,88.91,27,161,164,0,6.32,114,149,110,145,288,313,289,"-1.6","1.6",,
152,642086,"Smith, Dominic",2022,577,26.3,0.278,0.111,0.333,0.389,0.321,0.282,0.206,10,36,89.7,9.7,2195,88.9,89.06,22,70,82,0.19999999999998863,6.48,114,145,109,147,284,318,297,"0.2","-0.2",,
87,686765,"Sogard, Nick",2024,348,25,0.278,0,0.333,0.278,0.263,0.277,0.257,5,18,80.5,18.9,2362,89.1,89.32,10,53,34,0.20000000000000284,6.43,115,142,105,145,278,313,294,"1.7","-1.7","63.758838302","6.79563"
290,663743,"Fortes, Nick",2024,1154,25.1,0.278,0.083,0.284,0.361,0.275,0.268,0.261,20,72,79.1,11.2,2289,89,89.07,18,159,131,0.09999999999999432,6.42,108,147,113,145,298,315,285,"1.4","-1.4","64.781896405","6.488744706"
404,686668,"Doyle, Brenton",2023,1591,25.4,0.277,0.16,0.455,0.436,0.323,0.257,0.195,26,94,82.5,6.7,2300,88.3,88.84,82,219,185,0.5,6.43,108,147,113,145,306,329,294,"-2.6","2.6",,
473,666176,"Adell, Jo",2024,1840,25.7,0.277,0.208,0.348,0.485,0.36,0.381,0.292,28,101,90.3,11.5,2284,89.6,89.84,73,243,230,0.20000000000000284,6.49,109,145,117,142,304,321,292,"-6.7","6.7","74.817247662","7.496149957"
202,656541,"Hilliard, Sam",2021,995,20.3,0.277,0.404,0.375,0.681,0.415,0.326,0.232,13,47,90,9,2205,88.4,88.54,37,93,109,0.09999999999999432,6.2,113,149,113,149,297,329,306,"-7.6","7.6",,
298,602074,"Daza, Yonathan",2021,1216,24.5,0.277,0.06,0.329,0.337,0.282,0.286,0.258,23,83,77.1,1.4,2272,88.1,88.31,38,170,128,0.20000000000000284,6.23,109,147,115,144,306,329,294,"3.8","-3.8",,
181,543063,"Crawford, Brandon",2020,732,24.7,0.277,0.255,0.286,0.532,0.345,0.288,0.207,13,47,85.7,13.8,2190,88.2,88.5,33,106,75,0.29999999999999716,6.31,117,150,114,151,291,322,303,"0.4","-0.4",,
258,641943,"Palacios, Joshua",2023,958,26.9,0.277,0.215,0.292,0.492,0.351,0.381,0.3,18,65,89.5,9.6,2252,88.8,89.21,30,139,119,0.4000000000000057,6.46,114,141,105,144,295,318,299,"-0.7","0.7",,
220,624424,"Conforto, Michael",2020,932,23.6,0.277,0.149,0.343,0.426,0.357,0.34,0.264,13,47,82.7,11,2248,87.8,87.93,25,109,111,0.10000000000000853,6.37,115,148,115,147,295,323,297,"-6.6","6.6",,
477,621043,"Correa, Carlos",2022,2419,19.7,0.277,0.089,0.333,0.366,0.318,0.321,0.239,28,101,87.3,11.5,2275,88.8,88.87,48,225,252,0.10000000000000853,6.32,108,149,118,145,302,323,292,"-0.1","0.1",,
853,553993,"Suárez, Eugenio",2023,2903,29.4,0.277,0.127,0.353,0.405,0.341,0.34,0.231,48,173,90.6,15.9,2262,89.6,89.77,128,402,451,0.20000000000000284,6.4,109,148,117,143,298,322,292,"-7.1","7.1",,
607,593160,"Merrifield, Whit",2021,2608,23.3,0.277,0.149,0.277,0.426,0.3,0.288,0.261,39,141,86.1,17.4,2269,88.5,88.53,59,312,295,0,6.23,106,145,108,143,300,318,289,"-3.4","3.4",,
304,622110,"Duffy, Matt",2021,1269,24,0.277,0.169,0.313,0.446,0.354,0.35,0.266,18,65,85.3,3,2269,88.7,89,18,122,182,0.29999999999999716,6.44,110,148,116,145,297,315,281,"-5.1","5.1",,
223,543592,"Nola, Austin",2020,728,30.6,0.277,0.234,0.27,0.511,0.37,0.402,0.299,13,47,89.4,9.9,2258,89.9,90.01,22,98,125,0.09999999999999432,6.31,110,148,117,144,299,320,290,"-3.4","3.4",,
623,681082,"Stott, Bryson",2023,2665,23.4,0.277,0.131,0.283,0.409,0.31,0.299,0.25,38,137,87.3,10.8,2210,89.9,90.02,46,301,322,0.09999999999999432,6.37,117,145,108,148,282,317,298,"-1.7","1.7",,
366,676801,"McCormick, Chas",2022,1584,23.1,0.276,0.197,0.327,0.474,0.37,0.357,0.249,21,76,88.2,11.3,2257,89.1,89.02,51,163,203,-0.09999999999999432,6.36,105,148,114,144,300,323,289,"-5.5","5.5",,
468,457705,"McCutchen, Andrew",2023,2008,23.3,0.276,0.218,0.284,0.494,0.391,0.399,0.261,24,87,89.6,14.9,2261,89.8,90.13,56,211,257,0.29999999999999716,6.5,111,147,118,143,303,320,293,"-5.9","5.9",,
241,544369,"Gregorius, Didi",2022,827,29.1,0.276,0.121,0.308,0.397,0.305,0.27,0.242,16,58,82.2,13.2,2257,89.9,89.91,31,156,85,0,6.38,118,156,108,150,287,316,294,"-0.9","0.9",,
600,621020,"Swanson, Dansby",2021,2578,23.3,0.276,0.262,0.286,0.538,0.351,0.356,0.275,40,145,88,15.7,2253,88.4,88.49,85,313,287,0.09999999999999432,6.34,108,150,115,144,304,321,288,"-4.5","4.5",,
468,593871,"Polanco, Jorge",2022,1900,24.6,0.276,0.153,0.308,0.429,0.342,0.362,0.269,27,98,88.2,16.6,2161,88.2,88.23,60,230,238,0,6.3,115,151,109,147,294,322,295,"-1.2","1.2",,
108,700242,"Sweeney, Trey",2024,448,24.1,0.276,0.207,0.318,0.483,0.336,0.303,0.204,8,29,89.2,7.4,2254,89.2,89.52,19,64,44,0.29999999999999716,6.39,117,142,109,147,289,324,298,"-0.9","0.9","74.142079206","7.881280952"
163,607732,"Stallings, Jacob",2020,618,26.4,0.276,0.103,0.364,0.379,0.37,0.321,0.205,8,29,83.2,8.9,2265,87.1,87.35,10,54,109,0.20000000000000284,6.36,109,148,113,145,299,317,285,"-3.8","3.8",,
341,643396,"Kiner-Falefa, Isiah",2024,1710,19.9,0.276,0.051,0.307,0.327,0.289,0.284,0.248,27,98,82.3,1.7,2307,89.4,89.67,20,168,173,0.29999999999999716,6.48,108,146,111,144,298,315,283,"0.4","-0.4","63.456154474","6.498344803"
466,650490,"Díaz, Yandy",2024,2460,18.9,0.275,0.127,0.313,0.402,0.33,0.358,0.292,28,102,92.4,3.7,2273,90.5,90.61,29,201,265,0.09999999999999432,6.47,111,148,119,147,304,325,291,"-5.8","5.8","71.2162495","7.426650944"
564,606466,"Marte, Ketel",2023,2483,22.7,0.275,0.168,0.291,0.443,0.35,0.364,0.272,36,131,91.4,11.3,2217,88.5,88.68,62,266,298,0.20000000000000284,6.39,113,142,108,144,293,324,300,"-4.5","4.5",,
192,543685,"Rendon, Anthony",2022,759,25.3,0.275,0.1,0.294,0.375,0.35,0.401,0.295,11,40,88.3,18.6,2193,88.2,88.09,18,84,108,-0.10000000000000853,6.29,107,149,117,145,302,321,294,"0.1","-0.1",,
710,547989,"Abreu, José",2023,2400,29.6,0.275,0.281,0.269,0.556,0.374,0.367,0.271,42,153,90.2,9.3,2290,89.5,89.48,95,364,346,0,6.39,110,147,119,144,300,325,291,"-13.5","13.5",,
394,600474,"Severino, Pedro",2021,1693,23.3,0.275,0.132,0.329,0.407,0.296,0.288,0.247,25,91,86.6,15.8,2217,88.3,88.56,60,201,193,0.29999999999999716,6.49,109,148,116,143,296,320,286,"1.5","-1.5",,
486,669004,"Melendez, MJ",2022,2196,22.1,0.275,0.156,0.325,0.431,0.321,0.315,0.244,30,109,89,11,2192,88.2,88.24,69,254,232,0,6.26,115,150,107,146,294,324,303,"-0.1","0.1",,
351,665828,"Cabrera, Oswaldo",2024,1267,27.7,0.275,0.087,0.328,0.362,0.294,0.297,0.257,22,80,86.4,14.6,2140,87.7,87.97,39,181,170,0.29999999999999716,6.48,111,141,106,143,290,319,289,"-0.1","0.1","66.15845975","6.920427438"
252,663611,"Madrigal, Nick",2023,1065,23.7,0.275,0.058,0.302,0.333,0.277,0.277,0.283,19,69,80.8,-1.9,2277,89.1,89.53,12,128,124,0.4000000000000057,6.42,107,143,109,143,294,309,280,"0.5","-0.5",,
405,607208,"Turner, Trea",2024,2043,19.8,0.275,0.059,0.325,0.333,0.289,0.283,0.254,28,102,89.1,9.3,2221,87.8,88.14,55,213,192,0.29999999999999716,6.49,109,148,116,145,300,321,288,"4.1","-4.1","69.983789375","7.506945781"
572,592192,"Canha, Mark",2022,2218,25.8,0.275,0.142,0.33,0.417,0.348,0.308,0.222,33,120,89.4,11.2,2290,88.8,88.79,69,274,298,0,6.37,109,149,117,145,298,319,290,"-10.2","10.2",,
156,623993,"Santander, Anthony",2020,589,26.5,0.275,0.35,0.233,0.625,0.393,0.389,0.308,11,40,85.1,26.6,2110,88.5,88.65,22,84,72,0.09999999999999432,6.43,113,144,109,138,289,319,294,"-2.7","2.7",,
679,673548,"Suzuki, Seiya",2023,2445,27.8,0.275,0.138,0.343,0.413,0.329,0.351,0.278,38,138,92.3,10.9,2303,89.2,89.48,59,279,400,0.29999999999999716,6.45,111,147,118,145,299,320,292,"4.6","-4.6",,
371,596129,"Vogelbach, Daniel",2023,1400,26.5,0.275,0.246,0.341,0.522,0.4,0.397,0.268,19,69,93.3,13.2,2268,89.2,89.34,27,141,230,0.09999999999999432,6.47,119,144,116,148,291,324,302,"-10.5","10.5",,
186,669394,"Burger, Jake",2022,682,27.3,0.275,0.157,0.4,0.431,0.306,0.27,0.2,14,51,87,6.1,2174,87.9,87.8,42,114,72,-0.10000000000000853,6.27,109,149,117,144,299,323,291,"1.5","-1.5",,
261,671056,"Herrera, Iván",2024,1036,25.2,0.274,0.129,0.34,0.403,0.322,0.37,0.275,17,62,91.3,10.1,2226,89,89.32,32,120,141,0.29999999999999716,6.5,110,148,120,146,302,321,289,"-2.1","2.1","71.604318056","7.34955"
671,668939,"Rutschman, Adley",2023,2904,23.1,0.274,0.119,0.276,0.393,0.343,0.38,0.289,37,135,88,13.1,2217,89.1,89.42,40,283,388,0.30000000000001137,6.52,115,144,114,146,295,324,296,"-6.9","6.9",,
513,666915,"Dalbec, Bobby",2021,1836,27.9,0.274,0.218,0.377,0.492,0.344,0.289,0.215,34,124,90.9,13.8,2240,88.5,88.6,106,278,235,0.09999999999999432,6.32,108,148,117,144,293,323,297,"-3.7","3.7",,
261,621438,"Taylor, Tyrone",2021,1049,24.9,0.274,0.145,0.326,0.419,0.336,0.292,0.228,17,62,86.8,15.3,2284,89.4,89.54,29,135,126,0.09999999999999432,6.39,109,149,116,145,300,319,291,"-7.2","7.2",,
427,676801,"McCormick, Chas",2023,1805,23.7,0.274,0.236,0.324,0.509,0.348,0.367,0.284,29,106,86.8,14.1,2293,89.2,89.3,66,220,207,0.09999999999999432,6.47,106,147,115,143,300,324,290,"-7.8","7.8",,
436,596059,"Odor, Rougned",2022,1761,24.8,0.274,0.159,0.321,0.434,0.311,0.267,0.219,31,113,85.8,23,2161,87.9,87.91,75,237,199,0,6.35,117,157,105,151,296,324,295,"-1.1","1.1",,
407,607054,"Peterson, Jace",2023,1740,23.4,0.274,0.19,0.313,0.464,0.355,0.316,0.241,23,84,83.5,13.4,2281,89.5,89.88,51,197,210,0.4000000000000057,6.48,112,140,105,144,289,318,296,"-1.2","1.2",,
446,650402,"Torres, Gleyber",2021,2078,21.5,0.274,0.042,0.325,0.316,0.297,0.323,0.267,26,95,85,13.8,2293,88.4,88.56,52,203,243,0.19999999999998863,6.39,109,148,117,143,299,322,284,"-0.9","0.9",,
318,628451,"Ibáñez, Andy",2023,1376,23.1,0.274,0.155,0.303,0.429,0.313,0.317,0.26,23,84,87.9,9.1,2221,88.9,89.19,42,170,148,0.29999999999999716,6.42,109,148,116,145,299,324,288,"-1.6","1.6",,
389,543305,"Hicks, Aaron",2023,1354,28.7,0.274,0.178,0.291,0.452,0.37,0.335,0.236,20,73,86.1,7.7,2158,88.5,88.91,34,152,237,0.4000000000000057,6.53,114,144,113,147,297,323,292,"-7.4","7.4",,
258,527038,"Flores, Wilmer",2020,892,28.9,0.274,0.258,0.277,0.532,0.357,0.35,0.285,17,62,85.6,17.8,2295,89.6,89.61,30,134,124,0,6.17,110,149,118,145,298,322,291,"-0.3","0.3",,
207,623912,"Ramírez, Harold",2024,878,23.6,0.274,0.113,0.32,0.387,0.299,0.278,0.255,17,62,88.2,-6.4,2254,88.8,88.62,39,124,83,-0.20000000000000284,6.27,110,147,118,144,300,320,288,"0.8","-0.8","70.222203839","7.088933839"
505,600869,"Candelario, Jeimer",2023,2333,21.6,0.274,0.236,0.313,0.509,0.378,0.337,0.252,29,106,88.1,13.2,2250,88.4,88.65,69,247,258,0.19999999999998863,6.41,112,143,113,144,293,322,296,"-9.6","9.6",,
513,605141,"Betts, Mookie",2022,2428,21.1,0.274,0.239,0.301,0.513,0.363,0.309,0.233,31,113,90.9,19.8,2271,89.8,89.88,43,230,283,0.10000000000000853,6.37,108,147,116,141,303,323,297,"-13.1","13.1",,
531,596019,"Lindor, Francisco",2024,2713,19.6,0.274,0.21,0.295,0.484,0.366,0.406,0.295,34,124,92.2,17.5,2235,89.6,89.75,66,263,268,0.20000000000000284,6.49,116,143,112,146,294,323,298,"-8.3","8.3","71.096803092","7.55366"
408,665862,"Chisholm Jr., Jazz",2021,2040,20,0.273,0.25,0.283,0.523,0.366,0.383,0.281,24,88,87.7,9.3,2288,88.3,88.08,51,194,214,-0.20000000000000284,6.27,113,145,105,145,290,315,296,"-1.8","1.8",,
110,641511,"Delay, Jason",2022,653,16.8,0.273,0.03,0.36,0.303,0.265,0.223,0.223,9,33,81.1,9.9,2255,89.7,89.68,20,69,41,0,6.25,110,148,117,146,298,315,282,"0.5","-0.5",,
255,452678,"Cabrera, Asdrúbal",2020,849,30,0.273,0.236,0.277,0.509,0.35,0.335,0.248,15,55,90.3,9.3,2200,87.4,87.63,21,107,148,0.19999999999998863,6.43,114,152,113,147,295,319,296,"-2","2",,
530,663757,"Grisham, Trent",2021,2168,24.4,0.273,0.182,0.299,0.455,0.35,0.315,0.249,30,110,85,11.4,2227,90.2,90.26,48,237,293,0.09999999999999432,6.34,115,146,106,148,290,317,299,"-6.4","6.4",,
38,669134,"Campusano, Luis",2022,161,23.6,0.273,0.091,0.3,0.364,0.252,0.182,0.202,3,11,84.2,-2.3,2322,88.3,88.37,6,24,14,0.10000000000000853,6.4,108,140,113,136,296,319,286,"1.9","-1.9",,
666,669257,"Smith, Will",2024,2271,29.3,0.273,0.121,0.311,0.394,0.328,0.357,0.266,36,132,89.3,19.8,2245,90.2,90.6,61,321,345,0.3999999999999915,6.48,110,147,120,144,303,320,293,"-2.4","2.4","65.396440421","7.081244421"
529,657077,"Verdugo, Alex",2021,2346,22.5,0.273,0.157,0.29,0.43,0.324,0.332,0.265,33,121,87.3,5.6,2161,88.7,88.67,44,253,276,0,6.23,115,150,110,147,282,318,302,"-2.5","2.5",,
44,543543,"Miller, Brad",2023,291,15.1,0.273,0.091,0.333,0.364,0.251,0.292,0.272,3,11,91,9.6,2221,83,82.51,7,19,25,-0.5,5.95,115,145,114,149,295,322,301,"1.2","-1.2",,
54,650331,"Díaz, Lewin",2020,170,31.8,0.273,0.091,0.429,0.364,0.273,0.241,0.217,3,11,93.3,20.6,2135,87.9,88.33,7,25,29,0.3999999999999915,6.5,123,154,117,149,289,319,299,"1.4","-1.4",,
42,501659,"Almonte, Abraham",2022,152,27.6,0.273,0,0.375,0.273,0.241,0.252,0.261,3,11,92.7,17.1,2273,87.2,86.74,5,22,20,-0.5,6.1,115,149,109,151,284,317,295,"1","-1",,
45,543309,"Higashioka, Kyle",2020,178,25.3,0.273,0.091,0.375,0.364,0.273,0.219,0.196,3,11,81.1,25.1,2209,87.3,87.27,8,27,18,0,6.25,110,172,116,144,298,315,289,"0.3","-0.3",,
312,666397,"Julien, Edouard",2023,1727,18.1,0.273,0.255,0.375,0.527,0.399,0.395,0.242,15,55,91,12.4,2288,88.3,88.78,40,120,192,0.5,6.52,115,143,107,146,292,322,298,"-4.2","4.2",,
106,425783,"Choo, Shin-Soo",2020,523,20.3,0.273,0.045,0.316,0.318,0.287,0.29,0.268,6,22,89.3,9.1,2184,89.2,89.23,14,46,60,0,6.29,120,154,110,152,300,329,302,"-1.7","1.7",,
98,500874,"Martínez, José",2020,394,24.9,0.273,0.182,0.313,0.455,0.354,0.369,0.287,6,22,87.8,1.5,2237,89.1,89.62,10,41,57,0.5,6.63,107,148,118,147,306,326,289,"-3","3",,
154,596146,"Kepler, Max",2020,770,20,0.273,0.242,0.28,0.515,0.377,0.324,0.231,9,33,83.9,22.7,2297,86.7,87.09,17,68,86,0.3999999999999915,6.43,114,145,106,146,294,323,295,"-3.8","3.8",,
213,647351,"Toro, Abraham",2024,1394,15.3,0.273,0.036,0.288,0.309,0.284,0.343,0.294,15,55,84.9,10.6,2191,90.3,90.55,20,109,104,0.20000000000000284,6.47,118,145,110,149,288,318,297,"2.1","-2.1","68.988132828","7.555407677"
95,664874,"Zavala, Seby",2021,420,22.6,0.273,0.273,0.333,0.545,0.371,0.235,0.18,6,22,73.2,5.1,2226,88.2,88.27,20,53,42,0.09999999999999432,6.37,105,146,114,141,296,315,287,"-2.8","2.8",,
84,641553,"Engel, Adam",2020,346,24.3,0.273,0.227,0.294,0.5,0.321,0.278,0.278,6,22,87.1,15.6,2216,87.3,87.61,11,47,37,0.29999999999999716,6.41,103,147,109,140,304,325,289,"-0.2","0.2",,
82,640447,"Ervin, Phillip",2020,405,20.2,0.273,0.182,0.375,0.455,0.46,0.405,0.229,3,11,84.5,13.3,2204,87.2,87.17,6,32,50,0,6.27,106,149,112,143,294,313,282,"-1.6","1.6",,
557,543760,"Semien, Marcus",2022,2776,20.1,0.273,0.235,0.257,0.508,0.331,0.284,0.229,36,132,87.2,20.2,2260,87.1,87.01,49,296,261,-0.09999999999999432,6.28,108,147,114,142,301,325,291,"-4.9","4.9",,
107,545358,"Stassi, Max",2020,362,29.6,0.273,0.409,0.167,0.682,0.403,0.365,0.206,6,22,90.7,15.4,2304,88.9,88.66,16,55,52,-0.20000000000000284,6.08,108,145,115,140,304,321,292,"-1.6","1.6",,
228,444482,"Peralta, David",2024,1014,22.5,0.273,0.218,0.273,0.491,0.36,0.315,0.245,15,55,83.5,4.8,2240,90.1,90.5,28,128,100,0.4000000000000057,6.5,117,146,113,148,290,318,301,"-2","2","69.785949677","6.938069919"
327,596103,"Slater, Austin",2022,1326,24.7,0.273,0.136,0.381,0.409,0.355,0.347,0.259,18,66,86.1,4.9,2267,88.2,88.34,52,160,167,0.09999999999999432,6.34,109,148,115,145,303,319,289,"-4.1","4.1",,
47,640449,"Frazier, Clint",2022,168,28,0.273,0,0.429,0.273,0.31,0.262,0.195,3,11,77.4,19.3,2043,88.7,89.09,6,22,25,0.3999999999999915,6.49,106,141,113,136,299,321,295,"1.6","-1.6",,
537,519317,"Stanton, Giancarlo",2021,2426,22.1,0.273,0.289,0.271,0.562,0.376,0.39,0.276,33,121,93,9,2238,88.5,88.62,76,258,279,0.09999999999999432,6.4,110,150,120,145,306,329,292,"-9.8","9.8",,
121,642162,"Valaika, Pat",2020,570,21.2,0.273,0.061,0.36,0.333,0.287,0.326,0.302,9,33,82,17.9,2294,87.1,87.07,17,64,57,0,6.33,109,149,115,145,297,317,283,"1.9","-1.9",,
524,571448,"Arenado, Nolan",2024,2452,21.4,0.272,0.128,0.278,0.4,0.301,0.304,0.265,34,125,86.9,18.7,2274,89.5,89.98,44,265,259,0.5,6.54,110,148,119,145,301,323,294,"-1.1","1.1","68.706096546","8.138924418"
480,543063,"Crawford, Brandon",2022,1720,27.9,0.272,0.149,0.333,0.421,0.331,0.313,0.226,31,114,90,15.6,2211,89.8,90.04,68,236,244,0.20000000000000284,6.43,116,150,111,149,293,321,303,"-5.6","5.6",,
621,543257,"Grossman, Robbie",2021,2817,22,0.272,0.14,0.3,0.412,0.358,0.345,0.245,31,114,83.8,18.9,2162,88.3,88.23,62,259,362,-0.09999999999999432,6.26,112,151,108,144,295,322,293,"-4.4","4.4",,
359,650333,"Arraez, Luis",2021,1975,18.2,0.272,0.099,0.273,0.37,0.305,0.349,0.298,22,81,90,13.9,2173,89.9,90.08,17,158,201,0.19999999999998863,6.33,114,146,103,146,280,312,295,"1.3","-1.3",,
482,547180,"Harper, Bryce",2023,2021,23.8,0.272,0.117,0.316,0.388,0.342,0.386,0.27,28,103,89.3,11.3,2245,87.9,88.17,90,248,234,0.29999999999999716,6.45,118,146,113,149,294,326,301,"-3.1","3.1",,
504,669304,"Miranda, Jose",2022,1812,27.8,0.272,0.144,0.32,0.416,0.326,0.293,0.235,34,125,91.2,12.4,2236,87.7,87.66,61,268,236,0,6.23,107,146,115,141,298,320,288,"-5.5","5.5",,
455,656976,"Smith, Pavin",2021,2076,21.9,0.272,0.087,0.346,0.359,0.315,0.317,0.257,28,103,87.6,4.3,2270,87.9,87.89,41,215,240,0,6.34,118,150,111,150,293,321,304,"1.2","-1.2",,
710,668227,"Arozarena, Randy",2022,2527,28.1,0.272,0.166,0.362,0.438,0.331,0.287,0.231,46,169,90.5,4.2,2256,88.9,88.68,107,347,363,-0.20000000000000284,6.24,108,147,116,144,301,323,291,"-1.6","1.6",,
484,649966,"Urías, Luis",2021,2278,21.2,0.272,0.184,0.324,0.456,0.379,0.365,0.24,28,103,86.7,16,2261,89.1,89.3,64,229,255,0.20000000000000284,6.33,107,146,112,143,299,316,287,"-11.1","11.1",,
467,663368,"Perkins, Blake",2024,1734,26.9,0.272,0.078,0.347,0.35,0.295,0.271,0.219,28,103,86.4,13.8,2299,89.8,90.12,65,224,243,0.29999999999999716,6.49,114,145,104,146,293,317,294,"5.5","-5.5","66.103241409","7.026060682"
361,593871,"Polanco, Jorge",2023,1400,25.8,0.272,0.21,0.31,0.481,0.332,0.322,0.244,22,81,85.4,19.6,2200,87.4,87.79,38,177,184,0.3999999999999915,6.49,114,146,110,147,294,322,292,"-4.2","4.2",,
201,621493,"Ward, Taylor",2021,874,23,0.271,0.271,0.303,0.542,0.383,0.372,0.262,13,48,80.5,14.8,2270,87.6,87.6,24,93,108,0,6.32,108,148,116,144,300,321,293,"-3.8","3.8",,
242,669374,"Hiura, Keston",2021,797,30.4,0.271,0.188,0.379,0.458,0.364,0.33,0.211,13,48,86.2,12,2264,89.5,89.62,52,123,119,0.09999999999999432,6.31,107,148,114,143,301,318,292,"0.6","-0.6",,
568,457705,"McCutchen, Andrew",2021,2308,24.6,0.271,0.243,0.319,0.514,0.38,0.365,0.247,29,107,87.4,10.9,2280,88.4,88.5,68,235,333,0.09999999999999432,6.35,108,147,115,143,299,321,289,"-10.1","10.1",,
450,543281,"Harrison, Josh",2021,1877,24,0.271,0.155,0.284,0.426,0.318,0.344,0.298,35,129,86.4,16.7,2246,88.5,88.68,54,254,196,0.20000000000000284,6.35,107,148,112,144,299,317,287,"-0.4","0.4",,
243,669477,"Schmitt, Casey",2023,965,25.2,0.271,0.051,0.356,0.322,0.286,0.304,0.283,16,59,86.5,10.5,2236,88.7,89.11,43,140,103,0.3999999999999915,6.49,108,147,116,144,299,320,289,"2.5","-2.5",,
279,606213,"Mercedes, Yermín",2021,1097,25.4,0.271,0.114,0.327,0.386,0.282,0.293,0.274,19,70,88.2,17.4,2354,88.8,88.81,32,162,117,0,6.27,110,151,118,145,294,321,288,"-1.8","1.8",,
542,669720,"Hays, Austin",2023,2122,25.5,0.271,0.068,0.35,0.338,0.284,0.254,0.223,36,133,87.3,14.1,2272,88.7,88.97,73,259,283,0.29999999999999716,6.49,105,144,114,140,302,323,290,"2.2","-2.2",,
494,669357,"Gorman, Nolan",2023,1889,26.2,0.271,0.355,0.306,0.626,0.402,0.379,0.244,29,107,90.5,24.6,2292,89.5,89.8,82,249,245,0.29999999999999716,6.45,118,144,113,148,294,324,303,"-9.1","9.1",,
188,605412,"Panik, Joe",2021,1013,18.6,0.271,0.188,0.268,0.458,0.324,0.306,0.261,13,48,87,4.9,2155,90.2,90.25,10,86,102,0,6.32,116,147,109,146,283,313,296,"-1.1","1.1",,
311,642350,"Siri, Jose",2023,1340,23.2,0.271,0.235,0.346,0.506,0.336,0.301,0.233,23,85,86,12.9,2234,89,88.96,64,163,148,0,6.35,107,146,111,141,302,326,289,"2.6","-2.6",,
330,572204,"Thompson, Trayce",2022,1138,29,0.271,0.305,0.393,0.576,0.404,0.374,0.234,16,59,93.2,19.8,2228,88.8,88.91,54,149,181,0.10000000000000853,6.33,110,148,117,142,303,321,295,"-4.2","4.2",,
273,594809,"Eaton, Adam",2021,1156,23.6,0.271,0.22,0.333,0.492,0.349,0.244,0.192,16,59,80.6,10.9,2239,88.4,88.68,33,139,134,0.29999999999999716,6.46,110,143,99,142,284,317,296,"-1.5","1.5",,
653,542303,"Ozuna, Marcell",2024,2875,22.7,0.271,0.293,0.3,0.564,0.379,0.412,0.281,38,140,92.5,10.7,2271,89.1,89.58,102,319,334,0.5,6.56,111,148,121,145,307,326,296,"-13.7","13.7","72.237795904","7.290307611"
414,458015,"Votto, Joey",2022,1505,27.5,0.27,0.311,0.306,0.581,0.441,0.374,0.216,20,74,89.6,15,2213,89.2,89.13,50,182,232,-0.10000000000000853,6.35,117,152,115,148,289,321,299,"-12.1","12.1",,
398,664913,"Brown, Seth",2024,1552,25.6,0.27,0.191,0.37,0.461,0.335,0.292,0.228,24,89,89.5,11.8,2251,89.1,89.24,69,209,189,0.10000000000000853,6.42,120,144,114,149,290,321,300,"2.8","-2.8","71.747686862","7.148826702"
443,690993,"Keith, Colt",2024,2022,21.9,0.27,0.135,0.329,0.405,0.327,0.298,0.249,30,111,85.8,5.6,2221,88.4,88.67,63,224,219,0.29999999999999716,6.4,116,143,111,147,290,321,297,"-3.3","3.3","68.655500472","6.634146557"
443,666624,"Morel, Christopher",2023,1655,26.8,0.27,0.24,0.356,0.51,0.36,0.341,0.247,27,100,93,6.6,2288,88.6,88.95,87,224,219,0.4000000000000057,6.39,108,145,115,142,299,322,297,"-7.4","7.4",,
617,665161,"Peña, Jeremy",2024,2272,27.2,0.27,0.101,0.298,0.372,0.307,0.346,0.289,40,148,87.8,7.4,2264,89.2,89.34,83,335,282,0.09999999999999432,6.48,107,146,112,142,296,322,287,"2.6","-2.6","69.565428553","7.220268006"
494,650402,"Torres, Gleyber",2023,2647,18.7,0.27,0.148,0.278,0.417,0.327,0.376,0.293,31,115,90.1,14.2,2306,88.9,89.24,48,226,268,0.29999999999999716,6.53,110,146,118,144,302,323,287,"2.6","-2.6",,
506,683734,"Vaughn, Andrew",2023,2317,21.8,0.27,0.226,0.311,0.496,0.347,0.33,0.269,37,137,89.6,5.5,2246,87.6,87.96,78,274,232,0.4000000000000057,6.49,108,148,117,144,303,324,290,"0.1","-0.1",,
154,621005,"Lopes, Tim",2020,571,27,0.27,0.054,0.345,0.324,0.301,0.285,0.241,10,37,82.2,6.8,2274,88.2,88.09,25,81,73,-0.10000000000000853,6.21,109,150,115,146,299,317,288,"-1.6","1.6",,
388,695578,"Wood, James",2024,1404,27.6,0.27,0.189,0.415,0.459,0.371,0.363,0.252,20,74,95.2,8.6,2240,88.8,89.2,56,148,240,0.4000000000000057,6.47,120,145,114,148,298,324,304,"-3.3","3.3","71.3338975","7.371850694"
336,573131,"Ruf, Darin",2022,1620,20.7,0.27,0.135,0.31,0.405,0.323,0.301,0.234,20,74,89.1,19.4,2251,89.1,89.15,38,150,186,0,6.28,109,148,119,143,300,320,289,"-2.7","2.7",,
487,518934,"LeMahieu, DJ",2021,2660,18.3,0.27,0.09,0.282,0.361,0.303,0.357,0.3,33,122,90.7,5.1,2216,89.6,89.74,32,219,268,0.10000000000000853,6.41,112,145,115,143,305,320,283,"0.8","-0.8",,
750,666969,"García, Adolis",2023,2562,29.3,0.27,0.264,0.286,0.535,0.371,0.398,0.279,43,159,92.1,12.6,2284,90,90.21,105,371,379,0.20000000000000284,6.44,110,148,118,144,305,330,297,"-14.9","14.9",,
143,605131,"Barnes, Austin",2024,593,24.1,0.27,0.081,0.4,0.351,0.28,0.203,0.189,10,37,83.9,12.6,2307,89.7,90.11,17,70,73,0.3999999999999915,6.54,108,148,114,146,301,315,285,"2.5","-2.5","63.76398194","6.155378358"
142,642336,"Mejía, Francisco",2023,578,24.6,0.27,0.189,0.296,0.459,0.303,0.227,0.201,10,37,87.5,15.7,2274,88.6,88.64,21,93,49,0,6.41,113,139,106,143,292,323,292,"0.8","-0.8",,
518,614177,"Reyes, Franmil",2021,1988,26.1,0.27,0.197,0.365,0.467,0.33,0.315,0.237,33,122,89.3,10.6,2243,89.1,89.26,81,254,264,0.20000000000000284,6.28,110,149,118,145,300,326,296,"-3.7","3.7",,
599,664040,"Lowe, Brandon",2021,2339,25.6,0.27,0.317,0.295,0.587,0.411,0.395,0.256,34,126,90.5,20.6,2226,88.8,88.95,101,292,307,0.20000000000000284,6.47,117,154,108,150,290,324,301,"-17.5","17.5",,
651,663728,"Raleigh, Cal",2024,2514,25.9,0.27,0.27,0.281,0.54,0.382,0.422,0.291,37,137,89.7,20.5,2228,89.2,89.43,109,326,325,0.20000000000000284,6.45,112,141,111,145,296,323,295,"-10.6","10.6","73.036623968","7.701622355"
117,643265,"Cooper, Garrett",2024,450,26,0.269,0.192,0.375,0.462,0.361,0.327,0.243,7,26,87.3,22.6,2260,89.9,90.33,17,55,62,0.3999999999999915,6.55,111,149,118,145,298,321,291,"-2.1","2.1","71.767878039","7.851399412"
150,608385,"Winker, Jesse",2020,783,19.2,0.269,0.385,0.267,0.654,0.457,0.403,0.218,7,26,88.5,4.6,2347,87.8,88.08,15,58,92,0.29999999999999716,6.4,117,154,112,149,292,323,301,"-3","3",,
324,571980,"Naquin, Tyler",2022,1261,25.7,0.269,0.256,0.388,0.526,0.356,0.342,0.249,21,78,92.8,12.4,2225,88.5,88.59,70,192,132,0.09999999999999432,6.38,117,146,108,148,286,318,299,"-6.1","6.1",,
607,650402,"Torres, Gleyber",2024,2821,21.5,0.269,0.193,0.276,0.462,0.336,0.309,0.218,32,119,87.9,15.9,2279,89,89.25,66,289,318,0.29999999999999716,6.51,109,146,117,143,301,321,287,"-5.9","5.9","68.850685092","7.211010074"
496,663898,"Rodgers, Brendan",2022,2112,23.5,0.269,0.185,0.28,0.454,0.333,0.336,0.262,35,130,90.5,2.8,2239,89.4,89.75,56,247,249,0.3999999999999915,6.34,107,149,117,145,309,326,295,"-4.2","4.2",,
116,624585,"Soler, Jorge",2020,739,15.7,0.269,0.5,0.25,0.769,0.441,0.448,0.31,7,26,98.6,11.2,2257,86.7,86.68,13,44,72,0,6.15,107,147,117,144,309,333,302,"-4.2","4.2",,
607,543807,"Springer, George",2023,2528,24,0.269,0.055,0.296,0.324,0.308,0.347,0.281,39,145,86.7,8.3,2266,89,89.27,63,305,302,0.29999999999999716,6.5,107,147,117,143,297,324,292,"4.6","-4.6",,
274,621438,"Taylor, Tyrone",2023,889,30.8,0.269,0.164,0.36,0.433,0.314,0.278,0.241,18,67,85.4,11.5,2265,89,89.35,36,146,128,0.29999999999999716,6.52,108,147,115,143,301,318,287,"4.7","-4.7",,
522,606192,"Hernández, Teoscar",2022,2082,25.1,0.269,0.252,0.366,0.521,0.366,0.351,0.256,32,119,92.9,10.6,2280,89.7,89.59,108,266,256,-0.10000000000000853,6.31,110,149,119,145,302,326,296,"-9.6","9.6",,
616,665862,"Chisholm Jr., Jazz",2024,2495,24.7,0.269,0.172,0.347,0.441,0.333,0.295,0.215,39,145,89.5,14,2270,88.4,88.46,103,314,302,0.09999999999999432,6.46,116,143,104,146,293,322,296,"-2.7","2.7","68.045091703","7.298979819"
552,663697,"India, Jonathan",2021,2643,20.9,0.269,0.185,0.357,0.454,0.355,0.294,0.207,29,108,84.5,11.5,2250,88.8,88.96,76,236,316,0.20000000000000284,6.36,109,148,115,143,296,318,288,"-9.4","9.4",,
147,592626,"Pederson, Joc",2020,550,26.7,0.269,0.269,0.294,0.538,0.406,0.361,0.23,7,26,90.5,5.7,2284,88.5,88.7,22,72,75,0.20000000000000284,6.33,113,153,112,147,300,322,304,"-2.6","2.6",,
174,545121,"Vargas, Ildemaro",2022,794,21.9,0.269,0.096,0.326,0.365,0.291,0.226,0.206,14,52,83.5,-0.1,2191,89,89,15,97,77,0,6.38,111,147,105,147,288,316,295,"1.5","-1.5",,
642,660162,"Moncada, Yoán",2021,2596,24.7,0.269,0.162,0.344,0.431,0.369,0.393,0.283,35,130,90.8,14.9,2187,89.4,89.48,84,285,357,0.09999999999999432,6.29,114,150,110,145,293,322,298,"-3.6","3.6",,
107,677008,"Kjerstad, Heston",2024,423,25.3,0.269,0.269,0.333,0.538,0.39,0.341,0.241,7,26,87.5,2.2,2232,89.6,89.91,24,60,47,0.30000000000001137,6.48,116,143,111,147,296,325,304,"-4.7","4.7","69.802968519","7.055299444"
142,543401,"Kipnis, Jason",2020,593,23.9,0.269,0.192,0.353,0.462,0.348,0.304,0.199,7,26,87,12,2228,89,89.48,19,69,73,0.5,6.5,108,144,105,144,290,320,302,"-1","1",,
441,514917,"Hernández, César",2022,2368,18.6,0.269,0.067,0.359,0.337,0.286,0.291,0.254,28,104,86.9,6.8,2207,89.1,89.19,68,229,212,0.10000000000000853,6.35,110,145,104,145,287,313,291,"3.8","-3.8",,
399,571466,"Barnhart, Tucker",2021,1524,26.2,0.269,0.108,0.343,0.376,0.304,0.26,0.211,25,93,88.1,21,2257,88.2,88.52,48,207,192,0.29999999999999716,6.41,115,147,110,146,289,319,296,"2.3","-2.3",,
202,665489,"Guerrero Jr., Vladimir",2020,907,22.3,0.269,0.115,0.283,0.385,0.329,0.327,0.256,14,52,92.2,-4.2,2211,88.3,88.44,29,99,103,0.10000000000000853,6.32,109,148,119,146,298,322,291,"-3.2","3.2",,
285,669134,"Campusano, Luis",2024,1025,27.8,0.269,0.167,0.3,0.436,0.321,0.268,0.226,21,78,86.9,13.7,2248,89,89.01,38,162,123,0,6.42,110,149,120,146,298,319,291,"-0.7","0.7","67.06487461","7.376731135"
452,673490,"Kim, Ha-Seong",2022,2359,19.2,0.269,0.125,0.3,0.394,0.314,0.301,0.265,28,104,83.9,14.5,2286,89.7,89.62,38,219,233,-0.10000000000000853,6.29,107,149,116,144,298,319,288,"-1","1",,
254,543685,"Rendon, Anthony",2020,889,28.6,0.269,0.154,0.351,0.423,0.364,0.342,0.241,14,52,87.4,18.4,2291,88.9,88.54,19,105,149,-0.4000000000000057,6.04,110,149,119,146,306,324,293,"-2.2","2.2",,
241,680700,"Palacios, Richie",2024,1281,18.8,0.269,0.096,0.317,0.365,0.336,0.313,0.234,14,52,86.8,18.1,2299,88.5,88.35,30,116,125,-0.09999999999999432,6.32,116,141,103,144,284,317,296,"0.4","-0.4","67.392630991","6.993848288"
469,686217,"Frelick, Sal",2024,2046,22.9,0.269,0.093,0.301,0.361,0.321,0.306,0.263,29,108,82.4,14.2,2297,89.1,89.4,26,203,266,0.30000000000001137,6.49,114,144,102,147,285,314,297,"-3.8","3.8","62.847273386","6.746773228"
340,672761,"Pérez, Wenceel",2024,1754,19.4,0.269,0.244,0.288,0.513,0.356,0.293,0.229,21,78,85.9,18.4,2232,89.1,89.52,27,161,179,0.4000000000000057,6.45,114,146,110,148,290,320,292,"-6.1","6.1","69.466904359","6.875481795"
222,669397,"Allen, Nick",2023,1168,19,0.268,0.036,0.326,0.304,0.283,0.313,0.271,15,56,80.1,-0.9,2278,89,89.26,15,102,120,0.29999999999999716,6.44,106,144,107,142,296,313,280,"6.3","-6.3",,
287,543068,"Cron, C.J.",2023,1068,26.9,0.268,0.239,0.311,0.507,0.336,0.332,0.264,19,71,89.7,9,2323,88.4,88.77,60,162,125,0.3999999999999915,6.42,110,149,120,146,308,331,301,"0.5","-0.5",,
273,666185,"Carlson, Dylan",2024,1110,24.6,0.268,0.089,0.333,0.357,0.314,0.272,0.214,15,56,86.5,15.3,2191,89.7,90.14,40,131,142,0.3999999999999915,6.55,111,145,110,146,296,319,293,"0.9","-0.9","66.522659213","6.914866929"
225,545121,"Vargas, Ildemaro",2023,1024,22,0.268,0.196,0.275,0.464,0.34,0.329,0.283,15,56,84.3,-0.4,2221,89.3,89.71,15,113,112,0.4000000000000057,6.49,112,144,106,146,287,316,294,"-4.7","4.7",,
365,687462,"Horwitz, Spencer",2024,1582,23.1,0.268,0.085,0.316,0.352,0.327,0.299,0.205,19,71,87.3,16.7,2178,89.9,90.01,40,173,192,0.09999999999999432,6.42,116,144,110,148,288,321,298,"-0.4","0.4","67.708532866","6.927144512"
489,680911,"Miller, Owen",2022,1836,26.6,0.268,0.098,0.302,0.366,0.305,0.316,0.261,30,112,84.2,12.3,2292,88.9,88.92,48,240,249,0,6.33,107,145,113,142,294,315,284,"5.8","-5.8",,
538,595879,"Báez, Javier",2021,2065,26.1,0.268,0.204,0.345,0.472,0.326,0.325,0.238,38,142,91.2,8.4,2305,88.5,88.65,117,323,215,0.09999999999999432,6.4,108,148,116,144,302,323,293,"-7.9","7.9",,
670,621566,"Olson, Matt",2022,2893,23.2,0.268,0.242,0.281,0.51,0.363,0.339,0.246,41,153,91.7,16.1,2235,88.9,89.07,93,344,326,0.19999999999998863,6.39,119,156,115,149,300,324,301,"-8.8","8.8",,
456,622534,"Margot, Manuel",2021,1706,26.7,0.268,0.063,0.313,0.33,0.29,0.289,0.247,30,112,87,8,2218,89.6,89.67,51,237,219,0.10000000000000853,6.46,104,148,109,144,301,321,288,"1.6","-1.6",,
534,701538,"Merrill, Jackson",2024,2214,24.1,0.268,0.152,0.309,0.42,0.3,0.346,0.304,37,138,87.6,11.2,2206,89.4,89.67,71,323,211,0.29999999999999716,6.49,116,142,109,146,287,318,301,"-1.8","1.8","69.985461448","7.483286793"
305,660707,"Montero, Elehuris",2023,1165,26.2,0.268,0.211,0.395,0.479,0.326,0.242,0.192,19,71,88.4,8,2293,88.1,88.68,72,169,136,0.6000000000000085,6.47,111,149,119,146,306,330,297,"-2.8","2.8",,
319,643565,"Tauchman, Mike",2024,1537,20.8,0.268,0.143,0.295,0.411,0.37,0.421,0.304,15,56,90,9.9,2254,89.5,89.71,27,145,174,0.20000000000000284,6.4,119,144,111,147,288,318,300,"-3.7","3.7","67.439947293","6.879272932"
585,665489,"Guerrero Jr., Vladimir",2023,2441,24,0.268,0.128,0.31,0.396,0.31,0.344,0.272,40,149,92.2,8.1,2300,90,90.18,77,312,273,0.20000000000000284,6.46,110,148,120,145,302,326,295,"0.3","-0.3",,
257,607043,"Nimmo, Brandon",2021,1548,16.6,0.268,0.071,0.341,0.339,0.354,0.327,0.23,15,56,86.1,7,2191,89.2,89.3,33,113,144,0.09999999999999432,6.38,115,146,107,146,288,320,297,"-5.1","5.1",,
209,596103,"Slater, Austin",2024,882,23.7,0.268,0.024,0.333,0.293,0.295,0.335,0.29,11,41,87.5,6.5,2211,88.8,89.02,26,100,109,0.20000000000000284,6.42,108,146,113,142,304,322,290,"1.7","-1.7","70.175171556","6.597159222"
700,547989,"Abreu, José",2022,2730,25.6,0.268,0.203,0.273,0.471,0.359,0.374,0.28,41,153,91.8,7.6,2256,89.2,89.22,71,362,338,0,6.28,110,148,118,144,303,326,292,"-4.5","4.5",,
186,672779,"Marcano, Tucupita",2023,731,25.4,0.267,0.156,0.275,0.422,0.312,0.328,0.271,12,45,84,18.2,2206,88.5,88.9,15,96,90,0.4000000000000057,6.44,116,145,103,148,292,315,297,"-4.7","4.7",,
263,621020,"Swanson, Dansby",2020,1060,24.8,0.267,0.217,0.317,0.483,0.359,0.394,0.284,16,60,89.6,12.4,2179,89.1,89.44,42,127,136,0.30000000000001137,6.45,107,147,114,142,306,318,288,"-8.5","8.5",,
67,671056,"Herrera, Iván",2023,200,33.5,0.267,0.133,0.364,0.4,0.352,0.309,0.227,4,15,84.4,13.5,2293,89.7,90.11,7,33,34,0.3999999999999915,6.57,109,142,116,140,301,320,293,"1.5","-1.5",,
210,543305,"Hicks, Aaron",2020,918,22.9,0.267,0.2,0.28,0.467,0.426,0.438,0.295,8,30,88.9,7.5,2190,88.5,88.8,18,75,135,0.29999999999999716,6.45,116,153,112,146,294,321,292,"-4.8","4.8",,
76,613564,"Vosler, Jason",2021,321,23.7,0.267,0.133,0.333,0.4,0.334,0.341,0.293,4,15,87.4,16.8,2286,90.4,90.83,9,34,42,0.3999999999999915,6.44,113,149,109,151,295,322,299,"-0.4","0.4",,
394,666158,"Lux, Gavin",2021,1441,27.3,0.267,0.244,0.302,0.512,0.369,0.399,0.304,23,86,90.3,10.4,2246,89.2,89.27,46,183,211,0.09999999999999432,6.22,116,146,110,149,294,321,300,"-4.6","4.6",,
567,457759,"Turner, Justin",2024,2320,24.4,0.267,0.058,0.304,0.325,0.305,0.334,0.265,32,120,87.2,11.2,2312,90.4,90.5,47,286,281,0.09999999999999432,6.4,108,148,118,144,297,320,286,"0.9","-0.9","63.083049425","6.212156743"
287,446334,"Longoria, Evan",2022,1187,24.2,0.267,0.333,0.297,0.6,0.404,0.356,0.225,16,60,91.4,11.3,2244,88.9,89.13,39,117,170,0.19999999999998863,6.37,111,150,120,145,304,323,291,"-8.4","8.4",,
55,543305,"Hicks, Aaron",2024,284,19.4,0.267,0,0.364,0.267,0.235,0.222,0.231,4,15,87.1,-15.5,1984,86.6,86.75,10,28,27,0.10000000000000853,6.43,110,143,108,144,288,317,294,"1.9","-1.9","60.613146522","6.75982"
61,676950,"MacKinnon, David",2022,252,24.2,0.267,0,0.286,0.267,0.221,0.272,0.302,4,15,85.3,16.1,2203,88.8,88.98,4,27,34,0.20000000000000284,6.47,111,149,117,145,302,321,292,"1.9","-1.9",,
185,518586,"Culberson, Charlie",2021,996,18.6,0.267,0.222,0.333,0.489,0.34,0.318,0.276,12,45,83.6,14.2,2249,88.2,88.08,31,102,83,-0.10000000000000853,6.26,107,147,112,143,299,320,288,"0.3","-0.3",,
409,624415,"Biggio, Cavan",2023,1387,29.5,0.267,0.173,0.347,0.44,0.372,0.342,0.235,20,75,87,11.8,2257,90.4,90.64,45,159,250,0.19999999999998863,6.49,114,143,107,147,285,319,293,"-6.2","6.2",,
48,676070,"Amaya, Jacob",2024,301,15.9,0.267,0,0.444,0.267,0.235,0.184,0.193,4,15,80.4,11.4,2278,86.6,86.78,4,22,26,0.20000000000000284,6.38,106,146,112,143,298,320,290,"0.9","-0.9","60.792541818","6.891719091"
240,622682,"Reyes, Victor",2022,1283,18.7,0.267,0.067,0.34,0.333,0.271,0.275,0.254,16,60,86.6,13.9,2243,89.3,89.35,42,133,107,0,6.33,111,147,107,147,290,319,293,"-1.1","1.1",,
69,664850,"Mazeika, Patrick",2022,284,24.3,0.267,0.2,0.333,0.467,0.335,0.207,0.174,4,15,79.8,4.3,2042,87.9,87.98,5,33,36,0.09999999999999432,6.33,118,158,115,154,281,312,293,"0","0",,
73,640461,"Pinder, Chad",2020,224,32.6,0.267,0.2,0.333,0.467,0.391,0.443,0.284,4,15,89,16.5,2124,86.4,86.48,6,36,37,0.09999999999999432,6.28,108,143,117,140,297,320,288,"-0.6","0.6",,
114,541645,"García, Avisaíl",2020,724,15.7,0.267,0.133,0.381,0.4,0.321,0.304,0.251,8,30,86.6,5.9,2313,87.8,88.2,17,61,53,0.4000000000000057,6.51,109,145,115,142,304,321,293,"-0.6","0.6",,
148,425877,"Molina, Yadier",2020,557,26.6,0.267,0,0.364,0.267,0.307,0.29,0.218,8,30,79.4,6.2,2355,89.1,89.37,28,83,65,0.30000000000001137,6.4,105,146,113,140,304,321,287,"2.4","-2.4",,
682,621020,"Swanson, Dansby",2023,2558,26.7,0.267,0.193,0.324,0.46,0.366,0.359,0.255,40,150,88.9,12.3,2244,89,89.25,106,329,353,0.20000000000000284,6.43,110,148,116,145,299,320,291,"-4.7","4.7",,
347,596847,"Choi, Ji Man",2021,1279,27.1,0.267,0.253,0.357,0.52,0.38,0.357,0.243,20,75,91,15.5,2216,89.2,89.35,54,156,191,0.09999999999999432,6.44,117,158,113,147,293,324,299,"-7.1","7.1",,
581,665489,"Guerrero Jr., Vladimir",2022,2596,22.4,0.267,0.158,0.283,0.425,0.329,0.324,0.26,39,146,91.7,-1.3,2277,89.5,89.5,67,307,274,0,6.33,110,150,120,147,305,330,296,"-0.1","0.1",,
377,500743,"Rojas, Miguel",2023,1455,25.9,0.267,0.022,0.279,0.289,0.287,0.343,0.302,24,90,86,7.8,2251,88.8,89.02,30,194,183,0.20000000000000284,6.39,110,147,116,145,298,316,287,"6.2","-6.2",,
257,658069,"Fuentes, Joshua",2021,1018,25.2,0.266,0.165,0.317,0.43,0.3,0.264,0.242,21,79,85.6,20.9,2351,88.6,88.72,47,165,92,0.10000000000000853,6.19,109,149,117,144,306,328,295,"3.2","-3.2",,
283,592348,"Goodrum, Niko",2021,1341,21.1,0.266,0.188,0.395,0.453,0.337,0.334,0.226,17,64,89.6,12,2237,88.3,88.25,61,139,144,0,6.32,111,146,108,143,294,323,296,"-1.2","1.2",,
529,807799,"Yoshida, Masataka",2023,2197,24.1,0.266,0.168,0.268,0.434,0.326,0.344,0.288,38,143,89.1,1.9,2278,89.2,89.44,47,252,277,0.20000000000000284,6.43,117,144,114,148,281,318,302,"0.5","-0.5",,
475,596146,"Kepler, Max",2023,1924,24.7,0.266,0.22,0.289,0.486,0.364,0.366,0.265,29,109,91.5,13.8,2292,89.5,89.88,43,229,246,0.4000000000000057,6.46,118,143,112,147,293,323,296,"-7.6","7.6",,
333,640461,"Pinder, Chad",2022,1437,23.2,0.266,0.203,0.378,0.468,0.324,0.292,0.237,21,79,87.7,5.4,2238,88.2,88.2,67,183,150,0,6.37,111,149,116,144,300,322,290,"-1.7","1.7",,
560,621035,"Taylor, Chris",2021,2384,23.5,0.266,0.202,0.333,0.468,0.35,0.354,0.264,33,124,84.6,14.3,2274,89.3,89.34,79,272,288,0,6.28,109,148,115,143,303,321,293,"-8","8",,
559,592663,"Realmuto, J.T.",2022,2193,25.5,0.266,0.169,0.319,0.435,0.335,0.338,0.271,33,124,88.5,11.3,2245,89,88.97,72,271,288,0,6.34,111,151,119,147,300,320,289,"-2.6","2.6",,
631,592518,"Machado, Manny",2023,2284,27.6,0.266,0.21,0.27,0.476,0.338,0.315,0.244,38,143,90.4,16.3,2285,89.4,89.6,84,321,310,0.19999999999998863,6.45,111,147,119,144,301,325,297,"-2.7","2.7",,
362,661388,"Contreras, William",2022,1546,23.4,0.266,0.177,0.321,0.443,0.332,0.285,0.204,21,79,87.9,3.5,2294,88.3,88.53,57,178,184,0.20000000000000284,6.41,112,148,118,145,304,322,291,"-1.1","1.1",,
791,621043,"Correa, Carlos",2021,2610,30.3,0.266,0.222,0.28,0.487,0.352,0.359,0.285,42,158,89.5,10.1,2219,88.6,88.57,66,321,470,0,6.32,109,149,118,145,299,325,291,"-10.9","10.9",,
551,666971,"Gurriel Jr., Lourdes",2023,2216,24.9,0.266,0.273,0.265,0.538,0.354,0.3,0.233,38,143,88.9,8.2,2278,89.2,89.43,52,288,263,0.20000000000000284,6.42,110,147,119,145,305,325,294,"-6","6",,
433,672284,"Kelenic, Jarred",2023,1664,26,0.265,0.096,0.415,0.361,0.327,0.338,0.274,22,83,87.6,8.6,2217,87.9,88.17,64,194,239,0.29999999999999716,6.43,116,142,111,148,291,319,295,"0.2","-0.2",,
352,663898,"Rodgers, Brendan",2021,1513,23.3,0.265,0.108,0.318,0.373,0.32,0.309,0.244,22,83,87.9,11.3,2232,88.8,89.06,43,196,156,0.29999999999999716,6.23,108,148,115,146,306,325,292,"0.1","-0.1",,
470,663647,"Hayes, Ke'Bryan",2023,1929,24.4,0.265,0.15,0.322,0.416,0.311,0.327,0.272,30,113,91.6,10.2,2323,89.2,89.67,44,197,273,0.5,6.54,111,146,118,145,309,321,291,"-3.1","3.1",,
149,663611,"Madrigal, Nick",2024,358,41.6,0.265,0.059,0.281,0.324,0.291,0.326,0.305,9,34,84.3,-4.8,2357,90.2,90.74,9,73,76,0.5,6.67,107,145,110,145,299,309,277,"0.9","-0.9","63.272332542","6.268704746"
274,624641,"Sosa, Edmundo",2021,1190,23,0.265,0.103,0.316,0.368,0.302,0.288,0.236,18,68,84.6,7,2308,87.9,88.06,41,157,117,0.19999999999998863,6.34,108,145,111,142,304,318,290,"0.8","-0.8",,
437,592192,"Canha, Mark",2024,1946,22.5,0.265,0.072,0.3,0.337,0.326,0.33,0.241,22,83,89.6,3.3,2254,89.3,89.69,34,180,257,0.4000000000000057,6.5,109,148,117,143,298,323,289,"-3.7","3.7","66.414566402","7.010116098"
291,665750,"Taveras, Leody",2022,1274,22.8,0.264,0.069,0.358,0.333,0.277,0.261,0.239,19,72,87.9,16.8,2303,87.5,87.38,45,139,152,-0.09999999999999432,6.25,110,144,101,144,295,323,295,"5.3","-5.3",,
221,518934,"LeMahieu, DJ",2024,845,26.2,0.264,0.113,0.277,0.377,0.27,0.27,0.24,14,53,84.9,8,2270,88.9,89.29,22,116,105,0.3999999999999915,6.54,110,143,116,141,297,320,283,"2.6","-2.6","64.07920514","6.84851729"
513,642133,"Tellez, Rowdy",2022,2392,21.4,0.264,0.309,0.266,0.573,0.392,0.393,0.268,29,110,91.1,17.1,2240,88.5,88.44,58,227,286,-0.09999999999999432,6.29,121,161,116,151,294,321,302,"-8.7","8.7",,
600,666185,"Carlson, Dylan",2021,2530,23.7,0.264,0.191,0.309,0.455,0.349,0.341,0.236,29,110,88.8,17.4,2231,88,88.07,65,261,339,0.09999999999999432,6.34,114,151,109,148,298,320,298,"-3.5","3.5",,
365,621438,"Taylor, Tyrone",2024,1323,27.6,0.264,0.154,0.338,0.418,0.316,0.307,0.257,24,91,87.1,16,2286,88.9,89.22,51,202,163,0.29999999999999716,6.56,108,146,114,142,298,318,288,"-3.3","3.3","69.573019022","7.627774511"
849,663993,"Lowe, Nathaniel",2023,3044,27.9,0.264,0.121,0.316,0.385,0.338,0.327,0.247,46,174,89.6,8.2,2264,89.6,89.74,71,363,486,0.10000000000000853,6.39,119,145,115,147,295,328,304,"-3.3","3.3",,
557,682829,"De La Cruz, Elly",2024,2751,20.2,0.264,0.24,0.346,0.504,0.374,0.351,0.238,34,129,90.4,7.4,2211,88.2,88.5,75,250,307,0.29999999999999716,6.44,117,145,112,146,297,323,298,"-8.2","8.2","72.848733783","7.131939609"
494,650490,"Díaz, Yandy",2022,2157,22.9,0.264,0.132,0.283,0.396,0.352,0.347,0.256,28,106,89.5,3.3,2255,89.9,89.84,25,192,302,-0.10000000000000853,6.37,110,148,118,148,304,324,291,"-6.7","6.7",,
509,677594,"Rodríguez, Julio",2024,2385,21.3,0.264,0.101,0.3,0.364,0.295,0.352,0.299,34,129,89.9,8.4,2319,89.5,89.76,85,286,223,0.29999999999999716,6.46,108,145,117,143,302,324,293,"-2.8","2.8","74.098934944","7.742982547"
533,642086,"Smith, Dominic",2021,1850,28.8,0.264,0.07,0.333,0.333,0.286,0.299,0.237,34,129,88.9,18.5,2226,88.5,88.46,84,301,232,0,6.31,114,149,110,147,291,319,299,"8.5","-8.5",,
567,457705,"McCutchen, Andrew",2022,2364,24,0.264,0.168,0.296,0.432,0.334,0.359,0.284,33,125,90.7,11.8,2293,89.4,89.38,63,271,296,0,6.34,106,148,117,143,298,319,293,"2","-2",,
322,645302,"Robles, Victor",2021,1404,22.9,0.264,0.083,0.358,0.347,0.316,0.27,0.203,19,72,80.6,14.3,2266,88.6,88.63,42,151,171,0,6.27,105,147,107,144,298,315,290,"6.4","-6.4",,
538,678662,"Tovar, Ezequiel",2023,2290,23.5,0.264,0.118,0.333,0.382,0.29,0.292,0.259,38,144,87.3,9.4,2319,88.4,88.92,91,338,200,0.5,6.42,108,146,114,144,306,326,291,"2.4","-2.4",,
647,457759,"Turner, Justin",2021,2465,26.2,0.263,0.219,0.255,0.482,0.354,0.355,0.259,36,137,90.7,20.7,2291,90,89.88,50,303,344,-0.09999999999999432,6.2,109,147,119,144,302,324,296,"-11","11",,
401,444482,"Peralta, David",2023,1530,26.2,0.263,0.101,0.309,0.364,0.281,0.258,0.226,26,99,89.2,10,2255,89.3,89.68,61,229,172,0.4000000000000057,6.48,116,142,113,147,291,320,300,"5.9","-5.9",,
268,621028,"Newman, Kevin",2023,912,29.4,0.263,0.123,0.292,0.386,0.305,0.315,0.256,15,57,85.1,13.3,2274,88.8,89.1,24,123,145,0.29999999999999716,6.44,108,148,114,146,298,316,285,"0.1","-0.1",,
457,542583,"Aguilar, Jesús",2022,2078,22,0.263,0.105,0.303,0.368,0.303,0.277,0.217,25,95,87.7,13.4,2266,88.6,88.67,70,239,218,0.10000000000000853,6.41,111,147,117,142,303,320,289,"1.8","-1.8",,
200,457708,"Upton, Justin",2020,682,29.3,0.263,0.184,0.364,0.447,0.355,0.32,0.198,10,38,94.2,24.3,2292,88.5,88.33,31,83,117,-0.20000000000000284,6.17,109,148,120,143,308,324,297,"-2","2",,
580,641487,"Crawford, J.P.",2023,2629,22.1,0.263,0.144,0.333,0.407,0.357,0.349,0.259,31,118,85,13.8,2254,88.9,89.23,44,221,359,0.29999999999999716,6.43,115,143,106,146,285,315,294,"-11.4","11.4",,
354,592626,"Pederson, Joc",2023,1723,20.5,0.263,0.113,0.357,0.375,0.31,0.279,0.214,21,80,91.4,10.2,2238,89.3,89.56,42,159,195,0.29999999999999716,6.39,119,144,112,148,293,321,299,"-1.2","1.2",,
409,664034,"France, Ty",2024,2028,20.2,0.263,0.105,0.308,0.368,0.312,0.283,0.211,25,95,86.5,14.1,2314,90,90.26,45,212,197,0.29999999999999716,6.42,107,146,118,144,298,319,285,"2.6","-2.6","68.409843881","7.325836965"
226,680869,"Gelof, Zack",2023,1155,19.6,0.263,0.263,0.333,0.526,0.353,0.24,0.186,15,57,88.2,15.4,2295,89,89.31,40,123,103,0.29999999999999716,6.41,112,147,117,145,302,323,292,"-2.9","2.9",,
206,516782,"Marte, Starling",2020,943,21.8,0.263,0.088,0.3,0.351,0.288,0.307,0.267,15,57,85.6,7.3,2253,88.3,88.22,29,125,81,-0.09999999999999432,6.28,112,147,111,143,305,322,294,"1.4","-1.4",,
589,592206,"Castellanos, Nick",2024,2344,25.1,0.263,0.164,0.287,0.428,0.329,0.357,0.294,40,152,87.3,14.3,2245,88.3,88.61,97,359,230,0.29999999999999716,6.49,110,148,120,144,297,321,287,"-0.7","0.7","70.33742367","7.471114281"
71,605346,"López, Jack",2024,274,25.9,0.263,0,0.385,0.263,0.255,0.196,0.184,5,19,77.1,7.3,2309,89.7,89.92,14,44,27,0.20000000000000284,6.47,103,140,109,136,294,318,284,"0","0","67.16505","7.257073182"
232,543685,"Rendon, Anthony",2023,762,30.4,0.263,0.132,0.257,0.395,0.379,0.43,0.287,10,38,91.5,14,2242,89,89.36,20,102,130,0.4000000000000057,6.63,106,149,115,144,303,321,294,"-1.4","1.4",,
101,542364,"Ortega, Rafael",2023,583,17.3,0.263,0,0.357,0.263,0.33,0.336,0.25,5,19,76.7,12.8,2287,89.3,89.36,8,51,50,0.10000000000000853,6.4,114,140,105,144,287,321,296,"-0.8","0.8",,
55,608566,"Márquez, Germán",2021,159,34.6,0.263,0.158,0.357,0.421,0.289,0.273,0.273,5,19,75.4,-14.3,2272,88.1,88.42,11,44,11,0.30000000000001137,6.21,96,137,103,142,298,313,277,"-0.9","0.9",,
402,621439,"Buxton, Byron",2024,1458,27.6,0.263,0.189,0.328,0.453,0.336,0.312,0.24,25,95,89.2,12.8,2266,88.9,89.32,79,223,179,0.3999999999999915,6.53,109,148,118,142,299,323,295,"-4.9","4.9","72.010235","8.089945566"
495,570482,"Urshela, Gio",2022,2017,24.5,0.262,0.175,0.262,0.437,0.31,0.333,0.279,33,126,89.2,16.6,2266,89.1,89.07,64,282,213,0,6.28,107,147,115,143,300,320,285,"1.5","-1.5",,
209,642336,"Mejía, Francisco",2022,1094,19.1,0.262,0.062,0.315,0.323,0.27,0.27,0.254,17,65,85.7,8.4,2188,88.8,88.5,28,132,77,-0.29999999999999716,6.23,114,147,107,145,291,321,293,"3.5","-3.5",,
502,642731,"Estrada, Thairo",2022,1945,25.8,0.262,0.09,0.286,0.352,0.306,0.288,0.235,32,122,80.3,3.7,2258,88.6,88.86,49,263,239,0.30000000000001137,6.42,107,149,112,144,298,317,287,"0.5","-0.5",,
649,669261,"Suwinski, Jack",2023,2281,28.5,0.262,0.254,0.357,0.516,0.369,0.339,0.215,32,122,89.9,20.1,2219,89.2,89.56,79,262,387,0.3999999999999915,6.44,116,143,110,146,297,322,297,"0.2","-0.2",,
512,687401,"Ortiz, Joey",2024,2124,24.1,0.262,0.136,0.316,0.398,0.335,0.29,0.199,27,103,83.7,6.1,2281,89.3,89.73,36,207,305,0.4000000000000057,6.52,107,144,113,143,302,318,287,"-7","7","69.539245612","7.269711786"
292,663457,"Nootbaar, Lars",2022,1389,21,0.262,0.18,0.277,0.443,0.333,0.325,0.225,16,61,90.1,11.3,2260,88.9,88.97,33,133,159,0.09999999999999432,6.32,114,150,106,151,292,320,300,"-0.3","0.3",,
521,443558,"Cruz, Nelson",2022,1992,26.2,0.262,0.115,0.323,0.377,0.317,0.316,0.234,32,122,92.4,2.2,2261,89.2,89.41,89,270,251,0.20000000000000284,6.45,108,148,120,145,306,322,297,"-3.8","3.8",,
528,668227,"Arozarena, Randy",2021,2479,21.3,0.262,0.214,0.343,0.476,0.357,0.344,0.225,27,103,88.7,10.7,2247,88.1,88.18,76,231,297,0.10000000000000853,6.47,106,147,114,144,300,325,292,"-5.8","5.8",,
406,660757,"Gonzalez, Oscar",2022,1409,28.8,0.262,0.194,0.291,0.456,0.326,0.309,0.257,27,103,87.9,7.6,2327,87.7,87.61,74,249,157,-0.10000000000000853,6.21,109,148,118,145,296,319,288,"1.9","-1.9",,
212,543877,"Vázquez, Christian",2020,779,27.2,0.262,0.238,0.267,0.5,0.385,0.36,0.24,11,42,88.2,13.2,2264,89.2,89.43,22,99,113,0.20000000000000284,6.43,106,146,116,144,290,314,289,"-2.3","2.3",,
196,553993,"Suárez, Eugenio",2020,999,19.6,0.262,0.405,0.286,0.667,0.411,0.351,0.209,11,42,94.1,25.8,2326,88.5,88.74,31,83,113,0.20000000000000284,6.38,108,145,114,138,295,323,294,"-5.6","5.6",,
270,666023,"Fermin, Freddy",2023,921,29.3,0.262,0.123,0.356,0.385,0.282,0.296,0.249,17,65,88.5,5.8,2315,88.9,89.45,42,150,120,0.5,6.6,108,146,115,143,301,321,291,"5","-5",,
164,596117,"Stubbs, Garrett",2024,746,22,0.262,0.071,0.367,0.333,0.306,0.231,0.174,11,42,70.4,8.1,2312,89,89.26,29,95,69,0.29999999999999716,6.45,112,141,100,146,280,315,290,"2.3","-2.3","61.994531","6.784885111"
362,593428,"Bogaerts, Xander",2024,1791,20.2,0.262,0.071,0.276,0.333,0.269,0.329,0.308,22,84,84.4,13.3,2275,89.2,89.4,33,171,191,0.20000000000000284,6.49,109,147,119,143,303,320,291,"7.6","-7.6","69.331506731","7.208260641"
313,592450,"Judge, Aaron",2023,1901,16.5,0.262,0.246,0.316,0.508,0.369,0.425,0.3,16,61,96.6,19.6,2322,88.2,88.41,55,144,169,0.20000000000000284,6.51,110,149,120,145,303,330,294,"-10.5","10.5",,
276,456715,"Cain, Lorenzo",2021,1134,24.3,0.261,0.159,0.308,0.42,0.322,0.35,0.295,18,69,90.1,10.3,2282,88.7,88.68,32,129,147,0,6.25,109,147,115,145,301,317,287,"0.9","-0.9",,
99,677595,"Mauricio, Ronny",2023,401,24.7,0.261,0.174,0.333,0.435,0.311,0.296,0.247,6,23,91.8,4.3,2128,88.1,87.93,19,59,40,-0.19999999999998863,6.26,113,145,116,146,295,322,293,"1.1","-1.1",,
701,630105,"Cronenworth, Jake",2024,2752,25.5,0.261,0.14,0.287,0.401,0.324,0.334,0.275,41,157,87.5,11.9,2228,90.2,90.35,54,349,352,0.09999999999999432,6.43,116,144,110,147,287,320,303,"-4.7","4.7","67.109205573","6.907349331"
428,592696,"Rosario, Eddie",2023,1908,22.4,0.261,0.193,0.284,0.454,0.313,0.315,0.273,31,119,88.7,15,2222,88.6,88.99,75,278,150,0.4000000000000057,6.48,118,142,111,148,299,325,298,"-1.7","1.7",,
763,621566,"Olson, Matt",2021,2774,27.5,0.261,0.268,0.254,0.529,0.362,0.387,0.252,40,153,91.7,19.5,2247,88.3,88.37,97,372,391,0.10000000000000853,6.3,116,158,110,146,298,327,300,"-4.9","4.9",,
510,672386,"Kirk, Alejandro",2024,1495,34.1,0.261,0.108,0.275,0.369,0.288,0.283,0.215,29,111,87.8,12.4,2284,90.1,90.36,44,271,239,0.30000000000001137,6.49,109,146,118,144,299,319,285,"3.3","-3.3","68.24036996","6.91521232"
180,676059,"Westburg, Jordan",2023,869,20.7,0.261,0.196,0.314,0.457,0.307,0.3,0.241,12,46,87.7,10.3,2285,89.2,89.45,26,97,83,0.20000000000000284,6.47,109,147,116,143,303,323,289,"-0.9","0.9",,
369,664913,"Brown, Seth",2023,1442,25.6,0.261,0.216,0.322,0.477,0.335,0.341,0.256,23,88,89.1,17.9,2197,88.8,89.24,67,192,177,0.4000000000000057,6.53,119,144,112,148,294,322,299,"-1.2","1.2",,
172,686797,"Lee, Brooks",2024,614,28,0.261,0.087,0.286,0.348,0.292,0.339,0.306,12,46,82.7,9.4,2255,89,89.36,18,87,85,0.4000000000000057,6.46,112,142,109,146,290,320,295,"-0.3","0.3","68.599703415","6.867802683"
647,668715,"Steer, Spencer",2023,2684,24.1,0.261,0.141,0.321,0.401,0.343,0.34,0.246,37,142,88.2,14.7,2198,89.2,89.49,74,303,344,0.29999999999999716,6.44,110,146,116,144,299,321,291,"-2.7","2.7",,
97,571875,"Lamb, Jake",2020,431,22.5,0.261,0,0.316,0.261,0.269,0.329,0.267,6,23,87.9,13.7,2188,89.2,89.07,12,49,48,-0.10000000000000853,6.17,118,156,115,150,293,322,302,"1.2","-1.2",,
306,662139,"Varsho, Daulton",2021,1220,25.1,0.261,0.145,0.315,0.406,0.338,0.375,0.301,18,69,85.8,8.9,2248,89.1,89.05,36,163,143,0,6.26,116,149,107,150,289,320,303,"-3.8","3.8",,
455,643396,"Kiner-Falefa, Isiah",2021,2396,19,0.261,0.059,0.298,0.319,0.287,0.286,0.253,31,119,83.7,1.9,2246,88.7,88.72,35,233,222,0,6.32,110,149,115,146,301,319,284,"-1.6","1.6",,
574,571976,"Myers, Wil",2021,2010,28.6,0.261,0.234,0.315,0.495,0.37,0.314,0.214,29,111,88.3,14.3,2300,89.2,89.14,87,266,308,-0.10000000000000853,6.3,110,148,115,144,299,323,295,"-7.1","7.1",,
99,669208,"Bliss, Ryan",2024,259,38.2,0.261,0.217,0.357,0.478,0.357,0.332,0.203,6,23,86.5,20.9,2253,90.1,90.09,17,55,44,0,6.31,103,142,104,140,297,318,285,"2.1","-2.1","64.644089074","6.261945"
122,660844,"Rivas, Leo",2024,371,32.9,0.261,0,0.429,0.261,0.284,0.277,0.228,6,23,83.3,6.1,2273,90.7,90.89,9,47,75,0.20000000000000284,6.4,109,144,108,146,290,317,291,"0.7","-0.7","61.646441087","6.816673478"
103,592450,"Judge, Aaron",2020,487,21.1,0.261,0.391,0.231,0.652,0.421,0.495,0.336,6,23,94.4,14.1,2210,88.9,89.12,15,45,58,0.19999999999998863,6.43,108,149,120,142,306,326,289,"-3.8","3.8",,
624,669257,"Smith, Will",2021,2080,30,0.261,0.209,0.253,0.47,0.342,0.378,0.265,30,115,89.8,20.5,2319,88.3,88.37,50,271,353,0.10000000000000853,6.31,108,148,118,143,302,321,294,"-3.4","3.4",,
120,605412,"Panik, Joe",2020,535,22.4,0.261,0.043,0.316,0.304,0.351,0.343,0.24,6,23,83.1,9.9,2129,89,89.15,6,41,79,0.09999999999999432,6.33,112,143,106,145,280,316,292,"-2","2",,
417,621035,"Taylor, Chris",2023,1622,25.7,0.26,0.177,0.356,0.438,0.333,0.315,0.237,25,96,84,22.5,2230,90,90.27,70,204,213,0.29999999999999716,6.46,110,150,118,144,298,319,291,"-3.9","3.9",,
230,666801,"Castro, Rodolfo",2022,1047,22,0.26,0.26,0.31,0.52,0.38,0.319,0.217,13,50,85.4,8.9,2214,88.1,88.07,40,106,124,0,6.28,115,144,106,145,291,316,292,"-3.5","3.5",,
326,543877,"Vázquez, Christian",2023,1324,24.6,0.26,0.096,0.367,0.356,0.308,0.284,0.222,19,73,85.6,6.2,2294,89.5,89.84,41,159,167,0.29999999999999716,6.41,111,146,115,144,301,318,284,"1.6","-1.6",,
605,681546,"Outman, James",2023,2352,25.7,0.26,0.165,0.373,0.425,0.337,0.312,0.232,33,127,85.9,14.3,2287,87.8,88.06,110,288,317,0.29999999999999716,6.42,116,143,112,148,293,319,299,"-0.7","0.7",,
269,641470,"Collins, Zack",2021,940,28.6,0.26,0.14,0.4,0.4,0.354,0.339,0.214,13,50,90.4,22.1,2165,89.4,89.48,39,118,151,0.09999999999999432,6.28,113,155,108,146,287,323,302,"-3.1","3.1",,
225,678009,"Meadows, Parker",2024,1214,18.5,0.26,0.2,0.333,0.46,0.345,0.25,0.176,13,50,86.5,25.7,2203,88.8,89.07,31,105,120,0.29999999999999716,6.49,116,143,107,148,288,321,298,"-3.5","3.5","68.626326667","7.221846176"
505,571771,"Hernández, Enrique",2023,1964,25.7,0.26,0.089,0.287,0.35,0.282,0.279,0.237,32,123,88.4,17.8,2271,88.7,89.02,55,255,250,0.29999999999999716,6.5,108,148,117,143,293,321,292,"3.4","-3.4",,
437,657757,"Sheets, Gavin",2024,2087,20.9,0.26,0.15,0.293,0.41,0.318,0.338,0.275,26,100,87.5,12.7,2290,88.9,89.24,54,212,225,0.29999999999999716,6.5,120,144,114,148,289,321,298,"-4.1","4.1","70.686882228","7.50347487"
434,664761,"Bohm, Alec",2021,1673,25.9,0.26,0.06,0.329,0.32,0.274,0.336,0.309,26,100,92.9,10.5,2266,89.6,89.67,57,232,202,0.10000000000000853,6.35,109,149,117,147,304,319,287,"3.5","-3.5",,
186,640458,"Mercado, Óscar",2021,903,20.6,0.26,0.18,0.297,0.44,0.318,0.259,0.219,13,50,88.8,20.9,2294,89.1,89.14,34,98,88,0,6.22,104,148,110,143,297,319,288,"0","0",,
237,518735,"Grandal, Yasmani",2024,952,24.9,0.26,0.1,0.333,0.36,0.326,0.325,0.234,13,50,85.3,15,2255,88.1,88.22,26,107,130,0.10000000000000853,6.34,116,145,113,147,298,320,297,"-4.8","4.8","65.6852125","7.109039135"
160,677649,"Duran, Ezequiel",2022,790,20.3,0.26,0.22,0.282,0.48,0.322,0.307,0.277,13,50,85.9,1.4,2365,88,88.05,23,100,60,0,6.33,107,146,111,143,298,323,286,"-0.6","0.6",,
119,643376,"Jansen, Danny",2020,571,20.8,0.259,0.222,0.25,0.481,0.36,0.361,0.247,7,27,72.9,4.3,2200,87.6,87.82,15,57,62,0.20000000000000284,6.32,105,148,117,145,297,319,285,"-2.3","2.3",,
554,672580,"Garcia, Maikel",2024,2360,23.5,0.259,0.141,0.274,0.4,0.297,0.315,0.273,35,135,89.1,5.9,2283,89.9,90.22,39,258,296,0.29999999999999716,6.42,107,147,112,144,307,323,293,"-1.3","1.3","67.469218996","6.938213347"
114,541645,"García, Avisaíl",2023,436,26.1,0.259,0.148,0.375,0.407,0.326,0.319,0.24,7,27,89.4,3.2,2310,88.6,88.71,19,56,58,0.10000000000000853,6.39,110,145,115,142,307,320,290,"-1.6","1.6",,
117,669087,"Huff, Sam",2022,501,23.4,0.259,0.111,0.4,0.37,0.315,0.281,0.225,7,27,88.7,10,2324,88.5,88.32,25,67,50,-0.20000000000000284,6.23,109,150,118,146,301,325,288,"0.3","-0.3",,
119,571466,"Barnhart, Tucker",2023,503,23.7,0.259,0.037,0.368,0.296,0.278,0.274,0.233,7,27,85.4,14.4,2245,87.5,87.95,15,61,58,0.4000000000000057,6.51,113,141,107,146,286,314,296,"2","-2",,
472,663898,"Rodgers, Brendan",2024,2079,22.7,0.259,0.172,0.313,0.431,0.315,0.313,0.259,30,116,86.3,1.4,2322,88.5,88.97,66,249,223,0.5,6.43,110,145,117,144,307,326,290,"3.5","-3.5","69.919279561","6.995131886"
268,624415,"Biggio, Cavan",2021,1125,23.8,0.259,0.074,0.35,0.333,0.292,0.258,0.199,14,54,86.2,11.3,2254,88.6,88.52,33,115,153,-0.09999999999999432,6.21,110,151,105,146,286,318,297,"1","-1",,
519,621493,"Ward, Taylor",2024,2599,20,0.259,0.17,0.286,0.429,0.315,0.347,0.255,29,112,90.1,16.7,2333,88.9,89.19,58,227,292,0.29999999999999716,6.5,108,147,118,143,304,322,293,"0.2","-0.2","68.043536232","6.998304638"
436,624428,"Frazier, Adam",2021,2352,18.5,0.259,0.148,0.297,0.407,0.327,0.32,0.266,28,108,85.4,9.1,2263,88.3,88.33,35,213,223,0,6.3,115,147,105,147,281,311,293,"-0.7","0.7",,
126,502054,"Pham, Tommy",2020,499,25.3,0.259,0.222,0.294,0.481,0.382,0.384,0.255,7,27,90.9,2.8,2277,89.8,89.73,18,50,76,-0.09999999999999432,6.24,107,147,115,143,306,322,292,"-2.8","2.8",,
117,641432,"Calhoun, Willie",2023,562,20.8,0.259,0.111,0.304,0.37,0.302,0.267,0.232,7,27,88.9,3.4,2217,87.9,88.38,9,55,62,0.5,6.63,114,142,111,146,290,318,289,"2.3","-2.3",,
610,605204,"Davis, J.D.",2023,2092,29.2,0.259,0.217,0.311,0.476,0.344,0.348,0.247,37,143,90.7,5,2251,90.1,90.51,114,327,283,0.4000000000000057,6.47,109,147,118,144,304,320,291,"2.5","-2.5",,
121,451594,"Fowler, Dexter",2020,451,26.8,0.259,0.074,0.389,0.333,0.3,0.27,0.223,7,27,83.3,9.8,2282,87.5,87.78,18,59,62,0.29999999999999716,6.4,114,150,110,154,292,320,301,"-1","1",,
566,663656,"Tucker, Kyle",2021,2180,26,0.259,0.237,0.25,0.496,0.34,0.387,0.295,35,135,90.9,13.6,2215,87.9,87.77,72,319,247,-0.10000000000000853,6.27,117,155,114,150,292,326,300,"-5.2","5.2",,
259,453568,"Blackmon, Charlie",2020,906,28.6,0.258,0.167,0.283,0.424,0.285,0.296,0.236,17,66,84.9,12.6,2279,89.8,90.08,42,152,107,0.29999999999999716,6.23,115,153,111,148,299,329,306,"0.7","-0.7",,
264,645277,"Albies, Ozzie",2022,1027,25.7,0.258,0.194,0.264,0.452,0.303,0.261,0.221,16,62,86.8,13.3,2164,88.2,88.32,35,158,106,0.09999999999999432,6.41,113,149,112,147,299,323,297,"-1.4","1.4",,
142,459964,"Joyce, Matt",2020,602,23.6,0.258,0,0.364,0.258,0.285,0.297,0.202,8,31,85.2,16.5,2109,88.6,88.84,22,60,82,0.20000000000000284,6.49,119,158,116,146,294,318,297,"-0.6","0.6",,
151,458731,"Gardner, Brett",2020,653,23.1,0.258,0.323,0.25,0.581,0.401,0.332,0.2,8,31,86.8,15.9,2198,88.5,88.52,19,65,86,0,6.29,115,144,111,143,284,312,293,"0.5","-0.5",,
118,606992,"Haase, Eric",2024,270,43.7,0.258,0.129,0.467,0.387,0.29,0.259,0.213,8,31,83,6.1,2285,87.3,87.67,29,66,52,0.4000000000000057,6.44,108,145,116,142,302,317,291,"2.1","-2.1","69.954802923","7.158628462"
453,650859,"Rengifo, Luis",2023,1676,27,0.258,0.124,0.31,0.381,0.312,0.313,0.229,25,97,88.2,7.2,2230,88.4,88.78,63,221,232,0.3999999999999915,6.56,114,144,111,146,292,319,296,"0.8","-0.8",,
448,660821,"Sánchez, Jesús",2023,1657,27,0.258,0.301,0.309,0.559,0.382,0.4,0.27,24,93,88.3,5.7,2233,89,89.2,69,230,218,0.20000000000000284,6.44,119,144,114,148,293,320,300,"-2.8","2.8",,
490,665161,"Peña, Jeremy",2023,2299,21.3,0.258,0.175,0.308,0.433,0.33,0.315,0.269,31,120,86.4,7.1,2261,88.9,88.98,78,270,220,0.09999999999999432,6.44,110,148,115,143,297,324,287,"-5.9","5.9",,
590,683002,"Henderson, Gunnar",2024,2896,20.4,0.258,0.218,0.284,0.476,0.354,0.367,0.267,32,124,94,12.1,2264,89.4,89.65,68,262,328,0.19999999999998863,6.42,116,144,113,148,298,326,303,"-3.5","3.5","74.331926972","7.090945259"
330,596748,"Franco, Maikel",2022,1418,23.3,0.258,0.135,0.296,0.393,0.285,0.269,0.251,23,89,84.8,15.4,2225,88.3,88.46,64,191,139,0.20000000000000284,6.39,106,147,118,142,302,320,295,"4.9","-4.9",,
357,605204,"Davis, J.D.",2022,1486,24,0.258,0.167,0.381,0.424,0.36,0.36,0.232,17,66,92.5,17.3,2257,89.3,89.32,70,172,185,0,6.35,110,149,119,145,302,322,291,"-0.6","0.6",,
187,666198,"Kieboom, Carter",2020,536,34.9,0.258,0.032,0.32,0.29,0.36,0.345,0.21,8,31,81.1,16.2,2221,87.9,88.1,17,79,108,0.19999999999998863,6.44,104,146,117,143,301,315,287,"-1.3","1.3",,
101,677950,"Thomas, Alek",2024,372,27.2,0.258,0.323,0.25,0.581,0.371,0.413,0.301,8,31,87.7,4.5,2257,88.9,89.26,12,56,45,0.3999999999999915,6.46,113,142,100,145,293,320,302,"-2.3","2.3","64.631249167","6.573671042"
115,667452,"Julks, Corey",2024,767,15,0.258,0.032,0.333,0.29,0.259,0.292,0.249,8,31,80.6,6.4,2259,89.3,89.56,19,62,53,0.29999999999999716,6.48,109,148,117,146,295,317,285,"2.5","-2.5","66.811725968","6.865605161"
620,571448,"Arenado, Nolan",2023,2285,27.1,0.258,0.238,0.25,0.497,0.324,0.315,0.26,39,151,88.4,17,2288,89,89.28,73,324,296,0.29999999999999716,6.42,110,149,119,145,304,325,298,"-0.5","0.5",,
653,624413,"Alonso, Pete",2023,2567,25.4,0.257,0.284,0.26,0.541,0.377,0.365,0.249,38,148,88.6,14.6,2255,89.2,89.35,80,289,364,0.09999999999999432,6.4,110,148,120,145,302,326,297,"-6.8","6.8",,
154,543105,"Dickerson, Alex",2020,607,25.4,0.257,0.171,0.292,0.429,0.323,0.281,0.217,9,35,90,19.8,2231,88.7,88.83,17,75,79,0.09999999999999432,6.19,119,147,114,147,291,324,302,"-2.4","2.4",,
153,519390,"Vogt, Stephen",2022,714,21.4,0.257,0.171,0.276,0.429,0.312,0.311,0.261,9,35,88.5,22,2237,88,88.02,23,74,79,0,6.29,116,158,110,147,289,319,298,"1","-1",,
609,630105,"Cronenworth, Jake",2021,2435,25,0.257,0.193,0.267,0.45,0.336,0.36,0.286,36,140,88.5,14.6,2195,89.5,89.44,38,261,348,-0.09999999999999432,6.27,118,147,109,148,286,318,302,"-5.8","5.8",,
348,666135,"Kirilloff, Alex",2023,1242,28,0.257,0.122,0.316,0.378,0.321,0.327,0.253,19,74,87.1,12.3,2258,89.1,89.53,45,172,176,0.4000000000000057,6.53,116,143,112,146,291,322,298,"1.8","-1.8",,
680,670623,"Paredes, Isaac",2024,2853,23.8,0.257,0.136,0.269,0.393,0.326,0.316,0.246,36,140,84.1,19.5,2297,89.3,89.46,51,311,369,0.20000000000000284,6.48,110,148,119,144,297,323,294,"-2.7","2.7","65.358038586","7.687813517"
328,668731,"Baddoo, Akil",2023,1415,23.2,0.257,0.229,0.313,0.486,0.363,0.317,0.228,18,70,85.5,5.2,2239,89.3,89.66,45,153,175,0.4000000000000057,6.5,115,144,104,147,288,322,297,"-5.6","5.6",,
336,608596,"Murphy, Tom",2021,1323,25.4,0.257,0.203,0.294,0.459,0.34,0.325,0.211,19,74,89.9,19.1,2171,87.7,87.6,49,157,179,-0.10000000000000853,6.22,109,148,118,142,296,319,287,"-0.5","0.5",,
512,673490,"Kim, Ha-Seong",2024,1982,25.8,0.257,0.198,0.268,0.455,0.347,0.337,0.261,26,101,83.9,13.5,2230,89.8,90.13,33,198,314,0.29999999999999716,6.48,108,146,114,143,297,317,287,"-3.5","3.5","65.200102573","6.496185088"
176,608671,"Jankowski, Travis",2024,819,21.5,0.257,0,0.321,0.257,0.285,0.299,0.259,9,35,82.2,-0.7,2193,89.7,89.84,14,82,94,0.09999999999999432,6.45,108,139,102,143,282,318,300,"1.3","-1.3","67.029984875","6.565626125"
162,660829,"Park, Hoy",2021,651,24.9,0.257,0.143,0.31,0.4,0.321,0.298,0.25,9,35,83.2,14.9,2247,90,89.8,15,62,100,-0.20000000000000284,6.13,113,142,101,145,288,314,293,"-2.2","2.2",,
539,694384,"Schanuel, Nolan",2024,2356,22.9,0.257,0.044,0.28,0.301,0.314,0.328,0.257,29,113,81.3,7.4,2239,89.9,90.01,30,219,320,0.09999999999999432,6.41,117,145,110,148,291,318,298,"-1.5","1.5","62.236079487","6.305536667"
277,605119,"Anderson, Brian",2023,1441,19.2,0.257,0.114,0.37,0.371,0.291,0.332,0.267,18,70,86,12.4,2220,89,89.18,53,157,120,0.20000000000000284,6.46,109,148,117,145,301,321,285,"2.3","-2.3",,
572,521692,"Perez, Salvador",2021,2392,23.9,0.257,0.23,0.267,0.486,0.331,0.361,0.252,38,148,92,18.6,2236,88.1,88.19,132,369,203,0.10000000000000853,6.28,107,147,117,143,305,327,301,"0.7","-0.7",,
525,607732,"Stallings, Jacob",2021,1697,30.9,0.257,0.19,0.287,0.448,0.351,0.303,0.219,27,105,86.9,5.4,2235,88.5,88.57,45,224,301,0.09999999999999432,6.32,110,147,116,145,302,315,286,"-11.1","11.1",,
524,691026,"Winn, Masyn",2024,2558,20.5,0.256,0.112,0.306,0.368,0.286,0.25,0.22,32,125,82.4,9.5,2295,89.2,89.65,61,271,253,0.3999999999999915,6.57,106,146,111,143,302,318,287,"7","-7","66.307485415","7.036760119"
167,608701,"Refsnyder, Rob",2021,669,25,0.256,0.051,0.303,0.308,0.288,0.381,0.329,10,39,84.8,6.6,2223,88.4,88.71,15,67,100,0.29999999999999716,6.4,110,148,116,144,296,318,286,"2.5","-2.5",,
622,673548,"Suzuki, Seiya",2024,2509,24.8,0.256,0.124,0.345,0.38,0.33,0.321,0.235,31,121,87.6,12.5,2271,89.3,89.66,60,248,374,0.4000000000000057,6.5,111,146,119,144,303,322,293,"-7.4","7.4","70.001211941","7.086147046"
202,594777,"Calhoun, Kole",2020,901,22.4,0.256,0.282,0.269,0.538,0.361,0.337,0.214,10,39,89.6,23.9,2313,90,89.95,38,92,110,0,6.34,115,151,111,148,296,325,303,"0.8","-0.8",,
379,665862,"Chisholm Jr., Jazz",2023,1545,24.5,0.256,0.233,0.327,0.488,0.341,0.3,0.208,22,86,89,10.6,2233,88.6,88.69,75,184,195,0.10000000000000853,6.42,116,144,108,149,294,321,298,"-1.9","1.9",,
475,543807,"Springer, George",2022,2175,21.8,0.256,0.214,0.279,0.47,0.342,0.354,0.266,30,117,88.3,14.7,2245,89.8,89.6,85,252,223,-0.20000000000000284,6.29,108,148,117,142,301,326,296,"-9.1","9.1",,
189,624414,"Arroyo, Christian",2021,696,27.2,0.256,0.302,0.28,0.558,0.37,0.304,0.213,11,43,81.7,6.1,2243,88.5,88.61,37,108,81,0.09999999999999432,6.33,107,149,116,145,293,319,291,"-2.8","2.8",,
157,656811,"O'Hearn, Ryan",2022,547,28.7,0.256,0.077,0.4,0.333,0.271,0.241,0.223,10,39,89.1,12.6,2360,88.5,88.68,25,80,77,0.20000000000000284,6.34,114,152,112,149,295,322,300,"1.7","-1.7",,
151,676946,"Batten, Matthew",2023,547,27.6,0.256,0.051,0.345,0.308,0.277,0.247,0.219,10,39,81.4,5,2247,89.3,89.45,19,66,85,0.10000000000000853,6.41,109,146,111,144,297,318,289,"3","-3",,
596,663624,"Mountcastle, Ryan",2021,2295,26,0.256,0.218,0.297,0.474,0.33,0.326,0.239,34,133,87.6,13.7,2217,88.8,88.96,111,340,256,0.20000000000000284,6.46,111,149,118,146,299,323,288,"0.5","-0.5",,
655,647304,"Naylor, Josh",2024,2284,28.7,0.256,0.221,0.254,0.477,0.34,0.312,0.243,44,172,88.8,8.4,2198,88.5,88.8,78,351,304,0.29999999999999716,6.47,116,143,112,146,289,321,298,"-3.4","3.4","70.395604109","7.560502931"
350,657656,"Laureano, Ramón",2021,1501,23.3,0.256,0.154,0.31,0.41,0.334,0.323,0.238,20,78,87.3,9.1,2267,89.1,89.26,38,174,176,0.20000000000000284,6.41,108,148,116,144,302,323,290,"-2.5","2.5",,
212,571745,"Haniger, Mitch",2022,996,21.3,0.256,0.163,0.3,0.419,0.333,0.368,0.282,11,43,93.7,18.9,2237,89.2,89.22,30,95,117,0,6.28,108,149,116,143,299,323,291,"-0.8","0.8",,
234,660162,"Moncada, Yoán",2020,981,23.9,0.256,0.256,0.296,0.512,0.388,0.35,0.218,11,43,86,13.7,2292,87.4,87.75,30,106,128,0.3999999999999915,6.4,114,152,109,147,293,324,301,"-3.5","3.5",,
184,455139,"Chirinos, Robinson",2022,853,21.6,0.256,0.14,0.323,0.395,0.317,0.284,0.214,11,43,76.6,11.8,2241,89.3,89.04,28,93,91,-0.29999999999999716,6.29,104,148,114,145,302,323,290,"-2.1","2.1",,
357,666181,"Benson, Will",2024,1656,21.6,0.256,0.244,0.432,0.5,0.357,0.272,0.194,20,78,88.5,11.8,2217,88.9,89.26,68,182,175,0.3999999999999915,6.48,119,143,112,147,290,320,295,"0.2","-0.2","69.204793416","7.636649689"
513,646240,"Devers, Rafael",2022,2232,23,0.256,0.24,0.261,0.496,0.353,0.348,0.242,32,125,91.5,12.2,2223,89.3,89.22,76,281,232,-0.09999999999999432,6.31,119,155,115,149,287,323,305,"-10.4","10.4",,
182,663368,"Perkins, Blake",2023,725,25.1,0.256,0.14,0.345,0.395,0.313,0.248,0.201,11,43,79.6,14.2,2283,89,89.14,15,77,105,0.09999999999999432,6.38,110,143,107,146,294,319,292,"0.2","-0.2",,
418,605141,"Betts, Mookie",2021,2232,18.7,0.256,0.116,0.27,0.372,0.326,0.354,0.246,22,86,90.6,18.6,2306,88.9,88.73,37,178,240,-0.20000000000000284,6.15,109,147,117,141,299,323,298,"-3.2","3.2",,
176,608700,"Plawecki, Kevin",2022,698,25.2,0.256,0.077,0.303,0.333,0.298,0.308,0.269,10,39,87.3,14.1,2309,89.2,89.53,17,85,91,0.29999999999999716,6.49,112,152,119,147,290,317,293,"1.2","-1.2",,
345,608701,"Refsnyder, Rob",2024,1202,28.7,0.256,0.128,0.345,0.385,0.323,0.345,0.264,20,78,92,16.2,2272,89.7,89.9,45,159,186,0.20000000000000284,6.43,108,146,116,144,288,320,293,"1.1","-1.1","70.999508462","7.416769679"
242,600524,"Núñez, Renato",2020,893,27.1,0.255,0.196,0.355,0.451,0.326,0.303,0.23,13,51,88.8,19.8,2148,87.2,87.45,35,126,116,0.29999999999999716,6.47,106,146,117,142,295,319,287,"-0.7","0.7",,
701,664034,"France, Ty",2023,2425,28.9,0.255,0.102,0.316,0.357,0.324,0.324,0.241,40,157,86.5,13,2281,89.1,89.28,85,373,328,0.20000000000000284,6.41,109,147,118,144,299,319,288,"1.2","-1.2",,
522,678882,"Rafaela, Ceddanne",2024,2070,25.2,0.255,0.199,0.305,0.454,0.316,0.284,0.231,36,141,85.5,15.9,2298,89.3,89.46,114,325,197,0.20000000000000284,6.44,106,145,109,142,290,317,290,"-0.4","0.4","66.683511173","7.231282182"
202,665506,"Pache, Cristian",2024,753,26.8,0.255,0.17,0.407,0.426,0.321,0.256,0.203,12,47,86.2,16.9,2273,89.3,89.52,44,101,101,0.20000000000000284,6.43,107,144,111,142,299,317,286,"-1.3","1.3","67.482962653","7.051984694"
449,624424,"Conforto, Michael",2023,1900,23.6,0.255,0.274,0.247,0.528,0.347,0.334,0.237,27,106,87.3,13.4,2210,88.9,89.26,52,212,237,0.3999999999999915,6.38,116,142,109,145,293,321,301,"-2.4","2.4",,
222,671213,"Casas, Triston",2024,991,22.4,0.255,0.216,0.323,0.471,0.33,0.319,0.235,13,51,87.9,5.9,2217,88.4,88.73,28,109,113,0.29999999999999716,6.54,117,144,112,148,283,322,307,"1.8","-1.8","73.594239767","7.629355116"
368,575929,"Contreras, Willson",2022,1825,20.2,0.255,0.204,0.274,0.459,0.349,0.324,0.246,25,98,89,6,2232,89.2,89.41,62,202,166,0.20000000000000284,6.45,109,147,118,144,301,323,293,"1.9","-1.9",,
198,570481,"González, Erik",2021,807,24.5,0.255,0.118,0.293,0.373,0.286,0.296,0.266,13,51,87.6,5.4,2301,88.5,88.43,32,114,84,-0.09999999999999432,6.29,111,148,114,145,303,315,283,"2.4","-2.4",,
444,668901,"Vientos, Mark",2024,1756,25.3,0.255,0.167,0.348,0.422,0.314,0.281,0.211,26,102,89,9.1,2342,89.3,89.63,81,215,229,0.29999999999999716,6.53,108,147,118,143,302,324,291,"-0.8","0.8","70.347567059","7.579545686"
522,624585,"Soler, Jorge",2024,2361,22.1,0.255,0.2,0.271,0.455,0.345,0.364,0.261,28,110,91.1,16,2304,88.4,88.88,65,247,275,0.5,6.55,110,148,121,143,303,324,297,"-0.7","0.7","73.962694714","7.915863744"
446,669224,"Wells, Austin",2024,1638,27.2,0.255,0.202,0.278,0.457,0.325,0.339,0.249,24,94,88.3,23.9,2215,88.6,89,62,238,208,0.4000000000000057,6.57,114,143,107,147,288,324,295,"-4.9","4.9","70.642253965","7.353574581"
291,621035,"Taylor, Chris",2024,1046,27.8,0.255,0.078,0.316,0.333,0.343,0.372,0.275,13,51,81.1,13.8,2343,90.4,90.8,39,128,163,0.3999999999999915,6.5,109,145,115,141,300,317,290,"-1.3","1.3","65.56792375","6.849420083"
634,502671,"Goldschmidt, Paul",2023,2847,22.3,0.255,0.124,0.32,0.38,0.322,0.331,0.257,35,137,90.6,13,2311,89.7,90.05,86,306,328,0.29999999999999716,6.46,110,147,118,145,306,326,297,"5.3","-5.3",,
238,641553,"Engel, Adam",2022,992,24,0.255,0.164,0.382,0.418,0.328,0.27,0.23,14,55,85.1,16.3,2292,89.5,89.71,44,112,126,0.20000000000000284,6.36,105,146,112,143,300,322,287,"1.1","-1.1",,
622,666969,"García, Adolis",2021,2508,24.8,0.255,0.229,0.306,0.484,0.316,0.323,0.236,39,153,92.1,18.7,2194,88.6,88.58,114,365,257,0,6.31,109,147,116,144,303,326,294,"-2.6","2.6",,
286,669289,"Espinal, Santiago",2023,989,28.9,0.254,0.045,0.327,0.299,0.274,0.253,0.211,17,67,82.8,4.1,2268,89.1,89.33,32,134,152,0.20000000000000284,6.46,106,147,114,144,297,315,282,"4.3","-4.3",,
697,572233,"Walker, Christian",2024,2315,30.1,0.254,0.203,0.292,0.457,0.347,0.39,0.247,35,138,92.1,14.9,2269,89.1,89.47,97,349,348,0.4000000000000057,6.48,109,148,120,144,303,327,296,"-6.4","6.4","72.07157612","7.441939653"
215,677649,"Duran, Ezequiel",2024,1011,21.3,0.254,0.063,0.296,0.317,0.264,0.258,0.241,16,63,86.9,6.6,2279,88.8,89.02,27,130,85,0.20000000000000284,6.56,108,147,116,144,306,326,291,"0.1","-0.1","69.964464344","7.074321639"
299,666152,"Hamilton, David",2024,1190,25.1,0.254,0.209,0.385,0.463,0.339,0.275,0.218,17,67,85.3,14,2309,89.4,89.76,43,144,155,0.3999999999999915,6.49,115,142,103,147,279,314,300,"-1","1","64.956218462","7.097155734"
400,664238,"Moore, Dylan",2024,1804,22.2,0.254,0.169,0.291,0.423,0.378,0.37,0.238,18,71,85.8,22.8,2268,89.4,89.63,30,160,240,0.19999999999998863,6.39,108,147,115,144,297,320,290,"-4.6","4.6","71.697137756","6.93419141"
530,642715,"Adames, Willy",2021,2221,23.9,0.254,0.263,0.333,0.517,0.372,0.352,0.245,30,118,89.9,16.4,2212,88.9,88.97,86,268,262,0.09999999999999432,6.3,109,147,114,143,301,321,292,"-10.6","10.6",,
280,643376,"Jansen, Danny",2023,1185,23.6,0.254,0.211,0.283,0.465,0.334,0.296,0.232,18,71,89.1,12.8,2263,90,90.18,33,141,139,0.20000000000000284,6.46,107,146,116,141,296,322,289,"-3.1","3.1",,
583,641820,"Mancini, Trey",2021,2468,23.6,0.254,0.101,0.324,0.355,0.306,0.317,0.242,35,138,86.5,10.6,2226,88.7,88.84,87,282,301,0.09999999999999432,6.45,110,147,117,144,305,324,290,"-0.4","0.4",,
591,669016,"Marsh, Brandon",2024,2007,29.4,0.254,0.144,0.366,0.398,0.33,0.312,0.208,30,118,87.1,13.1,2225,89,89.26,74,240,351,0.29999999999999716,6.46,119,145,110,149,288,320,298,"-0.8","0.8","68.427195066","7.061576157"
300,621453,"Duggar, Steven",2021,1197,25.1,0.254,0.224,0.341,0.478,0.346,0.337,0.256,17,67,89.4,19.6,2294,88.3,88.58,30,124,176,0.29999999999999716,6.4,117,145,104,147,289,320,304,"-1.4","1.4",,
552,682928,"Abrams, CJ",2024,2261,24.4,0.254,0.172,0.329,0.426,0.317,0.304,0.224,31,122,86.5,18.5,2277,88.4,88.81,89,301,251,0.3999999999999915,6.49,117,143,107,146,291,320,300,"-0.5","0.5","69.141899643","7.380137286"
499,543877,"Vázquez, Christian",2021,1947,25.6,0.254,0.041,0.292,0.295,0.258,0.255,0.236,31,122,81.1,12.8,2239,88.8,88.93,44,253,246,0.10000000000000853,6.36,107,148,116,146,293,318,290,"7.8","-7.8",,
455,673548,"Suzuki, Seiya",2022,1876,24.3,0.253,0.218,0.29,0.471,0.351,0.322,0.236,22,87,87.6,9.8,2291,89.1,89.17,43,188,267,0.10000000000000853,6.4,109,146,118,144,299,319,290,"-1.1","1.1",,
294,519203,"Rizzo, Anthony",2024,1432,20.5,0.253,0.139,0.27,0.392,0.295,0.28,0.231,20,79,85.9,11.7,2223,89.2,89.49,26,160,134,0.29999999999999716,6.53,116,144,112,148,288,321,293,"-0.4","0.4","67.081077652","6.682469015"
643,605137,"Bell, Josh",2021,2182,29.5,0.253,0.165,0.272,0.418,0.324,0.354,0.273,40,158,91.1,5.1,2220,89.2,89.33,73,320,323,0.09999999999999432,6.35,113,150,114,147,301,324,301,"1","-1",,
647,657077,"Verdugo, Alex",2022,2490,26,0.253,0.108,0.268,0.361,0.28,0.321,0.283,42,166,89.4,7.1,2196,89,88.94,49,311,336,-0.09999999999999432,6.32,116,148,110,148,282,317,303,"2.8","-2.8",,
405,681807,"Fry, David",2024,1515,26.7,0.253,0.242,0.277,0.495,0.358,0.324,0.228,23,91,87,15.7,2236,88.6,88.84,48,190,215,0.20000000000000284,6.42,108,145,117,142,295,320,290,"-9.6","9.6","68.029542775","7.67036341"
371,671277,"García Jr., Luis",2023,1700,21.8,0.253,0.061,0.258,0.313,0.269,0.282,0.232,25,99,87.7,0.8,2237,87.6,87.9,32,199,172,0.30000000000001137,6.48,116,143,107,146,290,318,299,"4.6","-4.6",,
361,641680,"Heim, Jonah",2022,1759,20.5,0.253,0.132,0.304,0.385,0.317,0.298,0.23,23,91,87.7,16.2,2222,90,89.95,52,192,169,-0.09999999999999432,6.35,116,153,113,148,297,327,297,"2.1","-2.1",,
395,575929,"Contreras, Willson",2021,1969,20.1,0.253,0.169,0.305,0.422,0.339,0.362,0.248,21,83,91,12.1,2264,88.6,88.79,51,182,213,0.20000000000000284,6.39,110,148,116,144,299,321,293,"-0.1","0.1",,
450,518626,"Donaldson, Josh",2021,2125,21.2,0.253,0.198,0.268,0.451,0.33,0.392,0.293,23,91,94.9,22.6,2269,89.2,89.3,57,212,238,0.09999999999999432,6.35,109,149,119,144,300,323,292,"0.4","-0.4",,
360,519203,"Rizzo, Anthony",2023,1670,21.6,0.253,0.072,0.339,0.325,0.299,0.344,0.288,21,83,90.6,16.4,2239,89.4,89.55,41,165,195,0.19999999999998863,6.42,116,143,112,148,293,326,295,"2.1","-2.1",,
409,663886,"Stephenson, Tyler",2021,1577,25.9,0.253,0.138,0.274,0.391,0.313,0.333,0.269,22,87,86.7,8.9,2213,88.9,88.94,28,178,231,0,6.26,109,147,117,143,300,320,288,"-0.3","0.3",,
596,624413,"Alonso, Pete",2021,2298,25.9,0.252,0.217,0.277,0.469,0.34,0.403,0.296,36,143,90.7,13.8,2242,89.5,89.45,87,330,266,-0.09999999999999432,6.32,108,147,118,143,303,327,297,"-2","2",,
628,666182,"Bichette, Bo",2022,2522,24.9,0.252,0.214,0.27,0.465,0.336,0.336,0.257,40,159,90.1,13.2,2295,90.3,90.27,85,366,262,0,6.41,111,148,118,146,305,324,291,"-2","2",,
618,673962,"Jung, Josh",2023,1976,31.3,0.252,0.126,0.337,0.378,0.315,0.347,0.268,34,135,91,14.1,2306,88.5,88.63,106,329,289,0.09999999999999432,6.39,110,149,119,144,305,328,293,"5.7","-5.7",,
528,669720,"Hays, Austin",2022,2051,25.7,0.252,0.134,0.302,0.386,0.31,0.291,0.228,32,127,86.6,9,2266,88.5,88.46,64,265,263,0,6.34,108,148,114,144,299,323,291,"1.3","-1.3",,
425,553869,"Díaz, Elias",2022,1445,29.4,0.252,0.146,0.275,0.398,0.295,0.265,0.22,26,103,85.5,13.8,2284,88.2,88.74,54,237,188,0.5,6.42,109,148,118,145,306,324,295,"0.3","-0.3",,
502,668942,"Rojas, Josh",2021,2316,21.7,0.252,0.056,0.338,0.308,0.3,0.285,0.222,27,107,86.4,4.6,2216,88.8,88.71,52,213,289,-0.09999999999999432,6.29,117,149,109,149,292,320,303,"3.7","-3.7",,
653,595777,"Profar, Jurickson",2022,2790,23.4,0.252,0.205,0.268,0.457,0.365,0.33,0.23,32,127,85.8,11.3,2206,88.2,88.09,50,278,375,-0.10000000000000853,6.27,113,150,112,148,294,319,293,"-3.5","3.5",,
514,669256,"Solak, Nick",2021,2054,25,0.252,0.078,0.31,0.33,0.285,0.274,0.232,29,115,82.9,1.2,2277,88.4,88.43,64,241,273,0,6.31,109,149,115,145,304,323,289,"7.8","-7.8",,
29,641684,"Hermosillo, Michael",2021,149,19.5,0.25,0.125,0.4,0.375,0.265,0.204,0.172,2,8,91.1,42.8,2294,89.7,90.08,4,13,16,0.3999999999999915,6.37,104,149,109,144,291,318,290,"0.5","-0.5",,
117,572138,"Singleton, Jon",2023,422,27.7,0.25,0.167,0.263,0.417,0.342,0.324,0.225,6,24,86.7,15.6,2319,89.1,88.82,13,51,66,-0.29999999999999716,6.28,117,142,114,147,288,323,297,"0.5","-0.5",,
79,642215,"Wilson, Weston",2024,379,20.8,0.25,0.05,0.385,0.3,0.25,0.181,0.148,5,20,78.9,14.8,2168,87.7,88.09,13,38,41,0.3999999999999915,6.56,107,142,114,140,298,320,287,"1.4","-1.4","69.889027297","7.366845405"
179,606115,"Arcia, Orlando",2020,703,25.5,0.25,0.167,0.256,0.417,0.308,0.37,0.3,12,48,85.4,16.9,2339,88,88.09,24,90,89,0.09999999999999432,6.28,107,144,111,142,298,316,284,"1.7","-1.7",,
33,621006,"Martin, Richie",2022,130,25.4,0.25,0.25,0.4,0.5,0.353,0.29,0.185,2,8,87,10.4,2156,87.7,87.78,5,13,20,0.09999999999999432,6.39,105,144,115,141,299,317,283,"-1.2","1.2",,
419,543257,"Grossman, Robbie",2022,1942,21.6,0.25,0.125,0.317,0.375,0.319,0.31,0.245,22,88,86.8,16.7,2231,87.7,87.64,53,186,233,-0.10000000000000853,6.28,114,153,111,148,291,319,293,"-2.7","2.7",,
22,451594,"Fowler, Dexter",2021,77,28.6,0.25,0,0.5,0.25,0.314,0.318,0.239,1,4,87.5,15.5,2129,87.6,87.56,3,9,13,0,6.29,119,140,102,140,297,315,299,"0.5","-0.5",,
22,663853,"Gonzalez, Romy",2021,123,17.9,0.25,0.125,0.286,0.375,0.265,0.241,0.241,2,8,79.1,-13.2,2272,89.2,89.12,2,12,10,-0.10000000000000853,6.31,108,146,114,143,307,328,296,"0.8","-0.8",,
114,621028,"Newman, Kevin",2020,662,17.2,0.25,0.031,0.242,0.281,0.232,0.262,0.253,8,32,85.1,0.3,2313,87.9,87.94,5,57,57,0,6.22,103,142,108,138,296,305,264,"2.1","-2.1",,
87,677592,"Pereira, Everson",2023,388,22.4,0.25,0.042,0.375,0.292,0.303,0.324,0.268,6,24,94,0.7,2376,88.1,88.25,16,44,43,0.20000000000000284,6.4,108,147,117,144,298,322,291,"-0.9","0.9",,
123,663845,"Rivas III, Alfonso",2023,539,22.8,0.25,0.208,0.357,0.458,0.316,0.286,0.218,6,24,83.9,8.7,2284,90.6,90.62,22,62,61,0,6.32,117,143,113,145,293,323,300,"0.5","-0.5",,
57,570481,"González, Erik",2022,176,32.4,0.25,0,0.333,0.25,0.288,0.297,0.237,3,12,77.1,-5.8,2338,90.9,90.87,8,27,30,0,6.48,109,149,115,143,301,311,284,"1.3","-1.3",,
48,506702,"León, Sandy",2023,206,23.3,0.25,0.083,0.429,0.333,0.251,0.188,0.193,3,12,85.5,12.4,2129,82.3,81.68,5,22,26,-0.5999999999999943,5.9,117,144,119,149,295,322,296,"1.7","-1.7",,
11,676070,"Amaya, Jacob",2023,28,39.3,0.25,0,0.25,0.25,0.221,0.347,0.335,1,4,88.8,5.8,1905,83,83.38,0,7,4,0.4000000000000057,6.48,101,150,119,145,303,314,296,"0.2","-0.2",,
567,671213,"Casas, Triston",2023,2062,27.5,0.25,0.258,0.268,0.508,0.368,0.392,0.252,30,120,91.8,13.6,2273,88.4,88.51,74,265,302,0.09999999999999432,6.4,117,143,115,149,284,324,303,"-7.2","7.2",,
28,543308,"Hicks, John",2021,122,23,0.25,0.375,0.5,0.625,0.361,0.212,0.146,2,8,97.8,32.7,2204,88.7,88.82,9,20,8,0.09999999999999432,6.4,115,147,118,144,307,323,302,"0.7","-0.7",,
124,435559,"Suzuki, Kurt",2022,593,20.9,0.25,0.063,0.276,0.313,0.278,0.288,0.244,8,32,86.2,30.5,2299,89.4,89.44,13,61,63,0,6.42,106,146,113,141,298,318,287,"0.9","-0.9",,
119,570731,"Schoop, Jonathan",2020,624,19.1,0.25,0.219,0.231,0.469,0.295,0.224,0.192,8,32,83.7,9.4,2326,88,88.28,16,73,46,0.29999999999999716,6.34,108,144,114,140,301,327,292,"-0.2","0.2",,
45,677956,"Hinds, Rece",2024,183,24.6,0.25,0.417,0.286,0.667,0.424,0.296,0.157,3,12,89.7,22,2253,88.8,89.48,9,25,20,0.7000000000000028,6.62,115,149,122,145,300,323,292,"-1.8","1.8","75.11566625","7.549914167"
261,664731,"Higgins, P.J.",2022,916,28.5,0.25,0.208,0.355,0.458,0.366,0.291,0.2,12,48,76.4,6.1,2338,89.6,89.61,36,111,150,0,6.3,110,145,115,142,295,314,284,"-5.3","5.3",,
402,543543,"Miller, Brad",2021,1525,26.4,0.25,0.33,0.265,0.58,0.391,0.387,0.258,22,88,91.1,9.1,2209,88.9,88.95,59,184,218,0.09999999999999432,6.38,116,150,111,148,290,318,295,"-5.5","5.5",,
20,665154,"Proctor, Ford",2022,81,24.7,0.25,0.75,0,1,0.345,0.352,0.197,1,4,94.6,3.7,2272,92.1,92.18,1,10,10,0.10000000000000853,6.45,116,149,115,151,283,314,296,"0.3","-0.3",,
201,595909,"Cave, Jake",2023,813,24.7,0.25,0.077,0.302,0.327,0.278,0.275,0.208,13,52,84.4,12.2,2322,89.5,89.67,26,108,93,0.20000000000000284,6.43,116,146,109,150,283,317,297,"6.3","-6.3",,
344,553869,"Díaz, Elias",2024,1323,26,0.25,0.131,0.305,0.381,0.297,0.285,0.232,21,84,84.3,7,2302,88,88.6,58,180,164,0.5999999999999943,6.5,110,148,120,145,302,322,289,"3","-3","72.031413916","6.951915964"
223,502210,"Reddick, Josh",2020,836,26.7,0.25,0.135,0.293,0.385,0.308,0.309,0.259,13,52,82.6,16.7,2250,88.4,88.3,26,112,111,-0.10000000000000853,6.31,117,153,110,150,288,323,301,"-1.4","1.4",,
541,657077,"Verdugo, Alex",2023,2364,22.9,0.25,0.105,0.276,0.355,0.296,0.288,0.237,31,124,87.2,11.2,2254,89.3,89.66,38,229,312,0.4000000000000057,6.54,117,145,111,148,281,319,302,"6.9","-6.9",,
161,664040,"Lowe, Brandon",2020,882,18.3,0.25,0.2,0.31,0.45,0.339,0.34,0.224,10,40,89.3,21.4,2178,87.7,87.91,24,77,84,0.20000000000000284,6.5,113,146,107,144,286,322,297,"-2.9","2.9",,
15,663330,"Jones, Jahmai",2023,49,30.6,0.25,0.25,1,0.5,0.311,0.306,0.211,1,4,108.6,19,2544,92.5,92.22,4,9,6,-0.29999999999999716,5.97,96,136,106,129,296,310,280,"-0.4","0.4",,
410,502054,"Pham, Tommy",2024,1923,21.3,0.25,0.095,0.311,0.345,0.304,0.32,0.265,21,84,87.9,7.6,2269,88.7,89.14,36,165,245,0.3999999999999915,6.55,108,143,115,140,303,319,291,"-2.5","2.5","71.092826605","6.813492901"
15,671117,"Baker, Darren",2024,39,38.5,0.25,0,0.333,0.25,0.22,0.151,0.164,1,4,89.3,-6.7,2343,91,91.47,4,7,8,0.5,6.61,119,147,106,148,281,310,302,"0.3","-0.3","61.989684286","7.047915714"
353,607732,"Stallings, Jacob",2022,1474,23.9,0.25,0.08,0.27,0.33,0.295,0.285,0.237,22,88,84.8,9.9,2262,89.5,89.38,24,146,207,-0.09999999999999432,6.37,110,148,116,144,299,316,283,"5.1","-5.1",,
206,650402,"Torres, Gleyber",2020,671,30.7,0.25,0.075,0.313,0.325,0.33,0.344,0.259,10,40,92.4,16.3,2287,88.8,89.08,19,79,127,0.29999999999999716,6.45,109,147,117,142,301,317,283,"1.5","-1.5",,
72,669352,"Thompson, Bubba",2023,220,32.7,0.25,0.125,0.364,0.375,0.319,0.206,0.121,4,16,67.4,3.4,2224,84.3,84.02,14,35,37,-0.29999999999999716,6.22,102,143,101,141,305,321,289,"0.5","-0.5",,
107,621450,"Bolt, Skye",2022,483,22.2,0.25,0.292,0.267,0.542,0.338,0.273,0.206,6,24,89.1,4.6,2254,87.9,88.06,18,61,46,0.19999999999998863,6.46,114,147,105,148,286,315,295,"0.7","-0.7",,
354,682985,"Greene, Riley",2023,1746,20.3,0.25,0.066,0.333,0.316,0.303,0.384,0.307,19,76,91.2,7.2,2213,89.1,89.45,38,181,173,0.4000000000000057,6.52,116,144,110,147,293,324,297,"2.8","-2.8",,
49,542454,"Santana, Danny",2020,260,18.8,0.25,0.125,0.286,0.375,0.32,0.441,0.27,2,8,91,13.4,2257,90.9,91.33,6,23,26,0.3999999999999915,6.49,118,144,114,145,304,334,303,"-0.2","0.2",,
19,656413,"Fairchild, Stuart",2021,61,31.1,0.25,0.25,0.25,0.5,0.393,0.374,0.293,1,4,87,9.5,2095,88.4,88.49,1,8,11,0.09999999999999432,6.34,110,154,115,148,303,318,289,"-1.3","1.3",,
430,686823,"Brennan, Will",2023,1611,26.7,0.25,0.08,0.283,0.33,0.261,0.313,0.3,28,112,85,9.8,2270,88.8,89.07,57,252,178,0.29999999999999716,6.43,114,142,106,145,284,316,293,"6","-6",,
193,607043,"Nimmo, Brandon",2020,978,19.7,0.25,0.125,0.303,0.375,0.346,0.309,0.204,10,40,89.9,4.1,2118,87.9,88.15,24,94,99,0.29999999999999716,6.37,113,144,105,146,287,319,300,"-0.1","0.1",,
31,670084,"Heath, Nick",2020,90,34.4,0.25,0,1,0.25,0.316,0.229,0.123,1,4,91,7,2335,88,88.05,6,11,20,0.09999999999999432,6.17,104,132,104,139,276,312,295,"-0.7","0.7",,
16,644433,"Tromp, Chadwick",2023,62,25.8,0.25,0,0.5,0.25,0.221,0.141,0.157,1,4,85.8,47,2370,87,87.81,3,9,7,0.7999999999999972,6.67,107,148,113,145,313,323,290,"0","0",,
80,663550,"Cabbage, Trey",2024,336,23.8,0.25,0.15,0.5,0.4,0.346,0.285,0.177,5,20,88.6,3.9,2331,89,88.98,18,46,34,0,6.38,119,143,110,147,287,324,299,"0.1","-0.1","74.837574318","7.503690455"
71,657136,"Wong, Connor",2022,221,32.1,0.25,0.25,0.286,0.5,0.369,0.336,0.194,3,12,88.6,-0.1,2186,90.5,90.37,10,29,42,-0.09999999999999432,6.34,109,145,113,142,283,311,285,"-3.6","3.6",,
36,680911,"Miller, Owen",2024,103,35,0.25,0,0.333,0.25,0.22,0.241,0.257,2,8,93.4,9.7,2270,87.5,87.36,7,18,18,-0.09999999999999432,6.29,106,144,113,143,299,313,285,"0.8","-0.8","68.684794444","6.868146111"
744,664023,"Happ, Ian",2022,2572,28.9,0.25,0.164,0.33,0.414,0.328,0.258,0.185,38,152,88.7,13.2,2204,89.2,89.24,105,368,376,0,6.37,116,148,113,146,294,319,296,"2.7","-2.7",,
276,624641,"Sosa, Edmundo",2024,1050,26.3,0.25,0.125,0.302,0.375,0.288,0.271,0.219,18,72,84.4,8.6,2287,88.5,88.94,47,169,107,0.4000000000000057,6.55,109,147,115,144,298,318,284,"1.1","-1.1","69.646433654","8.00896141"
59,671286,"Rodriguez, Johnathan",2024,175,33.7,0.25,0.125,0.4,0.375,0.429,0.341,0.123,2,8,90.8,0.4,2106,87.5,87.07,7,23,36,-0.4000000000000057,6.58,108,149,115,145,290,323,292,"-2.6","2.6","71.859388421","7.922248421"
94,571466,"Barnhart, Tucker",2020,436,21.6,0.25,0.05,0.313,0.3,0.33,0.393,0.323,5,20,83.9,19.1,2304,87,87.24,11,43,51,0.20000000000000284,6.42,112,151,104,149,282,321,296,"-0.5","0.5",,
57,669289,"Espinal, Santiago",2020,266,21.4,0.25,0.083,0.375,0.333,0.264,0.267,0.226,3,12,80.8,22.6,2308,88.1,88.19,9,29,28,0.10000000000000853,6.33,99,141,102,140,295,309,277,"0.3","-0.3",,
189,474832,"Belt, Brandon",2020,686,27.6,0.25,0.275,0.241,0.525,0.396,0.422,0.258,10,40,86.7,21.3,2224,88.7,88.59,16,78,111,-0.10000000000000853,6.12,114,153,112,148,293,326,301,"-2.3","2.3",,
16,642215,"Wilson, Weston",2023,96,16.7,0.25,0,0.25,0.25,0.221,0.292,0.316,1,4,86,9.3,2125,87.1,87.62,2,8,8,0.5,6.84,116,145,120,145,298,329,295,"1.1","-1.1",,
40,657193,"Alvarez, Eddy",2020,167,24,0.25,0,0.333,0.25,0.354,0.274,0.122,2,8,84.8,12.7,2244,91.6,92.24,4,17,23,0.6000000000000085,6.64,115,146,113,143,275,302,288,"-1.6","1.6",,
67,668800,"Knizner, Andrew",2024,360,18.6,0.25,0.188,0.231,0.438,0.299,0.256,0.205,4,16,78.7,22.2,2316,88.3,88.13,8,30,37,-0.20000000000000284,6.31,104,149,119,145,304,325,292,"-1.1","1.1","68.208039333","6.601715"
127,669304,"Miranda, Jose",2023,545,23.3,0.25,0.094,0.286,0.344,0.292,0.258,0.228,8,32,86.8,4.6,2296,87.2,87.16,15,69,58,0,6.33,106,148,115,144,296,321,285,"0.8","-0.8",,
109,455139,"Chirinos, Robinson",2021,462,23.6,0.25,0.208,0.417,0.458,0.327,0.221,0.159,6,24,84.2,13.6,2257,89.8,90.11,23,60,49,0.29999999999999716,6.44,108,148,117,143,292,320,289,"2.3","-2.3",,
19,688363,"Pauley, Graham",2024,140,13.6,0.25,0.75,0,1,0.512,0.304,0.186,1,4,87,3.3,2468,91.8,91.47,2,9,10,-0.29999999999999716,5.94,124,142,113,150,283,321,299,"-1","1","64.976725","6.635975"
106,571788,"Holt, Brock",2020,462,22.9,0.25,0.05,0.278,0.3,0.268,0.22,0.188,5,20,85.8,19.8,2163,87.1,87.49,7,50,56,0.4000000000000057,6.49,113,145,108,149,288,314,298,"1.5","-1.5",,
69,596451,"Quinn, Roman",2022,347,19.9,0.25,0.25,0.571,0.5,0.355,0.255,0.18,4,16,95,14.7,2192,89.2,89.22,12,30,39,0,6.39,110,145,102,144,292,318,288,"-1.5","1.5",,
147,643418,"Long Jr., Shed",2021,497,29.6,0.25,0.219,0.35,0.469,0.333,0.218,0.169,8,32,86.5,-4.3,2218,87.7,87.76,24,72,75,0.09999999999999432,6.27,112,144,105,146,283,312,291,"1.4","-1.4",,
26,676701,"Trejo, Alan",2024,221,11.8,0.25,0,0.286,0.25,0.22,0.286,0.296,2,8,91,0.4,2266,88.5,89.09,1,15,11,0.5999999999999943,6.43,108,150,114,148,304,325,286,"0.7","-0.7","63.749994286","7.003283571"
12,656546,"Hoffman, Jeff",2021,46,26.1,0.25,0,0.25,0.25,0.22,0.414,0.416,1,4,59.5,-4.7,1949,89.5,89.8,1,7,5,0.29999999999999716,6.44,86,122,94,128,292,297,261,"0.3","-0.3",,
355,570482,"Urshela, Gio",2021,1697,20.9,0.25,0.13,0.308,0.38,0.287,0.315,0.268,23,92,90.1,8.6,2290,88.9,89.02,47,193,162,0.09999999999999432,6.37,109,148,119,146,302,324,285,"2.6","-2.6",,
82,518626,"Donaldson, Josh",2020,449,18.3,0.25,0.333,0.2,0.583,0.422,0.365,0.205,3,12,91.5,-1.2,2273,89.9,90.15,10,34,48,0.19999999999998863,6.41,107,140,112,138,294,323,298,"-2.3","2.3",,
82,665120,"Walsh, Jared",2024,262,31.3,0.25,0,0.364,0.25,0.248,0.28,0.274,4,16,86.5,23.1,2294,87.6,87.55,11,31,51,-0.09999999999999432,6.36,117,146,115,149,295,321,298,"1.4","-1.4","75.43602","7.876803636"
655,596019,"Lindor, Francisco",2023,2741,23.9,0.25,0.176,0.264,0.426,0.333,0.331,0.24,34,136,90.1,19,2220,89.4,89.54,76,340,315,0.09999999999999432,6.39,115,144,113,146,293,322,298,"-5.9","5.9",,
55,686531,"Lipcius, Andre",2023,163,33.7,0.25,0.125,0.5,0.375,0.383,0.248,0.087,2,8,86.4,5.5,2223,89,89.45,7,22,33,0.4000000000000057,6.45,109,146,115,142,297,324,291,"-0.1","0.1",,
52,676113,"DeLoach, Zach",2024,298,17.4,0.25,0.083,0.429,0.333,0.314,0.231,0.154,3,12,76.6,4,2180,90.3,90.59,9,30,22,0.29999999999999716,6.47,116,144,106,145,284,320,298,"0.5","-0.5","65.382572333","6.513464"
81,660688,"Ruiz, Keibert",2021,307,26.4,0.25,0.071,0.269,0.321,0.276,0.265,0.235,7,28,87,25.1,2240,89.8,89.51,5,49,32,-0.29999999999999716,6.11,117,154,113,153,294,319,293,"0.8","-0.8",,
99,678545,"Basabe, Osleivis",2023,344,28.8,0.25,0.25,0.313,0.5,0.328,0.241,0.2,6,24,92,-2.4,2238,89.3,89.18,16,62,37,-0.09999999999999432,6.33,107,143,111,140,303,326,288,"-2.4","2.4",,
247,668709,"Bleday, JJ",2022,1029,24,0.25,0.182,0.313,0.432,0.351,0.305,0.208,11,44,84.4,31.2,2178,89.7,89.79,31,119,128,0.09999999999999432,6.37,120,159,112,150,290,318,297,"-1.6","1.6",,
347,666134,"Jones, Nolan",2024,1301,26.7,0.25,0.097,0.36,0.347,0.279,0.265,0.214,18,72,88.8,12.9,2305,89.6,90.24,46,167,180,0.6000000000000085,6.45,116,142,112,146,297,329,305,"6.9","-6.9","68.467444397","6.625652766"
208,663586,"Riley, Austin",2020,773,26.9,0.25,0.231,0.294,0.481,0.326,0.359,0.291,13,52,92.4,16,2208,88.4,88.67,30,107,101,0.29999999999999716,6.43,107,148,118,144,304,322,293,"0.7","-0.7",,
23,444489,"Piña, Manny",2022,65,35.4,0.25,0,0.25,0.25,0.177,0.406,0.279,1,4,85.4,12.3,2253,88.1,87.68,1,10,13,-0.3999999999999915,6.19,105,147,118,139,301,325,285,"0.6","-0.6",,
29,669087,"Huff, Sam",2020,139,20.9,0.25,0,1,0.25,0.316,0.294,0.198,1,4,100.6,10,2225,88.9,88.66,5,10,19,-0.20000000000000284,6.04,113,149,120,145,305,325,301,"-0.2","0.2",,
29,671250,"Oña, Jorge",2020,64,45.3,0.25,0.25,1,0.5,0.439,0.295,0.09,1,4,72.4,38,2315,90.4,90.32,7,14,15,-0.10000000000000853,6.27,116,148,118,143,297,320,288,"-0.6","0.6",,
78,664059,"Haggerty, Sam",2023,413,18.9,0.25,0.05,0.294,0.3,0.28,0.373,0.354,5,20,83.3,17.3,2090,87.4,87.63,6,43,35,0.19999999999998863,6.48,109,144,108,141,294,316,288,"0.3","-0.3",,
123,624431,"Trevino, Jose",2023,614,20,0.25,0.028,0.281,0.278,0.244,0.259,0.254,9,36,81.5,1.9,2270,87.9,88.06,10,63,60,0.19999999999998863,6.41,108,143,114,141,298,318,284,"1.1","-1.1",,
93,621458,"Ríos, Edwin",2022,347,26.8,0.25,0.417,0.333,0.667,0.385,0.288,0.209,6,24,94.6,16.8,2219,87.9,87.89,21,50,43,0,6.23,115,149,115,143,294,324,303,"-1.4","1.4",,
28,628338,"Heredia, Guillermo",2020,126,22.2,0.25,0,0.5,0.25,0.221,0.225,0.228,2,8,81.4,39.8,2347,85.4,85.95,4,12,16,0.5,6.65,109,143,104,140,298,310,283,"2.2","-2.2",,
17,641525,"Dixon, Brandon",2022,61,27.9,0.25,0.25,0.5,0.5,0.315,0.228,0.232,1,4,91.4,30.5,2320,90.1,89.52,2,8,9,-0.5999999999999943,6.12,113,150,118,144,298,320,293,"0.3","-0.3",,
83,656308,"Chavis, Michael",2023,375,22.1,0.25,0,0.455,0.25,0.243,0.251,0.241,5,20,87.6,4.5,2136,88.7,89.5,14,44,39,0.7999999999999972,6.7,110,147,118,142,302,321,290,"3.2","-3.2",,
279,668670,"Rogers, Jake",2024,1258,22.2,0.25,0.25,0.292,0.5,0.327,0.283,0.22,17,68,86.2,12.1,2256,89.8,90.12,40,134,145,0.29999999999999716,6.44,107,148,117,144,298,321,291,"-1.5","1.5","68.583390379","7.246470606"
63,665155,"Maton, Nick",2022,365,17.3,0.25,0,0.286,0.25,0.222,0.251,0.235,4,16,82.5,9.5,2257,90.1,90.38,12,39,24,0.30000000000001137,6.53,102,133,104,138,280,314,288,"4.3","-4.3",,
45,669392,"Taylor, Samad",2023,310,14.5,0.25,0,0.333,0.25,0.287,0.32,0.224,2,8,82.7,4.9,2147,87.8,88.07,8,23,22,0.29999999999999716,6.52,96,140,107,139,303,315,290,"-0.6","0.6",,
34,621563,"Wendle, Joey",2024,134,25.4,0.25,0.125,0.5,0.375,0.267,0.165,0.158,2,8,77,32,2138,90.7,91.28,5,17,17,0.5999999999999943,6.64,116,146,104,150,283,315,299,"0.5","-0.5","59.775549231","6.43915"
107,695391,"Harris, Brett",2024,493,21.7,0.25,0.042,0.353,0.292,0.291,0.193,0.127,6,24,83.8,11.9,2203,90.2,90.2,18,55,52,0,6.31,104,144,113,142,299,320,291,"-3.1","3.1","65.276253704","6.752784444"
210,656305,"Chapman, Matt",2020,653,32.2,0.25,0.275,0.375,0.525,0.336,0.349,0.254,10,40,97.7,20.3,2221,87.6,87.61,38,99,111,0,6.22,110,145,115,139,300,324,294,"3.9","-3.9",,
114,518586,"Culberson, Charlie",2022,439,26,0.25,0.071,0.318,0.321,0.277,0.242,0.213,7,28,75.5,-2.3,2242,87.1,87.01,14,64,50,-0.09999999999999432,6.3,107,148,113,145,297,319,287,"3.1","-3.1",,
141,663630,"McKenna, Ryan",2023,515,27.4,0.25,0.125,0.318,0.375,0.309,0.332,0.27,8,32,86.6,9.1,2206,88.6,89.06,27,80,61,0.5,6.57,106,147,111,144,300,321,287,"0.7","-0.7",,
598,641857,"McMahon, Ryan",2021,2388,25,0.25,0.215,0.276,0.465,0.331,0.324,0.242,36,144,89.6,14.9,2252,89.2,89.42,84,320,278,0.20000000000000284,6.26,116,152,112,148,298,329,308,"-2.9","2.9",,
41,571912,"Maile, Luke",2021,124,33.1,0.25,0.125,0.286,0.375,0.384,0.306,0.158,2,8,75.9,8.6,2170,92.5,92.27,6,16,25,-0.20000000000000284,6.28,110,146,115,146,299,319,282,"0.2","-0.2",,
43,605452,"Ross, Joe",2021,152,28.3,0.25,0,0.429,0.25,0.22,0.153,0.161,3,12,70.2,-12,2343,88,87.98,4,21,22,0,6.23,94,138,101,143,291,299,270,"2.4","-2.4",,
49,666158,"Lux, Gavin",2020,277,17.7,0.25,0.5,0.167,0.75,0.426,0.363,0.22,3,12,92.3,7.9,2344,90.5,90.64,8,22,27,0.09999999999999432,6.39,115,153,116,147,301,334,307,"-0.6","0.6",,
91,592325,"Gamel, Ben",2024,381,23.9,0.25,0,0.333,0.25,0.377,0.445,0.314,4,16,88.1,15.8,2324,88.4,88.51,6,27,64,0.09999999999999432,6.39,114,142,105,146,286,322,295,"-1.3","1.3","70.020665926","7.191411111"
200,593643,"Alberto, Hanser",2021,834,24,0.25,0.133,0.259,0.383,0.258,0.267,0.234,15,60,80.6,10.6,2299,88.2,88.32,18,136,64,0.09999999999999432,6.34,104,146,108,142,296,320,294,"2.8","-2.8",,
75,570267,"Santana, Domingo",2020,330,22.7,0.25,0.25,0.267,0.5,0.363,0.314,0.246,5,20,88,0,2311,88.6,89.09,9,38,37,0.5,6.44,106,146,114,140,295,322,288,"-2.5","2.5",,
38,642721,"Gutiérrez, Kelvin",2022,133,28.6,0.25,0.125,0.333,0.375,0.352,0.305,0.225,2,8,86.3,9.2,2491,89.1,88.99,6,20,18,-0.09999999999999432,6.19,111,145,116,143,303,321,284,"-1.5","1.5",,
521,664913,"Brown, Seth",2022,2198,23.7,0.25,0.179,0.277,0.429,0.356,0.373,0.27,28,112,87.9,12.9,2165,88.2,88.35,68,241,280,0.09999999999999432,6.41,116,159,111,149,292,321,300,"-6.6","6.6",,
429,660688,"Ruiz, Keibert",2024,1659,25.9,0.25,0.133,0.243,0.383,0.284,0.315,0.286,30,120,82.9,18.5,2231,87.9,88.17,26,239,190,0.29999999999999716,6.4,115,143,113,145,293,319,293,"4","-4","64.658738438","6.98573375"
141,641432,"Calhoun, Willie",2020,419,33.7,0.25,0.188,0.233,0.438,0.282,0.238,0.199,8,32,87.3,11.9,2278,87.8,87.46,9,66,75,-0.29999999999999716,6.04,116,152,109,150,300,327,301,"0.8","-0.8",,
33,669023,"Downs, Jeter",2022,174,19,0.25,0,0.5,0.25,0.196,0.15,0.148,2,8,77.6,15.3,2111,93,93.28,12,23,10,0.29999999999999716,6.52,103,141,108,142,283,318,288,"1.7","-1.7",,
73,613564,"Vosler, Jason",2023,291,25.1,0.25,0.417,0.4,0.667,0.418,0.289,0.189,3,12,84.4,21.8,2395,88.7,88.85,15,33,40,0.20000000000000284,6.45,116,146,110,151,286,317,298,"-1.4","1.4",,
16,665833,"Cruz, Oneil",2021,33,48.5,0.25,0,0.5,0.25,0.22,0.086,0.096,1,4,87.4,-8,2312,88.2,88.72,5,7,9,0.5,6.52,128,148,105,148,293,329,297,"0.9","-0.9",,
58,656695,"Matijevic, J.J.",2022,274,21.2,0.25,0.063,0.4,0.313,0.245,0.179,0.187,4,16,81.4,8.8,2342,89.9,90.15,8,28,30,0.19999999999998863,6.52,121,152,108,153,287,320,294,"1.7","-1.7",,
270,686681,"Massey, Michael",2024,1330,20.3,0.25,0.156,0.255,0.406,0.294,0.305,0.243,16,64,89.3,8.1,2221,89,89.49,30,153,117,0.5,6.51,114,144,103,148,297,323,299,"1.4","-1.4","69.684198212","7.087125894"
48,686482,"Driscoll, Logan",2024,130,36.9,0.25,0.25,0.222,0.5,0.293,0.335,0.254,3,12,91.4,8.7,2143,90,90.54,9,23,25,0.5,6.63,116,142,108,146,285,318,298,"1","-1","68.525517826","7.465785217"
32,657193,"Alvarez, Eddy",2022,99,32.3,0.25,0,0.4,0.25,0.196,0.181,0.198,2,8,78.1,5,2178,90,90.18,8,19,13,0.20000000000000284,6.13,112,142,103,145,292,320,305,"1.6","-1.6",,
282,456781,"Solano, Donovan",2021,1317,21.4,0.25,0.044,0.279,0.294,0.254,0.283,0.267,17,68,86.9,9.2,2264,89,89.26,33,154,128,0.29999999999999716,6.4,109,147,114,144,303,317,283,"1.9","-1.9",,
101,694384,"Schanuel, Nolan",2023,530,19.1,0.25,0,0.286,0.25,0.303,0.347,0.291,6,24,80.1,2.5,2167,89.6,89.66,5,37,64,0.10000000000000853,6.39,116,146,111,149,290,318,299,"-2.5","2.5",,
124,663662,"Cameron, Daz",2021,503,24.7,0.25,0.083,0.353,0.333,0.327,0.327,0.221,6,24,89.4,0.5,2199,89.5,89.6,14,51,73,0.09999999999999432,6.35,110,148,113,143,302,320,290,"0.4","-0.4",,
36,665923,"Ruiz, Esteury",2022,133,27.1,0.25,0,0.333,0.25,0.273,0.337,0.309,2,8,74,12.7,2230,89.4,89.86,3,19,17,0.5,6.66,103,146,105,144,295,314,287,"1.2","-1.2",,
710,664023,"Happ, Ian",2023,2862,24.8,0.25,0.153,0.306,0.403,0.339,0.361,0.261,36,144,88.9,11.6,2226,89.6,89.83,77,323,387,0.20000000000000284,6.39,115,143,112,145,293,320,297,"-5.1","5.1",,
13,666137,"Lee, Khalil",2021,78,16.7,0.25,0.25,0.5,0.5,0.31,0.154,0.138,1,4,100.1,-1.5,2594,85.1,84.85,5,7,6,-0.29999999999999716,6.25,116,146,109,149,288,313,293,"0.2","-0.2",,
174,656716,"McKinstry, Zach",2021,709,24.5,0.25,0.182,0.29,0.432,0.292,0.246,0.214,11,44,85.7,9,2187,88.5,88.57,23,88,86,0.09999999999999432,6.23,115,146,105,149,290,318,299,"-2.2","2.2",,
35,672478,"Diaz, Jordan",2022,162,21.6,0.25,0,0.333,0.25,0.221,0.236,0.244,2,8,84.8,5.8,2184,89,88.95,4,22,13,-0.09999999999999432,6.28,106,148,112,149,299,319,285,"0.9","-0.9",,
68,666181,"Benson, Will",2022,229,29.7,0.25,0.063,0.364,0.313,0.296,0.263,0.217,4,16,84.8,4.4,2314,88.5,88.03,10,30,38,-0.5,6,116,145,111,146,282,318,292,"-0.1","0.1",,
15,650619,"Viloria, Meibrys",2020,93,16.1,0.25,0,0.25,0.25,0.316,0.31,0.183,1,4,74.6,9,2273,89.3,89.33,1,6,9,0,6.21,103,130,97,133,286,319,300,"-0.4","0.4",,
10,678489,"Barrosa, Jorge",2024,62,16.1,0.25,0,0.25,0.25,0.22,0.353,0.375,1,4,65.5,23.6,2305,93.1,93.31,0,7,3,0.29999999999999716,6.42,112,149,100,149,302,325,290,"0","0","55.877525","6.178273333"
13,622268,"Walton, Donovan",2020,50,26,0.25,0.25,0.5,0.5,0.31,0.357,0.233,1,4,89.3,13,2113,84.3,84.11,6,10,3,-0.20000000000000284,6.35,106,141,106,145,293,323,299,"0.1","-0.1",,
323,664056,"Bader, Harrison",2023,1238,26.1,0.25,0.155,0.254,0.405,0.288,0.318,0.266,21,84,83.7,14.3,2279,88,88.18,46,163,160,0.20000000000000284,6.44,108,145,114,142,298,323,287,"-2.2","2.2",,
413,593160,"Merrifield, Whit",2022,2017,20.5,0.25,0.13,0.273,0.38,0.298,0.292,0.226,25,100,89.3,15.7,2259,89.1,89.15,48,209,204,0.10000000000000853,6.34,108,147,108,144,302,320,287,"2.7","-2.7",,
418,691023,"Walker, Jordan",2023,1667,25.1,0.248,0.152,0.324,0.4,0.309,0.305,0.245,26,105,89.2,15.2,2256,88,88.1,82,233,185,0.09999999999999432,6.38,109,149,119,146,307,325,298,"5.9","-5.9",,
479,624428,"Frazier, Adam",2022,2191,21.9,0.248,0.094,0.271,0.342,0.284,0.3,0.258,29,117,82.6,15.6,2246,89.5,89.4,42,243,236,-0.09999999999999432,6.26,115,145,103,146,280,311,292,"2.5","-2.5",,
669,657041,"Thomas, Lane",2023,2627,25.5,0.248,0.18,0.321,0.429,0.311,0.278,0.217,40,161,86,8.7,2300,89.1,89.54,75,308,361,0.4000000000000057,6.53,109,147,115,143,301,319,290,"8.2","-8.2",,
408,696285,"Young, Jacob",2024,1955,20.9,0.248,0.069,0.316,0.317,0.284,0.305,0.28,25,101,80.9,1.7,2305,89.2,89.66,40,206,202,0.5,6.54,104,143,103,143,300,314,284,"3.2","-3.2","62.3100185","6.50931465"
434,666185,"Carlson, Dylan",2022,1964,22.1,0.248,0.171,0.282,0.419,0.299,0.292,0.243,26,105,82.8,9.9,2208,88.8,88.82,62,219,215,0,6.27,115,149,110,147,296,320,299,"3.8","-3.8",,
421,650490,"Díaz, Yandy",2021,2031,20.7,0.248,0.128,0.258,0.376,0.298,0.304,0.242,27,109,88.1,6.6,2244,90.4,90.36,36,194,227,0,6.38,107,147,116,144,304,323,288,"0.4","-0.4",,
258,623205,"Velazquez, Andrew",2022,1320,19.5,0.247,0.11,0.321,0.356,0.25,0.221,0.208,18,73,79.3,1.1,2159,88.5,88.51,57,163,95,0,6.41,110,145,101,146,290,314,293,"5.6","-5.6",,
347,681146,"Bride, Jonah",2024,1157,30,0.247,0.192,0.259,0.438,0.291,0.215,0.161,18,73,86.4,13,2294,89.1,89.17,31,146,201,0.10000000000000853,6.41,106,147,119,144,299,317,287,"2.2","-2.2","64.850365462","7.057141923"
649,663586,"Riley, Austin",2022,2641,24.6,0.247,0.24,0.279,0.487,0.347,0.365,0.261,37,150,90.4,13.5,2228,89.3,89.47,103,358,291,0.20000000000000284,6.38,108,148,118,144,307,325,295,"2.1","-2.1",,
301,667452,"Julks, Corey",2023,1326,22.7,0.247,0.091,0.29,0.338,0.277,0.311,0.273,19,77,89,17,2312,88.9,88.96,37,153,148,0.09999999999999432,6.42,113,148,118,145,296,321,290,"2.9","-2.9",,
711,623993,"Santander, Anthony",2022,2618,27.2,0.247,0.185,0.259,0.432,0.334,0.332,0.242,36,146,89.9,22.9,2226,88.6,88.57,77,356,355,0,6.35,116,155,111,148,297,324,296,"-4.9","4.9",,
437,594777,"Calhoun, Kole",2022,1700,25.7,0.247,0.196,0.292,0.443,0.331,0.295,0.201,24,97,90.4,18.8,2286,88,87.88,82,225,212,-0.09999999999999432,6.28,119,159,109,149,295,324,297,"-0.3","0.3",,
517,621020,"Swanson, Dansby",2024,2355,22,0.246,0.198,0.283,0.444,0.309,0.325,0.256,31,126,88.8,8.9,2263,88.7,89.14,73,270,247,0.3999999999999915,6.52,109,146,117,143,300,319,291,"0.4","-0.4","70.348022923","7.310442385"
272,543309,"Higashioka, Kyle",2023,1010,26.9,0.246,0.049,0.319,0.295,0.276,0.281,0.219,15,61,87.9,10,2267,88.3,88.55,30,124,148,0.20000000000000284,6.45,108,145,116,142,300,323,291,"4.1","-4.1",,
450,641680,"Heim, Jonah",2024,1781,25.3,0.246,0.153,0.258,0.398,0.3,0.302,0.25,29,118,87.8,15.8,2204,88.7,88.9,60,262,188,0.20000000000000284,6.45,114,144,115,147,297,327,298,"5.2","-5.2","68.377451792","7.317060917"
247,656847,"Peters, DJ",2021,902,27.4,0.246,0.311,0.29,0.557,0.334,0.351,0.234,15,61,85.5,16.7,2235,89.2,89.1,63,144,103,-0.10000000000000853,6.24,109,148,116,143,301,322,290,"1.6","-1.6",,
313,665155,"Maton, Nick",2023,1243,25.2,0.246,0.386,0.258,0.632,0.415,0.313,0.163,14,57,86.3,23.4,2240,87.2,87.43,52,144,169,0.20000000000000284,6.43,114,144,107,148,288,322,291,"-9.7","9.7",,
573,641820,"Mancini, Trey",2022,2368,24.2,0.246,0.246,0.253,0.492,0.345,0.344,0.246,30,122,88.2,13.2,2268,88.7,88.74,77,285,288,0,6.37,110,149,118,146,302,324,289,"-4.9","4.9",,
253,596142,"Sánchez, Gary",2024,1158,21.8,0.246,0.246,0.289,0.491,0.342,0.352,0.263,14,57,91.8,19.5,2274,88.4,88.59,37,110,143,0.19999999999998863,6.45,109,147,119,142,303,323,294,"-1.3","1.3","70.773492308","7.38596"
312,516416,"Segura, Jean",2023,1246,25,0.246,0.029,0.321,0.275,0.277,0.286,0.242,17,69,82.8,1.1,2248,89.5,89.73,34,156,156,0.20000000000000284,6.46,112,147,116,146,302,316,284,"6.9","-6.9",,
658,642715,"Adames, Willy",2023,2596,25.3,0.246,0.21,0.283,0.457,0.342,0.35,0.236,34,138,87.1,18.1,2246,88.2,88.58,99,329,329,0.3999999999999915,6.49,109,146,116,142,300,321,291,"1.8","-1.8",,
517,680777,"Jeffers, Ryan",2024,1807,28.6,0.246,0.211,0.25,0.456,0.323,0.305,0.249,28,114,86.2,13.8,2322,89.1,89.33,62,255,262,0.20000000000000284,6.46,108,147,117,143,302,323,291,"-1","1","69.045422167","7.299977667"
505,514917,"Hernández, César",2021,2457,20.6,0.246,0.202,0.274,0.447,0.338,0.323,0.238,28,114,84.7,8.8,2167,88.8,88.77,55,256,249,0,6.21,111,147,104,145,289,319,293,"-5.2","5.2",,
499,572041,"Pollock, AJ",2022,1837,27.2,0.246,0.151,0.277,0.397,0.301,0.295,0.229,31,126,88,8.9,2230,88.5,88.67,91,282,217,0.20000000000000284,6.34,108,147,116,141,299,324,291,"4.8","-4.8",,
251,656413,"Fairchild, Stuart",2023,957,26.2,0.246,0.092,0.333,0.338,0.28,0.267,0.227,16,65,84,12.3,2239,89.1,89.49,42,133,118,0.4000000000000057,6.47,110,147,115,144,297,317,287,"3.6","-3.6",,
314,642136,"Thaiss, Matt",2023,1241,25.3,0.246,0.098,0.35,0.344,0.303,0.359,0.25,15,61,90.3,10.1,2201,89.9,90.19,59,156,158,0.29999999999999716,6.5,115,143,110,148,293,322,301,"2.1","-2.1",,
461,663538,"Hoerner, Nico",2024,2314,19.9,0.246,0.119,0.25,0.364,0.295,0.311,0.271,29,118,84.4,8.3,2271,89.6,90.1,25,228,233,0.5,6.52,109,144,114,143,299,316,288,"-1","1","66.253298493","6.973399589"
626,502054,"Pham, Tommy",2022,2505,25,0.246,0.131,0.315,0.377,0.302,0.296,0.213,32,130,90.6,7.2,2290,89,89.15,70,264,362,0.09999999999999432,6.35,109,147,117,143,299,319,290,"2.6","-2.6",,
403,682626,"Alvarez, Francisco",2023,1622,24.8,0.245,0.255,0.262,0.5,0.344,0.331,0.234,24,98,90.8,10.3,2241,88.9,89.03,67,197,206,0.09999999999999432,6.37,111,149,120,146,300,323,294,"-1.5","1.5",,
220,543510,"McCann, James",2024,875,25.1,0.245,0.113,0.3,0.358,0.271,0.298,0.236,13,53,84.8,16.5,2331,88.6,88.87,35,128,92,0.30000000000001137,6.48,105,146,115,142,307,322,287,"4.6","-4.6","67.636493333","6.719623083"
415,546318,"Herrera, Odúbel",2021,1939,21.4,0.245,0.186,0.226,0.431,0.301,0.322,0.271,25,102,88.9,5.5,2226,88.7,88.74,41,235,180,0,6.3,115,147,105,147,287,316,293,"-0.7","0.7",,
233,669374,"Hiura, Keston",2020,990,23.5,0.245,0.327,0.28,0.571,0.375,0.39,0.225,12,49,89.7,9.3,2340,89.3,89.64,54,117,116,0.29999999999999716,6.41,108,149,117,145,304,316,289,"-5.9","5.9",,
222,664774,"Wade Jr., LaMonte",2022,992,22.4,0.245,0.184,0.286,0.429,0.326,0.315,0.218,12,49,85.9,16.8,2289,88.9,89.12,21,110,112,0.19999999999998863,6.39,114,152,105,148,292,321,300,"0.3","-0.3",,
200,605113,"Ahmed, Nick",2024,851,23.5,0.245,0.061,0.293,0.306,0.241,0.259,0.248,12,49,82.2,13.5,2265,89.1,89.51,32,117,83,0.4000000000000057,6.54,106,146,112,142,293,315,289,"5.7","-5.7","63.584012","7.033924842"
509,607043,"Nimmo, Brandon",2023,2847,17.9,0.245,0.173,0.294,0.418,0.334,0.308,0.219,27,110,90.7,14,2287,89,89.24,57,232,277,0.20000000000000284,6.42,117,145,108,148,288,320,301,"-1","1",,
542,683734,"Vaughn, Andrew",2024,2337,23.2,0.245,0.072,0.289,0.317,0.267,0.3,0.244,34,139,89.3,16.3,2290,88.5,88.74,55,285,257,0.20000000000000284,6.47,110,147,119,144,302,322,290,"6.8","-6.8","69.454254813","7.418540187"
170,607680,"Pillar, Kevin",2020,829,20.5,0.245,0.184,0.282,0.429,0.307,0.368,0.299,12,49,82.5,7,2233,88.2,88.48,29,102,68,0.29999999999999716,6.4,107,148,115,144,292,319,291,"-0.9","0.9",,
245,595281,"Kiermaier, Kevin",2020,653,37.5,0.245,0.184,0.294,0.429,0.353,0.366,0.271,12,49,89,3.1,2245,88.4,88.59,35,112,133,0.19999999999998863,6.54,111,143,103,144,281,317,298,"0","0",,
386,598265,"Bradley Jr., Jackie",2022,1387,27.8,0.245,0.213,0.274,0.457,0.339,0.321,0.24,23,94,88.1,4.7,2161,88.6,88.55,56,190,196,0,6.35,113,146,105,148,282,320,300,"-5.4","5.4",,
465,681082,"Stott, Bryson",2022,1877,24.8,0.245,0.155,0.3,0.4,0.302,0.253,0.214,27,110,83.5,12.5,2174,89.6,89.67,45,217,248,0.10000000000000853,6.35,116,146,107,148,284,315,297,"3.7","-3.7",,
449,596146,"Kepler, Max",2024,1498,30,0.245,0.094,0.304,0.34,0.269,0.277,0.231,26,106,90.4,16.3,2286,89.2,89.44,61,247,202,0.20000000000000284,6.44,119,143,111,148,293,322,297,"5.6","-5.6","68.584294304","7.282549565"
250,572122,"Seager, Kyle",2020,963,26,0.245,0.226,0.204,0.472,0.337,0.356,0.233,13,53,90,23.7,2185,87.8,87.8,20,100,150,0,6.26,116,156,111,152,293,321,300,"-1.3","1.3",,
191,543510,"McCann, James",2023,847,22.6,0.244,0.133,0.303,0.378,0.289,0.327,0.277,11,45,85.5,13,2250,88.4,88.74,34,110,81,0.29999999999999716,6.5,108,146,116,143,307,323,287,"0","0",,
213,543543,"Miller, Brad",2020,705,30.2,0.244,0.171,0.3,0.415,0.324,0.302,0.21,10,41,89.2,4.2,2346,87.7,87.96,23,85,128,0.29999999999999716,6.4,115,148,110,149,295,321,303,"-1.7","1.7",,
360,543592,"Nola, Austin",2022,1522,23.7,0.244,0.077,0.237,0.321,0.285,0.303,0.24,19,78,87.8,7.9,2216,89.2,89.11,20,166,194,-0.10000000000000853,6.35,110,150,118,145,300,318,290,"6.3","-6.3",,
208,502671,"Goldschmidt, Paul",2020,978,21.3,0.244,0.098,0.333,0.341,0.339,0.343,0.218,10,41,88,10.2,2357,89.4,89.72,31,81,127,0.29999999999999716,6.39,108,147,116,143,304,325,299,"1.2","-1.2",,
204,660294,"Tsutsugo, Yoshi",2020,847,24.1,0.244,0.195,0.258,0.439,0.36,0.373,0.254,10,41,88.6,16.8,2181,89,89.07,17,79,125,0.09999999999999432,6.35,114,145,115,145,287,320,298,"-2.3","2.3",,
351,670764,"Walls, Taylor",2023,1420,24.7,0.244,0.154,0.333,0.397,0.324,0.293,0.228,19,78,84.3,14.9,2235,89.8,89.96,41,161,190,0.20000000000000284,6.47,112,143,104,145,289,321,293,"-1.7","1.7",,
386,641343,"Bauers, Jake",2024,1512,25.5,0.244,0.233,0.34,0.478,0.33,0.299,0.224,22,90,86.7,18.1,2274,89.6,89.96,67,204,182,0.4000000000000057,6.48,119,143,110,147,294,321,297,"0.3","-0.3","71.155937092","7.339420051"
424,642133,"Tellez, Rowdy",2023,1503,28.2,0.244,0.198,0.243,0.442,0.322,0.348,0.243,21,86,92.2,12.7,2216,88.2,88.4,32,173,251,0.20000000000000284,6.45,119,144,115,147,294,324,299,"-2.7","2.7",,
370,600869,"Candelario, Jeimer",2022,1739,21.3,0.244,0.178,0.286,0.422,0.31,0.285,0.212,22,90,85.3,13.9,2261,88.1,88.06,54,183,187,0,6.3,113,152,112,148,293,322,293,"0","0",,
307,665487,"Tatis Jr., Fernando",2024,1551,19.8,0.244,0.134,0.286,0.378,0.297,0.365,0.292,20,82,91.9,4.4,2243,89.4,89.6,42,162,145,0.19999999999998863,6.43,108,145,119,143,303,324,294,"2.8","-2.8","71.124507067","7.192682533"
365,518595,"d'Arnaud, Travis",2024,1353,27,0.244,0.198,0.274,0.442,0.301,0.344,0.254,21,86,93.3,14.4,2277,89.8,90.22,74,206,159,0.4000000000000057,6.54,108,146,120,144,306,323,289,"2.6","-2.6","68.969924821","7.553623393"
161,682641,"Matos, Luis",2024,544,29.6,0.244,0.178,0.257,0.422,0.278,0.279,0.257,11,45,84.3,11.7,2253,89.2,89.71,16,87,74,0.5,6.5,111,147,117,143,298,317,288,"-0.5","0.5","69.860018642","7.284936173"
164,666906,"Alu, Jake",2023,678,24.2,0.244,0.024,0.345,0.268,0.246,0.212,0.178,10,41,87.3,3.6,2307,89.4,89.84,26,83,81,0.3999999999999915,6.53,113,143,105,146,284,316,298,"5.2","-5.2",,
320,668942,"Rojas, Josh",2024,1901,16.8,0.244,0.073,0.302,0.317,0.272,0.292,0.242,20,82,86.4,11,2249,89.8,90.01,43,162,158,0.20000000000000284,6.42,116,144,105,148,286,318,296,"5.1","-5.1","63.077411267","6.898031533"
188,622666,"Camargo, Johan",2022,718,26.2,0.244,0.171,0.286,0.415,0.327,0.294,0.222,10,41,82.3,6.7,2186,88.6,88.56,29,96,92,0,6.31,114,151,116,148,288,319,291,"-1.5","1.5",,
358,545361,"Trout, Mike",2022,2105,17,0.243,0.311,0.283,0.554,0.374,0.355,0.242,18,74,89,20.1,2209,89.5,89.44,47,166,192,-0.09999999999999432,6.35,107,150,117,144,307,326,297,"-6.9","6.9",,
148,665839,"Valdez, Enmanuel",2023,610,24.3,0.243,0.216,0.304,0.459,0.295,0.232,0.183,9,37,89,12.5,2273,89.1,89.34,23,84,64,0.20000000000000284,6.52,117,145,106,149,281,320,302,"0.2","-0.2",,
576,663624,"Mountcastle, Ryan",2022,2340,24.6,0.243,0.114,0.295,0.357,0.272,0.294,0.246,34,140,90,13.9,2286,88.7,88.61,103,339,237,-0.10000000000000853,6.32,109,149,118,145,302,323,290,"10.7","-10.7",,
180,670764,"Walls, Taylor",2021,745,24.2,0.243,0.081,0.333,0.324,0.323,0.342,0.253,9,37,86.2,12.3,2254,90.4,90.65,21,84,96,0.29999999999999716,6.56,112,145,106,142,289,319,294,"-1.8","1.8",,
145,643396,"Kiner-Falefa, Isiah",2020,799,18.1,0.242,0,0.276,0.242,0.282,0.262,0.19,8,33,85,3.1,2327,88.3,88.22,10,74,71,-0.09999999999999432,6.18,111,145,113,143,303,322,286,"0.5","-0.5",,
430,572233,"Walker, Christian",2021,1774,24.2,0.242,0.091,0.307,0.333,0.293,0.308,0.247,24,99,85.2,14.4,2255,89.3,89.34,72,249,181,0,6.36,110,150,118,145,305,326,297,"0.6","-0.6",,
522,657041,"Thomas, Lane",2024,2080,25.1,0.242,0.161,0.297,0.403,0.309,0.293,0.236,30,124,85.7,13.4,2303,89.5,90.01,54,248,274,0.5,6.53,108,146,116,143,299,319,291,"4.1","-4.1","69.261248761","6.594277521"
152,656541,"Hilliard, Sam",2024,648,23.5,0.242,0.333,0.238,0.576,0.36,0.351,0.263,8,33,87.3,12.2,2331,87.8,88.3,31,78,74,0.5,6.34,115,147,112,150,298,327,305,"-0.7","0.7","70.799568933","6.958373867"
108,660707,"Montero, Elehuris",2022,674,16,0.242,0.182,0.333,0.424,0.308,0.298,0.25,8,33,91,6,2196,88.4,88.87,21,60,48,0.5,6.38,110,148,119,145,305,326,294,"-1.9","1.9",,
274,660707,"Montero, Elehuris",2024,923,29.7,0.242,0.121,0.259,0.364,0.3,0.348,0.263,16,66,91.2,18.1,2303,88.7,89.02,37,150,124,0.29999999999999716,6.41,110,150,119,146,306,327,293,"1.6","-1.6","74.244767786","7.477423893"
678,650559,"De La Cruz, Bryan",2023,2467,27.5,0.242,0.094,0.3,0.336,0.278,0.299,0.244,36,149,90.3,12.3,2312,88.8,88.95,104,342,336,0.20000000000000284,6.45,110,147,117,143,303,318,291,"8.5","-8.5",,
418,643265,"Cooper, Garrett",2022,1861,22.5,0.242,0.189,0.294,0.432,0.328,0.361,0.271,23,95,90.5,12.5,2256,89.2,89.18,50,195,223,0,6.37,110,148,117,144,304,320,289,"-4.4","4.4",,
260,542194,"Bethancourt, Christian",2023,1180,22,0.242,0.167,0.271,0.409,0.282,0.268,0.227,16,66,89.3,11.5,2308,88.1,88.07,48,153,107,0,6.39,109,147,116,144,300,325,289,"3.5","-3.5",,
139,680118,"Blanco, Dairon",2024,459,30.3,0.242,0.182,0.3,0.424,0.31,0.311,0.226,8,33,84.6,1.9,2236,89.8,90.04,23,70,69,0.20000000000000284,6.4,105,147,109,145,306,323,291,"1.2","-1.2","71.599049394","7.392871818"
276,595978,"Hedges, Austin",2021,1185,23.3,0.242,0.045,0.32,0.288,0.233,0.216,0.21,16,66,81.2,26.8,2237,89.4,89.52,52,156,120,0.09999999999999432,6.28,108,150,116,145,295,322,290,"6.8","-6.8",,
189,663898,"Rodgers, Brendan",2023,696,27.2,0.241,0.111,0.3,0.352,0.268,0.298,0.247,13,54,87.9,5.6,2243,87.6,88.21,28,99,90,0.6000000000000085,6.46,110,147,118,145,308,327,294,"1.4","-1.4",,
483,666158,"Lux, Gavin",2022,1844,26.2,0.241,0.098,0.295,0.339,0.292,0.303,0.225,27,112,87.7,6.5,2225,89,89.17,45,206,277,0.20000000000000284,6.32,115,146,108,145,293,320,301,"5","-5",,
548,657077,"Verdugo, Alex",2024,2342,23.4,0.241,0.146,0.23,0.387,0.278,0.312,0.272,33,137,87.9,9,2214,89.1,89.38,40,260,288,0.30000000000001137,6.49,117,143,110,147,288,322,296,"11","-11","66.73304017","6.266514"
524,663757,"Grisham, Trent",2022,2219,23.6,0.241,0.176,0.304,0.417,0.335,0.301,0.211,26,108,79.8,9.7,2219,89.1,88.97,59,222,302,-0.09999999999999432,6.29,114,145,104,147,289,320,300,"2.2","-2.2",,
512,542303,"Ozuna, Marcell",2023,2366,21.6,0.241,0.233,0.247,0.474,0.327,0.364,0.261,32,133,89.3,15.2,2282,88.9,89.33,66,266,246,0.3999999999999915,6.52,108,147,119,143,307,327,298,"-3.7","3.7",,
256,641658,"Hampson, Garrett",2023,975,26.3,0.241,0.148,0.324,0.389,0.335,0.339,0.252,13,54,82.8,9.2,2212,89.1,89.42,34,102,154,0.30000000000001137,6.54,107,148,106,146,303,316,288,"2.3","-2.3",,
364,595281,"Kiermaier, Kevin",2021,1494,24.4,0.241,0.101,0.31,0.342,0.282,0.277,0.214,19,79,89.2,-0.5,2222,89.2,89.24,65,191,173,0,6.43,113,146,102,146,288,320,299,"0.1","-0.1",,
249,660766,"Yepez, Juan",2024,966,25.8,0.241,0.224,0.208,0.466,0.331,0.317,0.252,14,58,83.7,3.7,2299,89,89.29,18,114,135,0.29999999999999716,6.42,110,145,119,143,302,317,292,"2","-2","68.852967946","7.018916786"
549,592885,"Yelich, Christian",2022,2747,20,0.241,0.222,0.26,0.463,0.383,0.409,0.287,26,108,92.7,4.1,2313,88.7,88.62,63,230,319,-0.10000000000000853,6.25,116,146,109,146,293,320,302,"-14.1","14.1",,
315,663743,"Fortes, Nick",2023,1129,27.9,0.241,0.051,0.292,0.291,0.273,0.251,0.205,19,79,83.2,3.1,2289,88.8,89.09,21,146,169,0.29999999999999716,6.48,108,145,115,142,300,317,289,"6.8","-6.8",,
119,571980,"Naquin, Tyler",2020,523,22.8,0.241,0.414,0.238,0.655,0.36,0.304,0.261,7,29,93,12.3,2257,88.8,89.09,18,70,49,0.29999999999999716,6.33,112,145,106,147,290,320,300,"-1.7","1.7",,
365,664238,"Moore, Dylan",2021,1608,22.7,0.241,0.304,0.325,0.544,0.375,0.334,0.219,19,79,81.7,23.1,2246,88.1,88.14,51,160,205,0,6.27,107,149,115,145,297,316,285,"-4.8","4.8",,
602,665833,"Cruz, Oneil",2024,2381,25.3,0.241,0.102,0.366,0.343,0.277,0.317,0.259,33,137,97.5,7.4,2283,88.7,89.09,107,286,316,0.3999999999999915,6.53,119,143,114,147,299,322,302,"12.1","-12.1","76.364432542","7.504396542"
600,607208,"Turner, Trea",2023,2675,22.4,0.241,0.131,0.323,0.372,0.297,0.297,0.249,35,145,88.4,9,2289,89.1,89.37,114,332,268,0.30000000000001137,6.51,110,146,116,143,299,321,288,"3.6","-3.6",,
613,592669,"Renfroe, Hunter",2021,2191,28,0.241,0.213,0.265,0.454,0.313,0.297,0.209,34,141,88.8,12.5,2283,88.7,88.76,77,302,311,0.09999999999999432,6.32,108,149,117,143,290,323,299,"1.5","-1.5",,
201,673357,"Robert Jr., Luis",2020,882,22.8,0.241,0.333,0.258,0.574,0.335,0.35,0.246,13,54,86.9,19.6,2374,87.3,87.59,58,120,81,0.29999999999999716,6.35,107,146,114,141,299,326,295,"0.2","-0.2",,
349,669357,"Gorman, Nolan",2022,1317,26.5,0.24,0.147,0.333,0.387,0.323,0.326,0.236,18,75,88,16.3,2225,89.6,89.62,67,195,154,0,6.26,114,151,112,150,294,320,302,"0.3","-0.3",,
219,641355,"Bellinger, Cody",2020,967,22.6,0.24,0.12,0.268,0.36,0.316,0.362,0.291,12,50,89.9,10.6,2323,88.7,88.62,30,116,103,-0.10000000000000853,6.16,117,145,113,149,297,326,307,"1.6","-1.6",,
536,502054,"Pham, Tommy",2023,1917,28,0.24,0.173,0.282,0.413,0.339,0.351,0.24,25,104,89.8,2.3,2226,88.6,88.86,44,208,328,0.30000000000001137,6.45,110,146,117,143,304,325,293,"-4.4","4.4",,
461,681351,"O'Hoppe, Logan",2024,1983,23.2,0.24,0.21,0.3,0.45,0.345,0.382,0.276,24,100,90.7,10.7,2291,88.9,89.07,91,243,218,0.19999999999998863,6.49,108,147,117,144,301,321,293,"-4.7","4.7","67.814610089","7.151501384"
138,641553,"Engel, Adam",2021,542,25.5,0.24,0.24,0.235,0.48,0.345,0.309,0.178,6,25,88.1,12.7,2214,89.1,89.34,18,72,66,0.20000000000000284,6.38,105,146,110,141,295,321,291,"-1","1",,
406,664056,"Bader, Harrison",2024,1647,24.7,0.24,0.144,0.262,0.385,0.287,0.299,0.244,25,104,87.3,13.1,2247,88.7,88.95,46,205,201,0.20000000000000284,6.47,109,147,117,145,299,320,289,"2.7","-2.7","68.91039875","6.84725855"
109,572287,"Zunino, Mike",2022,482,22.6,0.24,0.36,0.188,0.6,0.378,0.394,0.253,6,25,95,24.7,2220,88.9,88.65,18,56,53,-0.20000000000000284,6.31,104,147,116,142,303,327,297,"-1.3","1.3",,
686,605137,"Bell, Josh",2022,2505,27.4,0.24,0.113,0.267,0.353,0.305,0.319,0.254,36,150,88.2,7.2,2161,88.9,88.94,68,314,372,0,6.34,115,153,118,148,299,322,301,"2.2","-2.2",,
90,605421,"Pérez, Michael",2020,366,24.6,0.24,0.04,0.316,0.28,0.217,0.366,0.315,6,25,88,19.8,2135,88.9,89.24,14,51,39,0.29999999999999716,6.6,112,144,110,142,284,316,295,"0.7","-0.7",,
452,605113,"Ahmed, Nick",2021,1777,25.4,0.24,0.135,0.295,0.375,0.306,0.274,0.214,25,104,85.1,15.7,2248,89.2,89.23,59,225,227,0,6.34,109,147,112,143,302,320,292,"5.6","-5.6",,
415,570482,"Urshela, Gio",2024,1693,24.5,0.24,0.135,0.259,0.375,0.278,0.289,0.254,25,104,84.7,8.5,2230,89.3,89.77,49,247,168,0.5,6.52,109,147,118,145,301,319,285,"2.7","-2.7","65.215554458","6.895195625"
476,663837,"Vierling, Matt",2024,2312,20.6,0.24,0.202,0.263,0.442,0.31,0.303,0.252,25,104,87.9,8.8,2312,89.7,89.99,47,211,265,0.29999999999999716,6.48,107,144,114,140,298,322,288,"2.9","-2.9","68.997100249","7.299673582"
473,630105,"Cronenworth, Jake",2023,2060,23,0.239,0.11,0.275,0.349,0.299,0.294,0.227,26,109,85.5,17.6,2252,89.8,89.97,33,231,242,0.20000000000000284,6.42,117,146,109,148,290,323,303,"4.3","-4.3",,
162,621439,"Buxton, Byron",2021,925,17.5,0.239,0.261,0.242,0.5,0.339,0.417,0.307,11,46,90.5,15.9,2189,88.7,88.84,23,89,73,0.09999999999999432,6.36,106,151,116,143,299,323,293,"1.7","-1.7",,
678,664023,"Happ, Ian",2024,2721,24.9,0.239,0.275,0.296,0.514,0.369,0.354,0.237,33,138,91.7,15.8,2249,89.6,89.84,100,329,349,0.20000000000000284,6.45,115,142,113,145,295,320,297,"-7.9","7.9","70.075745318","6.857987994"
674,543760,"Semien, Marcus",2021,2923,23.1,0.239,0.336,0.227,0.575,0.364,0.337,0.239,32,134,88.6,19,2236,88.9,88.91,93,316,358,0,6.29,107,149,117,145,298,322,290,"-4.4","4.4",,
522,518626,"Donaldson, Josh",2022,2176,24,0.239,0.204,0.284,0.442,0.321,0.322,0.223,27,113,91.7,10.8,2286,89,89,87,259,263,0,6.37,106,148,117,143,303,325,293,"-4.9","4.9",,
338,657656,"Laureano, Ramón",2024,1180,28.6,0.239,0.141,0.333,0.38,0.304,0.305,0.222,17,71,89,13.4,2274,88.6,88.83,53,177,161,0.20000000000000284,6.42,108,146,117,143,302,321,289,"-1.6","1.6","69.810533614","7.088806627"
215,641658,"Hampson, Garrett",2024,883,24.3,0.239,0.087,0.314,0.326,0.276,0.267,0.21,11,46,85.6,19.9,2265,89.2,89.57,27,105,110,0.3999999999999915,6.41,102,143,105,142,304,320,287,"4.2","-4.2","66.335359808","6.708265192"
397,596142,"Sánchez, Gary",2021,1845,21.5,0.239,0.227,0.291,0.466,0.335,0.308,0.212,21,88,89.4,16.5,2245,89.7,89.79,59,196,201,0.09999999999999432,6.35,108,150,119,145,300,329,292,"0.1","-0.1",,
324,657757,"Sheets, Gavin",2023,1421,22.8,0.239,0.224,0.214,0.463,0.334,0.301,0.221,16,67,87.8,13.9,2281,88.3,88.69,30,149,175,0.4000000000000057,6.52,115,144,114,149,292,324,296,"-4.2","4.2",,
450,592567,"Moran, Colin",2021,1386,32.5,0.238,0.139,0.282,0.376,0.305,0.292,0.216,24,101,89.1,6.4,2199,88.4,88.53,61,224,226,0.09999999999999432,6.33,118,155,111,147,295,318,296,"1.6","-1.6",,
581,596115,"Story, Trevor",2021,2402,24.2,0.238,0.27,0.303,0.508,0.34,0.348,0.245,30,126,90.4,20.3,2312,89.3,89.54,95,282,299,0.20000000000000284,6.24,109,148,117,144,309,331,299,"-4.5","4.5",,
187,661388,"Contreras, William",2021,708,26.4,0.238,0.167,0.258,0.405,0.326,0.377,0.295,10,42,90,11.8,2324,89.3,89.47,32,92,95,0.20000000000000284,6.34,106,148,114,145,305,319,288,"-3.4","3.4",,
197,622569,"Reyes, Pablo",2023,709,27.8,0.238,0.143,0.237,0.381,0.279,0.268,0.223,10,42,88.6,6.2,2261,89.8,90.05,10,82,115,0.29999999999999716,6.48,108,148,111,145,289,318,290,"-1.8","1.8",,
456,663586,"Riley, Austin",2024,1822,25,0.238,0.19,0.323,0.429,0.307,0.321,0.236,25,105,90.2,10.4,2294,90.1,90.49,80,244,212,0.4000000000000057,6.54,112,147,121,145,307,327,296,"1.7","-1.7","72.591606773","7.452210091"
161,622682,"Reyes, Victor",2021,869,18.5,0.238,0.119,0.25,0.357,0.276,0.393,0.346,10,42,90.9,4.2,2234,89.4,89.35,16,96,65,-0.10000000000000853,6.29,113,147,107,144,289,319,291,"0.4","-0.4",,
419,527038,"Flores, Wilmer",2021,1727,24.3,0.238,0.149,0.238,0.386,0.291,0.276,0.228,24,101,88.6,20.3,2248,87.8,87.98,41,214,205,0.20000000000000284,6.4,108,148,118,144,299,321,294,"4.8","-4.8",,
182,683146,"Baty, Brett",2024,676,26.9,0.238,0.19,0.333,0.429,0.319,0.297,0.223,10,42,88.3,12.8,2217,88.3,88.51,39,106,76,0.20000000000000284,6.58,121,146,111,148,284,321,301,"1.5","-1.5","67.837545625","7.256339688"
212,592178,"Bryant, Kris",2024,608,34.9,0.238,0.167,0.32,0.405,0.335,0.322,0.22,10,42,87,17.3,2269,89,89.57,35,101,111,0.5999999999999943,6.48,110,148,119,144,303,324,292,"2.5","-2.5","69.164121111","7.939962111"
513,660821,"Sánchez, Jesús",2024,1991,25.8,0.238,0.169,0.292,0.408,0.293,0.345,0.281,31,130,93,9.1,2254,89.1,89.32,99,299,214,0.20000000000000284,6.48,116,144,112,147,294,321,302,"4.4","-4.4","72.203591388","6.962090142"
68,682657,"Martínez, Angel",2024,677,10,0.238,0.048,0.278,0.286,0.228,0.313,0.279,5,21,86.8,12.8,2122,90.9,91.16,6,41,27,0.29999999999999716,6.45,108,142,104,143,286,316,293,"2.2","-2.2","67.576444211","7.127816053"
91,670223,"Mervis, Matt",2023,405,22.5,0.238,0.048,0.385,0.286,0.269,0.26,0.217,5,21,95,10.1,2240,88.8,88.93,20,50,41,0.10000000000000853,6.4,115,140,112,147,291,320,294,"2.6","-2.6",,
301,657557,"DeJong, Paul",2023,1424,21.1,0.238,0.19,0.276,0.429,0.297,0.315,0.262,20,84,85,14.5,2310,89.2,89.53,54,175,126,0.29999999999999716,6.47,108,146,117,142,298,322,292,"7.1","-7.1",,
508,641355,"Bellinger, Cody",2022,2301,22.1,0.238,0.221,0.291,0.459,0.308,0.292,0.224,29,122,90.2,24.5,2218,89.3,89.39,83,270,238,0.10000000000000853,6.31,118,149,111,148,297,322,301,"1.6","-1.6",,
200,596059,"Odor, Rougned",2020,594,33.7,0.238,0.357,0.222,0.595,0.348,0.279,0.189,10,42,86.4,25.2,2300,87.2,87.05,25,101,99,-0.20000000000000284,6.15,119,158,106,151,305,329,302,"-0.3","0.3",,
696,666969,"García, Adolis",2024,2534,27.5,0.238,0.126,0.303,0.364,0.305,0.317,0.24,36,151,90.5,9.8,2248,90.4,90.54,120,352,344,0.09999999999999432,6.43,110,149,120,144,304,327,297,"3.8","-3.8","70.681074768","7.784103127"
175,606192,"Hernández, Teoscar",2020,840,20.8,0.238,0.214,0.292,0.452,0.325,0.315,0.218,10,42,93.1,14.8,2247,88.1,88.08,36,80,95,0,6.29,107,144,115,139,299,320,290,"1.5","-1.5",,
66,660644,"Bruján, Vidal",2023,299,22.1,0.238,0,0.313,0.238,0.232,0.274,0.267,5,21,75.5,4.8,2141,86.8,86.67,10,40,26,-0.09999999999999432,6.34,112,143,104,145,287,321,290,"3.2","-3.2",,
216,614177,"Reyes, Franmil",2020,982,22,0.238,0.167,0.258,0.405,0.301,0.364,0.22,10,42,90.4,15.7,2315,88.2,88.48,43,106,110,0.29999999999999716,6.42,106,145,117,141,297,323,294,"4.2","-4.2",,
590,665926,"Giménez, Andrés",2023,2346,25.1,0.238,0.123,0.316,0.362,0.295,0.292,0.241,31,130,82.7,10.8,2273,88.7,88.97,95,339,251,0.29999999999999716,6.47,112,143,104,146,282,317,292,"14.4","-14.4",,
578,641857,"McMahon, Ryan",2024,2723,21.2,0.238,0.138,0.315,0.377,0.299,0.311,0.236,31,130,91.9,8,2271,89.8,90.31,95,318,260,0.5,6.42,116,143,113,147,296,329,306,"4.4","-4.4","70.660235987","7.094649638"
295,456781,"Solano, Donovan",2024,1273,23.2,0.237,0.068,0.304,0.305,0.302,0.338,0.261,14,59,89.3,13.9,2336,89.6,89.79,33,144,151,0.20000000000000284,6.51,109,147,117,145,302,318,285,"-1.5","1.5","65.444575108","6.863451295"
229,571657,"Farmer, Kyle",2024,882,26,0.237,0.203,0.267,0.441,0.315,0.29,0.225,14,59,85.1,13.7,2236,88.5,88.91,27,114,115,0.4000000000000057,6.54,108,146,115,142,299,320,287,"1.9","-1.9","64.488691731","6.7452575"
374,624415,"Biggio, Cavan",2022,1282,29.2,0.237,0.079,0.346,0.316,0.293,0.268,0.195,18,76,85.6,15.5,2209,89.6,89.6,43,155,219,0,6.34,117,155,106,150,287,320,298,"2.9","-2.9",,
483,621563,"Wendle, Joey",2021,1857,26,0.237,0.137,0.3,0.374,0.26,0.226,0.208,31,131,88.1,6,2244,89,89.06,78,257,226,0.09999999999999432,6.42,111,143,104,143,285,319,300,"9.2","-9.2",,
282,553882,"Narváez, Omar",2022,1182,23.9,0.237,0.068,0.286,0.305,0.308,0.297,0.208,14,59,83.8,22.9,2201,89.9,89.85,36,135,147,-0.10000000000000853,6.25,117,154,112,149,286,317,299,"1.4","-1.4",,
420,682626,"Alvarez, Francisco",2024,1331,31.6,0.237,0.226,0.257,0.462,0.334,0.318,0.234,22,93,88.8,11.7,2296,89.1,89.48,53,199,221,0.4000000000000057,6.54,107,146,119,143,298,323,292,"-0.9","0.9","72.280789889","7.17805"
511,663757,"Grisham, Trent",2023,2341,21.8,0.237,0.161,0.317,0.398,0.311,0.303,0.227,28,118,86.3,13,2284,89.1,89.21,67,237,274,0.10000000000000853,6.42,115,144,103,148,289,321,300,"4.8","-4.8",,
173,641584,"Fraley, Jake",2022,985,17.6,0.237,0.105,0.258,0.342,0.306,0.364,0.273,9,38,82.7,13.9,2198,88.3,88.24,17,76,97,-0.09999999999999432,6.45,116,149,109,150,280,317,295,"-0.7","0.7",,
492,669394,"Burger, Jake",2023,2048,24,0.237,0.254,0.276,0.492,0.325,0.309,0.242,28,118,89.7,8.1,2216,89.6,89.98,81,265,227,0.4000000000000057,6.51,111,148,118,144,303,323,292,"-1.5","1.5",,
346,592743,"Simmons, Andrelton",2021,1645,21,0.237,0.065,0.259,0.301,0.27,0.271,0.235,22,93,78.8,4.1,2282,88.6,88.75,32,179,167,0.10000000000000853,6.32,108,148,110,144,293,313,282,"8.6","-8.6",,
147,622534,"Margot, Manuel",2020,583,25.2,0.237,0.053,0.273,0.289,0.266,0.338,0.301,9,38,85.4,8.7,2285,89,89.52,16,72,75,0.5,6.7,103,146,105,144,300,317,286,"4.8","-4.8",,
559,665750,"Taveras, Leody",2023,2106,26.5,0.237,0.074,0.304,0.311,0.261,0.305,0.254,32,135,87.1,6.9,2225,89.3,89.28,74,293,266,0,6.35,112,145,105,146,294,324,295,"11.3","-11.3",,
232,572761,"Carpenter, Matt",2020,736,31.5,0.237,0.132,0.32,0.368,0.37,0.389,0.226,9,38,85.2,20,2320,88.3,88.52,31,98,134,0.20000000000000284,6.37,119,151,108,152,296,323,302,"-6","6",,
299,658668,"Olivares, Edward",2023,1420,21.1,0.236,0.139,0.25,0.375,0.302,0.307,0.225,17,72,81.8,16.9,2262,89.5,89.88,29,149,150,0.4000000000000057,6.52,109,147,115,144,304,327,295,"6.8","-6.8",,
165,425877,"Molina, Yadier",2022,986,16.7,0.236,0.091,0.24,0.327,0.256,0.251,0.232,13,55,84.5,12.2,2346,88.9,89.11,24,116,49,0.19999999999998863,6.39,106,147,119,145,302,320,292,"1.8","-1.8",,
468,592669,"Renfroe, Hunter",2022,2027,23.1,0.236,0.282,0.237,0.518,0.35,0.343,0.233,26,110,88.5,16.1,2293,88.5,88.4,60,231,237,-0.09999999999999432,6.26,108,148,118,143,300,321,295,"1.1","-1.1",,
564,624585,"Soler, Jorge",2023,2315,24.4,0.236,0.252,0.25,0.488,0.345,0.385,0.269,29,123,90.7,16.7,2274,88.6,88.77,72,259,305,0.20000000000000284,6.4,111,147,120,142,302,323,298,"2.6","-2.6",,
351,665482,"Celestino, Gilberto",2022,1384,25.4,0.236,0.056,0.298,0.292,0.308,0.334,0.247,17,72,85.1,-6.1,2242,89.1,89.01,29,149,202,-0.09999999999999432,6.27,109,146,112,144,299,320,282,"1.3","-1.3",,
295,668904,"Lewis, Royce",2024,1233,23.9,0.236,0.236,0.236,0.472,0.309,0.301,0.244,17,72,88.5,13.6,2242,88.3,88.73,44,160,135,0.4000000000000057,6.48,108,146,118,142,300,321,294,"2.2","-2.2","70.883169245","7.697872579"
610,650402,"Torres, Gleyber",2022,2226,27.4,0.236,0.16,0.286,0.396,0.299,0.297,0.22,34,144,89.4,21.6,2312,88.8,88.94,88,302,308,0.10000000000000853,6.41,108,147,116,143,301,322,287,"5.9","-5.9",,
225,641658,"Hampson, Garrett",2022,886,25.4,0.235,0.157,0.297,0.392,0.308,0.254,0.159,12,51,80.8,9.7,2255,88.7,88.97,27,108,117,0.29999999999999716,6.3,101,144,105,143,302,321,290,"4.3","-4.3",,
75,663330,"Jones, Jahmai",2021,276,27.2,0.235,0.059,0.364,0.294,0.277,0.284,0.219,4,17,83.7,28.4,2350,88.8,88.91,5,27,48,0.10000000000000853,6.53,104,146,111,139,296,323,283,"1.9","-1.9",,
83,683737,"Busch, Michael",2023,353,23.5,0.235,0.059,0.308,0.294,0.264,0.307,0.227,4,17,91.8,1.7,2269,86.4,86.54,9,41,42,0.09999999999999432,6.32,115,145,109,148,289,318,297,"1.9","-1.9",,
431,606992,"Haase, Eric",2021,1548,27.8,0.235,0.206,0.295,0.441,0.311,0.308,0.231,24,102,89.9,19,2240,88.9,88.86,89,235,196,0,6.2,107,149,118,144,299,322,290,"4.1","-4.1",,
141,641645,"Guillorme, Luis",2023,481,29.3,0.235,0.059,0.296,0.294,0.236,0.246,0.223,8,34,87.7,11.2,2216,90,90.53,16,70,71,0.5,6.61,113,146,110,149,283,313,299,"4.6","-4.6",,
61,543829,"Strange-Gordon, Dee",2020,287,21.3,0.235,0,0.333,0.235,0.235,0.186,0.163,4,17,72.8,30,2321,88.5,88.39,9,31,30,-0.09999999999999432,6.28,106,140,96,141,264,303,292,"2.6","-2.6",,
434,571771,"Hernández, Enrique",2021,2265,19.2,0.235,0.153,0.263,0.388,0.298,0.312,0.23,23,98,89.5,20.8,2212,88.7,88.7,51,205,229,0,6.27,107,146,114,141,289,320,294,"9.1","-9.1",,
70,602074,"Daza, Yonathan",2023,275,25.5,0.235,0,0.25,0.235,0.248,0.216,0.171,4,17,79.8,15.8,2301,87.5,87.82,5,40,30,0.29999999999999716,6.35,108,147,114,143,305,325,289,"1","-1",,
78,501981,"Davis, Khris",2021,451,17.3,0.235,0.118,0.286,0.353,0.287,0.353,0.216,4,17,96.2,17.5,2285,89.9,89.76,15,39,39,-0.10000000000000853,6.24,112,151,117,145,302,327,294,"0.6","-0.6",,
445,669127,"Langeliers, Shea",2023,1921,23.2,0.235,0.255,0.286,0.49,0.337,0.333,0.225,24,102,88.9,10.8,2248,89,89.2,70,222,223,0.20000000000000284,6.43,111,149,116,144,299,320,290,"-0.4","0.4",,
716,571970,"Muncy, Max",2022,2436,29.4,0.235,0.226,0.247,0.461,0.379,0.381,0.22,27,115,91.3,23.4,2224,88.1,88.2,80,285,431,0.10000000000000853,6.32,116,155,111,147,297,322,304,"-11.6","11.6",,
90,656669,"Luplow, Jordan",2020,398,22.6,0.235,0.118,0.267,0.353,0.3,0.286,0.189,4,17,83.6,25.3,2283,86,86.2,11,40,50,0.20000000000000284,6.29,110,146,113,139,293,317,286,"1.2","-1.2",,
55,691011,"Romo, Drew",2024,189,29.1,0.235,0.118,0.364,0.353,0.251,0.27,0.251,4,17,81.1,10.5,2181,86.2,86.68,10,33,22,0.5,6.4,109,140,110,144,299,325,296,"1.2","-1.2","67.648116875","7.174030313"
175,644374,"Chang, Yu",2022,762,23,0.235,0.029,0.348,0.265,0.267,0.234,0.18,8,34,86,20.6,2268,89.4,89.49,30,92,83,0.09999999999999432,6.46,109,147,115,143,300,320,289,"4","-4",,
470,596142,"Sánchez, Gary",2022,1881,25,0.235,0.314,0.246,0.549,0.368,0.396,0.245,24,102,91.1,22.3,2266,88.3,88.27,55,196,274,0,6.33,107,149,118,143,297,324,292,"-5.8","5.8",,
93,642180,"Wade, Tyler",2020,394,23.6,0.235,0.059,0.267,0.294,0.322,0.404,0.339,4,17,84.1,19.9,2203,88.4,88.52,5,42,51,0.09999999999999432,6.4,113,143,103,143,282,311,289,"1.2","-1.2",,
54,614173,"Cordero, Franchy",2023,250,21.6,0.235,0.588,0.125,0.824,0.427,0.313,0.205,4,17,91.8,19.6,2328,89.1,89.23,7,24,30,0.10000000000000853,6.31,121,147,112,151,296,323,292,"-2.4","2.4",,
628,664702,"Straw, Myles",2021,2653,23.7,0.235,0.053,0.279,0.288,0.271,0.313,0.28,31,132,82.4,8.5,2231,90.1,90.15,33,267,361,0.10000000000000853,6.34,104,145,105,141,295,315,279,"10","-10",,
237,519058,"Moustakas, Mike",2022,1150,20.6,0.235,0,0.293,0.235,0.254,0.273,0.202,12,51,87.4,12.3,2224,89,89.19,35,135,102,0.20000000000000284,6.38,116,149,112,147,289,319,297,"5.2","-5.2",,
206,518792,"Heyward, Jason",2020,809,25.5,0.235,0.206,0.24,0.441,0.368,0.345,0.216,8,34,84.7,13.4,2335,87.9,88.3,19,70,136,0.3999999999999915,6.51,117,149,111,146,291,321,304,"-1.7","1.7",,
189,596847,"Choi, Ji Man",2020,595,31.8,0.235,0.176,0.259,0.412,0.337,0.283,0.165,8,34,85.8,19.7,2161,87.8,87.88,20,79,110,0.10000000000000853,6.42,116,151,114,148,288,322,299,"1.5","-1.5",,
363,446334,"Longoria, Evan",2021,1155,31.4,0.235,0.111,0.283,0.346,0.294,0.337,0.257,19,81,92.9,14.6,2380,88.9,88.92,42,157,206,0,6.29,111,150,120,144,300,323,297,"1.2","-1.2",,
273,592663,"Realmuto, J.T.",2020,742,36.8,0.235,0.265,0.238,0.5,0.331,0.284,0.209,16,68,89.7,17.5,2250,88.2,88.37,44,135,138,0.20000000000000284,6.37,107,147,118,142,300,322,290,"-0.6","0.6",,
85,663993,"Lowe, Nathaniel",2020,295,28.8,0.235,0.176,0.429,0.412,0.353,0.321,0.212,4,17,88.7,-2.3,2245,91,91.02,14,36,49,0,6.43,116,154,120,145,290,321,303,"-0.6","0.6",,
241,594694,"Difo, Wilmer",2021,922,26.1,0.235,0.157,0.286,0.392,0.335,0.307,0.205,12,51,80.9,14.8,2269,87.2,87.14,38,122,119,-0.10000000000000853,6.2,112,146,105,147,287,310,289,"-0.9","0.9",,
80,572228,"Voit, Luke",2023,284,28.2,0.235,0.059,0.333,0.294,0.28,0.328,0.29,4,17,92.8,15.6,2234,86.9,87.01,13,40,40,0.09999999999999432,6.38,109,148,118,143,299,325,294,"1.7","-1.7",,
328,650489,"Castro, Willi",2023,1586,20.7,0.234,0.094,0.286,0.328,0.312,0.338,0.258,15,64,81.1,12.6,2227,88.2,88.59,42,165,163,0.3999999999999915,6.41,112,143,108,144,292,320,292,"2.1","-2.1",,
301,624413,"Alonso, Pete",2020,929,32.4,0.234,0.281,0.22,0.516,0.362,0.363,0.235,15,64,88.2,17.4,2294,88.4,88.7,50,149,152,0.29999999999999716,6.48,105,146,119,143,303,324,295,"-0.2","0.2",,
554,656941,"Schwarber, Kyle",2022,2878,19.2,0.234,0.252,0.273,0.486,0.357,0.374,0.231,26,111,92.9,16.4,2183,88.5,88.56,63,227,327,0.09999999999999432,6.39,116,159,114,151,292,321,300,"-2.6","2.6",,
499,669221,"Murphy, Sean",2022,2372,21,0.234,0.171,0.253,0.405,0.315,0.315,0.204,26,111,85,12.3,2271,87.7,87.84,62,254,245,0.09999999999999432,6.42,109,149,118,145,298,321,292,"1","-1",,
446,572191,"Taylor, Michael A.",2022,1717,26,0.234,0.053,0.344,0.287,0.264,0.266,0.194,22,94,83.8,14.7,2237,88.8,89.01,80,218,228,0.20000000000000284,6.38,106,145,106,141,303,323,293,"5.7","-5.7",,
425,656775,"Mullins, Cedric",2024,1938,21.9,0.234,0.149,0.29,0.383,0.309,0.27,0.205,22,94,85.6,15.7,2223,89.6,89.93,47,223,202,0.30000000000001137,6.53,111,142,100,147,292,320,296,"-1.4","1.4","66.832830918","7.306779903"
190,592696,"Rosario, Eddie",2022,1010,18.8,0.234,0.128,0.286,0.362,0.258,0.21,0.174,11,47,88.3,13.1,2218,88.8,89.1,37,111,79,0.29999999999999716,6.45,119,152,112,151,295,322,298,"2","-2",,
461,677551,"Franco, Wander",2023,1901,24.3,0.234,0.075,0.258,0.308,0.268,0.282,0.245,25,107,86.9,8.7,2236,88.7,88.83,33,222,239,0.09999999999999432,6.46,114,145,112,146,291,325,298,"6.1","-6.1",,
382,664774,"Wade Jr., LaMonte",2023,2102,18.2,0.234,0.065,0.266,0.299,0.31,0.367,0.28,18,77,84.9,13.5,2249,89.4,89.84,39,149,233,0.3999999999999915,6.54,114,140,104,145,291,320,297,"1.1","-1.1",,
703,656305,"Chapman, Matt",2022,2637,26.7,0.234,0.182,0.286,0.416,0.336,0.353,0.233,32,137,90.3,19,2273,90,89.94,89,288,415,-0.09999999999999432,6.35,111,150,119,146,301,325,294,"-0.6","0.6",,
688,623993,"Santander, Anthony",2024,2738,25.1,0.234,0.201,0.226,0.435,0.309,0.333,0.251,36,154,89.2,20.3,2260,89.7,89.81,68,370,318,0.09999999999999432,6.39,117,146,116,148,300,326,297,"3.5","-3.5","71.547131734","7.067120983"
179,672356,"Arias, Gabriel",2024,578,31,0.233,0.07,0.385,0.302,0.264,0.229,0.179,10,43,83.1,6.5,2168,88.3,88.47,53,112,67,0.20000000000000284,6.36,110,147,115,144,297,321,292,"4.3","-4.3","72.165704632","7.42265"
485,641933,"O'Neill, Tyler",2021,2070,23.4,0.233,0.275,0.282,0.508,0.33,0.347,0.253,28,120,91,20.2,2295,88.4,88.46,100,259,226,0.09999999999999432,6.33,109,148,115,143,306,324,297,"4.5","-4.5",,
122,669242,"Edman, Tommy",2024,567,21.5,0.233,0.133,0.273,0.367,0.302,0.262,0.183,7,30,84.5,17,2221,89.4,89.87,18,60,62,0.5,6.5,114,148,114,150,291,318,301,"-0.7","0.7","66.035237833","6.645606833"
123,435062,"Kendrick, Howie",2020,384,32,0.233,0.067,0.241,0.3,0.244,0.264,0.23,7,30,84.7,2.4,2275,86.7,87.25,16,70,53,0.5999999999999943,6.54,106,140,114,137,303,317,288,"4.1","-4.1",,
127,663630,"McKenna, Ryan",2022,597,21.3,0.233,0.133,0.412,0.367,0.276,0.251,0.195,7,30,81.3,11.4,2253,87.4,87.53,26,68,59,0.09999999999999432,6.43,106,145,112,142,299,318,287,"2.1","-2.1",,
251,547180,"Harper, Bryce",2020,973,25.8,0.233,0.256,0.269,0.488,0.389,0.45,0.268,10,43,94.3,25.1,2236,88.8,88.9,37,110,141,0.10000000000000853,6.39,117,149,114,146,295,321,298,"-3.2","3.2",,
187,656976,"Smith, Pavin",2024,631,29.6,0.233,0.419,0.147,0.651,0.371,0.422,0.306,10,43,87.6,12.9,2187,89.2,89.39,13,83,104,0.20000000000000284,6.44,120,144,117,148,289,324,302,"-5.6","5.6","71.779579367","7.213639873"
390,605170,"Caratini, Victor",2021,1312,29.7,0.233,0.047,0.275,0.279,0.265,0.298,0.232,20,86,89.3,9,2247,88.3,88.12,39,163,227,-0.20000000000000284,6.24,116,150,112,148,287,317,298,"6.2","-6.2",,
287,596142,"Sánchez, Gary",2023,1091,26.3,0.232,0.29,0.227,0.522,0.339,0.303,0.199,16,69,89.8,10.5,2307,88.4,88.54,31,121,166,0.09999999999999432,6.42,112,147,121,143,299,324,299,"-2","2",,
391,543333,"Hosmer, Eric",2022,1617,24.2,0.232,0.095,0.26,0.326,0.286,0.285,0.224,22,95,87.3,4,2260,89.3,89.25,37,182,209,-0.09999999999999432,6.28,117,151,114,149,294,323,304,"0.7","-0.7",,
278,676369,"Velázquez, Nelson",2024,903,30.8,0.232,0.179,0.262,0.411,0.315,0.381,0.261,13,56,90.1,15.7,2265,88.2,88.46,53,130,148,0.29999999999999716,6.44,110,149,118,145,303,324,293,"1.5","-1.5","71.207857131","7.479525"
296,664238,"Moore, Dylan",2022,1133,26.1,0.232,0.143,0.289,0.375,0.345,0.332,0.213,13,56,84,18.7,2297,87.5,87.31,31,126,170,-0.20000000000000284,6.21,105,146,110,144,296,316,285,"-1.4","1.4",,
264,669374,"Hiura, Keston",2022,1146,23,0.232,0.143,0.333,0.375,0.323,0.322,0.213,13,56,90.4,18.6,2303,89.2,89.12,53,140,124,-0.10000000000000853,6.27,107,145,114,140,301,321,289,"1.4","-1.4",,
395,592663,"Realmuto, J.T.",2024,1583,25,0.232,0.105,0.297,0.337,0.285,0.363,0.291,22,95,92,11.7,2258,89.6,90.11,55,201,194,0.5,6.57,111,148,120,145,298,321,287,"5.1","-5.1","71.647162155","7.563531105"
256,686217,"Frelick, Sal",2023,878,29.2,0.232,0.179,0.239,0.411,0.304,0.291,0.236,13,56,83,11.1,2272,88.5,88.78,14,119,137,0.29999999999999716,6.45,109,139,101,143,284,314,292,"3","-3",,
249,686469,"Pasquantino, Vinnie",2022,1039,24,0.232,0.125,0.234,0.357,0.322,0.396,0.282,13,56,92.1,16.6,2148,88.7,88.88,18,114,135,0.20000000000000284,6.38,117,162,109,146,296,327,302,"-0.6","0.6",,
326,544725,"García, Leury",2022,1155,28.2,0.232,0.029,0.262,0.261,0.233,0.314,0.286,16,69,83,4.3,2184,89.5,89.54,46,190,136,0,6.31,112,146,106,147,285,318,296,"9.7","-9.7",,
681,624413,"Alonso, Pete",2024,2780,24.5,0.232,0.185,0.275,0.417,0.325,0.316,0.217,35,151,86.9,13.1,2251,89.6,89.92,81,295,386,0.30000000000001137,6.54,110,147,121,144,303,324,294,"1.4","-1.4","73.03339446","7.303294928"
221,609275,"Mondesi, Adalberto",2020,847,26.1,0.232,0.125,0.375,0.357,0.265,0.246,0.223,13,56,81.3,15,2212,87.7,87.77,59,127,94,0.09999999999999432,6.21,103,142,98,144,293,321,294,"8.2","-8.2",,
432,669707,"Triolo, Jared",2024,1764,24.5,0.232,0.071,0.292,0.303,0.274,0.286,0.223,23,99,88.7,10.8,2328,88.4,88.74,64,221,211,0.29999999999999716,6.52,108,148,116,145,304,319,287,"5.9","-5.9","68.112138802","7.738457552"
159,542208,"Pérez, Carlos",2023,738,21.5,0.231,0.128,0.235,0.359,0.265,0.298,0.256,9,39,90.8,12.7,2226,88.6,88.88,13,80,79,0.30000000000001137,6.42,109,145,116,143,299,319,289,"2.8","-2.8",,
101,682868,"Ramos, Bryan",2024,418,24.2,0.231,0.038,0.273,0.269,0.227,0.307,0.27,6,26,92.9,17.4,2285,87.2,87.3,16,48,53,0.09999999999999432,6.39,109,150,119,144,304,320,292,"2.9","-2.9","71.435118913","8.308687174"
202,641680,"Heim, Jonah",2021,1139,17.7,0.231,0.269,0.231,0.5,0.314,0.335,0.237,12,52,87.5,17.8,2228,88.6,88.55,25,115,87,-0.09999999999999432,6.28,118,153,116,149,299,325,298,"2.3","-2.3",,
55,642180,"Wade, Tyler",2023,205,26.8,0.231,0,0.273,0.231,0.269,0.298,0.239,3,13,80.7,11,2183,89.4,89.71,5,21,34,0.29999999999999716,6.5,113,141,100,146,275,313,291,"1.2","-1.2",,
55,641943,"Palacios, Joshua",2021,163,33.7,0.231,0,0.333,0.231,0.222,0.288,0.202,3,13,89.6,3.1,2300,91.9,91.86,11,28,27,0,6.3,105,143,100,145,279,316,298,"3.1","-3.1",,
57,668731,"Baddoo, Akil",2024,318,17.9,0.231,0.308,0.167,0.538,0.386,0.54,0.366,3,13,95.7,17,2197,88.3,88.7,8,26,31,0.4000000000000057,6.43,122,148,106,150,287,321,299,"-0.8","0.8","72.455979615","7.536850385"
626,673490,"Kim, Ha-Seong",2023,2727,23,0.231,0.116,0.273,0.347,0.289,0.277,0.223,28,121,86,16.2,2307,89.4,89.48,46,267,359,0.09999999999999432,6.38,109,148,116,145,298,321,290,"3.4","-3.4",,
44,605244,"Garcia, Aramis",2021,340,12.9,0.231,0,0.5,0.231,0.203,0.163,0.173,3,13,86.3,14.3,2352,87.8,88.61,11,26,18,0.7999999999999972,6.76,109,146,114,142,303,316,284,"2.1","-2.1",,
215,605204,"Davis, J.D.",2021,890,24.2,0.231,0.154,0.381,0.385,0.336,0.316,0.197,9,39,89.2,8.3,2233,89.9,89.91,47,107,108,0,6.27,106,149,116,145,302,324,291,"4","-4",,
519,443558,"Cruz, Nelson",2021,2198,23.6,0.231,0.231,0.227,0.462,0.314,0.368,0.243,27,117,92,13.4,2281,88.5,88.61,82,268,251,0.09999999999999432,6.35,108,148,119,143,301,327,295,"-3.1","3.1",,
393,641933,"O'Neill, Tyler",2024,1984,19.8,0.231,0.308,0.271,0.538,0.349,0.321,0.201,21,91,88,14.7,2266,88.7,88.94,73,204,189,0.20000000000000284,6.48,108,146,118,142,290,320,296,"4.1","-4.1","73.062823125","7.537010104"
57,687462,"Horwitz, Spencer",2023,169,33.7,0.231,0.077,0.3,0.308,0.293,0.242,0.18,3,13,83.7,-3.7,2175,91,91.18,5,24,33,0.20000000000000284,6.38,119,146,110,152,296,325,294,"0.2","-0.2",,
46,544725,"García, Leury",2020,226,20.4,0.231,0.231,0.182,0.462,0.317,0.357,0.261,3,13,87,4.1,2201,87.5,87.6,7,23,23,0.09999999999999432,6.4,114,148,104,147,288,319,304,"-0.6","0.6",,
59,621438,"Taylor, Tyrone",2020,158,37.3,0.231,0.154,0.25,0.385,0.29,0.284,0.236,3,13,86.4,23.8,2363,89,89.32,10,32,27,0.29999999999999716,6.43,106,148,115,143,298,315,282,"1.4","-1.4",,
421,682829,"De La Cruz, Elly",2023,1755,24,0.231,0.198,0.34,0.429,0.307,0.294,0.232,21,91,89.7,6.1,2231,87.6,87.82,59,201,220,0.20000000000000284,6.4,116,145,114,146,295,324,298,"-3.2","3.2",,
188,624641,"Sosa, Edmundo",2022,653,28.8,0.231,0.154,0.297,0.385,0.304,0.288,0.238,12,52,89.7,4.9,2244,88.8,88.81,33,113,75,0,6.33,110,148,113,144,302,320,288,"1.4","-1.4",,
183,663757,"Grisham, Trent",2024,854,21.4,0.231,0.359,0.167,0.59,0.366,0.379,0.254,9,39,89.1,19.6,2271,89.3,89.58,12,77,106,0.29999999999999716,6.49,112,141,100,146,286,321,293,"-1.6","1.6","66.652384722","7.436998472"
474,656555,"Hoskins, Rhys",2021,1886,25.1,0.231,0.185,0.286,0.417,0.306,0.316,0.212,25,108,89.8,23.8,2267,89.4,89.5,58,225,249,0.09999999999999432,6.36,108,149,118,145,299,323,292,"3.4","-3.4",,
532,669289,"Espinal, Santiago",2022,1912,27.8,0.231,0.077,0.255,0.308,0.27,0.268,0.225,27,117,84.3,11.8,2290,88.9,88.85,33,252,280,0,6.3,108,148,114,145,297,317,285,"7.3","-7.3",,
54,664029,"Mathias, Mark",2020,142,38,0.231,0.077,0.273,0.308,0.231,0.283,0.264,3,13,85.6,20,2341,88.8,88.95,5,23,31,0.10000000000000853,6.28,110,149,118,147,297,318,284,"-0.1","0.1",,
44,595751,"Alfaro, Jorge",2023,175,25.1,0.231,0.308,0.286,0.538,0.318,0.3,0.24,3,13,92.6,-4.9,2222,89,89.67,9,30,14,0.7000000000000028,6.64,109,152,121,147,308,322,292,"0.6","-0.6",,
94,665506,"Pache, Cristian",2023,382,24.6,0.231,0.192,0.263,0.423,0.305,0.311,0.24,6,26,78.7,14.3,2224,88.5,88.75,15,47,47,0.29999999999999716,6.59,108,147,111,144,291,320,288,"1.3","-1.3",,
78,592200,"Casali, Curt",2020,413,18.9,0.231,0,0.375,0.231,0.27,0.253,0.188,3,13,88.5,13.5,2258,85.5,85.9,9,36,42,0.4000000000000057,6.45,106,147,113,145,299,322,287,"0.4","-0.4",,
228,676694,"Meyers, Jake",2021,655,34.8,0.231,0.173,0.323,0.404,0.299,0.306,0.24,12,52,85.3,8.6,2161,87.2,86.97,30,108,120,-0.20000000000000284,6.21,112,148,115,143,301,321,289,"1.1","-1.1",,
96,592178,"Bryant, Kris",2020,600,16,0.231,0.154,0.278,0.385,0.305,0.28,0.229,6,26,82.8,13.4,2367,88.3,88.72,13,45,51,0.4000000000000057,6.46,106,144,114,138,296,320,296,"-0.9","0.9",,
71,425772,"Mathis, Jeff",2020,268,26.5,0.231,0.231,0.333,0.462,0.321,0.353,0.229,3,13,89.8,18.3,2338,87.7,87.54,13,32,39,-0.20000000000000284,6.17,110,149,116,146,304,320,285,"-0.4","0.4",,
56,676480,"Barrero, Jose",2021,209,26.8,0.231,0.154,0.333,0.385,0.314,0.282,0.186,3,13,87,30.1,2282,87.1,87.29,7,26,30,0.20000000000000284,6.38,111,148,116,143,297,318,284,"1.3","-1.3",,
111,808982,"Lee, Jung Hoo",2024,569,19.5,0.231,0.077,0.214,0.308,0.216,0.258,0.268,6,26,85.5,17,2223,87.1,87.11,4,54,57,0,6.4,120,143,105,146,287,318,297,"1.7","-1.7","68.487557907","7.51108907"
48,693049,"Colás, Oscar",2024,144,33.3,0.231,0,0.375,0.231,0.203,0.169,0.182,3,13,81.7,8.4,2124,88.8,89.01,8,24,24,0.20000000000000284,6.42,119,139,111,143,288,315,296,"1.5","-1.5","70.6788525","7.039195417"
55,669200,"McCoy, Mason",2024,232,23.7,0.231,0,0.333,0.231,0.203,0.28,0.305,3,13,68.5,-12,2210,92.3,92.33,10,30,25,0,6.46,102,134,101,132,300,317,286,"2.8","-2.8","56.351240833","6.223813333"
37,502273,"Freeman, Mike",2020,137,27,0.231,0,0.25,0.231,0.189,0.228,0.246,3,13,80,12.2,2267,89,89.43,5,27,10,0.4000000000000057,6.39,110,143,102,144,283,314,293,"1.8","-1.8",,
442,462101,"Andrus, Elvis",2022,2252,19.6,0.231,0.163,0.241,0.394,0.305,0.284,0.241,24,104,88.5,8.9,2241,88.2,88.22,44,207,235,0,6.37,109,146,113,143,296,315,285,"-0.6","0.6",,
613,572191,"Taylor, Michael A.",2021,2113,29,0.231,0.058,0.314,0.289,0.267,0.315,0.261,28,121,91.4,13.3,2264,89.1,89.1,105,309,304,0,6.24,107,147,111,144,303,323,295,"6.3","-6.3",,
196,666139,"Lowe, Josh",2022,851,23,0.231,0.179,0.364,0.41,0.311,0.28,0.205,9,39,89.4,7.3,2195,89.9,89.58,38,91,105,-0.30000000000001137,6.27,117,152,106,151,291,325,301,"0.3","-0.3",,
244,641313,"Anderson, Tim",2022,1145,21.3,0.231,0.077,0.246,0.308,0.273,0.278,0.242,15,65,85,-3.8,2243,89.4,89.53,33,148,96,0.09999999999999432,6.34,108,146,114,143,301,324,288,"1.7","-1.7",,
58,553882,"Narváez, Omar",2024,269,21.6,0.231,0,0.273,0.231,0.238,0.27,0.232,3,13,87.4,19,2206,88.6,88.63,7,33,25,0,6.32,120,145,111,147,278,314,295,"1","-1","62.358282813","6.508591563"
307,669222,"Senzel, Nick",2022,1473,20.8,0.23,0.014,0.279,0.243,0.252,0.306,0.267,17,74,83.1,9.3,2231,88.9,89.02,30,147,160,0.09999999999999432,6.38,109,148,114,143,296,318,283,"4.8","-4.8",,
651,656555,"Hoskins, Rhys",2024,2243,29,0.23,0.207,0.258,0.437,0.321,0.296,0.201,31,135,88,18.5,2340,89.8,90.2,76,301,350,0.4000000000000057,6.53,109,148,120,144,303,321,293,"-1.6","1.6","68.897110536","8.063463464"
675,656305,"Chapman, Matt",2024,2706,24.9,0.23,0.23,0.278,0.46,0.333,0.315,0.213,32,139,91,15.2,2304,89.8,90.25,90,316,359,0.5,6.5,109,149,121,145,301,322,295,"0.1","-0.1","73.961289617","7.236611045"
378,668472,"Pratto, Nick",2023,1452,26,0.23,0.054,0.405,0.284,0.28,0.264,0.195,17,74,87.2,18,2232,89.6,89.93,57,162,216,0.30000000000001137,6.38,118,145,113,149,294,325,303,"8.3","-8.3",,
390,594807,"Duvall, Adam",2023,1336,29.2,0.23,0.287,0.224,0.517,0.337,0.344,0.233,20,87,87.8,26.3,2326,89.3,89.44,55,191,199,0.10000000000000853,6.4,107,149,119,143,286,323,295,"-2.1","2.1",,
266,543939,"Wong, Kolten",2023,984,27,0.23,0.082,0.26,0.311,0.263,0.3,0.26,14,61,83.8,11.6,2178,88.4,88.61,29,143,123,0.19999999999998863,6.39,113,142,104,146,282,318,293,"2.5","-2.5",,
214,624431,"Trevino, Jose",2021,1053,20.3,0.23,0.18,0.24,0.41,0.269,0.267,0.216,14,61,84.6,4.2,2204,88,87.95,32,113,101,-0.09999999999999432,6.27,108,149,116,145,303,322,288,"3.8","-3.8",,
305,656976,"Smith, Pavin",2023,923,33,0.23,0.148,0.273,0.377,0.339,0.37,0.259,14,61,89,11.3,2252,89.3,89.63,26,127,178,0.29999999999999716,6.51,117,142,109,146,291,324,301,"-1.3","1.3",,
558,608324,"Bregman, Alex",2024,2393,23.3,0.23,0.18,0.234,0.41,0.295,0.281,0.226,32,139,87.1,19.9,2283,90,90.1,41,275,283,0.09999999999999432,6.46,109,147,117,143,293,324,290,"3","-3","70.090939881","6.996452937"
311,408234,"Cabrera, Miguel",2023,1381,22.5,0.229,0.071,0.273,0.3,0.286,0.307,0.224,16,70,89.4,9.5,2241,89.6,90.02,34,160,151,0.4000000000000057,6.55,110,146,117,143,300,323,285,"4","-4",,
156,542194,"Bethancourt, Christian",2024,516,30.2,0.229,0.188,0.25,0.417,0.291,0.283,0.248,11,48,79.6,4.1,2287,88.5,88.54,28,99,57,0,6.35,110,147,115,144,299,319,288,"2.7","-2.7","66.133486292","7.080291011"
500,676609,"Caballero, José",2024,1894,26.4,0.229,0.076,0.329,0.305,0.264,0.251,0.202,27,118,81,11.7,2287,88.6,88.52,79,245,255,-0.09999999999999432,6.45,106,144,108,140,294,319,286,"11.8","-11.8","66.362366109","6.814197783"
484,681082,"Stott, Bryson",2024,2307,21,0.229,0.092,0.247,0.321,0.249,0.282,0.262,25,109,85.3,13.2,2259,89.3,89.46,44,241,243,0.20000000000000284,6.43,114,142,106,145,282,318,298,"11","-11","65.188894831","6.936577161"
137,621563,"Wendle, Joey",2020,673,20.4,0.229,0.086,0.276,0.314,0.285,0.283,0.222,8,35,84.8,4.6,2181,89.1,89.25,13,70,67,0.10000000000000853,6.48,112,142,106,146,287,318,296,"2.2","-2.2",,
140,596059,"Odor, Rougned",2023,585,23.9,0.229,0.171,0.292,0.4,0.319,0.341,0.258,8,35,90,17.1,2293,88.3,88.41,22,74,66,0.10000000000000853,6.38,119,143,110,149,289,324,293,"-4.8","4.8",,
218,677942,"Alexander, Blaze",2024,714,30.5,0.229,0.083,0.294,0.313,0.293,0.25,0.193,11,48,89.4,5.2,2268,88.1,88.34,31,115,103,0.20000000000000284,6.39,111,146,115,144,304,323,290,"2.1","-2.1","71.799101753","7.320692887"
427,668804,"Reynolds, Bryan",2022,2303,18.5,0.229,0.115,0.286,0.344,0.302,0.312,0.233,22,96,92.5,17.5,2210,88.1,88.14,52,221,206,0,6.28,116,147,113,146,294,318,296,"6.2","-6.2",,
362,677950,"Thomas, Alek",2023,1489,24.3,0.229,0.108,0.27,0.337,0.277,0.289,0.231,19,83,87.2,1.1,2273,88.6,88.81,47,175,187,0.20000000000000284,6.39,116,144,107,147,290,323,302,"1.3","-1.3",,
514,519317,"Stanton, Giancarlo",2022,1841,27.9,0.229,0.305,0.215,0.533,0.359,0.413,0.282,24,105,98.1,12,2307,89.3,89.27,82,235,279,0,6.35,108,149,119,146,308,328,293,"-4.7","4.7",,
294,665828,"Cabrera, Oswaldo",2023,1221,24.1,0.229,0.1,0.273,0.329,0.273,0.287,0.233,16,70,86.8,18.1,2154,89.2,89.42,35,149,145,0.20000000000000284,6.49,111,141,106,144,291,320,290,"5.2","-5.2",,
334,663698,"Bart, Joey",2022,1161,28.8,0.229,0.143,0.333,0.371,0.323,0.323,0.209,16,70,85.3,12.5,2216,88.7,88.97,60,159,175,0.29999999999999716,6.39,110,148,119,146,301,320,289,"3.8","-3.8",,
337,663698,"Bart, Joey",2024,1127,29.9,0.229,0.3,0.233,0.529,0.365,0.382,0.275,16,70,86.8,7.2,2266,89.6,89.96,35,157,180,0.4000000000000057,6.47,110,147,119,144,304,319,290,"-7.6","7.6","71.329051753","7.21248513"
206,702616,"Holliday, Jackson",2024,826,24.9,0.229,0.229,0.29,0.458,0.32,0.319,0.237,11,48,86.1,7.2,2229,88.9,89.25,28,95,111,0.3999999999999915,6.49,113,144,108,148,294,324,304,"-1.6","1.6","67.493100968","6.904070968"
495,624585,"Soler, Jorge",2021,2413,20.5,0.229,0.193,0.244,0.422,0.32,0.377,0.265,25,109,91.2,19,2287,88.2,88.37,65,230,265,0.20000000000000284,6.36,108,149,119,143,306,328,302,"-3.8","3.8",,
187,570482,"Urshela, Gio",2023,881,21.2,0.229,0.083,0.238,0.313,0.246,0.313,0.268,11,48,87.7,7.3,2278,89.6,89.91,17,103,84,0.30000000000001137,6.58,108,147,113,143,305,320,288,"3.3","-3.3",,
205,543309,"Higashioka, Kyle",2021,816,25.1,0.229,0.229,0.3,0.458,0.318,0.391,0.252,11,48,90.4,24.8,2248,87.8,87.77,35,105,100,0,6.3,108,148,115,143,298,325,287,"0.8","-0.8",,
190,666150,"Fletcher, Dominic",2024,900,21.1,0.229,0.063,0.289,0.292,0.248,0.253,0.228,11,48,81,3.5,2213,89.1,89.48,27,96,94,0.4000000000000057,6.5,114,141,104,145,278,315,298,"3.9","-3.9","64.170967865","6.443409101"
170,641432,"Calhoun, Willie",2021,1022,16.6,0.229,0.104,0.256,0.333,0.267,0.305,0.278,11,48,89.8,13.2,2303,88.2,87.79,16,83,87,-0.4000000000000057,6.11,115,152,108,146,296,325,299,"2.4","-2.4",,
345,673237,"Diaz, Yainer",2023,1298,26.6,0.228,0.163,0.243,0.391,0.264,0.29,0.245,21,92,89.3,12.6,2241,88.6,88.65,61,216,129,0.10000000000000853,6.42,110,147,117,143,298,324,290,"10","-10",,
331,622534,"Margot, Manuel",2024,1308,25.3,0.228,0.127,0.27,0.354,0.275,0.297,0.24,18,79,87.1,9.8,2286,87.8,88.08,30,160,171,0.29999999999999716,6.45,107,147,112,144,300,319,285,"2.9","-2.9","68.181421391","6.975303907"
336,595909,"Cave, Jake",2024,1345,25,0.228,0.114,0.281,0.342,0.276,0.265,0.224,18,79,85.9,7.4,2338,88.8,89.33,58,188,148,0.5,6.41,115,142,109,146,293,326,304,"4.3","-4.3","66.319945642","6.800632458"
436,660688,"Ruiz, Keibert",2022,1538,28.3,0.228,0.079,0.24,0.307,0.269,0.347,0.294,26,114,87.2,14.8,2232,87.9,88.04,22,231,205,0.09999999999999432,6.36,113,152,113,148,295,319,297,"11.6","-11.6",,
390,664728,"Isbel, Kyle",2024,1582,24.7,0.228,0.076,0.276,0.304,0.282,0.302,0.25,21,92,82.8,8.8,2254,88.4,88.84,24,182,208,0.3999999999999915,6.53,114,143,101,146,293,321,302,"0.8","-0.8","67.54493883","6.890311345"
669,656305,"Chapman, Matt",2021,2675,25,0.228,0.114,0.317,0.341,0.294,0.292,0.197,28,123,89.8,15,2257,89.7,89.81,109,300,369,0.09999999999999432,6.37,109,148,118,144,302,324,294,"5.1","-5.1",,
228,663743,"Fortes, Nick",2022,850,26.8,0.228,0.175,0.25,0.404,0.311,0.269,0.2,13,57,87.9,15.3,2302,88.4,88.36,26,107,121,0,6.31,113,151,117,147,302,317,286,"3.5","-3.5",,
324,642708,"Rosario, Amed",2024,1210,26.8,0.228,0.12,0.282,0.348,0.267,0.261,0.226,21,92,89,7.4,2309,88.3,88.24,51,188,136,-0.09999999999999432,6.4,110,147,115,146,300,321,288,"1.1","-1.1","69.193027727","7.290714148"
461,671739,"Harris II, Michael",2023,1954,23.6,0.228,0.122,0.255,0.35,0.267,0.326,0.271,28,123,89.7,10.2,2248,89.4,89.74,62,248,213,0.29999999999999716,6.46,116,144,109,147,296,324,304,"10.7","-10.7",,
270,621043,"Correa, Carlos",2020,870,31,0.228,0.053,0.325,0.281,0.276,0.303,0.238,13,57,90.6,10.4,2324,88.3,88.09,34,122,148,-0.20000000000000284,6.19,106,146,117,142,300,327,293,"3.8","-3.8",,
269,680777,"Jeffers, Ryan",2021,1198,22.5,0.228,0.246,0.265,0.474,0.357,0.398,0.276,13,57,91.8,6.7,2336,90,90.1,40,127,142,0.09999999999999432,6.33,109,148,118,144,298,320,284,"-5.5","5.5",,
95,642456,"Barrera, Luis",2022,316,30.1,0.227,0.182,0.25,0.409,0.295,0.276,0.218,5,22,86.7,1.8,2186,89.5,89.42,11,48,47,-0.09999999999999432,6.28,117,147,99,147,284,310,291,"2.2","-2.2",,
686,621550,"Wisdom, Patrick",2022,2233,30.7,0.227,0.262,0.265,0.489,0.348,0.302,0.183,32,141,88.4,18,2287,89.1,89.19,117,338,348,0.10000000000000853,6.38,108,147,118,143,299,323,296,"2.5","-2.5",,
223,660670,"Acuña Jr., Ronald",2024,905,24.6,0.227,0.091,0.31,0.318,0.314,0.299,0.212,10,44,93.1,5.4,2210,90.6,91.09,29,101,122,0.5,6.61,109,150,119,146,306,326,291,"0.9","-0.9","75.324607558","7.489817674"
87,543281,"Harrison, Josh",2023,392,22.2,0.227,0,0.25,0.227,0.243,0.273,0.202,5,22,81.3,16.1,2274,88.6,88.62,10,45,42,0,6.33,106,146,111,143,293,317,286,"2.9","-2.9",,
90,640492,"Azocar, José",2023,350,25.7,0.227,0.136,0.308,0.364,0.29,0.282,0.206,5,22,72.3,14.1,2208,88.1,88.17,12,50,40,0.10000000000000853,6.41,108,147,104,145,303,320,287,"2.4","-2.4",,
592,641487,"Crawford, J.P.",2022,2477,23.9,0.227,0.082,0.247,0.309,0.306,0.308,0.225,25,110,83.6,7,2213,89.4,89.31,27,247,345,-0.10000000000000853,6.26,114,147,105,147,282,314,294,"7.2","-7.2",,
328,608686,"Mayfield, Jack",2021,1112,29.5,0.227,0.187,0.255,0.413,0.31,0.237,0.165,17,75,80.6,15.3,2268,89.9,90.05,34,171,157,0.09999999999999432,6.35,109,149,115,145,298,316,286,"1.1","-1.1",,
94,680776,"Duran, Jarren",2021,429,21.9,0.227,0.182,0.235,0.409,0.291,0.285,0.241,5,22,90,5.6,2297,90.3,90.47,12,46,48,0.20000000000000284,6.37,113,147,104,149,277,310,299,"2.2","-2.2",,
102,545350,"Marisnick, Jake",2022,288,35.4,0.227,0.182,0.364,0.409,0.272,0.302,0.254,5,22,81,12.9,2282,88.9,89.06,19,56,46,0.19999999999998863,6.38,109,150,116,145,300,317,290,"3.1","-3.1",,
301,500871,"Escobar, Eduardo",2023,1236,24.4,0.227,0.093,0.271,0.32,0.256,0.264,0.225,17,75,83,5,2194,88.6,88.68,42,154,147,0.10000000000000853,6.37,112,144,110,145,292,320,295,"12.5","-12.5",,
346,572191,"Taylor, Michael A.",2023,1526,22.7,0.227,0.253,0.286,0.48,0.342,0.311,0.201,17,75,82.8,9.8,2270,88.2,88.52,52,158,188,0.29999999999999716,6.45,106,146,108,141,303,322,288,"2.2","-2.2",,
86,664954,"Sullivan, Brett",2023,300,28.7,0.227,0.045,0.357,0.273,0.208,0.186,0.203,5,22,84.4,7.5,2260,90.1,90.28,10,41,45,0.20000000000000284,6.44,116,145,109,149,286,321,293,"4.2","-4.2",,
532,676694,"Meyers, Jake",2024,1817,29.3,0.227,0.121,0.276,0.348,0.287,0.319,0.255,30,132,83.9,6.2,2235,88.6,88.75,69,272,260,0.10000000000000853,6.46,105,147,110,143,296,323,289,"13.6","-13.6","63.020512469","6.58369144"
211,444489,"Piña, Manny",2021,801,26.3,0.227,0.364,0.147,0.591,0.407,0.381,0.225,10,44,81.5,19.1,2258,88.8,88.75,15,89,122,-0.09999999999999432,6.21,108,149,116,145,298,318,290,"-4.6","4.6",,
159,642708,"Rosario, Amed",2020,523,30.4,0.227,0.136,0.29,0.364,0.259,0.22,0.201,10,44,85.1,4.8,2202,87.8,88.06,26,93,66,0.29999999999999716,6.4,107,145,110,144,300,315,286,"5.1","-5.1",,
89,670370,"Young, Andrew",2021,417,21.3,0.227,0.318,0.333,0.545,0.337,0.233,0.176,5,22,86.6,10.3,2294,89.6,89.84,22,46,43,0.20000000000000284,6.43,110,150,117,147,304,320,289,"2","-2",,
378,571970,"Muncy, Max",2024,1208,31.3,0.227,0.173,0.286,0.4,0.308,0.315,0.218,17,75,91.9,27.3,2265,88.7,88.93,56,167,211,0.20000000000000284,6.38,118,142,114,147,297,322,300,"4.2","-4.2","69.224323937","7.116786378"
540,668709,"Bleday, JJ",2024,2483,21.7,0.227,0.202,0.272,0.429,0.32,0.299,0.219,27,119,86.4,13.6,2207,89.2,89.42,68,253,287,0.20000000000000284,6.48,116,142,106,146,291,322,298,"2.6","-2.6","69.160798512","7.19840124"
415,663457,"Nootbaar, Lars",2024,1659,25,0.227,0.17,0.273,0.398,0.32,0.335,0.238,20,88,89.2,7.4,2182,89.1,89.45,33,170,245,0.30000000000001137,6.47,116,145,108,148,296,323,301,"-1.6","1.6","71.012565337","6.731855153"
162,686527,"Canzone, Dominic",2023,605,26.8,0.227,0.114,0.257,0.341,0.289,0.309,0.241,10,44,87.5,15.5,2255,89.1,89.38,21,88,74,0.30000000000001137,6.39,116,143,108,149,289,318,297,"4.6","-4.6",,
74,677587,"Rocchio, Brayan",2023,342,21.6,0.227,0.136,0.294,0.364,0.239,0.203,0.217,5,22,88,2.4,2299,88.7,89.05,16,46,28,0.3999999999999915,6.5,110,144,107,145,282,312,287,"1.7","-1.7",,
80,666198,"Kieboom, Carter",2023,347,23.1,0.227,0.182,0.286,0.409,0.287,0.227,0.197,5,22,81.4,14.1,2296,88.3,88.8,18,43,37,0.5,6.56,110,152,120,147,305,318,286,"1.2","-1.2",,
455,663647,"Hayes, Ke'Bryan",2022,2227,20.4,0.227,0.091,0.274,0.318,0.283,0.33,0.273,25,110,92.4,3.1,2312,88.9,89.11,42,197,258,0.19999999999998863,6.4,110,146,118,144,306,318,288,"9.1","-9.1",,
321,571718,"Goodwin, Brian",2021,1179,27.2,0.227,0.136,0.255,0.364,0.299,0.312,0.242,15,66,87,18.6,2173,88.6,88.71,33,141,180,0.10000000000000853,6.26,114,148,107,147,290,320,296,"4.8","-4.8",,
372,663728,"Raleigh, Cal",2022,1642,22.7,0.227,0.25,0.238,0.477,0.329,0.36,0.248,20,88,88.9,20.6,2167,89,88.91,59,203,169,-0.09999999999999432,6.23,114,150,111,146,292,317,293,"0.5","-0.5",,
421,642731,"Estrada, Thairo",2023,1923,21.9,0.227,0.092,0.266,0.319,0.257,0.276,0.239,27,119,81.2,6.8,2253,88.4,88.82,49,231,190,0.3999999999999915,6.5,108,146,110,143,300,318,288,"11.8","-11.8",,
581,646240,"Devers, Rafael",2024,2375,24.5,0.226,0.218,0.25,0.444,0.308,0.303,0.228,28,124,92.5,10.1,2268,90,90.24,91,307,274,0.20000000000000284,6.47,118,144,115,148,284,322,306,"6.8","-6.8","70.664783238","7.350370071"
350,606992,"Haase, Eric",2023,1118,31.3,0.226,0.048,0.286,0.274,0.251,0.296,0.245,19,84,86.8,15.3,2291,89.9,90.3,59,200,150,0.3999999999999915,6.48,109,148,117,143,297,323,288,"6","-6",,
286,641598,"Garver, Mitch",2021,1032,27.7,0.226,0.283,0.258,0.509,0.375,0.428,0.275,12,53,93.9,13.3,2212,89.3,89.4,44,124,162,0.10000000000000853,6.4,108,149,118,143,300,322,292,"-3.1","3.1",,
193,547004,"Ruiz, Rio",2020,788,24.5,0.226,0.151,0.268,0.377,0.258,0.214,0.187,12,53,84.8,4.3,2241,88.5,88.61,33,116,77,0.09999999999999432,6.32,117,145,113,144,285,318,296,"1.3","-1.3",,
141,668832,"McCann, Kyle",2024,636,22.2,0.226,0,0.467,0.226,0.267,0.218,0.137,7,31,86.4,11.7,2249,87.8,88.01,30,61,80,0.20000000000000284,6.46,123,146,114,150,289,319,298,"0.9","-0.9","70.32327","7.572913"
134,641829,"Martin, Jason",2021,608,22,0.226,0.29,0.222,0.516,0.321,0.262,0.193,7,31,88.4,13,2098,87.1,87.04,22,63,71,-0.09999999999999432,6.22,115,145,104,146,286,318,300,"0.6","-0.6",,
189,669720,"Hays, Austin",2024,845,22.4,0.226,0.17,0.286,0.396,0.271,0.279,0.237,12,53,89.4,16.1,2224,88.1,88.34,39,111,78,0.20000000000000284,6.47,107,147,114,144,303,322,288,"6.3","-6.3","70.222642233","6.993159223"
408,543257,"Grossman, Robbie",2023,1716,23.8,0.226,0.19,0.246,0.417,0.306,0.284,0.199,19,84,87.9,21.2,2272,87.8,87.61,31,161,247,-0.20000000000000284,6.24,111,141,111,143,295,324,296,"4.6","-4.6",,
522,592178,"Bryant, Kris",2021,2232,23.4,0.226,0.209,0.28,0.435,0.346,0.33,0.217,26,115,89.9,16.4,2271,88.7,88.78,71,244,278,0.09999999999999432,6.31,108,149,118,144,300,322,297,"-3.4","3.4",,
532,573262,"Yastrzemski, Mike",2022,2349,22.6,0.226,0.157,0.271,0.383,0.287,0.297,0.219,26,115,88,22.4,2276,89.5,89.76,49,233,299,0.29999999999999716,6.4,117,154,107,150,293,320,299,"4.5","-4.5",,
479,457705,"McCutchen, Andrew",2024,2163,22.1,0.226,0.172,0.281,0.398,0.339,0.323,0.202,21,93,87.7,17.3,2318,89.7,90.18,67,210,269,0.5,6.55,107,145,118,142,302,318,289,"0.2","-0.2","70.557053526","7.482578"
132,642851,"Wynns, Austin",2021,562,23.5,0.226,0.194,0.238,0.419,0.297,0.306,0.28,7,31,80.3,3,2186,88.5,88.49,19,72,60,0,6.32,106,148,113,144,298,319,285,"0.7","-0.7",,
365,656308,"Chavis, Michael",2022,1524,24,0.226,0.151,0.286,0.376,0.26,0.265,0.221,21,93,83.9,12.7,2300,88.6,88.85,65,207,158,0.20000000000000284,6.41,107,147,116,142,302,316,287,"5.7","-5.7",,
139,668670,"Rogers, Jake",2021,561,24.8,0.226,0.258,0.375,0.484,0.326,0.35,0.249,7,31,86.5,16.4,2255,89.8,90.02,33,70,69,0.20000000000000284,6.45,108,148,115,144,296,319,290,"0.7","-0.7",,
135,642180,"Wade, Tyler",2024,587,23,0.226,0.032,0.333,0.258,0.267,0.301,0.259,7,31,80.6,12.5,2197,90.5,90.72,16,59,76,0.20000000000000284,6.55,116,144,98,148,282,313,297,"2.6","-2.6","60.158378837","6.22263093"
232,518595,"d'Arnaud, Travis",2021,872,26.6,0.226,0.132,0.297,0.358,0.274,0.278,0.235,12,53,87.9,0.3,2219,89.1,89.2,28,114,118,0.10000000000000853,6.36,109,146,115,142,305,321,288,"2.4","-2.4",,
391,641658,"Hampson, Garrett",2021,1906,20.5,0.226,0.075,0.294,0.301,0.258,0.245,0.205,21,93,83.1,12,2287,88.5,88.68,52,195,196,0.20000000000000284,6.26,105,148,105,145,305,325,293,"9","-9",,
260,594807,"Duvall, Adam",2022,1220,21.3,0.226,0.21,0.262,0.435,0.319,0.313,0.219,14,62,87.7,24.5,2246,88.8,88.9,29,128,132,0.10000000000000853,6.32,109,150,119,144,304,324,297,"-0.9","0.9",,
152,640457,"Meadows, Austin",2022,590,25.8,0.226,0.097,0.233,0.323,0.32,0.375,0.291,7,31,86.8,20.7,2226,88.3,88.22,7,65,87,-0.09999999999999432,6.29,116,156,113,151,293,327,299,"-1.2","1.2",,
141,572191,"Taylor, Michael A.",2020,393,35.9,0.226,0.065,0.35,0.29,0.251,0.265,0.22,7,31,84.5,10.6,2226,87.5,87.75,20,69,72,0.29999999999999716,6.43,103,141,108,140,304,318,293,"3","-3",,
411,677587,"Rocchio, Brayan",2024,1669,24.6,0.226,0.065,0.263,0.29,0.29,0.273,0.205,21,93,78.2,6.3,2286,89.1,89.47,50,198,213,0.4000000000000057,6.5,110,143,102,144,287,315,294,"6.4","-6.4","65.888309171","6.889983481"
168,660670,"Acuña Jr., Ronald",2020,876,19.2,0.226,0.323,0.313,0.548,0.416,0.414,0.223,7,31,97.8,14.1,2235,88.9,89.35,19,58,110,0.5,6.56,107,146,116,142,308,321,292,"-2.7","2.7",,
433,657757,"Sheets, Gavin",2022,1699,25.5,0.225,0.202,0.208,0.427,0.314,0.304,0.223,20,89,89.1,11.8,2244,88.2,88.27,39,210,223,0.09999999999999432,6.29,118,158,114,149,293,324,297,"-1.1","1.1",,
149,678877,"Noel, Jhonkensy",2024,725,20.6,0.225,0.25,0.273,0.475,0.324,0.357,0.226,9,40,90.9,17.5,2228,87.8,88.28,34,82,67,0.5,6.57,107,148,118,145,297,324,291,"0.1","-0.1","75.398501875","7.92889325"
411,608348,"Kelly, Carson",2021,1473,27.9,0.225,0.212,0.233,0.438,0.343,0.354,0.231,18,80,87.7,21.5,2265,89.2,89.3,44,183,228,0.09999999999999432,6.39,109,149,117,144,304,322,291,"-1.5","1.5",,
185,663662,"Cameron, Daz",2024,715,25.9,0.225,0.125,0.258,0.35,0.274,0.306,0.231,9,40,88.5,11.2,2256,89.4,89.4,17,84,101,0,6.34,107,147,114,144,300,321,290,"5","-5","69.189374625","6.485642625"
178,455976,"Markakis, Nick",2020,550,32.4,0.225,0.15,0.273,0.375,0.302,0.331,0.293,9,40,86.9,4.7,2195,88.5,88.67,13,77,101,0.20000000000000284,6.39,112,145,111,145,287,317,301,"1.2","-1.2",,
173,670351,"Rojas, Jose",2021,732,23.6,0.225,0.175,0.269,0.4,0.319,0.349,0.239,9,40,88.9,19,2314,87.2,87.41,22,79,94,0.20000000000000284,6.5,116,156,109,149,292,319,299,"1","-1",,
187,677870,"Jiménez, Leo",2024,847,22.1,0.225,0.05,0.31,0.275,0.273,0.281,0.208,9,40,86.2,15,2223,89,89.08,30,92,95,0.09999999999999432,6.41,107,145,115,143,302,319,289,"2.3","-2.3","66.780611667","7.208057889"
310,516782,"Marte, Starling",2023,1269,24.4,0.225,0.085,0.3,0.31,0.283,0.306,0.232,16,71,85.4,0.3,2297,89.1,89.35,50,162,148,0.20000000000000284,6.46,108,147,112,144,299,320,289,"3.9","-3.9",,
183,621466,"Stewart, DJ",2024,765,23.9,0.225,0.325,0.167,0.55,0.384,0.428,0.283,9,40,91.9,20.7,2193,88.9,89.12,22,84,99,0.19999999999998863,6.43,117,143,110,148,292,322,298,"-3.9","3.9","69.782361579","7.066295921"
225,600474,"Severino, Pedro",2020,741,30.4,0.224,0.138,0.282,0.362,0.27,0.297,0.236,13,58,83.6,2.5,2211,88.3,88.5,30,107,118,0.20000000000000284,6.48,110,149,118,145,294,313,285,"2.2","-2.2",,
700,572233,"Walker, Christian",2022,2543,27.5,0.224,0.178,0.225,0.401,0.319,0.353,0.256,34,152,87.7,11.4,2309,89.6,89.59,74,304,396,0,6.39,110,150,119,144,302,326,295,"0","0",,
225,614173,"Cordero, Franchy",2022,1091,20.6,0.224,0.163,0.243,0.388,0.312,0.345,0.26,11,49,82.3,12.5,2185,88.8,88.97,34,113,112,0.20000000000000284,6.43,116,149,110,147,283,313,301,"-0.1","0.1",,
321,666160,"Moniak, Mickey",2024,1534,20.9,0.224,0.2,0.263,0.424,0.315,0.315,0.237,19,85,84.3,17.4,2319,88.4,88.54,53,188,133,0.09999999999999432,6.45,116,144,104,149,294,319,297,"-0.4","0.4","70.307353681","7.519573901"
172,693049,"Colás, Oscar",2023,934,18.4,0.224,0.061,0.289,0.286,0.23,0.233,0.212,11,49,86.1,5.7,2303,88.5,88.84,25,92,80,0.29999999999999716,6.47,115,142,109,146,290,320,301,"5.5","-5.5",,
239,656811,"O'Hearn, Ryan",2021,978,24.4,0.224,0.207,0.25,0.431,0.275,0.266,0.203,13,58,91.5,19.6,2231,89.2,89.26,41,128,111,0.09999999999999432,6.27,114,158,112,148,296,326,305,"6.4","-6.4",,
652,605137,"Bell, Josh",2023,2428,26.9,0.224,0.119,0.273,0.343,0.301,0.331,0.24,32,143,88.3,7.7,2240,88.6,88.86,75,308,344,0.30000000000001137,6.46,114,143,115,144,294,320,294,"6.4","-6.4",,
215,622761,"Mateo, Jorge",2021,822,26.2,0.224,0.061,0.289,0.286,0.275,0.302,0.244,11,49,82.8,11.8,2302,88,88.05,35,115,100,0.09999999999999432,6.41,106,146,108,142,298,319,284,"7.1","-7.1",,
328,605170,"Caratini, Victor",2022,1246,26.3,0.224,0.284,0.217,0.507,0.363,0.339,0.234,15,67,89.8,9.1,2266,89.1,88.9,30,135,193,-0.19999999999998863,6.2,115,146,111,146,293,316,292,"-6.9","6.9",,
282,657656,"Laureano, Ramón",2022,1514,18.6,0.224,0.194,0.273,0.418,0.314,0.306,0.218,15,67,87.1,14.3,2308,87.9,87.95,42,144,138,0,6.35,111,150,116,145,296,320,289,"2.5","-2.5",,
254,664040,"Lowe, Brandon",2022,1004,25.3,0.224,0.184,0.243,0.408,0.348,0.328,0.212,11,49,86.8,25.5,2232,87.6,87.42,37,122,132,-0.19999999999998863,6.27,116,156,105,144,289,323,297,"0.9","-0.9",,
414,518934,"LeMahieu, DJ",2023,2254,18.4,0.224,0.071,0.275,0.296,0.282,0.352,0.291,22,98,89.1,4.3,2297,89.1,89.34,32,176,238,0.20000000000000284,6.46,112,147,119,146,303,321,284,"4.9","-4.9",,
204,686780,"Pagés, Pedro",2024,849,24,0.224,0.102,0.303,0.327,0.253,0.256,0.195,11,49,86.3,8.7,2223,88.9,89.25,31,108,96,0.29999999999999716,6.45,105,145,117,142,305,322,291,"4","-4","69.258190673","6.673243654"
508,669743,"Call, Alex",2023,1832,27.7,0.223,0.064,0.3,0.287,0.312,0.287,0.188,21,94,79.3,12.8,2256,89,89.37,39,194,314,0.4000000000000057,6.51,107,147,109,144,300,321,290,"0.9","-0.9",,
444,672275,"Bailey, Patrick",2024,1787,24.8,0.223,0.117,0.244,0.34,0.261,0.291,0.235,23,103,87,11.8,2197,89.2,89.54,46,229,215,0.29999999999999716,6.45,114,142,110,145,291,316,299,"10.5","-10.5","69.288105346","7.157049309"
425,681624,"Pages, Andy",2024,1719,24.7,0.223,0.16,0.295,0.383,0.289,0.319,0.228,21,94,90.4,21.4,2226,89.4,89.73,64,215,210,0.29999999999999716,6.42,110,147,118,143,298,320,293,"7.2","-7.2","71.557149952","7.585025167"
416,545341,"Grichuk, Randal",2023,1721,24.2,0.223,0.058,0.277,0.282,0.249,0.277,0.24,23,103,86.7,10.4,2269,90.4,90.85,57,219,197,0.5,6.51,110,149,118,145,303,325,295,"8.8","-8.8",,
173,519346,"Thames, Eric",2020,580,29.8,0.222,0.056,0.364,0.278,0.253,0.218,0.177,8,36,86.8,9.1,2171,88,88.45,32,90,83,0.4000000000000057,6.51,116,156,116,148,293,320,301,"4.7","-4.7",,
71,425784,"Rivera, René",2021,286,24.8,0.222,0.056,0.4,0.278,0.215,0.127,0.118,4,18,78.3,6.2,2206,88.9,89.05,18,40,31,0.09999999999999432,6.27,108,149,116,147,299,318,290,"1.7","-1.7",,
40,592836,"Walker, Taijuan",2021,192,20.8,0.222,0,0.5,0.222,0.245,0.203,0.154,2,9,85.6,-15.6,2270,88.2,88.22,9,20,20,0,6.37,103,144,109,144,288,301,270,"2.7","-2.7",,
61,656896,"Rivera, Emmanuel",2021,370,16.5,0.222,0.111,0.286,0.333,0.236,0.281,0.272,4,18,92.8,14.8,2219,86.5,86.53,10,31,30,0,6.25,110,150,116,146,297,320,290,"1.9","-1.9",,
42,668721,"Henry, Payton",2022,133,31.6,0.222,0,0.286,0.222,0.246,0.294,0.267,2,9,76,-12.9,2194,89.8,90.4,8,26,16,0.6000000000000085,6.76,106,149,116,144,300,317,283,"1.6","-1.6",,
192,665506,"Pache, Cristian",2022,918,20.9,0.222,0.019,0.293,0.241,0.229,0.286,0.273,12,54,87.2,-6.2,2299,87.9,88.07,30,104,88,0.19999999999998863,6.42,104,150,109,145,296,318,289,"3.9","-3.9",,
413,668930,"Turang, Brice",2023,1795,23,0.222,0.141,0.273,0.364,0.261,0.262,0.225,22,99,79.2,11.1,2239,89.9,90.05,53,223,190,0.19999999999998863,6.41,113,143,105,147,285,316,294,"7.8","-7.8",,
43,663837,"Vierling, Matt",2021,300,14.3,0.222,0,0.25,0.222,0.223,0.168,0.133,2,9,80.9,8.6,2301,88.4,87.98,4,18,25,-0.4000000000000057,6.14,111,144,112,146,298,319,284,"1.7","-1.7",,
69,600301,"Motter, Taylor",2023,324,21.3,0.222,0.056,0.333,0.278,0.264,0.254,0.205,4,18,83.1,13.4,2244,87.7,87.91,6,30,39,0.20000000000000284,6.34,109,148,118,145,304,321,294,"2","-2",,
120,467827,"Parra, Gerardo",2021,415,28.9,0.222,0.148,0.313,0.37,0.299,0.265,0.199,6,27,82.5,15.1,2272,90.3,90.59,19,62,58,0.29999999999999716,6.46,114,146,107,147,287,313,301,"2.8","-2.8",,
61,461865,"Romine, Andrew",2021,265,23,0.222,0.222,0.25,0.444,0.278,0.217,0.222,4,18,79.2,-0.4,2182,88.2,88.38,5,33,28,0.20000000000000284,6.33,109,149,106,147,294,316,291,"1.6","-1.6",,
54,621500,"Mathisen, Wyatt",2020,153,35.3,0.222,0.333,0.25,0.556,0.413,0.334,0.175,2,9,94.3,30.4,2235,89.6,89.39,7,25,29,-0.19999999999998863,6.27,113,151,120,144,296,316,289,"-1.2","1.2",,
175,620443,"Torrens, Luis",2022,677,25.8,0.222,0.028,0.348,0.25,0.273,0.322,0.228,8,36,90.5,3.3,2289,88,88.2,21,82,93,0.20000000000000284,6.45,110,148,117,145,297,318,287,"0.8","-0.8",,
30,518568,"Colón, Christian",2020,82,36.6,0.222,0,0.25,0.222,0.196,0.152,0.162,2,9,75.7,-8.5,2246,89,89.53,0,18,12,0.5,6.52,107,150,114,142,293,316,277,"1.8","-1.8",,
111,666160,"Moniak, Mickey",2022,412,26.9,0.222,0.037,0.353,0.259,0.227,0.168,0.141,6,27,81.4,20.9,2375,87.8,87.62,20,67,44,-0.20000000000000284,6.22,116,150,106,148,287,319,294,"4.5","-4.5",,
49,519306,"Souza Jr., Steven",2020,141,34.8,0.222,0.222,0.4,0.444,0.318,0.319,0.218,2,9,91.9,22.6,2380,85.1,85.39,10,23,26,0.30000000000001137,6.35,106,149,115,142,297,323,294,"0.6","-0.6",,
186,641857,"McMahon, Ryan",2020,841,22.1,0.222,0.25,0.25,0.472,0.347,0.329,0.196,8,36,92.6,17.8,2324,88.8,88.97,28,85,101,0.20000000000000284,6.18,110,153,114,151,298,328,307,"-2","2",,
293,545358,"Stassi, Max",2021,1270,23.1,0.222,0.206,0.25,0.429,0.332,0.353,0.237,14,63,87.8,13.3,2250,88.6,88.8,39,131,162,0.20000000000000284,6.47,108,149,118,144,303,319,291,"2.9","-2.9",,
76,607468,"Blandino, Alex",2021,357,21.3,0.222,0.111,0.333,0.333,0.283,0.23,0.177,4,18,81.3,2.8,2414,90.3,90.32,5,24,52,0,6.21,107,148,114,143,299,320,286,"1.2","-1.2",,
389,595281,"Kiermaier, Kevin",2023,1508,25.8,0.222,0.144,0.254,0.367,0.29,0.306,0.252,20,90,84.6,9,2222,89,89.27,58,199,190,0.29999999999999716,6.49,111,139,101,144,285,318,296,"7.5","-7.5",,
47,606988,"Greiner, Grayson",2020,216,21.8,0.222,0.111,0.5,0.333,0.32,0.269,0.164,2,9,85.3,23.3,2470,85.6,85.87,6,20,27,0.30000000000001137,6.5,106,138,111,135,301,316,294,"0","0",,
99,594838,"Gosselin, Phil",2020,418,23.7,0.222,0.056,0.308,0.278,0.285,0.27,0.199,4,18,84.7,11.1,2177,87.1,87.11,12,42,57,0,6.27,109,150,116,147,302,317,282,"0.7","-0.7",,
52,679881,"Martínez, J.P.",2023,173,30.1,0.222,0,0.286,0.222,0.205,0.211,0.154,2,9,83.4,11,2169,89.6,89.92,9,25,27,0.30000000000001137,6.48,100,143,97,145,296,325,299,"2.7","-2.7",,
162,596056,"Nogowski, John",2021,569,28.5,0.222,0.083,0.25,0.306,0.266,0.253,0.22,8,36,87.7,15,2212,88.9,89.16,5,62,100,0.29999999999999716,6.39,108,145,116,140,302,317,285,"1.4","-1.4",,
47,665877,"Fermín, José",2023,219,21.5,0.222,0.111,0.286,0.333,0.378,0.345,0.189,2,9,76.9,14.3,2411,91.2,92.05,3,17,30,0.8999999999999915,6.83,110,150,117,149,301,318,291,"-1.1","1.1",,
282,543228,"Gomes, Yan",2022,1006,28,0.222,0.153,0.233,0.375,0.259,0.239,0.216,16,72,84.5,7,2295,89,89.27,28,147,135,0.29999999999999716,6.5,110,149,118,145,299,317,288,"7.5","-7.5",,
180,673451,"Akiyama, Shogo",2021,757,23.8,0.222,0.083,0.296,0.306,0.277,0.311,0.247,8,36,84.7,0.9,2254,89.5,89.65,21,86,94,0.09999999999999432,6.34,118,145,109,146,284,315,299,"2.4","-2.4",,
29,621512,"Nido, Tomás",2020,91,31.9,0.222,0.667,0,0.889,0.466,0.446,0.278,2,9,89.6,-4.7,2236,88.2,88.39,6,16,13,0.20000000000000284,6.33,98,140,113,142,310,321,283,"-1.2","1.2",,
21,622168,"Muñoz, Yairo",2020,152,13.8,0.222,0.444,0.143,0.667,0.357,0.279,0.226,2,9,87,7.5,2192,89.2,89.16,4,14,7,0,6.53,102,142,113,141,283,310,287,"-0.6","0.6",,
105,683021,"Stefanic, Michael",2024,482,21.8,0.222,0.074,0.3,0.296,0.256,0.205,0.162,6,27,80.2,14.7,2265,90,90.14,7,48,57,0.09999999999999432,6.42,109,148,114,146,301,313,284,"1.2","-1.2","57.967656522","6.048591739"
319,621028,"Newman, Kevin",2024,1070,29.8,0.222,0.062,0.258,0.284,0.251,0.258,0.23,18,81,82.4,14.5,2254,88.9,89.35,29,153,166,0.5,6.54,108,146,113,144,301,318,287,"5.9","-5.9","65.105490132","6.526035232"
31,672580,"Garcia, Maikel",2022,93,33.3,0.222,0.111,0.286,0.333,0.238,0.256,0.268,2,9,88.3,5.6,2377,89.9,89.9,2,13,18,0,6.29,104,139,109,139,291,312,279,"1.1","-1.1",,
135,663897,"Williams, Luke",2021,413,32.7,0.222,0.037,0.353,0.259,0.271,0.225,0.164,6,27,83.4,5.9,2242,89.3,89.68,12,56,79,0.4000000000000057,6.48,106,147,109,143,298,316,284,"3.6","-3.6",,
427,668939,"Rutschman, Adley",2022,2009,21.3,0.222,0.198,0.242,0.42,0.352,0.362,0.23,18,81,88.4,16.3,2141,88.3,88.27,33,176,251,0,6.33,115,152,111,146,293,321,295,"1.1","-1.1",,
214,624431,"Trevino, Jose",2024,896,23.9,0.222,0.089,0.265,0.311,0.289,0.287,0.21,10,45,84.6,5.8,2331,89,89.2,20,91,123,0.20000000000000284,6.51,106,145,112,142,295,316,282,"2.8","-2.8","66.210891807","6.834535181"
260,519048,"Moreland, Mitch",2021,986,26.4,0.222,0.074,0.256,0.296,0.25,0.281,0.241,12,54,91.6,13.1,2296,89.1,89.16,33,120,140,0.10000000000000853,6.32,114,154,111,146,293,321,302,"6.4","-6.4",,
46,642197,"Westbrook, Jamie",2024,200,23,0.222,0.444,0.125,0.667,0.36,0.454,0.263,2,9,94.8,32.9,2413,89.5,89.53,4,19,27,0,6.28,107,146,115,142,288,314,288,"-2.4","2.4","67.840318235","7.444069412"
154,593643,"Alberto, Hanser",2020,760,20.3,0.222,0.111,0.25,0.333,0.245,0.281,0.284,10,45,81.6,17,2164,88,88.31,21,99,55,0.29999999999999716,6.4,105,143,108,140,290,315,280,"4.2","-4.2",,
154,605170,"Caratini, Victor",2023,805,19.1,0.222,0.083,0.233,0.306,0.284,0.318,0.274,8,36,89.3,12.8,2251,88,88.36,14,64,90,0.4000000000000057,6.45,110,142,113,145,293,317,291,"-0.3","0.3",,
213,622761,"Mateo, Jorge",2024,820,26,0.222,0.2,0.216,0.422,0.297,0.317,0.238,10,45,79.6,8.1,2355,87.1,87.24,28,123,90,0.10000000000000853,6.39,103,141,106,140,302,322,286,"0.1","-0.1","67.879897458","7.464266271"
364,669242,"Edman, Tommy",2023,1809,20.1,0.222,0.202,0.228,0.424,0.283,0.288,0.253,22,99,88.1,9.1,2253,89.3,89.52,36,178,186,0.20000000000000284,6.38,114,146,109,147,296,321,298,"1.7","-1.7",,
542,493329,"Gurriel, Yuli",2022,2116,25.6,0.221,0.061,0.25,0.282,0.247,0.231,0.205,29,131,86.4,12.3,2252,89.1,89.01,37,264,278,-0.09999999999999432,6.37,108,147,117,145,295,323,289,"15.1","-15.1",,
383,666163,"Rortvedt, Ben",2024,1357,28.2,0.221,0.14,0.286,0.36,0.299,0.276,0.2,19,86,89,14.6,2277,89.4,89.49,50,173,210,0.09999999999999432,6.44,115,143,106,145,286,321,296,"2.5","-2.5","67.100346933","6.801015767"
271,543685,"Rendon, Anthony",2021,948,28.6,0.221,0.147,0.25,0.368,0.287,0.28,0.221,15,68,89.4,24.5,2231,88.8,88.91,26,139,132,0.10000000000000853,6.44,111,148,119,144,304,322,296,"1.7","-1.7",,
316,628450,"Hernandez, Yadiel",2021,1155,27.4,0.221,0.059,0.286,0.279,0.248,0.254,0.202,15,68,90.6,6.7,2299,88.7,88.9,54,166,150,0.20000000000000284,6.36,114,148,109,149,293,319,302,"10.6","-10.6",,
470,462101,"Andrus, Elvis",2021,2053,22.9,0.221,0.035,0.248,0.257,0.236,0.329,0.295,25,113,86.3,9.2,2259,88.8,88.97,49,253,217,0.20000000000000284,6.38,107,148,113,145,298,316,286,"10.4","-10.4",,
322,628338,"Heredia, Guillermo",2021,1344,24,0.221,0.132,0.275,0.353,0.322,0.295,0.19,15,68,86.9,8.7,2278,88.3,88.59,41,153,169,0.29999999999999716,6.45,108,146,111,143,304,319,283,"-2.9","2.9",,
443,643217,"Benintendi, Andrew",2024,1995,22.2,0.221,0.195,0.23,0.416,0.287,0.292,0.236,25,113,87.3,15.6,2239,89,89.37,57,236,207,0.4000000000000057,6.48,114,144,106,148,285,317,298,"6.6","-6.6","64.724941948","6.482874589"
165,641313,"Anderson, Tim",2020,786,21,0.22,0.073,0.3,0.293,0.267,0.29,0.228,9,41,81.5,4.6,2294,86.6,86.64,36,93,72,0,6.31,104,147,112,143,298,323,285,"5.1","-5.1",,
354,642086,"Smith, Dominic",2024,1211,29.2,0.22,0.134,0.279,0.354,0.297,0.308,0.219,18,82,89.7,15.1,2254,89.7,89.96,38,158,196,0.29999999999999716,6.45,115,143,113,149,280,318,301,"5.2","-5.2","66.850423464","6.92438"
235,543807,"Springer, George",2021,1328,17.7,0.22,0.203,0.227,0.424,0.337,0.328,0.197,13,59,85.5,23.5,2195,88.7,88.84,32,112,123,0.09999999999999432,6.33,110,150,118,145,299,324,293,"-1.9","1.9",,
392,643524,"Schwindel, Frank",2022,1138,34.4,0.22,0.061,0.273,0.28,0.271,0.296,0.223,18,82,87.8,9.5,2295,89.1,89.35,52,218,174,0.20000000000000284,6.44,109,150,119,145,299,321,295,"4.7","-4.7",,
264,608841,"Meneses, Joey",2022,938,28.1,0.22,0.153,0.275,0.373,0.274,0.246,0.191,13,59,89.6,2.7,2256,89.5,89.74,39,131,133,0.20000000000000284,6.39,111,149,119,147,302,320,290,"5.6","-5.6",,
225,543760,"Semien, Marcus",2020,984,22.9,0.22,0.3,0.184,0.52,0.345,0.31,0.213,11,50,88.3,21.3,2323,87.2,87.13,20,96,129,-0.10000000000000853,6.2,109,148,115,143,298,321,289,"0.9","-0.9",,
307,683146,"Baty, Brett",2023,1510,20.3,0.22,0.024,0.316,0.244,0.228,0.239,0.205,18,82,85.8,7.5,2282,89.5,89.74,45,143,164,0.20000000000000284,6.49,119,145,113,148,293,323,299,"8.5","-8.5",,
167,669701,"Smith, Josh",2022,1048,15.9,0.22,0.098,0.222,0.317,0.247,0.303,0.267,9,41,85.6,19.4,2287,89.3,89.22,20,77,90,-0.09999999999999432,6.26,115,147,101,148,287,317,298,"3.6","-3.6",,
279,645801,"Ford, Mike",2023,1032,27,0.22,0.119,0.297,0.339,0.308,0.289,0.189,13,59,85.2,22.2,2269,88.1,88.44,44,123,156,0.30000000000001137,6.49,117,142,114,149,294,325,295,"3.4","-3.4",,
610,650489,"Castro, Willi",2024,2509,24.3,0.22,0.159,0.267,0.379,0.313,0.335,0.233,29,132,83.9,10.6,2253,89.1,89.42,87,310,300,0.30000000000001137,6.5,113,142,106,145,291,320,295,"-1.4","1.4","68.22344931","6.969023345"
624,641857,"McMahon, Ryan",2022,2559,24.4,0.22,0.157,0.275,0.378,0.315,0.342,0.246,28,127,91.7,11.5,2203,89.2,89.49,91,303,321,0.29999999999999716,6.31,117,154,113,151,296,326,309,"0","0",,
187,668804,"Reynolds, Bryan",2020,863,21.7,0.22,0.146,0.32,0.366,0.286,0.264,0.187,9,41,84.4,0.7,2274,87,87.34,25,84,103,0.29999999999999716,6.44,115,150,110,148,294,317,293,"2.7","-2.7",,
356,573131,"Ruf, Darin",2021,1377,25.9,0.22,0.159,0.294,0.378,0.283,0.298,0.232,18,82,91.5,11.6,2315,88.9,89.02,50,153,203,0.09999999999999432,6.36,108,148,118,143,304,322,293,"2.3","-2.3",,
394,650859,"Rengifo, Luis",2022,1818,21.7,0.22,0.093,0.238,0.314,0.253,0.276,0.238,26,118,83.3,6.9,2227,87.8,87.64,49,230,164,-0.20000000000000284,6.27,113,146,106,146,294,317,296,"9.8","-9.8",,
561,683737,"Busch, Michael",2024,2365,23.7,0.22,0.102,0.296,0.322,0.288,0.307,0.207,26,118,86.9,15.9,2245,89.3,89.59,70,258,303,0.29999999999999716,6.46,115,142,111,146,292,319,300,"6.7","-6.7","67.54223004","7.097589639"
115,642180,"Wade, Tyler",2022,628,18.3,0.219,0.031,0.28,0.25,0.22,0.246,0.216,7,32,75.8,2.4,2108,90.3,90.51,9,66,49,0.20000000000000284,6.5,108,144,98,147,287,316,295,"5.6","-5.6",,
435,543510,"McCann, James",2021,1623,26.8,0.219,0.135,0.288,0.354,0.281,0.301,0.212,21,96,85.3,7.1,2255,89.2,89.26,67,224,211,0.09999999999999432,6.4,108,147,116,142,301,320,286,"8.6","-8.6",,
242,694388,"Loperfido, Joey",2024,1003,24.1,0.219,0.172,0.308,0.391,0.281,0.234,0.189,14,64,87.1,11.4,2279,90,89.99,58,135,107,0,6.38,114,142,107,146,289,322,298,"6.5","-6.5","70.95300015","7.64520797"
138,657077,"Verdugo, Alex",2020,923,15,0.219,0.063,0.25,0.281,0.273,0.302,0.215,7,32,85.6,7.3,2140,88.7,88.81,11,56,82,0.09999999999999432,6.35,117,147,113,148,286,319,299,"0.1","-0.1",,
308,592325,"Gamel, Ben",2021,1600,19.3,0.219,0.055,0.273,0.274,0.254,0.301,0.238,16,73,84.2,7.4,2162,88.3,88.49,47,158,150,0.20000000000000284,6.3,116,146,106,146,290,316,294,"4.4","-4.4",,
312,665839,"Valdez, Enmanuel",2024,919,33.9,0.219,0.234,0.239,0.453,0.305,0.264,0.177,14,64,88.6,22.1,2234,89,89.17,35,145,167,0.20000000000000284,6.41,112,142,107,146,282,317,301,"1.8","-1.8","68.426135","7.428517734"
110,621439,"Buxton, Byron",2020,443,24.8,0.219,0.188,0.185,0.406,0.259,0.315,0.276,7,32,89.8,22.6,2360,90.2,90.39,17,68,42,0.20000000000000284,6.31,107,147,110,142,298,324,295,"0.8","-0.8",,
564,663697,"India, Jonathan",2023,2205,25.6,0.219,0.079,0.242,0.298,0.286,0.345,0.251,25,114,89.6,13.1,2225,89.2,89.63,47,222,342,0.3999999999999915,6.51,109,146,115,143,298,320,291,"10.3","-10.3",,
165,663616,"Larnach, Trevor",2022,724,22.8,0.219,0.125,0.412,0.344,0.286,0.319,0.2,7,32,85.8,12,2200,88.7,88.86,29,65,100,0.20000000000000284,6.4,115,154,108,147,290,325,300,"3.5","-3.5",,
141,502481,"Dyson, Jarrod",2021,560,25.2,0.219,0.063,0.28,0.281,0.249,0.238,0.205,7,32,75,5.4,2240,91.2,91.34,20,75,66,0.09999999999999432,6.35,106,141,96,143,283,313,299,"1.7","-1.7",,
145,593934,"Sanó, Miguel",2020,869,16.7,0.219,0.344,0.286,0.563,0.351,0.335,0.227,7,32,98.7,7.9,2328,88.8,88.95,29,71,74,0.20000000000000284,6.27,106,150,118,144,302,329,302,"2.1","-2.1",,
296,596059,"Odor, Rougned",2021,1343,22,0.219,0.068,0.313,0.288,0.266,0.224,0.163,16,73,84.9,21.3,2223,88.7,88.71,48,167,129,0,6.31,114,158,105,147,295,325,296,"5.8","-5.8",,
134,609275,"Mondesi, Adalberto",2021,543,24.7,0.219,0.313,0.235,0.531,0.321,0.301,0.221,7,32,79.3,2.1,2093,87.2,87.03,24,83,51,-0.20000000000000284,6.12,107,147,101,146,299,326,301,"2.4","-2.4",,
476,657041,"Thomas, Lane",2022,2204,21.6,0.218,0.092,0.275,0.311,0.251,0.278,0.226,26,119,85.4,10.5,2214,89.1,89.19,52,231,245,0.10000000000000853,6.42,108,148,116,145,304,318,288,"11.5","-11.5",,
489,543807,"Springer, George",2024,2304,21.2,0.218,0.21,0.211,0.429,0.329,0.351,0.252,26,119,86.6,14.5,2318,89.3,89.5,64,244,245,0.20000000000000284,6.44,109,147,118,145,297,322,288,"2.6","-2.6","68.730741316","7.333616316"
634,662139,"Varsho, Daulton",2023,2313,27.4,0.218,0.136,0.277,0.354,0.282,0.291,0.224,32,147,86,15.3,2254,89.5,89.61,88,332,302,0.09999999999999432,6.45,116,143,104,148,290,321,295,"9.7","-9.7",,
331,660821,"Sánchez, Jesús",2022,1391,23.8,0.218,0.115,0.302,0.333,0.275,0.243,0.194,17,78,89.3,12.7,2278,89.6,89.47,49,159,172,-0.09999999999999432,6.34,116,147,110,148,290,321,300,"8.6","-8.6",,
739,502110,"Martinez, J.D.",2022,2389,30.9,0.218,0.135,0.273,0.353,0.29,0.31,0.221,34,156,86.2,11.1,2269,88.9,88.9,128,378,361,0,6.29,111,148,119,145,294,324,297,"11.4","-11.4",,
201,650391,"Jiménez, Eloy",2021,793,25.3,0.218,0.273,0.222,0.491,0.315,0.283,0.212,12,55,90.9,7.9,2215,86.9,86.92,42,113,88,0,6.28,107,149,118,144,305,327,297,"-3.3","3.3",,
102,666464,"Encarnacion, Jerar",2022,339,30.1,0.217,0.261,0.267,0.478,0.281,0.288,0.237,5,23,90.9,5.9,2270,89.7,89.88,23,53,49,0.20000000000000284,6.52,108,147,117,143,302,320,288,"0.8","-0.8",,
118,658668,"Olivares, Edward",2021,460,25.7,0.217,0.13,0.235,0.348,0.283,0.243,0.199,5,23,85.2,-0.3,2176,88.3,88.42,19,55,63,0.10000000000000853,6.34,107,145,107,145,300,322,296,"2.8","-2.8",,
97,542255,"Inciarte, Ender",2021,352,27.6,0.217,0.174,0.235,0.391,0.28,0.175,0.132,5,23,82.2,21.2,2267,88.2,88,13,54,43,-0.20000000000000284,6.23,112,143,104,142,282,310,293,"3.6","-3.6",,
691,656305,"Chapman, Matt",2023,2451,28.2,0.217,0.084,0.312,0.301,0.283,0.319,0.214,31,143,89.7,14.2,2296,90,90.2,101,309,382,0.20000000000000284,6.47,109,148,119,145,299,324,294,"11.9","-11.9",,
106,643418,"Long Jr., Shed",2020,498,21.3,0.217,0.087,0.357,0.304,0.261,0.237,0.171,5,23,86.5,6.3,2240,88,87.9,21,52,54,-0.09999999999999432,6.2,115,144,105,143,285,313,298,"2.7","-2.7",,
84,592261,"DeShields, Delino",2020,448,18.8,0.217,0.043,0.333,0.261,0.247,0.247,0.203,5,23,76.1,-5.2,2388,88,88.21,16,41,43,0.20000000000000284,6.37,101,145,101,142,292,313,279,"2.4","-2.4",,
374,660162,"Moncada, Yoán",2023,1390,26.9,0.217,0.133,0.314,0.349,0.278,0.267,0.203,18,83,88.8,10.5,2167,88.3,88.55,55,177,197,0.20000000000000284,6.44,115,145,112,147,293,321,297,"4.3","-4.3",,
382,676694,"Meyers, Jake",2023,1325,28.8,0.217,0.217,0.245,0.434,0.31,0.254,0.173,18,83,83.1,13.9,2277,88.7,88.75,53,179,203,0.09999999999999432,6.41,109,147,115,144,295,323,285,"4.9","-4.9",,
220,670770,"Friedl, TJ",2022,996,22.1,0.217,0.217,0.205,0.435,0.289,0.236,0.179,10,46,82.4,18.4,2172,89.4,89.48,26,108,111,0.09999999999999432,6.34,112,140,97,143,282,313,291,"3.7","-3.7",,
98,663609,"Baker, Luken",2023,448,21.9,0.217,0.261,0.333,0.478,0.305,0.261,0.218,5,23,93,23.6,2268,87.7,88.1,17,44,54,0.3999999999999915,6.59,109,146,120,145,302,323,298,"1.4","-1.4",,
372,657136,"Wong, Connor",2023,1541,24.1,0.217,0.13,0.327,0.348,0.266,0.225,0.173,20,92,86.3,12.9,2317,89.2,89.47,75,203,169,0.29999999999999716,6.5,107,145,112,142,288,318,289,"9","-9",,
105,520471,"Galvis, Freddy",2020,618,17,0.217,0,0.294,0.217,0.325,0.358,0.232,5,23,84.6,6.8,2383,87.7,87.9,13,40,65,0.20000000000000284,6.31,113,151,106,148,289,319,296,"0.3","-0.3",,
83,647304,"Naylor, Josh",2020,380,21.8,0.217,0,0.25,0.217,0.213,0.277,0.271,5,23,80.2,20.2,2178,88.3,88.34,5,40,43,0,6.24,120,153,110,149,293,323,306,"3.8","-3.8",,
96,543510,"McCann, James",2020,451,21.3,0.217,0.087,0.385,0.304,0.224,0.253,0.21,5,23,95.2,15.2,2241,88.1,88.01,18,52,44,-0.09999999999999432,6.19,101,147,115,143,298,321,287,"3.6","-3.6",,
181,628451,"Ibáñez, Andy",2021,929,19.5,0.217,0.174,0.211,0.391,0.3,0.3,0.205,10,46,85.8,14.4,2178,89.4,89.36,15,94,87,0,6.24,108,145,114,142,295,321,288,"1.4","-1.4",,
113,687231,"Hernaiz, Darell",2024,510,22.2,0.217,0.043,0.25,0.261,0.289,0.332,0.227,5,23,87.4,-0.6,2214,87.6,87.76,10,43,70,0.20000000000000284,6.42,107,143,111,141,298,316,286,"-3.3","3.3","66.26198075","7.00712475"
442,624424,"Conforto, Michael",2024,1965,22.5,0.217,0.141,0.246,0.359,0.292,0.324,0.236,20,92,89.9,14.1,2232,88.7,89.1,43,194,248,0.3999999999999915,6.48,116,143,113,147,292,319,304,"-1.5","1.5","71.531039477","7.227606628"
700,467793,"Santana, Carlos",2021,2706,25.9,0.217,0.119,0.243,0.336,0.287,0.301,0.216,31,143,89.4,11.5,2182,88.1,87.96,69,304,396,-0.09999999999999432,6.15,113,155,112,145,301,326,303,"8.9","-8.9",,
192,608336,"Gallo, Joey",2020,956,20.1,0.216,0.243,0.261,0.459,0.347,0.342,0.21,8,37,88.9,27.3,2301,87.7,87.44,32,88,104,-0.29999999999999716,6.11,122,160,114,149,306,329,304,"-1.3","1.3",,
156,595909,"Cave, Jake",2021,719,21.7,0.216,0.108,0.292,0.324,0.275,0.317,0.264,8,37,85.3,9.1,2150,89.2,89.24,21,74,82,0,6.32,115,147,108,145,283,319,298,"-0.2","0.2",,
162,543510,"McCann, James",2022,713,22.7,0.216,0.189,0.24,0.405,0.312,0.354,0.245,8,37,89.3,16.9,2301,88.7,88.59,31,84,78,-0.10000000000000853,6.35,106,150,116,145,299,318,288,"0.9","-0.9",,
319,673490,"Kim, Ha-Seong",2021,1183,27,0.216,0.122,0.273,0.338,0.249,0.257,0.22,16,74,83.6,9.8,2275,89.2,89.23,35,166,153,0,6.38,108,149,116,144,297,320,290,"5.6","-5.6",,
251,571745,"Haniger, Mitch",2023,925,27.1,0.216,0.176,0.303,0.392,0.303,0.314,0.232,11,51,89.4,18.5,2232,88.2,88.75,34,118,133,0.5999999999999943,6.52,113,149,119,144,303,322,296,"3.9","-3.9",,
509,641531,"Dozier, Hunter",2021,2076,24.5,0.216,0.189,0.241,0.405,0.315,0.337,0.224,24,111,89.4,19.7,2268,87.9,88.03,74,250,259,0.09999999999999432,6.28,108,147,117,144,303,324,298,"8.6","-8.6",,
732,656941,"Schwarber, Kyle",2023,3068,23.9,0.216,0.338,0.2,0.554,0.377,0.367,0.213,30,139,93.4,19.6,2222,88.8,88.97,87,286,446,0.20000000000000284,6.4,119,145,113,148,294,325,298,"-8.9","8.9",,
338,572138,"Singleton, Jon",2024,1626,20.8,0.216,0.189,0.231,0.405,0.308,0.342,0.253,16,74,87.7,11,2211,88.2,88.3,47,142,196,0.09999999999999432,6.45,117,143,112,147,290,325,295,"4.6","-4.6","70.2746","7.137179424"
142,622682,"Reyes, Victor",2020,810,17.5,0.216,0.027,0.276,0.243,0.238,0.397,0.35,8,37,91.3,13.9,2217,87.2,87.62,22,89,53,0.3999999999999915,6.5,113,150,109,147,293,322,293,"0.2","-0.2",,
320,624641,"Sosa, Edmundo",2023,1126,28.4,0.216,0.095,0.288,0.311,0.265,0.271,0.214,16,74,83.3,11.1,2264,89.4,89.47,58,200,120,0.09999999999999432,6.37,108,146,115,144,296,318,285,"7.4","-7.4",,
342,656896,"Rivera, Emmanuel",2022,1324,25.8,0.215,0.19,0.313,0.405,0.308,0.285,0.199,17,79,92.3,3.7,2267,88.7,88.77,52,169,173,0.09999999999999432,6.31,109,148,117,143,305,325,295,"0.3","-0.3",,
302,687263,"Neto, Zach",2023,1288,23.4,0.215,0.123,0.289,0.338,0.282,0.278,0.204,14,65,85.4,14.4,2263,89.3,89.58,49,165,137,0.29999999999999716,6.52,107,146,111,140,301,320,289,"6.8","-6.8",,
366,602104,"Urías, Ramón",2022,1645,22.2,0.215,0.075,0.25,0.29,0.239,0.234,0.192,20,93,83.8,8.9,2272,89.3,89.32,57,195,171,0,6.39,108,147,114,145,302,320,287,"12.1","-12.1",,
466,665750,"Taveras, Leody",2024,2008,23.2,0.214,0.116,0.239,0.33,0.269,0.283,0.21,24,112,86.5,19.4,2249,88.9,88.87,63,242,224,0,6.38,111,142,105,145,293,322,297,"6.7","-6.7","68.130153272","7.317783318"
46,596117,"Stubbs, Garrett",2021,114,40.4,0.214,0.143,0.25,0.357,0.27,0.235,0.203,3,14,76,2.4,2240,89.2,89.24,4,26,20,0,6.33,114,151,106,149,282,318,298,"2.2","-2.2",,
307,621566,"Olson, Matt",2020,1002,30.6,0.214,0.3,0.25,0.514,0.348,0.342,0.207,15,70,92.5,19,2258,88.9,88.8,52,138,169,-0.10000000000000853,6.17,118,158,113,148,298,324,299,"-4","4",,
72,641929,"Odom, Joseph",2020,195,36.9,0.214,0,0.429,0.214,0.223,0.162,0.123,3,14,81.2,19.3,2310,89.9,89.44,10,30,42,-0.5,6.09,111,149,118,146,300,321,293,"1.9","-1.9",,
137,666915,"Dalbec, Bobby",2020,381,36,0.214,0.179,0.417,0.393,0.332,0.207,0.098,6,28,84.7,12.1,2316,89,89.11,31,68,69,0.09999999999999432,6.41,104,147,116,143,297,322,297,"1","-1",,
57,701305,"Dezenzo, Zach",2024,245,23.3,0.214,0.071,0.333,0.286,0.247,0.302,0.227,3,14,84.7,16,2228,84.7,85.09,12,28,29,0.3999999999999915,6.5,109,147,119,143,296,319,296,"-1.9","1.9","72.06364","7.055165357"
111,693304,"Gonzales, Nick",2023,498,22.3,0.214,0.286,0.217,0.5,0.301,0.285,0.205,6,28,83.7,3.8,2270,89.9,90.43,23,65,46,0.5,6.6,108,145,114,143,302,317,284,"1.8","-1.8",,
152,624428,"Frazier, Adam",2020,885,17.2,0.214,0.119,0.242,0.333,0.273,0.28,0.226,9,42,85.1,14.2,2248,87.9,88.14,12,71,81,0.19999999999998863,6.39,112,146,102,148,284,310,292,"1.7","-1.7",,
60,670712,"Brosseau, Mike",2023,299,20.1,0.214,0.071,0.375,0.286,0.247,0.197,0.166,3,14,75.6,5.7,2306,88.7,89.28,11,31,29,0.5999999999999943,6.56,107,148,120,145,296,315,288,"1.2","-1.2",,
154,405395,"Pujols, Albert",2020,622,24.8,0.214,0.19,0.219,0.405,0.262,0.278,0.224,9,42,85.9,19.5,2291,88.2,87.84,20,83,71,-0.4000000000000057,6.07,109,152,123,149,306,324,294,"0.8","-0.8",,
56,609275,"Mondesi, Adalberto",2022,215,26,0.214,0,0.333,0.214,0.252,0.235,0.181,3,14,68.8,-13.2,2164,86.7,86.93,11,27,29,0.20000000000000284,6.41,105,138,95,142,289,315,298,"2.7","-2.7",,
44,519222,"Romine, Austin",2021,212,20.8,0.214,0.143,0.3,0.357,0.24,0.141,0.139,3,14,81.4,19.2,2182,87.8,88.01,8,24,20,0.20000000000000284,6.37,114,147,118,143,295,320,290,"0.8","-0.8",,
106,501303,"Adrianza, Ehire",2022,422,25.1,0.214,0.036,0.231,0.25,0.242,0.321,0.292,6,28,82.7,11.6,2223,90,90.11,9,55,51,0.09999999999999432,6.4,118,148,107,149,291,313,298,"5.1","-5.1",,
628,641857,"McMahon, Ryan",2023,2742,22.9,0.214,0.198,0.262,0.412,0.305,0.325,0.236,28,131,87.7,8.7,2249,89.4,89.93,97,295,333,0.5,6.47,117,145,114,149,296,331,308,"4.7","-4.7",,
125,596115,"Story, Trevor",2024,373,33.5,0.214,0.071,0.375,0.286,0.287,0.255,0.173,6,28,83,10.4,2203,91.4,91.65,24,67,58,0.29999999999999716,6.46,104,144,112,139,291,320,293,"3.3","-3.3","66.959135652","7.09583913"
569,683011,"Volpe, Anthony",2024,2797,20.3,0.214,0.135,0.247,0.349,0.277,0.289,0.225,27,126,85.7,11.5,2281,88.9,89.18,67,289,280,0.29999999999999716,6.51,107,146,111,142,300,321,284,"4.4","-4.4","66.835919245","7.032971259"
617,663886,"Stephenson, Tyler",2023,2051,30.1,0.214,0.124,0.265,0.338,0.284,0.315,0.241,31,145,85.9,10.1,2245,89,89.24,73,262,355,0.20000000000000284,6.42,112,147,118,146,301,321,289,"11.6","-11.6",,
548,572228,"Voit, Luke",2022,2248,24.4,0.214,0.222,0.241,0.437,0.307,0.345,0.245,27,126,89.3,19.1,2225,88.1,88.14,123,309,239,0,6.39,110,149,121,144,303,325,296,"5.2","-5.2",,
709,467793,"Santana, Carlos",2024,2423,29.3,0.214,0.236,0.216,0.45,0.332,0.329,0.221,30,140,87.9,19.2,2243,88.5,88.75,92,321,388,0.29999999999999716,6.44,116,144,117,148,296,322,295,"2.4","-2.4","69.28301515","7.519655316"
64,571657,"Farmer, Kyle",2020,271,23.6,0.214,0.143,0.273,0.357,0.297,0.347,0.218,3,14,94.5,26.6,2320,87.2,87.47,4,29,35,0.29999999999999716,6.38,107,150,114,144,297,320,290,"-0.1","0.1",,
341,545361,"Trout, Mike",2023,1547,22,0.214,0.157,0.279,0.371,0.311,0.369,0.253,15,70,88.8,14,2238,90.5,90.86,47,160,181,0.4000000000000057,6.58,111,149,119,144,307,326,296,"3.5","-3.5",,
68,621500,"Mathisen, Wyatt",2021,199,34.2,0.214,0,0.3,0.214,0.288,0.319,0.242,3,14,92.9,18.4,2313,88.4,88.38,13,33,35,0,6.35,108,142,113,137,305,316,291,"0.6","-0.6",,
64,622268,"Walton, Donovan",2021,244,26.2,0.214,0.357,0.25,0.571,0.365,0.308,0.234,3,14,77.1,3.3,2300,88.9,89.21,8,32,32,0.29999999999999716,6.45,110,145,110,147,280,312,295,"-2.3","2.3",,
469,686681,"Massey, Michael",2023,1841,25.5,0.214,0.165,0.231,0.379,0.272,0.28,0.222,22,103,84.7,18.3,2249,88.7,89.22,57,252,217,0.5,6.56,113,141,104,146,297,325,299,"5.8","-5.8",,
189,595909,"Cave, Jake",2022,710,26.6,0.214,0.071,0.29,0.286,0.237,0.318,0.261,9,42,90.9,14,2334,89.1,88.97,36,107,82,-0.09999999999999432,6.22,114,147,106,147,288,319,294,"3.7","-3.7",,
84,641684,"Hermosillo, Michael",2022,296,28.4,0.214,0.143,0.429,0.357,0.364,0.362,0.216,3,14,81.2,4.4,2190,88.5,88.6,17,37,47,0.09999999999999432,6.36,111,152,115,147,299,321,296,"-0.1","0.1",,
123,605131,"Barnes, Austin",2020,390,31.5,0.214,0.143,0.217,0.357,0.263,0.25,0.188,6,28,81.6,17.4,2307,89.3,89.23,14,64,59,-0.09999999999999432,6.27,109,146,113,144,302,320,293,"3.7","-3.7",,
63,608597,"Guzmán, Ronald",2020,329,19.1,0.214,0,0.3,0.214,0.281,0.321,0.246,3,14,86.6,18.6,2189,88.5,88.33,7,32,31,-0.20000000000000284,6.15,127,154,118,153,289,322,299,"-1.4","1.4",,
208,691023,"Walker, Jordan",2024,669,31.1,0.214,0.071,0.346,0.286,0.264,0.23,0.154,9,42,90,7.2,2223,88.8,89.04,41,104,104,0.20000000000000284,6.43,107,147,121,144,306,325,294,"4.3","-4.3","75.220750816","8.222788878"
48,554430,"Wheeler, Zack",2021,273,17.6,0.214,0.071,0.429,0.286,0.214,0.137,0.144,3,14,70.2,-15.6,2173,88,87.72,9,27,21,-0.29999999999999716,6.16,112,144,107,147,270,304,281,"2.1","-2.1",,
231,488771,"Castro, Jason",2021,772,29.9,0.214,0.119,0.381,0.333,0.328,0.336,0.221,9,42,84.6,4.9,2171,89.2,89.1,29,89,142,-0.10000000000000853,6.27,113,152,107,145,283,321,296,"-0.3","0.3",,
62,624431,"Trevino, Jose",2020,311,19.9,0.214,0.071,0.214,0.286,0.218,0.303,0.192,3,14,85.7,12.5,2344,87.4,87.44,6,29,33,0,6.31,110,145,115,141,296,320,291,"4","-4",,
139,645302,"Robles, Victor",2023,454,30.6,0.214,0.071,0.3,0.286,0.289,0.258,0.176,6,28,80.3,-3.7,2285,87.6,88.01,23,76,63,0.4000000000000057,6.53,102,143,105,140,297,318,289,"4.1","-4.1",,
205,696100,"Goodman, Hunter",2024,828,24.8,0.214,0.25,0.211,0.464,0.296,0.348,0.277,12,56,87,9.5,2308,88.3,88.93,44,124,81,0.6000000000000085,6.43,109,146,118,144,306,329,297,"2.9","-2.9","73.138068257","7.102353211"
521,650559,"De La Cruz, Bryan",2024,2394,21.8,0.214,0.103,0.28,0.317,0.253,0.28,0.225,27,126,90.6,13.5,2339,88.9,89.15,77,272,249,0.29999999999999716,6.51,110,146,118,143,302,319,290,"9.2","-9.2","70.866273033","7.65614959"
487,622761,"Mateo, Jorge",2022,1982,24.6,0.214,0.154,0.273,0.368,0.289,0.305,0.227,25,117,85.3,14.1,2313,88.3,88.26,90,267,220,0,6.36,103,145,107,143,298,319,285,"6.7","-6.7",,
412,656775,"Mullins, Cedric",2021,2588,15.9,0.213,0.128,0.247,0.34,0.273,0.292,0.227,20,94,87.5,11.6,2249,89.4,89.59,50,198,214,0.19999999999998863,6.46,111,147,100,146,287,319,296,"2.2","-2.2",,
319,518792,"Heyward, Jason",2023,1439,22.2,0.213,0.107,0.238,0.32,0.273,0.284,0.215,16,75,85.9,13.7,2278,89.5,89.95,34,154,165,0.5,6.55,117,144,112,150,293,321,298,"1.8","-1.8",,
251,500871,"Escobar, Eduardo",2020,811,30.9,0.213,0.115,0.224,0.328,0.258,0.329,0.274,13,61,87,19.3,2281,90.3,90.14,29,141,110,-0.20000000000000284,6.26,117,149,115,146,296,325,298,"6.3","-6.3",,
200,664057,"Stevenson, Andrew",2021,775,25.8,0.213,0.149,0.258,0.362,0.289,0.314,0.232,10,47,89.6,6.3,2285,89.2,89.26,37,101,99,0.09999999999999432,6.24,116,150,103,150,291,314,298,"3.4","-3.4",,
465,600869,"Candelario, Jeimer",2024,1781,26.1,0.213,0.222,0.234,0.435,0.307,0.279,0.214,23,108,86.1,16.2,2241,88.1,88.42,60,231,234,0.30000000000001137,6.41,116,144,113,146,292,322,293,"2.4","-2.4","66.643378791","7.70259414"
344,621433,"Phillips, Brett",2021,1234,27.9,0.213,0.333,0.323,0.547,0.335,0.263,0.148,16,75,89.1,21.9,2229,89.9,90.14,65,161,183,0.19999999999998863,6.52,113,145,103,145,286,319,299,"-2.2","2.2",,
276,596103,"Slater, Austin",2021,1188,23.2,0.213,0.18,0.238,0.393,0.301,0.365,0.282,13,61,86.7,8.5,2203,88.6,88.56,41,142,134,0,6.29,108,145,114,143,303,320,290,"3.9","-3.9",,
388,543281,"Harrison, Josh",2022,1533,25.3,0.213,0.124,0.25,0.337,0.278,0.256,0.196,19,89,84.6,13.5,2286,89.2,89.11,59,218,170,-0.10000000000000853,6.26,107,147,111,143,297,318,284,"10.4","-10.4",,
254,542932,"Berti, Jon",2021,1138,22.3,0.213,0.128,0.25,0.34,0.311,0.305,0.208,10,47,79.2,-0.2,2310,89.9,90.01,25,111,143,0.09999999999999432,6.4,107,145,109,143,302,312,280,"0.1","-0.1",,
432,542932,"Berti, Jon",2023,1588,27.2,0.213,0.083,0.262,0.296,0.252,0.303,0.262,23,108,85.6,0.2,2247,89.8,89.91,43,214,218,0.10000000000000853,6.41,108,146,112,144,302,315,284,"14.3","-14.3",,
383,457708,"Upton, Justin",2021,1520,25.2,0.213,0.147,0.241,0.36,0.311,0.34,0.234,16,75,90.5,19,2299,88.9,88.96,56,176,207,0.09999999999999432,6.35,110,148,117,142,301,322,296,"4.3","-4.3",,
411,593871,"Polanco, Jorge",2024,1946,21.1,0.213,0.064,0.275,0.277,0.269,0.294,0.218,20,94,88.5,21.2,2224,88.7,88.93,50,191,220,0.20000000000000284,6.41,114,143,109,146,293,322,293,"6.3","-6.3","67.386984098","7.045740437"
276,606157,"Aquino, Aristides",2022,1092,25.3,0.213,0.197,0.294,0.41,0.303,0.25,0.181,13,61,84.8,9.7,2233,89,89.21,70,159,117,0.20000000000000284,6.38,109,149,120,145,294,321,291,"2.5","-2.5",,
286,676475,"Burleson, Alec",2023,1238,23.1,0.213,0.093,0.238,0.307,0.24,0.276,0.223,16,75,86.8,11.7,2291,88.2,88.57,30,145,141,0.3999999999999915,6.49,117,145,111,149,294,323,302,"13.6","-13.6",,
231,682177,"Schneemann, Daniel",2024,901,25.6,0.213,0.149,0.281,0.362,0.279,0.263,0.183,10,47,88.2,9.8,2192,89,89.45,40,122,109,0.4000000000000057,6.47,117,144,106,147,283,316,299,"5.4","-5.4","69.812777851","6.966712645"
275,669261,"Suwinski, Jack",2024,1114,24.7,0.212,0.197,0.256,0.409,0.295,0.298,0.224,14,66,87.2,11.9,2216,89.1,89.44,37,139,136,0.30000000000001137,6.47,117,145,110,148,292,318,296,"3.9","-3.9","69.916271698","7.066036321"
150,592669,"Renfroe, Hunter",2020,570,26.3,0.212,0.212,0.261,0.424,0.302,0.31,0.216,7,33,91.5,21.6,2219,87.8,87.75,18,62,88,0,6.43,107,149,121,146,297,328,295,"0","0",,
247,656976,"Smith, Pavin",2022,1109,22.3,0.212,0.152,0.216,0.364,0.255,0.278,0.197,14,66,83.5,14.9,2222,88,87.77,27,131,116,-0.20000000000000284,6.27,115,150,107,149,288,321,301,"1.1","-1.1",,
190,642136,"Thaiss, Matt",2024,754,25.2,0.212,0.121,0.35,0.333,0.331,0.342,0.216,7,33,85,10.7,2220,90.3,90.57,40,92,98,0.29999999999999716,6.54,119,146,113,148,294,319,299,"0.2","-0.2","69.884365341","7.720582045"
202,663853,"Gonzalez, Romy",2024,826,24.5,0.212,0.288,0.175,0.5,0.29,0.354,0.277,11,52,91.1,6,2245,89,89.24,25,109,93,0.20000000000000284,6.42,105,142,112,139,292,320,294,"0.6","-0.6","72.605700374","6.921125421"
110,700932,"Manzardo, Kyle",2024,636,17.3,0.212,0.152,0.24,0.364,0.238,0.229,0.192,7,33,86.7,16.3,2342,88.2,88.74,18,59,51,0.5,6.52,117,141,109,145,286,319,296,"3.9","-3.9","68.767222034","7.432077797"
154,614173,"Cordero, Franchy",2021,540,28.5,0.212,0.121,0.333,0.333,0.28,0.291,0.231,7,33,89.5,9,2201,87.7,87.71,31,80,74,0,6.3,115,144,106,144,283,319,304,"-2.3","2.3",,
357,605170,"Caratini, Victor",2024,1039,34.4,0.212,0.138,0.255,0.35,0.258,0.269,0.218,17,80,91,9.5,2193,88.7,88.8,47,177,180,0.09999999999999432,6.44,108,141,111,144,290,320,291,"7.5","-7.5","70.512389527","6.943743373"
229,502110,"Martinez, J.D.",2020,898,25.5,0.212,0.212,0.29,0.423,0.284,0.289,0.204,11,52,89.1,24.3,2278,89.5,89.79,43,129,100,0.29999999999999716,6.51,107,146,117,144,295,322,293,"6","-6",,
271,518792,"Heyward, Jason",2021,1314,20.6,0.212,0.091,0.271,0.303,0.277,0.313,0.244,14,66,88,2.2,2304,88.6,88.72,39,122,149,0.10000000000000853,6.33,118,149,111,146,287,319,295,"7.3","-7.3",,
223,641432,"Calhoun, Willie",2024,958,23.3,0.212,0.115,0.214,0.327,0.281,0.311,0.245,11,52,91.3,7.3,2249,89.5,89.67,13,98,125,0.20000000000000284,6.38,121,144,112,148,295,318,299,"3.1","-3.1","68.128982556","6.423170333"
241,624415,"Biggio, Cavan",2024,955,25.2,0.212,0.058,0.345,0.269,0.259,0.251,0.198,11,52,78.6,22.4,2264,89.8,89.87,28,101,140,0.10000000000000853,6.4,119,145,109,149,288,319,295,"6.8","-6.8","62.691212235","6.655448"
187,608701,"Refsnyder, Rob",2022,732,25.5,0.212,0.242,0.25,0.455,0.338,0.352,0.213,7,33,92.3,21,2280,90.1,90.05,24,86,101,0,6.29,106,148,117,145,292,320,291,"-0.6","0.6",,
171,680700,"Palacios, Richie",2022,513,33.3,0.212,0.121,0.259,0.333,0.276,0.303,0.236,7,33,80.2,14.1,2215,89.4,89.36,11,76,95,0,6.17,116,150,105,149,280,314,292,"3.9","-3.9",,
293,666310,"Naylor, Bo",2023,1011,29,0.212,0.231,0.216,0.442,0.352,0.331,0.202,11,52,86.9,25.8,2272,88.6,88.95,32,130,163,0.30000000000001137,6.48,113,141,111,145,286,320,296,"1.2","-1.2",,
649,608070,"Ramírez, José",2023,2610,24.9,0.212,0.141,0.212,0.353,0.272,0.348,0.285,33,156,89.3,17.3,2224,88.2,88.48,55,306,343,0.29999999999999716,6.44,114,144,115,146,292,320,291,"14.1","-14.1",,
497,673357,"Robert Jr., Luis",2023,2200,22.6,0.212,0.195,0.263,0.407,0.289,0.289,0.221,25,118,86.1,14.2,2265,88.8,89.1,110,292,205,0.29999999999999716,6.47,111,147,117,143,301,324,292,"-1.9","1.9",,
203,640461,"Pinder, Chad",2021,906,22.4,0.212,0.154,0.273,0.365,0.271,0.346,0.249,11,52,93.4,9.3,2222,88.5,88.55,31,108,95,0.09999999999999432,6.3,112,150,117,146,302,324,291,"2.5","-2.5",,
163,595284,"Knapp, Andrew",2021,619,26.3,0.212,0,0.333,0.212,0.235,0.24,0.184,7,33,80,7,2255,89.3,89.24,28,96,67,-0.09999999999999432,6.31,110,147,111,148,291,316,289,"5.9","-5.9",,
467,596146,"Kepler, Max",2021,1876,24.9,0.212,0.135,0.241,0.346,0.297,0.329,0.227,22,104,86.2,17.8,2240,88.8,88.93,52,205,262,0.10000000000000853,6.34,116,158,111,147,296,323,298,"4.6","-4.6",,
437,518735,"Grandal, Yasmani",2022,1573,27.8,0.212,0.013,0.27,0.225,0.27,0.297,0.216,17,80,86.2,13.2,2211,88.9,88.78,39,162,275,-0.10000000000000853,6.22,116,158,113,148,294,325,298,"5.8","-5.8",,
325,621493,"Ward, Taylor",2023,1635,19.9,0.211,0.127,0.228,0.338,0.261,0.277,0.21,15,71,87.4,14.6,2256,89.1,89.38,34,154,171,0.30000000000001137,6.48,108,147,116,143,304,323,292,"9","-9",,
79,643436,"McBroom, Ryan",2020,363,21.8,0.211,0,0.4,0.211,0.211,0.182,0.163,4,19,80.6,13.1,2170,86.5,86.79,17,38,41,0.29999999999999716,6.36,105,149,118,145,300,324,294,"2.8","-2.8",,
242,672478,"Diaz, Jordan",2023,1083,22.3,0.211,0.053,0.286,0.263,0.248,0.286,0.239,12,57,87.4,5,2173,88.8,88.85,40,135,107,0,6.34,110,147,116,144,303,321,290,"4.3","-4.3",,
501,663837,"Vierling, Matt",2023,2133,23.5,0.211,0.083,0.263,0.294,0.276,0.302,0.235,23,109,88.1,1.9,2279,89.7,89.97,45,220,281,0.29999999999999716,6.48,110,148,115,145,299,323,287,"7.4","-7.4",,
113,545350,"Marisnick, Jake",2023,321,35.2,0.211,0.211,0.25,0.421,0.311,0.327,0.211,4,19,85.8,31.4,2228,90.1,90.86,16,60,53,0.8000000000000114,6.7,112,149,113,145,298,323,289,"1.3","-1.3",,
197,656941,"Schwarber, Kyle",2020,955,20.6,0.211,0.368,0.211,0.579,0.373,0.391,0.243,8,38,92.5,16,2350,88.8,89.3,27,89,108,0.5,6.47,118,154,112,145,294,320,304,"2","-2",,
184,600303,"La Stella, Tommy",2022,794,23.2,0.211,0.132,0.233,0.342,0.28,0.289,0.224,8,38,86.2,14.2,2269,89.8,89.82,16,73,111,0,6.26,112,148,103,149,290,318,299,"3.3","-3.3",,
89,628338,"Heredia, Guillermo",2022,347,25.6,0.211,0.105,0.333,0.316,0.27,0.224,0.153,4,19,81.2,29.9,2174,87.7,87.95,17,50,39,0.29999999999999716,6.47,106,147,113,142,301,319,283,"1.6","-1.6",,
66,519390,"Vogt, Stephen",2020,306,21.6,0.211,0.105,0.267,0.316,0.235,0.304,0.229,4,19,88.9,21.4,2209,89.4,89.42,6,34,32,0,6.32,107,149,111,146,295,321,303,"3.2","-3.2",,
305,642731,"Estrada, Thairo",2024,1309,23.3,0.211,0.147,0.222,0.358,0.254,0.254,0.223,20,95,84.7,9,2310,88.3,88.7,29,169,136,0.4000000000000057,6.53,108,148,113,144,296,316,288,"7.6","-7.6","67.97340245","7.018192781"
546,681297,"Cowser, Colton",2024,2311,23.6,0.211,0.164,0.28,0.375,0.271,0.302,0.215,27,128,90.2,13.1,2237,88.7,88.9,93,266,280,0.20000000000000284,6.46,116,143,109,147,295,324,302,"11.5","-11.5","72.226438498","6.9655283"
74,457727,"Maybin, Cameron",2020,398,18.6,0.211,0.105,0.308,0.316,0.288,0.296,0.244,4,19,83.2,-2.8,2399,88.4,88.76,12,38,36,0.3999999999999915,6.42,106,146,112,143,298,322,288,"2.2","-2.2",,
327,656896,"Rivera, Emmanuel",2024,1151,28.4,0.211,0.141,0.241,0.352,0.274,0.304,0.205,15,71,90.2,9.6,2263,88.8,88.91,49,166,161,0.10000000000000853,6.48,110,147,118,144,303,319,287,"7.8","-7.8","67.781567037","6.72350463"
89,596129,"Vogelbach, Daniel",2024,362,24.6,0.211,0.105,0.25,0.316,0.306,0.386,0.284,4,19,86.4,12,2339,90.3,90.31,3,27,62,0,6.36,119,144,116,151,293,325,300,"-0.9","0.9","72.353091739","7.612329565"
140,572816,"Dickerson, Corey",2023,546,25.6,0.211,0.105,0.233,0.316,0.253,0.229,0.188,8,38,88.3,7.6,2212,88.8,89.42,20,86,54,0.6000000000000085,6.62,117,143,114,147,287,320,299,"4.3","-4.3",,
353,541645,"García, Avisaíl",2022,1367,25.8,0.211,0.156,0.227,0.367,0.282,0.327,0.244,19,90,88.2,6.6,2313,88.7,88.81,70,207,146,0.09999999999999432,6.46,109,150,118,144,304,321,290,"8.8","-8.8",,
72,605244,"Garcia, Aramis",2022,449,16,0.211,0,0.286,0.211,0.211,0.172,0.151,4,19,79.2,16.6,2167,87.8,87.67,13,37,35,-0.09999999999999432,6.28,110,151,118,145,295,316,287,"3.4","-3.4",,
308,643376,"Jansen, Danny",2024,1376,22.4,0.211,0.193,0.217,0.404,0.34,0.306,0.168,12,57,88,22.4,2297,89.6,90.06,25,116,192,0.5,6.55,111,149,118,144,291,321,292,"0.8","-0.8","65.60636","6.816302124"
289,622761,"Mateo, Jorge",2023,1317,21.9,0.211,0.169,0.232,0.38,0.283,0.276,0.23,15,71,82.6,10.6,2277,89.5,89.75,35,160,129,0.29999999999999716,6.48,102,143,104,142,301,322,287,"2.8","-2.8",,
422,452678,"Cabrera, Asdrúbal",2021,1366,30.9,0.211,0.133,0.258,0.344,0.286,0.291,0.211,19,90,87.2,21.1,2244,89.7,89.72,58,212,210,0,6.33,114,152,114,147,299,321,298,"3.4","-3.4",,
306,607054,"Peterson, Jace",2022,1420,21.5,0.211,0.158,0.262,0.368,0.281,0.287,0.222,12,57,88.2,11.2,2268,89.3,89.31,37,131,175,0,6.31,117,146,107,148,285,316,298,"5.7","-5.7",,
298,676801,"McCormick, Chas",2024,1010,29.5,0.211,0.07,0.311,0.282,0.235,0.264,0.214,15,71,83.3,16.4,2224,89.1,89.21,64,165,133,0.10000000000000853,6.49,106,148,113,144,299,323,288,"7","-7","68.197458986","7.339520405"
79,669364,"Edwards, Xavier",2023,298,26.5,0.211,0,0.235,0.211,0.257,0.31,0.251,4,19,79.4,12,2242,90.9,91.13,6,41,38,0.19999999999998863,6.46,109,146,103,148,290,315,298,"2.1","-2.1",,
223,663527,"Nevin, Tyler",2022,793,28.1,0.211,0.132,0.269,0.342,0.305,0.311,0.213,8,38,89.5,17,2231,89,89.16,29,96,127,0.20000000000000284,6.45,109,149,117,143,304,322,289,"1.8","-1.8",,
69,650907,"Pinto, René",2022,325,21.2,0.211,0,0.364,0.211,0.211,0.235,0.218,4,19,84.3,8.5,2328,89.5,89.5,18,44,25,0,6.36,104,149,114,146,297,320,287,"2.7","-2.7",,
520,669004,"Melendez, MJ",2023,2440,21.3,0.211,0.128,0.276,0.339,0.299,0.305,0.199,23,109,91.9,17,2278,88.6,88.94,90,248,272,0.30000000000001137,6.41,115,144,110,147,298,327,303,"7.5","-7.5",,
480,606466,"Marte, Ketel",2022,2159,22.2,0.21,0.14,0.241,0.35,0.305,0.324,0.222,21,100,91.2,17.4,2260,88.9,88.8,53,221,259,-0.10000000000000853,6.3,116,148,111,146,294,324,302,"1","-1",,
244,518792,"Heyward, Jason",2024,1024,23.8,0.21,0.323,0.178,0.532,0.313,0.273,0.235,13,62,88.9,12.4,2182,90,90.33,31,144,100,0.29999999999999716,6.43,118,143,114,147,293,319,296,"-1.2","1.2","72.360995556","8.177144593"
309,575929,"Contreras, Willson",2024,1382,22.4,0.21,0.081,0.267,0.29,0.324,0.326,0.207,13,62,85.5,8,2198,89.2,89.67,48,137,172,0.5,6.57,111,147,119,143,306,326,296,"3","-3","73.499895984","7.717357087"
482,662139,"Varsho, Daulton",2024,2048,23.5,0.21,0.286,0.241,0.495,0.333,0.268,0.178,22,105,85.1,21.8,2247,89.4,89.42,76,243,239,0,6.4,115,143,105,149,290,320,293,"1.5","-1.5","71.146142655","7.474269115"
280,686676,"Lee, Korey",2024,1429,19.6,0.21,0.148,0.269,0.358,0.253,0.219,0.199,17,81,86,9,2280,89.3,89.76,62,173,107,0.5,6.55,108,148,117,144,297,318,287,"7.2","-7.2","67.86575858","6.926743889"
607,500871,"Escobar, Eduardo",2022,2089,29.1,0.21,0.167,0.24,0.377,0.277,0.292,0.226,29,138,87.6,22.8,2234,89.2,89.21,83,315,292,0,6.37,113,147,111,146,290,317,295,"10.8","-10.8",,
252,664728,"Isbel, Kyle",2022,1074,23.5,0.21,0.113,0.293,0.323,0.274,0.256,0.204,13,62,84.6,8.8,2208,89.6,89.7,31,117,134,0.10000000000000853,6.32,113,144,101,144,292,323,297,"6.6","-6.6",,
171,572041,"Pollock, AJ",2020,746,22.9,0.209,0.186,0.212,0.395,0.278,0.297,0.213,9,43,91.5,11.8,2254,88.2,88.08,18,83,88,-0.10000000000000853,6.11,110,145,116,140,304,326,299,"4","-4",,
499,467793,"Santana, Carlos",2022,2066,24.2,0.209,0.151,0.227,0.36,0.359,0.396,0.251,18,86,91.2,14.9,2210,88.8,88.95,44,177,322,0.10000000000000853,6.35,115,154,113,147,299,322,297,"-6.8","6.8",,
164,660757,"Gonzalez, Oscar",2023,687,23.9,0.209,0.116,0.235,0.326,0.222,0.237,0.21,9,43,85.7,4,2195,88.7,89.02,29,103,61,0.29999999999999716,6.47,110,150,122,148,295,320,287,"5.9","-5.9",,
202,664238,"Moore, Dylan",2023,682,29.6,0.209,0.14,0.333,0.349,0.294,0.305,0.204,9,43,91.1,21,2208,89,89.28,29,97,105,0.29999999999999716,6.44,108,148,116,146,296,319,286,"3.1","-3.1",,
387,571771,"Hernández, Enrique",2024,1518,25.5,0.209,0.174,0.221,0.384,0.292,0.279,0.201,18,86,86.3,26.1,2254,89.2,89.47,55,197,190,0.29999999999999716,6.42,109,146,118,143,303,319,291,"4.5","-4.5","67.603157011","7.065745109"
189,682848,"Rodríguez, Endy",2023,776,24.4,0.209,0.07,0.3,0.279,0.263,0.276,0.215,9,43,88,12.9,2205,88.9,89.15,23,90,99,0.29999999999999716,6.38,117,146,112,148,297,321,294,"4.9","-4.9",,
156,621311,"Dahl, David",2021,814,19.2,0.209,0.116,0.281,0.326,0.211,0.294,0.262,9,43,88.9,21.2,2224,88,87.95,26,88,68,0,6.32,114,155,108,149,297,323,301,"7.1","-7.1",,
274,595281,"Kiermaier, Kevin",2024,1020,26.9,0.209,0.104,0.293,0.313,0.248,0.225,0.19,14,67,83.6,3.1,2308,89.9,90.18,61,156,118,0.29999999999999716,6.46,111,142,100,146,284,318,296,"8.2","-8.2","65.882925954","6.790694733"
394,670042,"Raley, Luke",2023,1545,25.5,0.209,0.151,0.302,0.36,0.3,0.254,0.171,18,86,88.5,14.6,2235,88.5,88.65,86,211,183,0.09999999999999432,6.48,117,143,109,146,292,326,300,"6.3","-6.3",,
85,592656,"Ramos, Henry",2023,311,27.3,0.208,0.125,0.294,0.333,0.28,0.224,0.154,5,24,81.5,13.5,2126,89.3,89.6,16,51,34,0.29999999999999716,6.43,118,146,109,148,291,318,292,"2.8","-2.8",,
278,641584,"Fraley, Jake",2024,1331,20.9,0.208,0.125,0.25,0.333,0.257,0.255,0.2,15,72,87.2,12.3,2315,88.8,89.15,41,163,115,0.4000000000000057,6.49,118,144,110,148,286,317,293,"4.1","-4.1","70.106267632","7.169893487"
218,642162,"Valaika, Pat",2021,1101,19.8,0.208,0.057,0.256,0.264,0.234,0.274,0.22,11,53,86.3,19.9,2247,87.8,87.78,26,113,105,0,6.3,111,151,118,148,299,317,285,"3.9","-3.9",,
98,666179,"Beer, Seth",2022,469,20.9,0.208,0.208,0.222,0.417,0.301,0.295,0.218,5,24,87.7,10.4,2261,88.7,88.58,16,49,49,-0.10000000000000853,6.28,117,155,111,148,293,321,300,"0.6","-0.6",,
227,663757,"Grisham, Trent",2020,1048,21.7,0.208,0.229,0.241,0.438,0.323,0.359,0.25,10,48,82.2,3.6,2228,90,89.96,29,102,125,0,6.24,114,147,107,147,293,322,302,"1.4","-1.4",,
719,679529,"Torkelson, Spencer",2023,2814,25.6,0.208,0.164,0.237,0.371,0.286,0.321,0.236,33,159,91.3,16.3,2276,88.9,89.42,96,363,356,0.5,6.6,110,147,117,142,301,326,292,"10.9","-10.9",,
199,656716,"McKinstry, Zach",2024,1249,15.9,0.208,0.104,0.225,0.313,0.273,0.328,0.266,10,48,85.3,11.5,2254,88.5,88.72,16,86,113,0.20000000000000284,6.38,109,143,104,147,285,319,298,"4.6","-4.6","63.415784074","6.489488765"
206,598265,"Bradley Jr., Jackie",2020,836,24.6,0.208,0.063,0.286,0.271,0.248,0.233,0.172,10,48,88.5,6.5,2133,87.8,87.89,26,95,111,0.10000000000000853,6.31,115,145,112,143,279,316,302,"3.8","-3.8",,
269,624585,"Soler, Jorge",2022,1276,21.1,0.208,0.264,0.206,0.472,0.366,0.384,0.228,11,53,91.9,11.6,2298,87.4,87.45,34,106,163,0,6.39,108,149,121,142,305,325,296,"-0.3","0.3",,
224,664983,"McCarthy, Jake",2023,1125,19.9,0.208,0.038,0.275,0.245,0.265,0.277,0.195,11,53,81.2,5.4,2293,88.6,88.82,28,109,115,0.20000000000000284,6.39,113,144,101,147,286,322,302,"5.5","-5.5",,
113,656775,"Mullins, Cedric",2020,602,18.8,0.208,0.208,0.278,0.417,0.274,0.243,0.233,5,24,74.9,11.3,2133,88.9,88.91,12,62,51,0,6.24,102,136,94,138,281,311,283,"1.9","-1.9",,
123,542255,"Inciarte, Ender",2020,538,22.9,0.208,0.042,0.25,0.25,0.267,0.243,0.146,5,24,73.8,6.4,2161,88.9,89.26,15,57,66,0.3999999999999915,6.49,109,141,101,142,280,311,293,"4.2","-4.2",,
98,666915,"Dalbec, Bobby",2024,413,23.7,0.208,0.042,0.333,0.25,0.237,0.252,0.21,5,24,83.1,3.9,2206,86.1,86.43,15,45,53,0.30000000000001137,6.44,108,148,117,145,297,320,293,"1.9","-1.9","71.81275925","7.094608"
196,595978,"Hedges, Austin",2023,741,26.5,0.208,0.042,0.238,0.25,0.249,0.307,0.235,10,48,81.2,8.5,2203,88.2,88.57,24,106,90,0.3999999999999915,6.46,107,145,114,142,299,317,288,"3.6","-3.6",,
274,592200,"Casali, Curt",2021,905,30.3,0.208,0.146,0.308,0.354,0.323,0.33,0.219,10,48,79.8,23.8,2285,88.9,89.01,41,125,149,0.09999999999999432,6.31,108,148,116,141,299,320,291,"-2.4","2.4",,
483,672386,"Kirk, Alejandro",2023,1725,28,0.208,0.109,0.229,0.317,0.273,0.319,0.25,21,101,86.2,5.7,2288,88.9,89.18,32,180,303,0.29999999999999716,6.52,111,148,119,146,298,321,287,"8.2","-8.2",,
435,643446,"McNeil, Jeff",2024,1711,25.4,0.208,0.188,0.213,0.396,0.314,0.285,0.207,20,96,85.5,18,2268,89.6,89.82,57,243,192,0.20000000000000284,6.46,115,141,106,145,280,315,296,"3.6","-3.6","65.681195913","7.06334187"
397,474832,"Belt, Brandon",2023,1801,22,0.208,0.182,0.353,0.39,0.304,0.262,0.165,16,77,90.5,16.3,2275,90.1,90.31,67,164,233,0.20000000000000284,6.47,115,143,108,147,289,323,296,"7.3","-7.3",,
91,592743,"Simmons, Andrelton",2022,298,30.5,0.208,0,0.217,0.208,0.24,0.195,0.143,5,24,76.9,-0.4,2221,88.2,88.11,1,44,47,-0.10000000000000853,6.19,107,146,109,142,296,315,288,"3.7","-3.7",,
244,643376,"Jansen, Danny",2021,805,30.3,0.208,0.113,0.27,0.321,0.3,0.307,0.22,11,53,91,21.5,2233,88.4,88.57,38,122,122,0.19999999999998863,6.41,105,145,114,141,296,320,289,"0.7","-0.7",,
259,527038,"Flores, Wilmer",2024,964,26.9,0.207,0.155,0.192,0.362,0.257,0.231,0.165,12,58,82.3,23.3,2215,88.8,89.15,23,132,127,0.29999999999999716,6.46,110,148,119,144,299,319,289,"4.8","-4.8","63.593706161","6.683052232"
379,680777,"Jeffers, Ryan",2023,1327,28.6,0.207,0.171,0.25,0.378,0.303,0.288,0.186,17,82,84.2,13.4,2312,87.8,88.1,58,191,188,0.29999999999999716,6.38,110,148,117,144,300,321,290,"6.3","-6.3",,
165,572287,"Zunino, Mike",2023,606,27.2,0.207,0.241,0.333,0.448,0.324,0.257,0.163,6,29,92.8,21.3,2280,90.7,90.91,33,79,86,0.20000000000000284,6.41,112,150,119,144,297,319,290,"0.2","-0.2",,
129,665953,"Chaparro, Andrés",2024,525,24.6,0.207,0.276,0.19,0.483,0.36,0.351,0.213,6,29,85.8,9.3,2266,88.6,88.85,24,68,61,0.20000000000000284,6.48,107,146,119,143,303,326,292,"0","0","69.691768955","7.156143284"
240,571466,"Barnhart, Tucker",2022,1174,20.4,0.207,0.034,0.308,0.241,0.235,0.247,0.204,12,58,85.3,11.8,2274,88.4,88.54,21,115,125,0.09999999999999432,6.31,112,150,107,147,286,318,291,"8.2","-8.2",,
401,519058,"Moustakas, Mike",2023,1502,26.7,0.207,0.174,0.214,0.38,0.262,0.267,0.214,19,92,89,17.4,2294,89.1,89.48,57,216,185,0.4000000000000057,6.49,117,142,114,147,294,324,301,"6.8","-6.8",,
140,592444,"Jones, JaCoby",2020,458,30.6,0.207,0.276,0.235,0.483,0.287,0.235,0.186,6,29,90.7,17.3,2366,89.8,90.04,25,64,76,0.20000000000000284,6.34,108,146,114,141,300,326,288,"1.6","-1.6",,
607,621043,"Correa, Carlos",2023,2257,26.9,0.207,0.14,0.256,0.347,0.299,0.312,0.224,25,121,90.9,11.3,2280,88.9,89.27,68,251,356,0.3999999999999915,6.48,108,148,118,144,302,322,291,"9.3","-9.3",,
250,596115,"Story, Trevor",2020,1036,24.1,0.207,0.034,0.333,0.241,0.235,0.254,0.207,12,58,88.2,14.4,2259,89,89.13,40,123,127,0.09999999999999432,6.2,109,148,118,143,306,328,299,"7.6","-7.6",,
106,621512,"Nido, Tomás",2021,496,21.4,0.207,0.103,0.313,0.31,0.267,0.284,0.215,6,29,86.4,5.5,2229,89.3,89.7,26,63,43,0.4000000000000057,6.6,104,147,116,145,302,317,290,"1.2","-1.2",,
89,656308,"Chavis, Michael",2021,429,20.7,0.207,0.034,0.286,0.241,0.188,0.187,0.201,6,29,87,7.6,2314,89,88.96,24,57,32,0,6.25,109,148,118,144,291,319,296,"3.4","-3.4",,
140,675656,"Smith, Kevin",2022,564,24.8,0.206,0.265,0.208,0.471,0.269,0.256,0.215,7,34,87.6,19.3,2202,87.7,87.71,20,80,60,0,6.36,104,149,114,144,296,318,288,"0.4","-0.4",,
134,609280,"Andujar, Miguel",2022,511,26.2,0.206,0.147,0.2,0.353,0.255,0.265,0.199,7,34,83.1,8.5,2327,88,87.95,19,67,67,-0.09999999999999432,6.25,106,141,113,137,299,318,285,"3.6","-3.6",,
167,642165,"VanMeter, Josh",2022,804,20.8,0.206,0.147,0.231,0.353,0.282,0.3,0.224,7,34,91,25.3,2234,87.7,87.72,12,54,113,0,6.29,120,149,112,150,293,316,296,"1.1","-1.1",,
160,656555,"Hoskins, Rhys",2020,769,20.8,0.206,0.324,0.19,0.529,0.384,0.425,0.254,7,34,89.6,25.5,2250,88.3,88.35,17,69,91,0,6.28,106,147,119,143,296,320,286,"-0.9","0.9",,
136,669352,"Thompson, Bubba",2022,647,21,0.206,0.029,0.35,0.235,0.221,0.145,0.116,7,34,74.7,-2.7,2338,87.9,87.46,30,75,61,-0.4000000000000057,6.12,102,146,100,145,301,325,288,"5.1","-5.1",,
153,676480,"Barrero, Jose",2023,584,26.2,0.206,0.206,0.278,0.412,0.316,0.35,0.232,7,34,93.2,28.1,2263,88.9,89.29,29,74,79,0.3999999999999915,6.47,110,147,117,146,295,319,288,"1","-1",,
184,543768,"Shaw, Travis",2020,709,26,0.206,0.088,0.25,0.294,0.317,0.394,0.262,7,34,88.7,22.1,2240,86.8,86.92,23,74,110,0.10000000000000853,6.32,112,145,108,143,287,318,294,"3.9","-3.9",,
200,592206,"Castellanos, Nick",2020,966,20.7,0.205,0.295,0.179,0.5,0.339,0.366,0.259,9,44,87.8,14.6,2401,88.4,88.56,43,111,89,0.19999999999998863,6.37,108,146,113,140,298,326,293,"0.1","-0.1",,
233,592200,"Casali, Curt",2022,783,29.8,0.205,0.227,0.261,0.432,0.315,0.302,0.191,9,44,87.6,28.8,2277,87.9,88.04,38,112,121,0.09999999999999432,6.41,107,147,116,142,298,317,290,"2.3","-2.3",,
186,656577,"Jackson, Alex",2021,613,30.3,0.205,0.205,0.316,0.41,0.34,0.292,0.169,8,39,87.1,21.7,2273,88.4,88.4,49,103,83,0,6.34,109,149,116,144,303,323,289,"-1.8","1.8",,
178,543257,"Grossman, Robbie",2020,751,23.7,0.205,0.154,0.212,0.359,0.308,0.325,0.24,8,39,88.9,11.3,2340,88.9,88.84,11,83,95,-0.10000000000000853,6.18,116,148,108,145,290,321,299,"1.2","-1.2",,
515,592663,"Realmuto, J.T.",2023,2096,24.6,0.205,0.118,0.258,0.323,0.262,0.294,0.218,26,127,87.8,16.1,2279,89,89.13,68,259,256,0.09999999999999432,6.38,109,147,118,145,300,322,290,"12.4","-12.4",,
197,656308,"Chavis, Michael",2020,622,31.7,0.205,0.159,0.259,0.364,0.248,0.25,0.195,9,44,88.2,4.6,2199,88.2,88.39,37,99,98,0.20000000000000284,6.49,107,149,117,146,292,318,293,"7.9","-7.9",,
525,664702,"Straw, Myles",2023,1991,26.4,0.205,0.051,0.261,0.256,0.224,0.24,0.217,24,117,83.3,7.2,2334,89.3,89.7,41,229,296,0.4000000000000057,6.53,103,142,104,141,291,309,275,"19.7","-19.7",,
208,664023,"Happ, Ian",2020,941,22.1,0.205,0.051,0.333,0.256,0.325,0.345,0.21,8,39,86.9,6.2,2227,88.3,88.62,39,88,120,0.29999999999999716,6.39,110,147,109,146,294,322,295,"2.2","-2.2",,
140,593643,"Alberto, Hanser",2022,521,26.9,0.205,0.136,0.243,0.341,0.242,0.184,0.164,9,44,79.9,20.3,2228,87.8,88,23,85,55,0.20000000000000284,6.36,111,150,115,145,298,319,289,"3.1","-3.1",,
358,542932,"Berti, Jon",2022,1570,22.8,0.205,0.09,0.281,0.295,0.288,0.324,0.235,16,78,90.4,8.9,2201,89.8,89.84,45,160,198,0,6.38,112,150,112,146,302,317,284,"4.3","-4.3",,
570,682998,"Carroll, Corbin",2024,2648,21.5,0.205,0.174,0.196,0.379,0.29,0.313,0.231,27,132,88.2,6.7,2247,90.1,90.33,39,225,345,0.20000000000000284,6.45,116,142,103,146,293,323,302,"4.5","-4.5","71.332029375","6.859255433"
213,650559,"De La Cruz, Bryan",2021,871,24.5,0.205,0.068,0.276,0.273,0.275,0.354,0.287,9,44,88.4,12.5,2263,88.8,88.57,25,102,111,-0.20000000000000284,6.25,107,148,115,145,301,321,290,"4","-4",,
478,573262,"Yastrzemski, Mike",2021,2103,22.7,0.204,0.204,0.227,0.407,0.291,0.294,0.213,22,108,87.1,15.9,2285,88.3,88.3,54,236,242,0,6.22,119,151,109,151,294,321,303,"4","-4",,
244,605131,"Barnes, Austin",2021,890,27.4,0.204,0.122,0.29,0.327,0.305,0.282,0.197,10,49,80.9,5.1,2309,88,87.94,31,107,137,-0.09999999999999432,6.26,109,147,115,143,298,315,287,"1.3","-1.3",,
452,683011,"Volpe, Anthony",2023,2335,19.4,0.204,0.221,0.211,0.425,0.302,0.306,0.211,23,113,86.1,16.1,2282,89.1,89.46,75,231,221,0.4000000000000057,6.55,106,146,113,143,299,322,286,"6.3","-6.3",,
209,668885,"Martin, Austin",2024,934,22.4,0.204,0.082,0.263,0.286,0.263,0.26,0.198,10,49,79,7.3,2314,88.6,88.95,22,91,118,0.30000000000001137,6.46,104,146,110,143,301,318,284,"4.6","-4.6","59.985746628","6.398246395"
261,593428,"Bogaerts, Xander",2020,967,27,0.204,0.167,0.231,0.37,0.281,0.252,0.184,11,54,87.1,11.3,2273,88.2,88.51,32,125,136,0.29999999999999716,6.51,107,147,117,145,292,319,294,"4.4","-4.4",,
212,446334,"Longoria, Evan",2020,794,26.7,0.204,0.056,0.244,0.259,0.206,0.262,0.215,11,54,90.1,9.8,2366,88.6,88.66,22,105,107,0.10000000000000853,6.16,110,148,121,142,302,324,295,"11.5","-11.5",,
490,608385,"Winker, Jesse",2022,2229,22,0.204,0.143,0.216,0.347,0.309,0.345,0.238,20,98,85.3,20.5,2200,89,89.02,48,233,257,0,6.31,116,152,110,150,290,319,296,"-0.1","0.1",,
200,571912,"Maile, Luke",2023,766,26.1,0.204,0.122,0.257,0.327,0.285,0.301,0.212,10,49,84.8,10.9,2267,90.1,90.47,28,101,99,0.4000000000000057,6.43,108,146,116,145,297,318,286,"3.1","-3.1",,
526,665742,"Soto, Juan",2022,2765,19,0.204,0.136,0.225,0.34,0.319,0.37,0.253,21,103,87.6,8.7,2216,88.7,88.71,43,221,305,0,6.34,117,151,114,148,297,322,307,"0.2","-0.2",,
369,605548,"Zimmer, Bradley",2021,1375,26.8,0.203,0.041,0.304,0.243,0.247,0.299,0.215,15,74,86.3,3.8,2202,88.2,88.15,62,172,197,-0.10000000000000853,6.23,115,149,108,149,289,320,298,"10.2","-10.2",,
404,542364,"Ortega, Rafael",2022,1517,26.6,0.203,0.101,0.238,0.304,0.255,0.281,0.223,16,79,84.8,14.9,2225,88.2,88.31,45,201,203,0.09999999999999432,6.35,115,147,106,145,288,320,297,"9.2","-9.2",,
667,502671,"Goldschmidt, Paul",2024,2719,24.5,0.203,0.077,0.281,0.28,0.251,0.311,0.238,29,143,90.9,6,2266,89.5,89.95,93,328,339,0.5,6.53,109,145,118,143,306,325,297,"15.8","-15.8","70.681930772","7.650054116"
611,664702,"Straw, Myles",2022,2360,25.9,0.202,0.047,0.234,0.248,0.25,0.288,0.241,26,129,86.8,9.7,2307,89.7,89.81,33,248,363,0.09999999999999432,6.34,104,146,106,142,294,311,277,"17.9","-17.9",,
407,543939,"Wong, Kolten",2022,2049,19.9,0.202,0.119,0.217,0.321,0.265,0.281,0.23,17,84,84.1,12.9,2288,88.6,88.48,39,198,209,-0.09999999999999432,6.27,114,146,104,150,286,314,298,"7.2","-7.2",,
422,571745,"Haniger, Mitch",2024,1758,24,0.202,0.101,0.291,0.303,0.275,0.289,0.209,18,89,90.6,14.5,2314,89.3,89.61,61,192,230,0.29999999999999716,6.45,110,149,117,144,299,322,289,"4.8","-4.8","71.523732079","7.006385787"
442,595777,"Profar, Jurickson",2021,1734,25.5,0.202,0.079,0.234,0.281,0.302,0.323,0.229,18,89,85.7,17.3,2227,89.3,89.31,27,186,256,0,6.34,116,150,109,148,292,319,295,"3.7","-3.7",,
389,656716,"McKinstry, Zach",2023,2114,18.4,0.202,0.09,0.25,0.292,0.254,0.256,0.193,18,89,86.2,20.8,2227,88.9,89.29,44,187,202,0.3999999999999915,6.51,116,142,104,146,289,322,297,"10.9","-10.9",,
24,665861,"Rivero, Sebastián ",2022,110,21.8,0.2,0,0.333,0.2,0.262,0.169,0.071,1,5,67.9,-10,2306,91,91.34,6,14,10,0.29999999999999716,6.45,100,145,115,141,301,317,291,"0.6","-0.6",,
17,657011,"Stokes Jr., Troy",2021,76,22.4,0.2,0,0.25,0.2,0.176,0.315,0.317,1,5,81.3,11.5,2083,84.7,84.37,3,9,8,-0.29999999999999716,6.21,102,135,109,128,299,310,274,"-0.4","0.4",,
81,446308,"Wieters, Matt",2020,184,44,0.2,0,0.231,0.2,0.238,0.365,0.298,3,15,83.7,17.5,2371,86.8,86.99,5,43,38,0.20000000000000284,6.38,114,155,117,149,298,322,302,"3.5","-3.5",,
51,608596,"Murphy, Tom",2022,181,28.2,0.2,0.1,0.4,0.3,0.294,0.381,0.267,2,10,89.5,5,2183,87,86.98,10,23,28,0,6.28,108,146,114,140,293,319,290,"-0.4","0.4",,
201,624512,"McGuire, Reese",2023,765,26.3,0.2,0.044,0.273,0.244,0.246,0.273,0.213,9,45,79.7,10.1,2380,88.7,88.83,23,106,95,0.09999999999999432,6.43,114,144,107,147,279,318,298,"1.3","-1.3",,
114,680814,"Burdick, Peyton",2022,401,28.4,0.2,0.1,0.364,0.3,0.326,0.301,0.165,4,20,81,24.6,2286,89.1,89.03,22,55,59,-0.09999999999999432,6.32,111,148,113,144,303,313,284,"0.7","-0.7",,
34,609274,"Hernandez, Elier",2022,137,24.8,0.2,0.1,0.333,0.3,0.195,0.19,0.214,2,10,86.1,26.3,2386,88.8,88.26,9,19,15,-0.5,6.03,107,138,113,137,300,321,288,"1.5","-1.5",,
53,669369,"Johnson, Bryce",2024,263,20.2,0.2,0,0.214,0.2,0.237,0.359,0.33,3,15,66.3,-18.3,2196,88,88.4,3,31,22,0.4000000000000057,6.46,108,144,105,145,284,318,295,"2.1","-2.1","61.500880385","6.814489615"
254,493329,"Gurriel, Yuli",2020,789,32.2,0.2,0.062,0.194,0.262,0.219,0.302,0.232,13,65,90.2,11.4,2279,88.9,88.85,14,122,132,-0.10000000000000853,6.33,108,148,119,144,295,324,294,"10.3","-10.3",,
148,623168,"Heineman, Tyler",2022,602,24.6,0.2,0.029,0.206,0.229,0.201,0.26,0.262,7,35,76.3,19.3,2199,89.8,89.98,12,100,48,0.20000000000000284,6.38,114,150,108,146,290,315,290,"5.6","-5.6",,
46,641779,"Leblanc, Charles",2024,118,39,0.2,0.3,0.2,0.5,0.359,0.36,0.183,2,10,85,27.2,2294,90.1,90,4,19,27,-0.09999999999999432,6.36,106,148,113,143,305,325,292,"0.4","-0.4","70.053033158","6.821856316"
93,606299,"Peraza, José",2020,412,22.6,0.2,0.08,0.227,0.28,0.235,0.276,0.23,5,25,81.4,21.6,2264,89.4,89.9,14,61,32,0.5,6.53,107,144,109,142,290,311,282,"2.7","-2.7",,
23,444489,"Piña, Manny",2020,180,12.8,0.2,0,0.25,0.2,0.33,0.369,0.231,1,5,94.6,27.5,2428,89,89.41,3,11,12,0.4000000000000057,6.48,101,144,112,139,308,311,283,"-0.5","0.5",,
15,642137,"Thomas, Cody",2022,125,12,0.2,0,0.333,0.2,0.177,0.165,0.152,1,5,90.7,5,2497,90.8,90.96,6,13,2,0.20000000000000284,6.37,124,149,110,151,290,320,293,"0.8","-0.8",,
39,488726,"Brantley, Michael",2023,220,17.7,0.2,0,0.182,0.2,0.16,0.31,0.354,2,10,93.8,8.2,2193,91.4,91.34,3,18,21,-0.10000000000000853,6.28,111,141,117,148,285,322,297,"0.7","-0.7",,
119,691406,"Caminero, Junior",2024,629,18.9,0.2,0.1,0.238,0.3,0.272,0.266,0.189,6,30,85.5,0.7,2320,89.9,90.12,16,52,67,0.19999999999998863,6.48,107,145,121,142,300,324,290,"1.3","-1.3","73.7890792","8.1230562"
42,592767,"Smyly, Drew",2021,151,27.8,0.2,0,0.286,0.2,0.176,0.195,0.204,2,10,69.9,6.1,2285,86.6,86.57,4,25,17,0,6.29,106,135,103,136,273,299,278,"2.2","-2.2",,
43,676475,"Burleson, Alec",2022,190,22.6,0.2,0.1,0.25,0.3,0.294,0.344,0.246,2,10,87.1,-11,2215,88.4,88.48,5,16,27,0.09999999999999432,6.4,119,152,113,150,298,318,303,"-2.9","2.9",,
21,445055,"Jay, Jon",2021,54,38.9,0.2,0,0.25,0.2,0.176,0.133,0.148,1,5,81.5,3.5,2438,90.5,90.33,1,14,7,-0.20000000000000284,6.11,109,150,108,144,271,311,296,"1.1","-1.1",,
21,641684,"Hermosillo, Michael",2020,29,72.4,0.2,0,0.2,0.2,0.226,0.245,0.131,1,5,88.5,15,2296,89.6,89.05,2,10,11,-0.5999999999999943,5.85,102,146,105,145,287,302,285,"1","-1",,
14,676840,"Peacock, Matt",2021,55,25.5,0.2,0,0.2,0.2,0.176,0.267,0.269,1,5,83.7,-28.2,2239,88.9,88.75,2,9,5,0,6.41,95,133,98,132,289,299,275,"1.4","-1.4",,
141,666185,"Carlson, Dylan",2020,492,28.7,0.2,0.2,0.227,0.4,0.281,0.369,0.278,6,30,88.2,9.7,2274,87.8,88.11,17,58,83,0.29999999999999716,6.38,115,150,111,143,290,319,298,"4.6","-4.6",,
93,669003,"Mitchell, Garrett",2022,300,31,0.2,0,0.6,0.2,0.237,0.143,0.071,3,15,81,2.7,2341,90.5,90.46,23,49,44,0,6.27,109,141,103,144,288,315,297,"0.9","-0.9",,
409,458731,"Gardner, Brett",2021,2096,19.5,0.2,0.1,0.215,0.3,0.245,0.269,0.222,16,80,83.6,15.1,2261,89.2,89.32,28,175,234,0.09999999999999432,6.38,112,145,101,145,284,320,295,"9.4","-9.4",,
100,642211,"Williams, Justin",2021,498,20.1,0.2,0.24,0.188,0.44,0.337,0.398,0.293,5,25,87,1.8,2246,86.9,87,15,43,57,0.09999999999999432,6.32,120,150,109,149,296,318,300,"-0.4","0.4",,
105,657108,"White, Evan",2021,409,25.7,0.2,0.05,0.333,0.25,0.278,0.311,0.239,4,20,81.5,10.8,2102,88.1,88.17,18,46,59,0.10000000000000853,6.4,110,150,119,143,294,319,292,"3.5","-3.5",,
39,680777,"Jeffers, Ryan",2020,248,15.7,0.2,0,0.25,0.2,0.266,0.3,0.205,2,10,83.6,1.8,2220,88.6,89,4,16,23,0.4000000000000057,6.39,108,145,113,141,298,320,290,"1.1","-1.1",,
49,465041,"Cervelli, Francisco",2020,220,22.3,0.2,0.6,0,0.8,0.466,0.314,0.162,2,10,90.2,19.7,2223,89,89.23,7,22,27,0.20000000000000284,6.45,109,149,119,145,302,312,283,"-0.9","0.9",,
18,607536,"Freeland, Kyle",2021,122,14.8,0.2,0,0.25,0.2,0.147,0.212,0.249,1,5,83.1,34,2228,90.2,90.93,6,13,5,0.7000000000000028,6.37,119,147,106,147,278,316,300,"1.6","-1.6",,
31,695257,"Cook, Billy",2024,184,16.8,0.2,0.4,0.25,0.6,0.33,0.284,0.216,2,10,94.5,34.8,2220,86.9,87.17,11,20,11,0.29999999999999716,6.5,110,149,118,146,304,321,288,"-0.2","0.2","70.0946025","7.577842"
44,571875,"Lamb, Jake",2023,237,18.6,0.2,0,0.333,0.2,0.177,0.23,0.22,2,10,91.9,24.5,2254,88.7,89.18,10,23,21,0.5,6.68,118,143,114,145,295,326,298,"1","-1",,
108,665019,"Clemens, Kody",2022,509,21.2,0.2,0.28,0.188,0.48,0.295,0.248,0.191,5,25,87.1,23.7,2272,88.7,88.28,18,61,47,-0.4000000000000057,6.1,114,150,111,151,287,315,294,"0.3","-0.3",,
54,623205,"Velazquez, Andrew",2021,263,20.5,0.2,0,0.333,0.2,0.208,0.29,0.257,3,15,87.2,6.3,2166,90.8,91.03,11,29,25,0.20000000000000284,6.42,109,150,100,146,289,320,291,"1","-1",,
141,682998,"Carroll, Corbin",2022,458,30.8,0.2,0.1,0.316,0.3,0.283,0.306,0.214,6,30,88.1,6.3,2238,88.9,88.94,19,63,78,0,6.43,108,144,108,142,293,323,304,"0.6","-0.6",,
119,675961,"Williams, Alika",2023,458,26,0.2,0.033,0.24,0.233,0.235,0.299,0.26,6,30,74.4,7.7,2351,90.5,90.93,14,57,62,0.4000000000000057,6.56,111,146,111,144,305,320,285,"5.4","-5.4",,
251,660294,"Tsutsugo, Yoshi",2022,861,29.2,0.2,0.1,0.225,0.3,0.225,0.245,0.223,10,50,89,10,2193,89.2,89.27,20,117,134,0.09999999999999432,6.37,115,149,112,148,293,318,297,"8.1","-8.1",,
27,681546,"Outman, James",2022,63,42.9,0.2,0.2,1,0.4,0.325,0.216,0.102,1,5,104.3,17,2168,88.4,87.93,7,14,13,-0.5,5.81,123,146,112,141,291,323,300,"0.8","-0.8",,
413,519317,"Stanton, Giancarlo",2023,1719,24,0.2,0.211,0.22,0.411,0.288,0.336,0.24,18,90,94.2,7.5,2309,90.2,90.54,53,175,238,0.29999999999999716,6.5,111,148,121,145,308,328,293,"4.1","-4.1",,
84,622268,"Walton, Donovan",2022,298,28.2,0.2,0.25,0.214,0.45,0.313,0.335,0.228,4,20,82,0.1,2204,89.3,89.02,9,42,42,-0.29999999999999716,6.21,115,148,103,148,284,315,294,"-0.5","0.5",,
275,594807,"Duvall, Adam",2024,1252,22,0.2,0.129,0.255,0.329,0.27,0.28,0.187,14,70,89.5,16.6,2248,89,89.34,42,134,141,0.29999999999999716,6.49,111,150,120,145,306,325,294,"6","-6","71.319772377","7.655300246"
122,623520,"Bote, David",2022,494,24.7,0.2,0.28,0.25,0.48,0.32,0.239,0.147,5,25,91.4,16.6,2294,89.7,90.03,17,52,70,0.29999999999999716,6.45,108,143,113,139,296,321,288,"-0.3","0.3",,
85,457803,"Bruce, Jay",2020,413,20.6,0.2,0.24,0.2,0.44,0.264,0.302,0.246,5,25,82.1,9.9,2247,88,87.88,18,50,35,-0.09999999999999432,6.17,118,158,121,142,287,321,293,"3","-3",,
464,614177,"Reyes, Franmil",2022,1853,25,0.2,0.1,0.29,0.3,0.245,0.262,0.189,22,110,91.6,6.2,2336,88.1,88.05,94,237,227,0,6.29,109,147,118,144,299,325,295,"12.9","-12.9",,
471,519203,"Rizzo, Anthony",2022,2112,22.3,0.2,0.264,0.169,0.464,0.329,0.361,0.251,22,110,88.1,16.7,2262,89.1,88.94,54,221,250,-0.19999999999998863,6.29,116,158,109,147,293,323,294,"1.8","-1.8",,
24,592348,"Goodrum, Niko",2022,204,11.8,0.2,0.2,0.5,0.4,0.325,0.303,0.131,1,5,100.3,10.5,2039,88.4,87.98,5,11,13,-0.4000000000000057,6.17,122,156,116,152,293,328,295,"0.3","-0.3",,
133,621466,"Stewart, DJ",2023,748,17.8,0.2,0.2,0.222,0.4,0.317,0.287,0.192,5,25,82.4,8.1,2309,89.7,89.61,24,68,65,-0.10000000000000853,6.29,116,143,110,147,292,324,298,"1.3","-1.3",,
237,660766,"Yepez, Juan",2022,1035,22.9,0.2,0.2,0.167,0.4,0.273,0.274,0.196,12,60,86,20.7,2257,89.4,89.59,31,137,100,0.19999999999998863,6.43,108,149,117,144,303,322,296,"5.7","-5.7",,
279,676609,"Caballero, José",2023,1140,24.5,0.2,0.123,0.231,0.323,0.278,0.277,0.177,13,65,84.6,26.8,2224,89.3,89.34,28,136,143,0,6.37,109,147,112,143,295,316,285,"6.7","-6.7",,
103,543305,"Hicks, Aaron",2021,511,20.2,0.2,0,0.235,0.2,0.275,0.358,0.275,4,20,87.1,19.8,2328,89.3,89.37,9,36,67,0.10000000000000853,6.38,117,154,110,148,303,323,293,"2.6","-2.6",,
14,547001,"Poteet, Cody",2021,36,38.9,0.2,0,0.25,0.2,0.176,0.087,0.083,1,5,53.6,-52.8,2334,87.7,87.6,3,10,4,-0.10000000000000853,6.31,99,137,105,141,279,292,261,"1","-1",,
434,621550,"Wisdom, Patrick",2023,1318,32.9,0.2,0.278,0.244,0.478,0.318,0.318,0.207,18,90,91.2,23.2,2251,89.6,89.8,73,216,218,0.20000000000000284,6.35,111,149,118,145,298,321,295,"4.4","-4.4",,
58,621573,"Dean, Austin",2021,170,34.1,0.2,0.4,0.167,0.6,0.331,0.308,0.164,2,10,87.8,20.4,2247,88.3,87.85,12,30,28,-0.29999999999999716,6.14,109,148,114,144,303,315,286,"-0.6","0.6",,
24,805373,"Alvarez Jr., Nacho",2024,119,20.2,0.2,0,0.5,0.2,0.176,0.179,0.19,1,5,89.8,33,2178,92.4,92.39,4,11,13,0,6.33,119,149,123,148,307,318,287,"1.3","-1.3","69.80243","7.308103636"
18,621559,"Moroff, Max",2021,69,26.1,0.2,0,0.5,0.2,0.176,0.139,0.147,1,5,80.7,39.5,2165,88.2,88.64,6,10,8,0.3999999999999915,6.47,116,142,101,142,291,314,292,"1.7","-1.7",,
62,663550,"Cabbage, Trey",2023,215,28.8,0.2,0.067,0.375,0.267,0.188,0.125,0.115,3,15,87.3,2.5,2243,89.5,89.47,24,44,18,0,6.36,111,141,105,143,287,320,301,"3.4","-3.4",,
36,650907,"Pinto, René",2024,185,19.5,0.2,0.6,0,0.8,0.428,0.775,0.424,1,5,89,14.2,2137,91.3,91.28,8,15,21,0,6.49,110,147,113,145,305,330,287,"-1.3","1.3","63.245780714","6.222136429"
129,657061,"Tucker, Cole",2020,428,30.1,0.2,0,0.273,0.2,0.203,0.183,0.16,6,30,79.1,12.7,2189,86.4,86.65,15,58,71,0.19999999999998863,6.36,109,146,106,143,293,315,288,"5.1","-5.1",,
49,624407,"Lin, Tzu-Wei",2020,221,22.2,0.2,0.1,0.286,0.3,0.193,0.25,0.249,2,10,85.8,3.7,2157,88.2,88.72,9,31,18,0.5,6.59,109,137,103,139,274,309,306,"1.8","-1.8",,
67,518618,"Dietrich, Derek",2020,304,22,0.2,0.4,0.111,0.6,0.389,0.382,0.232,3,15,86,-1.2,2283,88.6,88.21,11,33,34,-0.3999999999999915,5.95,118,153,109,150,303,331,311,"-0.8","0.8",,
171,641779,"Leblanc, Charles",2022,699,24.5,0.2,0.143,0.273,0.343,0.268,0.248,0.174,7,35,86.6,20.3,2203,88.3,88.46,19,73,98,0.20000000000000284,6.49,113,149,115,146,302,318,285,"4","-4",,
46,622100,"Jones, Taylor",2020,97,47.4,0.2,0,0.4,0.2,0.224,0.242,0.199,2,10,87.7,12.2,2332,88.5,88.61,10,23,23,0.09999999999999432,6.25,110,148,119,143,308,330,302,"3","-3",,
23,666922,"Aguilar, Ryan",2022,101,22.8,0.2,0,0.333,0.2,0.147,0.193,0.224,1,5,88.9,-8,2205,82.4,81.72,6,15,8,-0.7000000000000028,5.91,117,159,106,152,287,314,303,"1.9","-1.9",,
31,606993,"Hager, Jake",2021,134,23.1,0.2,0,0.333,0.2,0.369,0.335,0.13,1,5,88.4,-5,2223,88.2,88.23,4,8,23,0,6.46,107,145,113,142,301,322,293,"-1.9","1.9",,
104,664670,"Lopez, Alejo",2022,571,18.2,0.2,0.04,0.238,0.24,0.245,0.244,0.198,5,25,80.4,6.7,2178,89.4,89.44,10,50,54,0,6.43,112,142,104,141,273,306,285,"2.3","-2.3",,
149,656537,"Hill, Derek",2024,609,24.5,0.2,0.133,0.242,0.333,0.221,0.32,0.288,9,45,82.7,9.4,2276,88.4,88.8,22,83,66,0.3999999999999915,6.51,110,146,116,144,304,319,289,"5.4","-5.4","67.99416939","7.194028049"
193,668731,"Baddoo, Akil",2022,916,21.1,0.2,0,0.257,0.2,0.219,0.234,0.198,9,45,82.7,8.5,2209,88.7,88.81,25,100,93,0.09999999999999432,6.36,112,145,104,147,289,321,297,"7.4","-7.4",,
30,600524,"Núñez, Renato",2021,206,14.6,0.2,0.3,0.143,0.5,0.289,0.227,0.21,2,10,80.9,3.5,2315,87,86.64,2,14,16,-0.30000000000001137,6.04,112,148,119,145,292,320,290,"1.5","-1.5",,
78,657709,"Papierski, Michael",2022,409,19.1,0.2,0,0.333,0.2,0.237,0.261,0.22,3,15,67.9,8.4,2210,87.3,87.59,7,37,41,0.29999999999999716,6.46,114,152,112,150,288,314,289,"1.1","-1.1",,
125,666134,"Jones, Nolan",2022,399,31.3,0.2,0.233,0.286,0.433,0.269,0.279,0.225,6,30,86,17.4,2226,88.5,88.86,26,60,65,0.4000000000000057,6.4,116,151,112,148,289,323,302,"-0.3","0.3",,
23,543068,"Cron, C.J.",2020,215,10.7,0.2,0.2,0.2,0.4,0.421,0.387,0.191,1,5,83.2,-0.2,2384,89.8,89.95,0,7,16,0.10000000000000853,6.21,109,150,121,145,308,321,292,"-1","1",,
103,641470,"Collins, Zack",2022,477,21.6,0.2,0.2,0.231,0.4,0.282,0.27,0.218,4,20,92,15.7,2205,88.5,88.38,15,41,62,-0.09999999999999432,6.23,121,158,116,149,291,319,300,"0.1","-0.1",,
52,592351,"Gray, Jon",2021,196,26.5,0.2,0,1,0.2,0.176,0.106,0.11,3,15,79.3,-15.5,2293,87.8,88.15,15,27,25,0.4000000000000057,6.33,105,144,107,144,296,313,276,"3.3","-3.3",,
20,624133,"Suárez, Ranger",2021,72,27.8,0.2,0.2,0.333,0.4,0.248,0.276,0.288,1,5,62,-10.4,2251,91.8,91.38,3,13,7,-0.3999999999999915,6.26,113,146,101,147,266,294,275,"0.2","-0.2",,
74,621433,"Phillips, Brett",2023,298,24.8,0.2,0,0.429,0.2,0.263,0.298,0.232,3,15,75.7,-6.1,2249,92.1,92.39,16,29,45,0.30000000000001137,6.48,114,140,103,145,290,318,296,"0.6","-0.6",,
413,665804,"Amaya, Miguel",2024,1291,32,0.2,0.11,0.217,0.31,0.273,0.294,0.224,20,100,84.4,8.2,2290,89,89.39,48,223,190,0.4000000000000057,6.53,108,142,115,140,298,319,289,"3.9","-3.9","70.322618905","6.949631642"
180,645302,"Robles, Victor",2020,756,23.8,0.2,0.025,0.267,0.225,0.261,0.275,0.173,8,40,78,13.8,2242,88.3,88.66,21,93,87,0.4000000000000057,6.4,101,144,108,141,297,317,291,"4.1","-4.1",,
48,656537,"Hill, Derek",2022,332,14.5,0.2,0,0.333,0.2,0.205,0.324,0.21,2,10,87,2.5,2340,88.3,88.45,6,21,27,0.10000000000000853,6.43,101,140,104,139,295,317,281,"1.3","-1.3",,
121,687093,"Grissom, Vaughn",2022,588,20.6,0.2,0.1,0.208,0.3,0.253,0.348,0.229,6,30,84.8,6.7,2144,89.5,89.5,13,65,56,0,6.3,108,148,116,145,305,321,291,"4.8","-4.8",,
129,679845,"Loftin, Nick",2024,626,20.6,0.2,0,0.222,0.2,0.236,0.279,0.231,6,30,81.5,1.9,2301,87.8,88.21,9,57,72,0.4000000000000057,6.46,109,146,115,141,300,320,291,"3.5","-3.5","67.127333469","7.347056122"
44,663845,"Rivas III, Alfonso",2021,210,21,0.2,0,0.286,0.2,0.176,0.2,0.213,2,10,82.9,4.9,2201,87.7,87.53,6,20,24,-0.20000000000000284,6.25,103,131,101,134,284,318,301,"2.8","-2.8",,
69,668952,"Kreidler, Ryan",2022,354,19.5,0.2,0,0.333,0.2,0.225,0.18,0.098,2,10,75.9,-11.9,2304,88.2,88.17,11,39,30,0,6.22,107,150,113,145,299,322,287,"1","-1",,
788,663586,"Riley, Austin",2023,2861,27.5,0.199,0.224,0.189,0.423,0.31,0.362,0.233,31,156,93.2,17.1,2269,89.9,90.26,108,385,403,0.3999999999999915,6.45,110,146,118,143,308,328,297,"11","-11",,
765,571970,"Muncy, Max",2023,2485,30.8,0.199,0.192,0.213,0.391,0.317,0.369,0.246,30,151,90.4,18.9,2254,88.5,88.75,90,309,456,0.29999999999999716,6.44,116,141,114,147,295,322,299,"-1.6","1.6",,
366,455117,"Maldonado, Martín",2022,1504,24.3,0.198,0.209,0.231,0.407,0.284,0.294,0.211,17,86,83.6,14,2312,87.4,87.3,71,199,167,-0.10000000000000853,6.33,108,149,116,143,295,320,284,"4.5","-4.5",,
438,680474,"Schuemann, Max",2024,1835,23.9,0.198,0.143,0.273,0.341,0.276,0.252,0.171,18,91,83.6,15.7,2261,89.6,89.68,58,193,245,0.10000000000000853,6.39,108,146,111,143,300,319,289,"7.5","-7.5","63.848034731","6.349852097"
410,656582,"Joe, Connor",2024,1651,24.8,0.198,0.143,0.254,0.341,0.296,0.286,0.195,18,91,85.3,10.4,2305,89.2,89.66,44,183,227,0.5,6.53,109,146,117,143,305,320,289,"4","-4","68.87296303","7.256943455"
369,663837,"Vierling, Matt",2022,1404,26.3,0.198,0.074,0.221,0.272,0.226,0.283,0.238,16,81,90.9,9.8,2253,89.4,89.41,42,186,183,0,6.4,108,147,114,144,296,315,287,"11.7","-11.7",,
407,657656,"Laureano, Ramón",2023,1653,24.6,0.198,0.115,0.262,0.313,0.265,0.288,0.22,19,96,90.3,11.7,2271,89,89.41,71,208,199,0.4000000000000057,6.5,109,148,117,144,302,320,290,"9.3","-9.3",,
483,641531,"Dozier, Hunter",2022,1938,24.9,0.197,0.074,0.265,0.27,0.238,0.266,0.216,24,122,87.4,13.9,2276,87.6,87.72,81,249,234,0.10000000000000853,6.32,110,151,117,145,302,325,296,"14.6","-14.6",,
774,572233,"Walker, Christian",2023,2671,29,0.197,0.229,0.185,0.427,0.316,0.334,0.224,31,157,88.5,18.1,2269,89,89.26,100,388,386,0.29999999999999716,6.44,111,147,118,143,303,327,297,"4.5","-4.5",,
361,666310,"Naylor, Bo",2024,1624,22.2,0.197,0.25,0.238,0.447,0.289,0.242,0.177,15,76,86.2,17.3,2178,89.2,89.75,51,183,178,0.5,6.59,114,142,107,146,284,315,296,"0.5","-0.5","68.076935434","7.325891561"
286,666176,"Adell, Jo",2022,1175,24.3,0.197,0.076,0.316,0.273,0.222,0.212,0.164,13,66,85.5,13,2262,88.9,88.86,57,150,136,0,6.33,104,147,114,141,306,320,291,"9.6","-9.6",,
458,596146,"Kepler, Max",2022,1656,27.7,0.196,0.056,0.22,0.252,0.244,0.308,0.247,21,107,85.3,12.3,2204,88.5,88.51,48,217,241,0,6.27,115,151,108,148,294,323,297,"11.7","-11.7",,
507,683734,"Vaughn, Andrew",2021,1809,28,0.196,0.071,0.235,0.268,0.238,0.296,0.221,22,112,89.6,15,2236,88.5,88.57,64,254,253,0.09999999999999432,6.3,107,148,116,143,301,323,290,"18.3","-18.3",,
191,596115,"Story, Trevor",2023,640,29.8,0.196,0.174,0.25,0.37,0.247,0.274,0.207,9,46,90.6,17.6,2354,90.4,90.59,33,99,92,0.19999999999998863,6.47,112,151,119,146,293,321,290,"0.9","-0.9",,
424,573262,"Yastrzemski, Mike",2024,1955,21.7,0.196,0.155,0.246,0.351,0.26,0.268,0.206,19,97,85.7,15.4,2232,89.4,89.85,56,209,215,0.5,6.51,118,141,108,146,292,318,298,"6","-6","68.093903134","7.382695622"
224,668800,"Knizner, Andrew",2023,831,27,0.196,0.161,0.237,0.357,0.267,0.279,0.219,11,56,80.6,15.8,2303,88.2,88.59,32,120,104,0.3999999999999915,6.45,107,149,116,146,303,320,291,"5.4","-5.4",,
666,593934,"Sanó, Miguel",2021,2195,30.3,0.196,0.217,0.264,0.413,0.294,0.276,0.189,27,138,93.1,13.4,2239,88.7,88.91,123,315,351,0.20000000000000284,6.32,108,150,120,143,299,325,294,"11","-11",,
217,543257,"Grossman, Robbie",2024,1031,21,0.196,0.022,0.257,0.217,0.23,0.272,0.212,9,46,88.6,14.7,2208,89,89.09,20,85,132,0.09999999999999432,6.37,111,146,113,146,294,321,292,"3.6","-3.6","65.529662927","6.303540244"
250,666181,"Benson, Will",2023,1368,18.3,0.196,0.232,0.31,0.429,0.324,0.277,0.148,11,56,88,13.1,2264,88.7,88.9,36,117,133,0.20000000000000284,6.4,117,143,112,147,290,322,297,"3.8","-3.8",,
384,596748,"Franco, Maikel",2021,1466,26.2,0.196,0.13,0.208,0.326,0.255,0.266,0.206,18,92,86,10.9,2275,88.2,88.4,51,188,196,0.20000000000000284,6.44,111,150,119,147,297,323,291,"5.6","-5.6",,
241,519390,"Vogt, Stephen",2021,1015,23.7,0.196,0.089,0.217,0.286,0.255,0.287,0.205,11,56,85.6,16.4,2294,88.5,88.35,28,114,127,-0.09999999999999432,6.2,118,155,113,149,293,319,301,"2.5","-2.5",,
443,621550,"Wisdom, Patrick",2021,1631,27.2,0.196,0.239,0.3,0.435,0.312,0.316,0.209,18,92,90.1,15.2,2204,89,89.11,110,232,211,0.09999999999999432,6.34,110,148,119,143,296,323,297,"2","-2",,
197,592567,"Moran, Colin",2020,809,24.4,0.195,0.073,0.241,0.268,0.267,0.271,0.179,8,41,90.5,2.7,2297,87.7,87.84,37,106,91,0.09999999999999432,6.33,121,157,113,149,295,318,294,"2.4","-2.4",,
375,668670,"Rogers, Jake",2023,1432,26.2,0.195,0.207,0.261,0.402,0.272,0.297,0.229,17,87,88.5,15.6,2298,90,90.17,60,174,201,0.20000000000000284,6.38,108,148,116,144,300,324,290,"8.1","-8.1",,
201,571718,"Goodwin, Brian",2020,682,29.5,0.195,0.146,0.28,0.341,0.265,0.255,0.181,8,41,90,27.9,2248,87.3,87.31,29,77,124,0,6.27,117,147,111,146,288,316,296,"7.2","-7.2",,
303,643393,"Kemp, Tony",2023,1481,20.5,0.195,0.039,0.221,0.234,0.215,0.234,0.201,15,77,82,6.6,2200,89.7,89.94,31,162,141,0.20000000000000284,6.42,112,142,97,145,285,315,296,"13","-13",,
349,645302,"Robles, Victor",2022,1415,24.7,0.195,0.046,0.254,0.241,0.204,0.227,0.202,17,87,76.4,5.8,2212,88.5,88.56,52,196,153,0.09999999999999432,6.33,103,147,106,143,296,316,287,"6.2","-6.2",,
177,663630,"McKenna, Ryan",2021,836,21.2,0.195,0.098,0.304,0.293,0.27,0.265,0.191,8,41,77,7.8,2248,88.3,88.54,27,91,86,0.20000000000000284,6.46,109,149,114,145,297,317,286,"2.3","-2.3",,
395,650559,"De La Cruz, Bryan",2022,1387,28.5,0.195,0.207,0.185,0.402,0.287,0.349,0.268,17,87,90.1,6.8,2214,89,89.03,47,172,223,0,6.44,109,146,114,142,300,319,286,"5.6","-5.6",,
198,641531,"Dozier, Hunter",2020,725,27.3,0.195,0.024,0.286,0.22,0.265,0.285,0.213,8,41,82.2,12.5,2288,88.8,88.87,24,86,112,0.10000000000000853,6.2,108,145,117,144,304,324,293,"4.8","-4.8",,
344,475582,"Zimmerman, Ryan",2021,1117,30.8,0.195,0.22,0.208,0.415,0.282,0.32,0.24,16,82,91.7,8.7,2271,89.8,89.86,49,146,198,0.10000000000000853,6.32,109,149,117,146,304,322,294,"8.7","-8.7",,
544,641598,"Garver, Mitch",2024,1815,30,0.194,0.204,0.239,0.398,0.301,0.292,0.191,20,103,90,18.9,2288,88.2,88.43,67,216,328,0.20000000000000284,6.43,109,148,118,144,298,323,292,"3.1","-3.1","69.162172079","7.258830248"
524,682928,"Abrams, CJ",2023,2212,23.7,0.194,0.18,0.204,0.374,0.267,0.268,0.209,27,139,86.9,12.5,2264,88.9,89.32,67,285,239,0.3999999999999915,6.51,114,142,103,146,288,318,298,"13.4","-13.4",,
144,595978,"Hedges, Austin",2024,547,26.3,0.194,0,0.286,0.194,0.177,0.147,0.138,6,31,71.8,8.3,2270,88.9,89.23,27,80,64,0.29999999999999716,6.44,103,139,106,138,294,315,288,"6.2","-6.2","62.085947612","6.62597597"
127,669477,"Schmitt, Casey",2024,374,34,0.194,0.065,0.273,0.258,0.218,0.208,0.175,6,31,89.6,22.1,2263,89.7,89.87,24,69,58,0.20000000000000284,6.37,107,148,117,147,301,320,289,"4.1","-4.1","67.14362","7.222856667"
325,503556,"Gonzalez, Marwin",2021,1203,27,0.194,0.111,0.235,0.306,0.269,0.28,0.206,14,72,85.6,7.6,2159,87.8,87.78,35,161,164,0,6.29,113,148,110,145,287,319,300,"7.1","-7.1",,
277,642133,"Tellez, Rowdy",2021,1266,21.9,0.194,0.164,0.213,0.358,0.261,0.334,0.251,13,67,90.2,15,2242,89.2,89.31,38,137,140,0.09999999999999432,6.3,119,161,114,149,297,323,300,"3.5","-3.5",,
149,660644,"Bruján, Vidal",2022,612,24.3,0.194,0.083,0.241,0.278,0.229,0.249,0.197,7,36,85.9,8,2164,88.6,88.18,13,77,72,-0.3999999999999915,6.11,111,147,100,146,295,321,292,"3.2","-3.2",,
136,570731,"Schoop, Jonathan",2023,599,22.7,0.194,0.065,0.214,0.258,0.225,0.307,0.265,6,31,87.1,16.8,2270,91,91.45,16,75,61,0.5,6.64,109,148,117,143,300,322,290,"7","-7",,
342,671221,"Waters, Drew",2023,1317,26,0.194,0.125,0.286,0.319,0.281,0.305,0.202,14,72,85.1,22.3,2287,88.4,88.73,70,179,163,0.29999999999999716,6.4,114,144,108,145,294,322,298,"7.1","-7.1",,
173,592348,"Goodrum, Niko",2020,775,22.3,0.194,0.167,0.286,0.361,0.279,0.294,0.2,7,36,90.2,20,2274,87.4,87.57,25,71,102,0.19999999999998863,6.37,113,150,112,151,293,324,291,"3.4","-3.4",,
123,608348,"Kelly, Carson",2023,559,22,0.194,0.129,0.208,0.323,0.266,0.258,0.179,6,31,87.5,24.5,2266,89.6,89.95,15,60,63,0.4000000000000057,6.51,112,146,117,145,301,323,289,"2.3","-2.3",,
327,595978,"Hedges, Austin",2022,1274,25.7,0.193,0.06,0.221,0.253,0.215,0.238,0.208,16,83,77.4,6.6,2299,88.2,88.28,47,175,152,0.09999999999999432,6.32,105,146,111,142,288,314,286,"11.4","-11.4",,
257,572761,"Carpenter, Matt",2021,1123,22.9,0.193,0.193,0.25,0.386,0.286,0.341,0.235,11,57,87.4,23.3,2208,89.2,89.31,37,113,144,0.09999999999999432,6.29,115,158,107,147,298,322,302,"2.5","-2.5",,
378,608348,"Kelly, Carson",2022,1423,26.6,0.193,0.072,0.214,0.265,0.259,0.313,0.224,16,83,86,16.3,2268,89.5,89.31,37,178,200,-0.20000000000000284,6.33,111,149,116,144,302,322,291,"9.2","-9.2",,
484,676914,"Schneider, Davis",2024,1974,24.5,0.193,0.102,0.286,0.295,0.266,0.299,0.192,17,88,87.4,20.5,2261,89.8,89.88,66,196,288,0.10000000000000853,6.4,108,146,117,142,295,320,289,"11.2","-11.2","67.883859615","6.826994835"
232,669289,"Espinal, Santiago",2021,912,25.4,0.193,0.088,0.204,0.281,0.249,0.289,0.245,11,57,83.6,10.7,2291,87.9,87.89,14,113,119,0,6.31,105,145,109,140,296,315,281,"3.2","-3.2",,
139,694497,"Carter, Evan",2024,648,21.5,0.192,0.077,0.278,0.269,0.293,0.287,0.19,5,26,83.8,4.7,2216,87.3,87.28,17,54,85,0,6.4,113,142,109,147,292,323,298,"2.1","-2.1","66.389320286","6.902891429"
103,669742,"Hall, Darick",2022,543,19,0.192,0.192,0.313,0.385,0.258,0.266,0.166,5,26,87.8,11.3,2301,89,88.98,24,57,46,0,6.29,121,163,118,151,290,321,303,"2.6","-2.6",,
273,641786,"Lewis, Kyle",2020,982,27.8,0.192,0.115,0.235,0.308,0.288,0.337,0.211,10,52,89.3,6,2292,88.4,88.05,40,120,153,-0.30000000000001137,6.13,108,147,115,145,303,321,293,"0.8","-0.8",,
309,650391,"Jiménez, Eloy",2024,1201,25.7,0.192,0.064,0.255,0.256,0.253,0.28,0.215,15,78,93.7,8.2,2264,88,88.48,43,153,156,0.5,6.62,111,149,121,146,303,324,293,"8.7","-8.7","72.429720208","7.212181181"
468,542340,"Villar, Jonathan",2021,1967,23.8,0.192,0.01,0.299,0.202,0.214,0.222,0.187,20,104,80.9,2.3,2218,88.7,88.74,82,248,220,0,6.32,110,145,107,145,293,317,292,"16.2","-16.2",,
336,657557,"DeJong, Paul",2021,1578,21.3,0.192,0.179,0.186,0.372,0.291,0.329,0.229,15,78,85.8,13.7,2286,88.6,88.64,44,174,162,0,6.32,108,148,116,143,302,323,294,"3.9","-3.9",,
122,571466,"Barnhart, Tucker",2024,375,32.5,0.192,0,0.238,0.192,0.239,0.25,0.178,5,26,78.1,-4.3,2231,89.2,89.51,10,57,65,0.29999999999999716,6.49,116,145,109,148,284,318,297,"3.7","-3.7","63.978445849","6.967585849"
154,669221,"Murphy, Sean",2020,584,26.4,0.192,0,0.333,0.192,0.294,0.249,0.103,5,26,92.9,23.5,2295,89,88.92,15,64,90,-0.09999999999999432,6.2,108,147,117,143,298,321,288,"4.2","-4.2",,
112,693307,"Dingler, Dillon",2024,331,33.8,0.192,0.115,0.294,0.308,0.261,0.278,0.241,5,26,91.7,2,2280,89.9,90.3,19,62,50,0.3999999999999915,6.48,107,148,119,143,299,323,290,"2.2","-2.2","69.056643871","7.382805968"
402,677649,"Duran, Ezequiel",2023,1657,24.3,0.192,0.081,0.286,0.273,0.228,0.232,0.183,19,99,86.4,19.2,2284,88.3,88.38,80,227,175,0.10000000000000853,6.4,110,148,116,145,302,327,291,"13.5","-13.5",,
388,663616,"Larnach, Trevor",2021,1211,32,0.192,0.027,0.333,0.219,0.27,0.252,0.159,14,73,89.6,10.3,2233,88.8,88.84,63,176,212,0,6.27,117,156,113,147,294,321,298,"6.7","-6.7",,
119,666211,"Trammell, Taylor",2022,430,27.7,0.192,0.077,0.25,0.269,0.241,0.264,0.22,5,26,85,26.3,2221,87.9,87.92,23,61,58,0,6.29,118,154,110,153,288,320,294,"4.9","-4.9",,
239,657557,"DeJong, Paul",2022,977,24.5,0.192,0.173,0.276,0.365,0.282,0.266,0.179,10,52,84.4,21,2301,89.2,89.12,48,121,118,-0.10000000000000853,6.26,108,148,118,144,303,322,296,"4.6","-4.6",,
340,663647,"Hayes, Ke'Bryan",2024,1470,23.1,0.192,0.068,0.21,0.26,0.233,0.28,0.23,14,73,88.2,6.8,2301,89.4,89.69,26,137,203,0.29999999999999716,6.43,109,145,116,143,305,317,286,"10.1","-10.1","70.74607945","6.761401743"
207,668901,"Vientos, Mark",2023,847,24.4,0.192,0.077,0.257,0.269,0.242,0.282,0.205,10,52,90.2,6.3,2328,89,89.18,38,105,102,0.20000000000000284,6.4,110,146,119,145,301,324,291,"5.3","-5.3",,
254,596129,"Vogelbach, Daniel",2021,1177,21.6,0.191,0.149,0.212,0.34,0.319,0.302,0.187,9,47,89.2,14.6,2264,88.5,88.47,12,73,181,0,6.23,120,160,114,148,291,320,301,"-0.4","0.4",,
188,668751,"Mitchell, Cal",2022,850,22.1,0.191,0.106,0.276,0.298,0.235,0.221,0.187,9,47,90.5,8.8,2346,89.2,89.37,39,104,84,0.20000000000000284,6.37,112,149,109,146,292,319,297,"7.6","-7.6",,
488,641487,"Crawford, J.P.",2024,1911,25.5,0.191,0.128,0.235,0.319,0.291,0.311,0.221,18,94,86.7,15.4,2257,90,90.23,41,202,285,0.20000000000000284,6.39,115,143,106,146,287,317,295,"2.2","-2.2","70.145532394","7.110799787"
683,593428,"Bogaerts, Xander",2023,2644,25.8,0.191,0.149,0.206,0.34,0.29,0.31,0.211,27,141,87.2,4.2,2278,89.4,89.58,63,298,385,0.19999999999998863,6.45,110,148,119,145,302,324,292,"18","-18",,
83,553869,"Díaz, Elias",2020,270,30.7,0.19,0.143,0.188,0.333,0.262,0.334,0.289,4,21,86.1,4.9,2189,88.9,89.24,12,43,40,0.29999999999999716,6.32,107,149,119,146,306,322,289,"2.5","-2.5",,
453,665120,"Walsh, Jared",2022,1746,25.9,0.19,0.171,0.242,0.362,0.264,0.283,0.217,20,105,89.1,10,2222,88.9,89,67,221,232,0.09999999999999432,6.44,118,157,112,149,299,322,301,"8.8","-8.8",,
118,607345,"Smith, Kevan",2021,404,29.2,0.19,0,0.267,0.19,0.268,0.307,0.206,4,21,85.6,2.3,2211,88.9,88.95,16,54,64,0.09999999999999432,6.26,107,144,112,141,304,315,279,"2.7","-2.7",,
93,676632,"Madris, Bligh",2022,492,18.9,0.19,0.095,0.267,0.286,0.226,0.254,0.211,4,21,85.9,10.1,2350,89.6,89.83,12,49,44,0.20000000000000284,6.37,115,147,109,146,294,318,295,"1.8","-1.8",,
189,672386,"Kirk, Alejandro",2021,748,25.3,0.19,0.238,0.143,0.429,0.299,0.406,0.298,8,42,92.1,14.7,2242,88.2,88.27,15,91,98,0.09999999999999432,6.41,110,150,117,147,302,323,288,"1.6","-1.6",,
108,595453,"Wallach, Chad",2021,292,37,0.19,0,0.286,0.19,0.216,0.201,0.096,4,21,83.3,4.5,2325,88.2,88.06,19,54,54,-0.10000000000000853,6.28,108,147,115,143,304,321,291,"4.1","-4.1",,
75,667472,"Myers, Dane",2023,262,28.6,0.19,0,0.25,0.19,0.16,0.32,0.347,4,21,94.3,7.8,2355,89.2,89.28,9,40,35,0.09999999999999432,6.42,110,149,119,145,303,313,288,"3.1","-3.1",,
88,642423,"Sierra, Magneuris",2022,346,25.4,0.19,0.143,0.25,0.333,0.279,0.271,0.215,4,21,79.6,4.4,2220,88.3,88.3,8,50,38,0,6.25,110,144,97,147,282,310,298,"1.6","-1.6",,
80,669065,"Stowers, Kyle",2022,368,21.7,0.19,0.048,0.308,0.238,0.211,0.283,0.242,4,21,89.7,3.1,2255,89.4,89.22,18,48,32,-0.20000000000000284,6.34,115,146,103,146,291,321,296,"4.4","-4.4",,
303,641856,"McKinney, Billy",2021,1280,23.7,0.19,0.127,0.213,0.317,0.273,0.278,0.195,12,63,87.4,20.3,2221,89.3,89.11,39,147,156,-0.20000000000000284,6.26,116,150,109,148,292,319,296,"5.7","-5.7",,
678,668227,"Arozarena, Randy",2024,2774,24.4,0.189,0.133,0.242,0.322,0.275,0.293,0.192,27,143,89.5,10.4,2296,90.2,90.42,101,308,370,0.20000000000000284,6.48,108,147,117,144,300,324,292,"14.1","-14.1","69.816717708","7.251060139"
154,665019,"Clemens, Kody",2024,468,32.9,0.189,0.243,0.2,0.432,0.293,0.28,0.191,7,37,86.9,21.2,2228,90.2,90.55,20,78,76,0.3999999999999915,6.57,114,142,111,146,288,321,294,"1.5","-1.5","69.550242597","7.265227922"
177,665926,"Giménez, Andrés",2021,819,21.6,0.189,0.162,0.24,0.351,0.253,0.176,0.111,7,37,82.1,11.9,2221,89,89.29,28,102,75,0.29999999999999716,6.32,112,145,102,143,282,316,297,"1.6","-1.6",,
374,543768,"Shaw, Travis",2021,1048,35.7,0.189,0.23,0.217,0.419,0.318,0.342,0.234,14,74,89.7,17.6,2326,89.5,89.18,48,176,198,-0.29999999999999716,6.18,119,154,113,148,293,320,299,"-2.3","2.3",,
474,676116,"Noda, Ryan",2023,2091,22.7,0.189,0.179,0.25,0.368,0.299,0.317,0.207,20,106,90.1,14.1,2277,89.7,90.01,76,214,260,0.29999999999999716,6.45,117,144,109,147,293,321,297,"0.8","-0.8",,
150,435559,"Suzuki, Kurt",2021,912,16.4,0.189,0.108,0.182,0.297,0.239,0.293,0.245,7,37,85.4,21.3,2323,88.3,88.13,17,80,70,-0.20000000000000284,6.26,107,146,111,142,295,315,290,"4.5","-4.5",,
249,542340,"Villar, Jonathan",2020,805,30.9,0.189,0.019,0.238,0.208,0.234,0.222,0.155,10,53,81.6,5.8,2142,88.7,88.88,37,130,119,0.20000000000000284,6.38,114,145,108,145,286,315,293,"8","-8",,
213,595879,"Báez, Javier",2020,909,23.4,0.189,0.132,0.211,0.321,0.241,0.266,0.189,10,53,86.4,5.4,2355,88.2,88.52,39,112,101,0.29999999999999716,6.44,108,146,114,142,300,323,294,"8.6","-8.6",,
168,666135,"Kirilloff, Alex",2024,677,24.8,0.189,0.108,0.231,0.297,0.258,0.297,0.199,7,37,90.3,4.6,2275,88.4,88.82,32,84,84,0.3999999999999915,6.52,119,143,112,147,292,324,301,"1.8","-1.8","70.70013","7.672615125"
173,553902,"Astudillo, Willians",2021,614,28.2,0.189,0.057,0.208,0.245,0.201,0.263,0.234,10,53,88.1,12.9,2276,89.4,89.26,13,111,62,-0.10000000000000853,6.22,109,150,118,145,296,318,289,"10","-10",,
325,493329,"Gurriel, Yuli",2023,1189,27.3,0.189,0.095,0.22,0.284,0.244,0.288,0.241,14,74,85.9,14,2259,90.4,90.78,38,157,168,0.3999999999999915,6.58,109,149,120,146,301,318,289,"9.5","-9.5",,
374,518934,"LeMahieu, DJ",2022,2152,17.4,0.188,0.05,0.209,0.237,0.277,0.314,0.237,15,80,83.7,2.1,2260,90.2,90.32,30,161,213,0.09999999999999432,6.38,113,147,116,146,303,322,286,"-2.2","2.2",,
137,663897,"Williams, Luke",2022,540,25.4,0.188,0.031,0.375,0.219,0.208,0.226,0.198,6,32,79.4,15.3,2304,89.5,89.62,22,73,64,0.09999999999999432,6.43,105,145,109,142,292,314,282,"5.3","-5.3",,
67,666703,"Rosario, Eguy",2024,226,29.6,0.188,0,0.375,0.188,0.165,0.162,0.167,3,16,84,3.9,2223,87.6,87.69,17,35,32,0.10000000000000853,6.39,109,145,117,141,301,321,295,"3.7","-3.7","64.593067778","7.316725185"
76,642136,"Thaiss, Matt",2022,324,23.5,0.188,0,0.273,0.188,0.186,0.183,0.168,3,16,90,1.4,2253,88.5,88.3,11,36,40,-0.20000000000000284,6.29,113,159,110,149,292,320,302,"3","-3",,
59,682617,"Luciano, Marco",2024,325,18.2,0.188,0.063,0.25,0.25,0.218,0.324,0.292,3,16,88.3,22.8,2271,88.2,88.33,9,30,29,0.09999999999999432,6.24,114,152,124,147,302,322,292,"2.8","-2.8","71.026842667","7.153728"
383,572287,"Zunino, Mike",2021,1502,25.5,0.188,0.294,0.214,0.482,0.32,0.298,0.175,16,85,89.3,26.3,2288,89,89.19,78,180,203,0.20000000000000284,6.49,106,148,118,143,298,324,293,"0","0",,
71,670712,"Brosseau, Mike",2020,377,18.8,0.188,0.313,0.2,0.5,0.308,0.29,0.202,3,16,92,22.2,2178,88.6,88.52,11,34,37,-0.09999999999999432,6.4,107,147,117,142,303,320,290,"2.6","-2.6",,
65,643269,"Craig, Will",2021,247,26.3,0.188,0,0.273,0.188,0.196,0.125,0.091,3,16,75.6,6.7,2340,88.5,88.46,13,39,26,0,6.22,107,148,120,143,296,317,288,"2.9","-2.9",,
64,669203,"Burnes, Corbin",2021,239,26.8,0.188,0,0.3,0.188,0.196,0.203,0.189,3,16,77.7,-1.8,2417,87.6,87.67,7,31,33,0.10000000000000853,6.3,104,140,105,139,289,299,267,"3.6","-3.6",,
422,686894,"Wiemer, Joey",2023,1585,26.6,0.188,0.167,0.215,0.354,0.278,0.272,0.187,18,96,87.4,13.7,2298,88,88.28,78,223,199,0.29999999999999716,6.43,109,147,116,143,299,319,289,"6.3","-6.3",,
95,656248,"Bouchard, Sean",2022,418,22.7,0.188,0.063,0.333,0.25,0.294,0.265,0.101,3,16,84.5,12.6,2240,88.8,89.52,11,32,63,0.7000000000000028,6.55,109,149,117,145,305,320,288,"-0.2","0.2",,
230,624513,"Nuñez, Dom",2021,1129,20.4,0.188,0.208,0.259,0.396,0.301,0.289,0.173,9,48,82.8,20.9,2291,87.4,87.51,29,90,140,0.09999999999999432,6.2,115,150,111,146,297,329,301,"2.5","-2.5",,
141,681987,"Eaton, Nate",2022,479,29.4,0.188,0.094,0.25,0.281,0.225,0.222,0.174,6,32,86,18.6,2228,90,90.15,23,72,69,0.09999999999999432,6.36,109,147,112,143,299,322,290,"2.3","-2.3",,
127,572041,"Pollock, AJ",2023,557,22.8,0.188,0.031,0.231,0.219,0.209,0.23,0.171,6,32,90.2,12,2168,86.9,87.05,18,66,61,0.19999999999998863,6.33,109,149,117,143,298,321,288,"3.8","-3.8",,
136,624512,"McGuire, Reese",2024,609,22.3,0.188,0.125,0.172,0.313,0.222,0.269,0.225,6,32,78.5,18.1,2208,88.7,88.93,16,75,61,0.20000000000000284,6.43,113,138,102,142,282,318,303,"0.9","-0.9","66.63422127","7.996070476"
45,489119,"Miley, Wade",2021,165,27.3,0.188,0.125,0.25,0.313,0.21,0.281,0.3,3,16,85.6,5.8,2379,86.9,86.85,12,34,11,-0.10000000000000853,6.2,109,136,102,132,271,298,282,"3.1","-3.1",,
424,679529,"Torkelson, Spencer",2024,1593,26.6,0.187,0.088,0.246,0.275,0.244,0.262,0.204,17,91,88.6,16.9,2297,89.1,89.32,55,199,225,0.20000000000000284,6.48,110,149,119,145,298,324,294,"11.3","-11.3","71.308231828","7.417075914"
468,623993,"Santander, Anthony",2021,1812,25.8,0.187,0.14,0.227,0.327,0.241,0.285,0.227,20,107,91.2,10.8,2167,88.9,89,65,252,216,0.09999999999999432,6.36,115,149,112,146,293,321,295,"11.3","-11.3",,
387,641645,"Guillorme, Luis",2022,1373,28.2,0.186,0.035,0.225,0.221,0.221,0.235,0.19,16,86,82.4,0.9,2281,89.9,89.8,29,163,224,-0.10000000000000853,6.34,116,147,107,148,283,314,301,"11.5","-11.5",,
175,676391,"Clement, Ernie",2022,629,27.8,0.186,0,0.205,0.186,0.194,0.252,0.237,8,43,76.7,4,2303,90,89.97,10,86,89,0,6.3,104,147,108,143,294,311,281,"8.2","-8.2",,
347,678246,"Vargas, Miguel",2023,1204,28.8,0.186,0.171,0.226,0.357,0.29,0.298,0.2,13,70,86.4,14.3,2263,90,90.51,40,157,190,0.5,6.55,110,146,117,141,301,317,292,"6.4","-6.4",,
198,658668,"Olivares, Edward",2024,768,25.8,0.186,0.07,0.184,0.256,0.224,0.327,0.276,8,43,85,9.5,2260,90.3,90.75,22,97,101,0.5,6.53,108,148,116,145,303,317,287,"4.9","-4.9","69.144916203","7.083535063"
195,572816,"Dickerson, Corey",2020,861,22.6,0.186,0,0.222,0.186,0.22,0.228,0.178,8,43,83.3,3.4,2147,89.7,89.88,24,104,91,0.20000000000000284,6.43,114,148,112,147,288,316,299,"5.7","-5.7",,
647,663728,"Raleigh, Cal",2023,2338,27.7,0.186,0.214,0.209,0.4,0.28,0.304,0.209,26,140,88.3,19.9,2181,89,89.33,93,324,323,0.29999999999999716,6.43,116,144,114,148,294,322,293,"7.9","-7.9",,
141,645801,"Ford, Mike",2022,623,22.6,0.185,0.037,0.313,0.222,0.271,0.285,0.187,5,27,88.4,10.2,2277,87.8,87.65,13,48,93,-0.20000000000000284,6.23,119,160,114,148,291,320,297,"1.7","-1.7",,
350,673357,"Robert Jr., Luis",2024,1609,21.8,0.185,0.123,0.255,0.309,0.246,0.327,0.227,15,81,91.3,12.2,2277,88.9,89.23,66,190,160,0.29999999999999716,6.48,110,148,119,144,300,324,296,"10.7","-10.7","71.987415581","7.719770349"
102,663698,"Bart, Joey",2020,431,23.7,0.185,0.074,0.278,0.259,0.241,0.241,0.188,5,27,87.8,7.9,2244,89,89.2,16,53,49,0.20000000000000284,6.22,111,148,121,143,300,327,298,"4.4","-4.4",,
211,543309,"Higashioka, Kyle",2022,907,23.3,0.185,0.074,0.2,0.259,0.213,0.215,0.18,10,54,84.3,8.7,2264,88.5,88.43,37,111,100,-0.09999999999999432,6.3,105,147,115,143,300,320,290,"6.7","-6.7",,
134,474568,"Mercer, Jordy",2021,540,24.8,0.185,0.037,0.263,0.222,0.257,0.265,0.181,5,27,84.7,0.3,2315,89.7,90.02,13,50,84,0.29999999999999716,6.42,110,150,116,144,298,314,284,"2.3","-2.3",,
126,663527,"Nevin, Tyler",2023,464,27.2,0.185,0.259,0.176,0.444,0.251,0.28,0.24,5,27,88.8,18.5,2282,89.8,90.04,13,72,54,0.20000000000000284,6.41,109,148,115,144,303,324,285,"5.8","-5.8",,
163,456715,"Cain, Lorenzo",2022,623,26.2,0.184,0.026,0.233,0.211,0.194,0.21,0.194,7,38,88.3,1.8,2237,89.1,88.92,25,96,67,-0.19999999999998863,6.3,112,149,117,146,302,315,283,"7.6","-7.6",,
208,643565,"Tauchman, Mike",2021,870,23.9,0.184,0.237,0.182,0.421,0.311,0.334,0.234,7,38,86.8,6.1,2324,89.5,89.56,40,103,105,0.09999999999999432,6.31,118,147,107,148,290,318,303,"0.5","-0.5",,
202,681393,"Norby, Connor",2024,759,26.6,0.184,0.184,0.294,0.368,0.306,0.302,0.173,7,38,84.7,3.6,2290,89.4,89.53,41,111,91,0.09999999999999432,6.42,107,145,116,141,303,319,289,"4.4","-4.4","67.476000095","7.014917333"
242,605131,"Barnes, Austin",2022,850,28.5,0.184,0.102,0.205,0.286,0.287,0.28,0.178,9,49,81.8,7.3,2201,89.2,89.37,22,115,127,0.20000000000000284,6.39,106,145,113,141,298,318,288,"2.8","-2.8",,
383,570256,"Polanco, Gregory",2021,1551,24.7,0.184,0.053,0.22,0.237,0.22,0.317,0.226,14,76,88.8,15.9,2303,89.7,89.84,55,192,191,0.09999999999999432,6.35,115,153,112,146,299,319,297,"17","-17",,
148,476704,"Lowrie, Jed",2022,727,20.4,0.184,0.105,0.194,0.289,0.206,0.222,0.192,7,38,84.4,11.3,2288,88.1,87.98,19,79,69,-0.09999999999999432,6.27,112,154,109,146,290,317,294,"6.3","-6.3",,
236,669016,"Marsh, Brandon",2021,1073,22,0.184,0.122,0.258,0.306,0.255,0.309,0.238,9,49,86.7,11.3,2169,88,87.97,41,123,113,0,6.26,115,144,108,146,291,320,300,"8","-8",,
282,649557,"Díaz, Aledmys",2023,1179,23.9,0.184,0.079,0.209,0.263,0.212,0.228,0.198,14,76,86,7.2,2266,88.3,88.46,30,155,127,0.20000000000000284,6.35,109,148,116,144,299,320,289,"12.6","-12.6",,
187,605137,"Bell, Josh",2020,857,21.8,0.184,0.184,0.172,0.368,0.27,0.32,0.209,7,38,92.5,17.1,2228,87,87.42,28,88,99,0.4000000000000057,6.43,114,154,112,147,301,321,295,"7.5","-7.5",,
175,681584,"Villar, David",2022,730,24,0.184,0.105,0.368,0.289,0.29,0.247,0.14,7,38,82.1,21.4,2305,88.3,88.27,35,74,101,0,6.24,110,149,120,145,298,314,289,"3.2","-3.2",,
517,542303,"Ozuna, Marcell",2022,2023,25.6,0.183,0.119,0.2,0.302,0.227,0.297,0.237,23,126,89,19.7,2243,89.1,89.35,73,276,241,0.30000000000001137,6.4,109,150,119,145,304,324,293,"18","-18",,
386,677950,"Thomas, Alek",2022,1483,26,0.183,0.108,0.219,0.29,0.238,0.27,0.221,17,93,88.4,1.9,2256,89.6,89.52,54,194,192,-0.09999999999999432,6.32,115,147,104,148,288,320,304,"10.3","-10.3",,
401,666624,"Morel, Christopher",2022,1648,24.3,0.183,0.118,0.238,0.301,0.266,0.272,0.185,17,93,85.4,11.6,2285,88,88.09,69,204,197,0.09999999999999432,6.32,107,144,112,140,296,320,289,"7.6","-7.6",,
124,664056,"Bader, Harrison",2020,522,23.8,0.182,0.136,0.25,0.318,0.331,0.292,0.099,4,22,81.1,29.3,2338,88.3,88.55,18,56,68,0.29999999999999716,6.39,102,141,109,135,303,321,295,"0.5","-0.5",,
246,642721,"Gutiérrez, Kelvin",2021,1160,21.2,0.182,0.055,0.25,0.236,0.246,0.239,0.17,10,55,87.9,1.7,2213,89,89.25,38,110,136,0.20000000000000284,6.46,108,147,116,144,303,325,291,"8.1","-8.1",,
55,663662,"Cameron, Daz",2020,237,23.2,0.182,0,0.5,0.182,0.16,0.135,0.142,2,11,84.8,23,2324,86.6,86.65,10,29,26,0,6.33,108,148,116,144,297,318,284,"2","-2",,
212,643289,"Dubón, Mauricio",2022,933,22.7,0.182,0.073,0.2,0.255,0.198,0.185,0.149,10,55,82.2,20,2283,88.3,88.18,31,130,82,-0.09999999999999432,6.34,105,148,108,145,292,318,283,"9","-9",,
205,543685,"Rendon, Anthony",2024,977,21,0.182,0,0.2,0.182,0.217,0.269,0.188,8,44,86.3,10.9,2265,89.8,89.88,15,86,119,0.10000000000000853,6.45,109,147,117,143,302,318,289,"2.1","-2.1","65.320252568","6.616431892"
31,605480,"Smith, Mallex",2020,176,17.6,0.182,0.091,0.25,0.273,0.193,0.18,0.191,2,11,81.8,1.5,2193,90.6,90.42,5,19,12,-0.19999999999998863,6.17,118,147,96,144,277,311,298,"1","-1",,
261,670764,"Walls, Taylor",2024,1028,25.4,0.182,0.036,0.238,0.218,0.266,0.307,0.208,10,55,85.1,20.3,2320,89.4,89.68,36,119,142,0.29999999999999716,6.5,114,143,104,144,289,319,294,"6.6","-6.6","64.426772368","7.002768509"
130,687799,"Marlowe, Cade",2023,431,30.2,0.182,0.136,0.273,0.318,0.301,0.3,0.195,4,22,89.7,27.1,2230,88.1,88.33,22,64,66,0.20000000000000284,6.42,118,146,111,150,291,323,295,"1.2","-1.2",,
219,660636,"Castillo, Diego A.",2022,1149,19.1,0.182,0.227,0.161,0.409,0.256,0.263,0.165,8,44,88.6,18.2,2206,87.9,87.98,26,105,114,0.09999999999999432,6.39,106,148,116,144,303,316,288,"4.9","-4.9",,
54,667670,"Rooker, Brent",2022,142,38,0.182,0.091,0.286,0.273,0.273,0.341,0.206,2,11,91.7,12.6,2282,90.2,90.29,10,28,26,0.09999999999999432,6.33,110,144,114,140,301,325,294,"2.1","-2.1",,
66,691176,"Domínguez, Jasson",2024,278,23.7,0.182,0,0.25,0.182,0.347,0.401,0.239,2,11,90.6,19.4,2274,89,89.03,8,28,38,0,6.35,117,147,116,145,299,321,291,"1.4","-1.4","74.734404444","7.594724815"
101,660620,"Araúz, Jonathan",2021,321,31.5,0.182,0.182,0.2,0.364,0.248,0.211,0.189,4,22,80.1,18.6,2147,88.1,88.14,13,49,52,0,6.34,111,146,107,147,276,310,294,"3.2","-3.2",,
45,656248,"Bouchard, Sean",2023,162,27.8,0.182,0.091,0.286,0.273,0.217,0.257,0.123,2,11,90,11.9,2108,85.8,86.09,6,19,26,0.29999999999999716,6.31,110,142,115,139,302,326,298,"2.1","-2.1",,
42,546990,"Alford, Anthony",2020,108,38.9,0.182,0.182,0.222,0.364,0.222,0.241,0.254,2,11,76.4,-9,2315,86.6,86.53,9,21,21,-0.09999999999999432,6.26,106,143,112,142,307,317,281,"0","0",,
105,606213,"Mercedes, Yermín",2022,353,29.7,0.182,0.045,0.25,0.227,0.24,0.252,0.196,4,22,83.5,24,2294,88.7,88.46,12,50,55,-0.20000000000000284,6.2,111,151,121,146,298,314,289,"4","-4",,
150,660634,"Hernández, Yonny",2021,681,22,0.182,0.061,0.231,0.242,0.245,0.287,0.246,6,33,74.8,8.8,2132,88.4,88.49,7,74,76,0.09999999999999432,6.3,112,147,105,147,288,317,296,"4.2","-4.2",,
65,681297,"Cowser, Colton",2023,364,17.9,0.182,0.091,0.25,0.273,0.283,0.263,0.175,2,11,90,18.5,2221,89,89.25,9,29,36,0.20000000000000284,6.38,119,144,111,150,289,322,298,"0.5","-0.5",,
37,660620,"Araúz, Jonathan",2022,160,23.1,0.182,0,0.222,0.182,0.147,0.2,0.224,2,11,87.4,8.8,2281,88.2,88.16,4,20,17,0,6.21,113,150,106,148,285,317,297,"0.5","-0.5",,
71,668853,"Shenton, Austin",2024,212,33.5,0.182,0.091,0.333,0.273,0.3,0.305,0.215,2,11,79.3,16.8,2205,89.9,90.17,15,30,41,0.29999999999999716,6.57,123,147,109,149,288,321,300,"0.3","-0.3","67.237714348","7.147713913"
48,661531,"Serven, Brian",2024,258,18.6,0.182,0,0.286,0.182,0.204,0.272,0.253,2,11,61.8,-7.5,2332,89,89.5,7,24,24,0.5,6.64,111,146,116,143,298,323,281,"0.1","-0.1","64.837717143","7.022740952"
48,668227,"Arozarena, Randy",2020,322,14.9,0.182,0.273,0.2,0.455,0.238,0.11,0.086,2,11,89.1,18.5,2173,87.1,87.25,16,26,22,0.20000000000000284,6.49,99,138,108,136,302,319,288,"2","-2",,
47,656514,"Haseley, Adam",2023,129,36.4,0.182,0,0.286,0.182,0.16,0.205,0.216,2,11,88.8,-0.9,2284,85.7,85.61,8,24,23,-0.10000000000000853,6.28,113,142,111,145,282,317,297,"1.4","-1.4",,
55,674441,"Hurtubise, Jacob",2024,281,19.6,0.182,0,0.222,0.182,0.227,0.254,0.182,2,11,66.9,9.2,2301,89.2,89.82,5,27,28,0.5999999999999943,6.56,114,141,99,146,276,308,293,"1.2","-1.2","59.1657296","6.3669836"
213,647304,"Naylor, Josh",2021,874,24.4,0.182,0.036,0.25,0.218,0.208,0.248,0.198,10,55,87.4,3.9,2252,87.1,87.37,30,114,99,0.30000000000001137,6.4,114,154,109,146,291,318,300,"8.7","-8.7",,
99,658668,"Olivares, Edward",2020,402,24.6,0.182,0,0.25,0.182,0.176,0.227,0.213,4,22,81.5,18.1,2264,87.3,87.72,12,48,51,0.4000000000000057,6.5,107,147,113,143,302,320,286,"4.8","-4.8",,
53,642201,"White, Eli",2020,213,24.9,0.182,0.091,0.4,0.273,0.177,0.144,0.121,2,11,86,21.2,2270,89.3,88.98,11,25,28,-0.29999999999999716,6.16,111,150,118,146,298,317,288,"2.6","-2.6",,
89,678882,"Rafaela, Ceddanne",2023,354,25.1,0.182,0.045,0.267,0.227,0.169,0.205,0.192,4,22,81.8,-0.7,2237,88.9,89.23,15,53,35,0.29999999999999716,6.51,100,144,109,141,291,318,292,"4.6","-4.6",,
324,623520,"Bote, David",2021,1232,26.3,0.181,0.069,0.203,0.25,0.221,0.346,0.271,13,72,89.5,5.5,2329,88.5,88.59,40,154,170,0.09999999999999432,6.35,109,147,116,143,298,318,287,"12.6","-12.6",,
436,666915,"Dalbec, Bobby",2022,1475,29.6,0.181,0.074,0.258,0.255,0.223,0.247,0.176,17,94,89.4,17.4,2261,89,89.21,71,209,227,0.20000000000000284,6.45,110,149,119,144,294,322,294,"13.4","-13.4",,
188,605113,"Ahmed, Nick",2023,776,24.2,0.18,0.1,0.237,0.28,0.214,0.194,0.162,9,50,83.5,17.3,2251,88.9,89.14,29,99,89,0.19999999999998863,6.42,108,147,112,144,302,321,291,"4.9","-4.9",,
558,666624,"Morel, Christopher",2024,2352,23.7,0.18,0.213,0.177,0.393,0.3,0.326,0.21,22,122,88,11.7,2276,89.1,89.49,91,262,296,0.4000000000000057,6.52,110,148,120,143,298,323,294,"7.5","-7.5","73.303557828","7.919303607"
488,621028,"Newman, Kevin",2021,1926,25.3,0.179,0.033,0.195,0.211,0.2,0.259,0.228,22,123,82.3,12.7,2266,88.5,88.51,30,215,272,0,6.25,109,145,110,142,298,310,279,"18.1","-18.1",,
120,596451,"Quinn, Roman",2020,454,26.4,0.179,0,0.294,0.179,0.176,0.188,0.177,5,28,81.8,4,2185,89.1,89.01,23,69,51,-0.09999999999999432,6.27,100,137,94,138,279,311,287,"7.6","-7.6",,
138,664789,"Tom, Ka'ai",2021,548,25.2,0.179,0.071,0.238,0.25,0.239,0.328,0.252,5,28,83,12.2,2386,89.4,89.37,24,67,71,0,6.29,110,142,103,142,286,312,296,"4.6","-4.6",,
318,668709,"Bleday, JJ",2023,1213,26.2,0.179,0.134,0.188,0.313,0.267,0.275,0.182,12,67,88.3,19.9,2187,88.6,88.76,36,134,184,0.20000000000000284,6.37,117,142,109,146,294,322,297,"6.6","-6.6",,
216,666397,"Julien, Edouard",2024,1235,17.5,0.179,0.103,0.261,0.282,0.298,0.303,0.147,7,39,83.4,8.1,2273,88.7,88.97,25,86,130,0.29999999999999716,6.47,116,142,109,147,290,325,301,"1.5","-1.5","69.362743077","6.999407949"
172,621550,"Wisdom, Patrick",2024,701,24.5,0.179,0.205,0.261,0.385,0.282,0.308,0.19,7,39,89,34.7,2253,88.7,89.18,28,86,86,0.5,6.56,109,147,118,142,299,320,292,"1.2","-1.2","71.077212857","7.668505595"
283,666149,"Fitzgerald, Tyler",2024,1330,21.3,0.179,0.045,0.316,0.224,0.201,0.188,0.165,12,67,80.8,19.6,2270,87.2,87.43,49,137,146,0.20000000000000284,6.4,107,147,113,143,298,318,290,"8.1","-8.1","65.071231397","6.976463088"
149,576397,"Gyorko, Jedd",2020,566,26.3,0.179,0.107,0.211,0.286,0.244,0.276,0.203,5,28,85.9,9.8,2326,86.8,87.16,25,66,83,0.4000000000000057,6.49,107,147,116,144,300,321,293,"4.6","-4.6",,
186,641645,"Guillorme, Luis",2024,802,23.2,0.179,0.077,0.233,0.256,0.243,0.241,0.18,7,39,80.5,4,2275,89.6,89.56,24,84,102,0,6.32,114,142,105,146,281,314,299,"4.6","-4.6","60.203641852","7.223540617"
127,665926,"Giménez, Andrés",2020,502,25.3,0.179,0.036,0.208,0.214,0.246,0.268,0.196,5,28,84.6,17.3,2077,86.9,86.95,16,65,62,0.09999999999999432,6.28,114,147,107,150,281,314,295,"3.8","-3.8",,
172,670032,"Lopez, Nicky",2020,749,23,0.179,0.077,0.233,0.256,0.255,0.265,0.202,7,39,79.9,-3.9,2195,87.9,87.98,20,74,98,0.09999999999999432,6.17,107,140,97,142,280,314,297,"4.1","-4.1",,
308,656669,"Luplow, Jordan",2022,1006,30.6,0.179,0.054,0.243,0.232,0.266,0.308,0.222,10,56,83.7,13.8,2249,88.7,88.74,45,156,152,0,6.37,108,150,116,144,299,320,293,"3.6","-3.6",,
269,621563,"Wendle, Joey",2023,1180,22.8,0.178,0.123,0.203,0.301,0.225,0.291,0.247,13,73,87.1,5.6,2193,90.1,90.4,40,147,122,0.30000000000001137,6.47,115,144,107,147,287,318,298,"8.9","-8.9",,
516,621035,"Taylor, Chris",2022,1980,26.1,0.178,0.109,0.281,0.287,0.26,0.265,0.173,18,101,85.7,17.7,2186,89.2,89.41,105,250,266,0.20000000000000284,6.38,108,146,114,141,301,320,291,"8.8","-8.8",,
214,656541,"Hilliard, Sam",2022,870,24.6,0.178,0.089,0.25,0.267,0.223,0.259,0.198,8,45,93.2,10.9,2236,88.7,88.88,38,97,117,0.20000000000000284,6.21,116,154,109,149,301,329,308,"7","-7",,
474,527038,"Flores, Wilmer",2023,1875,25.3,0.178,0.069,0.184,0.248,0.247,0.274,0.201,18,101,82.9,24,2231,89,89.31,31,223,251,0.29999999999999716,6.43,110,148,119,144,299,319,292,"10.7","-10.7",,
386,650489,"Castro, Willi",2021,1632,23.7,0.177,0.135,0.216,0.313,0.231,0.251,0.211,17,96,83,10.5,2229,89,88.99,61,224,162,0,6.3,111,146,107,145,291,321,293,"17.3","-17.3",,
592,669127,"Langeliers, Shea",2024,1993,29.7,0.177,0.215,0.183,0.392,0.283,0.326,0.228,23,130,91.3,17.5,2237,88.1,88.31,82,278,314,0.20000000000000284,6.45,107,150,120,145,299,323,295,"8.5","-8.5","72.82204076","7.2146173"
73,622569,"Reyes, Pablo",2021,356,20.5,0.176,0.059,0.231,0.235,0.205,0.176,0.135,3,17,85.9,14.8,2273,87.2,87.04,7,26,47,-0.20000000000000284,6.14,108,147,113,144,297,314,283,"2.6","-2.6",,
73,502273,"Freeman, Mike",2021,253,28.9,0.176,0,0.25,0.176,0.185,0.213,0.197,3,17,75.2,5.8,2260,90.1,90.65,11,34,39,0.5,6.53,118,149,109,146,287,313,300,"2.7","-2.7",,
218,622110,"Duffy, Matt",2023,751,29,0.176,0.039,0.237,0.216,0.21,0.258,0.21,9,51,84.2,12.4,2234,88.2,88.35,30,105,113,0.20000000000000284,6.36,111,146,116,145,306,321,287,"7.7","-7.7",,
59,683146,"Baty, Brett",2022,146,40.4,0.176,0.176,0.154,0.353,0.226,0.304,0.297,3,17,91,3.9,2255,89.6,89.36,7,30,29,-0.19999999999998863,6.19,118,148,111,149,289,322,297,"2.3","-2.3",,
187,572761,"Carpenter, Matt",2024,669,28,0.176,0,0.316,0.176,0.224,0.212,0.137,6,34,84.7,27.8,2288,90.1,90.41,24,83,104,0.30000000000001137,6.48,116,144,110,150,299,324,301,"5","-5","67.908890143","8.049078429"
175,676369,"Velázquez, Nelson",2023,704,24.9,0.176,0.206,0.182,0.382,0.323,0.337,0.221,6,34,86.3,10.2,2244,89.2,89.61,32,82,93,0.3999999999999915,6.43,109,150,118,146,301,324,298,"-2.1","2.1",,
395,669004,"Melendez, MJ",2024,1845,21.4,0.176,0.286,0.157,0.462,0.3,0.276,0.178,16,91,89.2,20.3,2262,89.7,90.04,72,226,169,0.29999999999999716,6.43,120,146,112,150,296,324,304,"4.4","-4.4","70.903383935","7.694750046"
295,543309,"Higashioka, Kyle",2024,1062,27.8,0.176,0.243,0.196,0.419,0.272,0.271,0.203,13,74,82.2,26.6,2258,89.3,89.46,37,148,147,0.20000000000000284,6.44,108,144,115,141,297,317,291,"2.9","-2.9","67.494224306","7.213750069"
164,641933,"O'Neill, Tyler",2020,622,26.4,0.176,0.029,0.273,0.206,0.229,0.254,0.165,6,34,87.9,16.2,2417,87.2,87.34,26,69,95,0.09999999999999432,6.28,105,144,112,138,302,323,294,"3.4","-3.4",,
67,620443,"Torrens, Luis",2020,294,22.8,0.176,0.176,0.231,0.353,0.269,0.27,0.197,3,17,86.2,5.4,2320,89,88.67,4,25,42,-0.29999999999999716,6.12,102,146,113,143,295,314,286,"2","-2",,
86,425794,"Wainwright, Adam",2021,270,31.9,0.176,0,0.273,0.176,0.185,0.208,0.191,3,17,56.7,-29.2,2212,86.6,86.69,17,54,32,0.10000000000000853,6.39,102,145,103,143,294,300,273,"1.6","-1.6",,
72,675961,"Williams, Alika",2024,336,21.4,0.176,0.176,0.2,0.353,0.247,0.267,0.24,3,17,72.3,4.4,2217,88.1,88.31,6,34,38,0.20000000000000284,6.42,107,145,109,143,302,315,285,"1.8","-1.8","61.432134815","6.32118037"
158,666211,"Trammell, Taylor",2021,751,21,0.176,0.147,0.313,0.324,0.273,0.247,0.143,6,34,81.7,0.2,2277,87.7,87.85,35,92,66,0.09999999999999432,6.39,109,147,106,148,282,315,296,"3.6","-3.6",,
382,656582,"Joe, Connor",2022,1900,20.1,0.176,0.082,0.238,0.259,0.264,0.272,0.195,15,85,83,10.8,2238,88.1,88.43,50,176,206,0.30000000000001137,6.38,107,149,119,146,305,324,295,"9.2","-9.2",,
146,606132,"Tapia, Raimel",2023,662,22.1,0.176,0.176,0.2,0.353,0.284,0.347,0.203,6,34,84.5,-3.7,2326,89.5,89.99,25,77,69,0.5,6.58,115,145,107,147,279,315,302,"4.2","-4.2",,
153,678009,"Meadows, Parker",2023,594,25.8,0.176,0.147,0.208,0.324,0.23,0.332,0.269,6,34,88.3,17.9,2206,89.8,90.11,14,67,86,0.29999999999999716,6.47,118,144,109,148,292,325,300,"3","-3",,
207,676369,"Velázquez, Nelson",2022,810,25.6,0.176,0.176,0.242,0.353,0.249,0.262,0.204,9,51,89.3,5.7,2256,89.8,89.87,42,103,104,0.10000000000000853,6.46,109,148,117,145,298,320,291,"1.1","-1.1",,
89,614177,"Reyes, Franmil",2023,293,30.4,0.176,0,0.25,0.176,0.167,0.271,0.188,3,17,92.8,4.2,2348,89.7,90.08,12,42,47,0.3999999999999915,6.51,112,145,118,142,307,330,298,"4","-4",,
71,592332,"Gausman, Kevin",2021,234,30.3,0.176,0,0.375,0.176,0.147,0.059,0.061,3,17,55,-33.1,2194,88.2,88.35,12,40,31,0.09999999999999432,6.25,98,134,99,137,267,298,288,"3.7","-3.7",,
77,547379,"Pérez, Roberto",2022,308,25,0.176,0,0.375,0.176,0.186,0.174,0.134,3,17,87.6,-6.9,2298,88.5,88.39,16,39,38,-0.09999999999999432,6.19,108,150,117,148,298,316,281,"2.8","-2.8",,
65,669003,"Mitchell, Garrett",2023,289,22.5,0.176,0,0.231,0.176,0.202,0.264,0.225,3,17,90.5,3.2,2116,89,89.36,13,38,27,0.4000000000000057,6.48,113,142,105,147,286,317,297,"2.4","-2.4",,
121,678554,"Mead, Curtis",2024,471,25.7,0.176,0.059,0.24,0.235,0.201,0.302,0.246,6,34,89.4,17.4,2381,87.9,88.08,15,63,57,0.19999999999998863,6.49,110,148,118,146,300,325,291,"6.5","-6.5","70.89183","7.18506463"
329,545358,"Stassi, Max",2022,1436,22.9,0.176,0.118,0.227,0.294,0.272,0.257,0.16,12,68,87.1,10.4,2274,88,88.01,39,131,198,0,6.4,107,149,115,144,303,318,289,"9.4","-9.4",,
175,643289,"Dubón, Mauricio",2021,675,25.9,0.176,0.078,0.19,0.255,0.187,0.233,0.194,9,51,82.6,13.6,2345,88.8,89.01,20,102,73,0.20000000000000284,6.37,103,147,109,143,299,317,288,"9.3","-9.3",,
212,571448,"Arenado, Nolan",2020,684,31,0.175,0.123,0.17,0.298,0.225,0.246,0.208,10,57,85.5,16.2,2313,89.8,89.94,17,103,109,0.10000000000000853,6.23,111,148,119,143,306,330,299,"10","-10",,
430,670623,"Paredes, Isaac",2022,1617,26.6,0.175,0.15,0.167,0.325,0.299,0.316,0.214,14,80,87.7,10.7,2274,88.7,88.55,36,177,253,-0.10000000000000853,6.34,110,147,118,144,297,322,289,"6.5","-6.5",,
337,520471,"Galvis, Freddy",2021,1545,21.8,0.175,0.1,0.185,0.275,0.229,0.284,0.223,14,80,85.8,13.1,2193,89,88.94,37,174,163,-0.09999999999999432,6.32,111,147,106,146,291,317,292,"12.8","-12.8",,
477,543305,"Hicks, Aaron",2022,2017,23.6,0.175,0.134,0.222,0.309,0.256,0.276,0.207,17,97,88.9,19,2242,88.2,88.02,61,204,273,-0.20000000000000284,6.29,111,146,105,143,294,322,292,"8.9","-8.9",,
507,642086,"Smith, Dominic",2023,2210,22.9,0.175,0.042,0.211,0.217,0.243,0.302,0.205,21,120,85.9,11.4,2228,89.1,89.35,52,253,254,0.30000000000001137,6.44,118,145,114,149,289,319,301,"20.2","-20.2",,
261,607732,"Stallings, Jacob",2023,1084,24.1,0.175,0.032,0.22,0.206,0.192,0.212,0.192,11,63,85.8,3.5,2323,88.9,89.17,24,106,155,0.29999999999999716,6.47,108,146,117,144,305,317,287,"9.7","-9.7",,
146,687952,"Encarnacion-Strand, Christian",2024,451,32.4,0.175,0.075,0.233,0.25,0.174,0.258,0.222,7,40,88.8,12.9,2240,90,90.11,22,93,53,0.09999999999999432,6.42,110,147,118,147,294,322,290,"5.3","-5.3","70.218097903","7.202984677"
263,592696,"Rosario, Eddie",2024,1187,22.2,0.175,0.095,0.222,0.27,0.201,0.223,0.188,11,63,88,8.2,2267,88.1,88.56,40,143,120,0.5,6.5,118,141,110,146,291,320,298,"13.1","-13.1","67.705665736","7.113246434"
100,678554,"Mead, Curtis",2023,341,29.3,0.174,0.043,0.267,0.217,0.231,0.257,0.196,4,23,85.4,12.9,2168,89.3,89.63,11,46,54,0.29999999999999716,6.57,107,145,116,141,300,326,285,"3.7","-3.7",,
128,640457,"Meadows, Austin",2020,657,19.5,0.174,0.087,0.222,0.261,0.272,0.317,0.214,4,23,92.2,33.6,2203,88.9,89.12,14,53,75,0.19999999999998863,6.54,116,152,116,145,289,320,297,"1.1","-1.1",,
78,467055,"Sandoval, Pablo",2020,355,22,0.174,0.043,0.2,0.217,0.185,0.27,0.27,4,23,89.4,9.5,2256,90,90.2,13,53,25,0.20000000000000284,6.24,116,151,117,149,296,326,302,"5.2","-5.2",,
123,596847,"Choi, Ji Man",2023,517,23.8,0.174,0.087,0.25,0.261,0.209,0.366,0.307,4,23,99.3,9.2,2299,89.2,89.45,21,59,64,0.20000000000000284,6.45,117,141,111,145,291,320,300,"4.7","-4.7",,
92,689172,"Wisely, Brett",2023,531,17.3,0.174,0.13,0.188,0.304,0.214,0.222,0.164,4,23,79.6,10,2229,88.9,89.18,16,48,44,0.4000000000000057,6.38,115,144,100,147,290,319,294,"4.9","-4.9",,
109,621006,"Martin, Richie",2021,401,27.2,0.174,0.043,0.235,0.217,0.183,0.198,0.189,4,23,77.8,8.6,2196,89.6,89.99,18,59,50,0.4000000000000057,6.62,104,150,109,147,296,316,279,"6.5","-6.5",,
100,592200,"Casali, Curt",2024,476,21,0.174,0.043,0.235,0.217,0.248,0.291,0.232,4,23,78.3,21.2,2297,86.8,87.06,10,44,56,0.29999999999999716,6.32,106,144,116,139,299,316,290,"1.5","-1.5","58.54454275","6.8861725"
106,670623,"Paredes, Isaac",2020,449,23.6,0.174,0.13,0.158,0.304,0.259,0.294,0.233,4,23,81.7,8.8,2316,87.2,87.28,5,44,62,0.09999999999999432,6.26,111,150,114,146,295,323,287,"2.4","-2.4",,
108,669224,"Wells, Austin",2023,296,36.5,0.174,0.304,0.118,0.478,0.289,0.358,0.266,4,23,90.9,15.1,2248,89,89.5,21,65,43,0.5,6.68,118,143,112,147,286,320,296,"3.1","-3.1",,
309,668800,"Knizner, Andrew",2022,1103,28,0.174,0.058,0.216,0.232,0.248,0.244,0.17,12,69,84.1,14.4,2299,89.7,89.72,36,155,154,0,6.35,110,146,116,144,300,312,288,"5.8","-5.8",,
183,672724,"Peraza, Oswald",2023,721,25.4,0.174,0.043,0.229,0.217,0.221,0.295,0.24,8,46,84.9,5.3,2259,88.6,88.91,30,83,100,0.30000000000001137,6.55,111,145,113,144,295,321,285,"3.1","-3.1",,
119,670097,"Short, Zack",2024,391,30.4,0.174,0.087,0.222,0.261,0.26,0.274,0.195,4,23,80.9,1.7,2282,91,91.51,15,60,59,0.5,6.65,107,147,114,145,299,320,283,"2.3","-2.3","64.344557692","6.5435275"
107,669720,"Hays, Austin",2020,537,19.9,0.174,0.13,0.188,0.304,0.205,0.199,0.181,4,23,88.4,18.6,2167,86.2,86.22,14,57,50,0,6.34,109,145,109,141,291,315,284,"4.8","-4.8",,
548,502054,"Pham, Tommy",2021,2374,23.1,0.173,0.045,0.224,0.218,0.225,0.295,0.221,19,110,87,0.8,2281,89.2,89.17,59,226,322,0,6.31,110,147,115,144,302,320,289,"13.1","-13.1",,
304,660670,"Acuña Jr., Ronald",2021,1449,21,0.173,0.096,0.205,0.269,0.274,0.366,0.236,9,52,93.6,16.3,2246,90.6,90.89,44,128,176,0.30000000000001137,6.43,108,148,115,143,310,326,296,"6.6","-6.6",,
335,679529,"Torkelson, Spencer",2022,1609,20.8,0.173,0.136,0.216,0.309,0.245,0.3,0.21,14,81,91.1,14.6,2262,88.4,88.33,53,174,161,-0.10000000000000853,6.28,109,149,118,145,299,323,291,"8.9","-8.9",,
344,605119,"Anderson, Brian",2022,1543,22.3,0.173,0.053,0.236,0.227,0.252,0.291,0.21,13,75,84.3,7.4,2214,89.4,89.44,51,181,163,0,6.38,111,148,116,144,303,319,287,"7.3","-7.3",,
170,656180,"Adams, Riley",2021,539,31.5,0.172,0.138,0.235,0.31,0.309,0.297,0.156,5,29,86,18.4,2196,89.1,89.23,25,71,99,0.10000000000000853,6.25,111,151,119,147,299,318,289,"2.5","-2.5",,
425,666139,"Lowe, Josh",2024,1672,25.4,0.172,0.115,0.271,0.287,0.228,0.258,0.19,15,87,88.2,14.7,2238,88.9,89.11,79,217,208,0.19999999999998863,6.49,119,144,110,148,288,323,302,"13","-13","70.579927664","6.934735327"
266,446334,"Longoria, Evan",2023,927,28.7,0.172,0.138,0.222,0.31,0.224,0.268,0.209,10,58,92.3,10.1,2270,88.2,88.42,39,129,137,0.20000000000000284,6.42,110,148,119,145,303,326,295,"10.4","-10.4",,
131,620443,"Torrens, Luis",2024,510,25.7,0.172,0.103,0.217,0.276,0.268,0.354,0.269,5,29,90.7,13.6,2213,86.2,86.05,17,61,70,-0.10000000000000853,6.35,109,146,118,144,303,322,288,"-1.2","1.2","71.905321321","7.338508868"
255,660644,"Bruján, Vidal",2024,1055,24.2,0.172,0.078,0.25,0.25,0.217,0.216,0.187,11,64,84.5,10.8,2164,90.4,90.71,41,141,114,0.29999999999999716,6.52,114,143,105,145,288,315,291,"8.3","-8.3","65.422612794","6.926732647"
268,572761,"Carpenter, Matt",2023,1014,26.4,0.172,0.138,0.22,0.31,0.231,0.26,0.159,10,58,86.4,19,2261,89.7,89.67,39,127,141,0,6.32,117,142,112,148,293,324,298,"9.1","-9.1",,
181,435559,"Suzuki, Kurt",2020,484,37.4,0.171,0.086,0.194,0.257,0.252,0.302,0.198,6,35,80.6,14.4,2228,86.8,87.19,12,81,100,0.4000000000000057,6.51,107,148,117,143,295,316,292,"4","-4",,
188,700250,"Rice, Ben",2024,724,26,0.171,0.268,0.138,0.439,0.264,0.354,0.246,7,41,92,23.9,2333,87.8,88.15,23,94,94,0.29999999999999716,6.51,118,143,111,147,290,325,294,"6","-6","70.325687527","7.455803763"
175,681351,"O'Hoppe, Logan",2023,761,23,0.171,0.244,0.182,0.415,0.285,0.325,0.22,7,41,91.4,25.6,2267,89.3,89.66,38,87,88,0.4000000000000057,6.55,107,147,116,143,298,321,291,"5","-5",,
337,518595,"d'Arnaud, Travis",2023,1115,30.2,0.171,0.11,0.203,0.28,0.229,0.293,0.234,14,82,89.3,11.3,2272,89.5,89.89,54,186,151,0.4000000000000057,6.49,110,148,120,145,306,324,291,"13.5","-13.5",,
232,640449,"Frazier, Clint",2021,949,24.4,0.171,0.122,0.207,0.293,0.316,0.36,0.223,7,41,86.3,13.3,2305,89.5,89.56,24,91,141,0.09999999999999432,6.37,108,149,119,144,304,323,286,"3.9","-3.9",,
169,501659,"Almonte, Abraham",2021,763,22.1,0.171,0.086,0.207,0.257,0.25,0.317,0.249,6,35,88.4,9.1,2217,90.3,90.53,11,74,95,0.20000000000000284,6.41,113,145,106,144,296,318,297,"3.4","-3.4",,
159,640458,"Mercado, Óscar",2022,471,33.8,0.171,0.2,0.16,0.371,0.26,0.246,0.165,6,35,85.1,20.5,2252,88.1,88.2,24,80,79,0.10000000000000853,6.36,106,149,112,144,294,316,280,"2.3","-2.3",,
551,592669,"Renfroe, Hunter",2023,2107,26.2,0.171,0.132,0.216,0.302,0.233,0.236,0.193,22,129,86.1,14.5,2283,89.2,89.49,91,296,255,0.29999999999999716,6.5,108,149,118,144,304,322,295,"19.5","-19.5",,
316,641343,"Bauers, Jake",2021,1222,25.9,0.171,0.026,0.245,0.197,0.211,0.313,0.236,13,76,89.6,18.5,2215,90,90.06,40,158,158,0.09999999999999432,6.26,114,152,110,146,288,314,294,"11","-11",,
291,572816,"Dickerson, Corey",2021,1483,19.6,0.171,0.114,0.207,0.286,0.222,0.251,0.213,12,70,86.5,10.1,2254,90.5,90.56,34,155,136,0.09999999999999432,6.41,116,148,111,148,290,319,301,"7.9","-7.9",,
151,687597,"Beck, Jordan",2024,659,22.9,0.171,0.049,0.25,0.22,0.221,0.242,0.186,7,41,81.6,12.1,2335,88.2,88.59,27,77,74,0.3999999999999915,6.35,107,148,119,145,304,327,292,"5.4","-5.4","67.898839342","7.662554605"
171,546318,"Herrera, Odúbel",2022,737,23.2,0.171,0.049,0.226,0.22,0.189,0.192,0.173,7,41,82.3,6,2251,87.9,87.87,22,96,75,0,6.3,119,151,107,151,288,320,300,"8.7","-8.7",,
446,518735,"Grandal, Yasmani",2023,1641,27.2,0.17,0.021,0.242,0.191,0.228,0.22,0.141,16,94,86.4,8.7,2198,89.1,89.35,62,204,242,0.30000000000001137,6.42,116,144,113,147,294,322,293,"11.4","-11.4",,
354,643446,"McNeil, Jeff",2021,1514,23.4,0.17,0.043,0.205,0.213,0.204,0.282,0.247,16,94,84.4,6.7,2227,88.9,89.08,42,206,148,0.19999999999998863,6.38,111,151,107,148,288,319,296,"17.3","-17.3",,
241,641343,"Bauers, Jake",2023,1169,20.6,0.17,0.255,0.161,0.426,0.28,0.417,0.281,8,47,90.2,16.8,2225,89.2,89.86,33,114,127,0.7000000000000028,6.65,115,143,112,145,291,320,295,"5.7","-5.7",,
197,682641,"Matos, Luis",2023,901,21.9,0.17,0.043,0.222,0.213,0.197,0.25,0.226,8,47,81.9,7.1,2276,88.4,88.63,19,90,107,0.19999999999998863,6.43,106,142,110,138,297,315,287,"8.4","-8.4",,
388,570731,"Schoop, Jonathan",2022,1789,21.7,0.17,0.07,0.195,0.24,0.209,0.237,0.19,17,100,85.3,10.7,2264,88.7,88.71,60,217,171,0,6.32,107,150,118,146,300,321,291,"16.1","-16.1",,
443,595777,"Profar, Jurickson",2023,2104,21.1,0.17,0.117,0.177,0.287,0.263,0.321,0.23,16,94,87,10.9,2265,89.6,90.25,40,208,235,0.7000000000000028,6.51,113,141,109,145,292,324,298,"6.5","-6.5",,
345,621466,"Stewart, DJ",2021,1328,26,0.169,0.085,0.239,0.254,0.259,0.298,0.193,12,71,86.5,19.5,2224,89.8,89.93,49,158,187,0.10000000000000853,6.43,117,158,114,151,293,322,297,"8.8","-8.8",,
432,657557,"DeJong, Paul",2024,1851,23.3,0.168,0.121,0.219,0.29,0.204,0.229,0.181,18,107,86.7,23.8,2288,89.7,90.18,106,263,169,0.5,6.56,108,149,118,144,297,321,290,"16.2","-16.2","70.727565433","6.760166496"
454,649966,"Urías, Luis",2022,1974,23,0.168,0.168,0.162,0.337,0.265,0.291,0.214,16,95,85.8,19,2299,89.8,89.72,44,212,242,-0.09999999999999432,6.27,108,146,114,143,295,318,289,"10.9","-10.9",,
469,670764,"Walls, Taylor",2022,1888,24.8,0.168,0.079,0.229,0.248,0.244,0.258,0.184,17,101,82.6,8,2185,89.4,89.27,56,210,259,-0.10000000000000853,6.36,114,148,104,146,290,318,293,"7.7","-7.7",,
407,676356,"DeLuca, Jonny",2024,1345,30.3,0.168,0.063,0.235,0.232,0.197,0.242,0.221,16,95,80,11.2,2327,89,89.04,61,236,171,0,6.45,108,146,113,143,294,319,286,"14.3","-14.3","66.674170603","7.410309483"
85,592200,"Casali, Curt",2023,371,22.9,0.167,0.056,0.3,0.222,0.299,0.333,0.203,3,18,77.7,16.1,2295,89.2,89.34,13,34,51,0.09999999999999432,6.35,109,151,119,147,298,320,288,"0.3","-0.3",,
107,664247,"Garlick, Kyle",2021,433,24.7,0.167,0.208,0.176,0.375,0.234,0.363,0.248,4,24,90.9,23.8,2278,89.6,89.58,16,52,55,0,6.24,106,149,117,144,299,321,291,"3.8","-3.8",,
176,596129,"Vogelbach, Daniel",2020,615,28.6,0.167,0.167,0.222,0.333,0.289,0.304,0.19,5,30,85.9,6.8,2326,88.6,88.63,14,60,116,0,6.25,122,162,117,151,294,322,300,"4","-4",,
25,686452,"Millas, Drew",2024,252,9.9,0.167,0,0.5,0.167,0.224,0.183,0.106,1,6,97.9,-8.5,2354,89.5,90.29,7,13,12,0.7999999999999972,6.8,115,148,114,148,297,319,296,"1.3","-1.3","66.921524615","7.238996154"
24,519306,"Souza Jr., Steven",2021,147,16.3,0.167,0.167,0.2,0.333,0.276,0.269,0.206,1,6,85.6,-2.6,2255,88.4,88.6,0,9,15,0.19999999999998863,6.38,115,154,119,147,298,318,297,"1.7","-1.7",,
71,642082,"Sisco, Chance",2021,316,22.5,0.167,0.111,0.25,0.278,0.239,0.224,0.163,3,18,78.5,1,2214,90,90.24,15,37,34,0.20000000000000284,6.45,113,145,109,142,289,317,303,"4.3","-4.3",,
116,686554,"Dunn, Oliver",2024,418,27.8,0.167,0,0.333,0.167,0.19,0.255,0.184,4,24,94.5,5.8,2232,89.4,89.86,20,53,63,0.5,6.58,120,145,112,148,289,317,298,"3.1","-3.1","73.115708085","7.542484681"
275,596019,"Lindor, Francisco",2020,1118,24.6,0.167,0.133,0.191,0.3,0.254,0.285,0.202,10,60,89.6,12.7,2246,88.3,88.52,38,138,137,0.20000000000000284,6.32,114,147,108,145,291,322,292,"10.4","-10.4",,
22,457803,"Bruce, Jay",2021,166,13.3,0.167,0,0.333,0.167,0.147,0.257,0.279,1,6,76.9,19,2243,89.8,89.82,10,15,7,0,6.45,120,165,115,149,287,319,284,"0.9","-0.9",,
85,462101,"Andrus, Elvis",2020,412,20.6,0.167,0,0.211,0.167,0.19,0.211,0.182,4,24,82.1,3.6,2312,88.6,88.39,8,45,40,-0.19999999999998863,6.06,112,148,114,145,305,324,288,"4.5","-4.5",,
118,665120,"Walsh, Jared",2023,459,25.7,0.167,0.083,0.308,0.25,0.281,0.242,0.135,4,24,74.2,10.7,2221,91.1,91.76,30,57,61,0.7000000000000028,6.78,117,143,110,149,297,325,298,"2.2","-2.2",,
550,667670,"Rooker, Brent",2023,2152,25.6,0.167,0.211,0.185,0.377,0.275,0.322,0.223,19,114,90,17.4,2224,88.9,89.1,109,264,286,0.19999999999998863,6.4,110,147,117,144,304,323,293,"11.6","-11.6",,
130,453943,"Frazier, Todd",2020,715,18.2,0.167,0.1,0.167,0.267,0.258,0.344,0.249,5,30,88.1,24.2,2234,88.5,88.54,14,61,69,0,6.28,109,152,120,146,304,322,293,"3.7","-3.7",,
26,657247,"O'Keefe, Brian",2023,76,34.2,0.167,0.167,0.25,0.333,0.329,0.323,0.211,1,6,98.2,11.3,2337,90.4,90.69,5,12,14,0.29999999999999716,6.52,108,149,114,146,292,324,287,"-0.6","0.6",,
50,686452,"Millas, Drew",2023,134,37.3,0.167,0,0.222,0.167,0.225,0.291,0.233,2,12,79.1,1.3,2231,89.3,89.58,5,23,27,0.29999999999999716,6.4,105,144,104,145,297,319,297,"0.7","-0.7",,
57,665506,"Pache, Cristian",2021,243,23.5,0.167,0.25,0.2,0.417,0.307,0.28,0.176,2,12,56.3,2.1,2214,89.3,89.63,10,35,22,0.29999999999999716,6.44,111,149,112,147,303,322,288,"1.6","-1.6",,
46,644433,"Tromp, Chadwick",2020,252,18.3,0.167,0.25,0.111,0.417,0.204,0.209,0.139,2,12,87.2,4.8,2164,89.2,89.41,6,23,23,0.20000000000000284,6.25,106,146,115,146,301,319,288,"3","-3",,
32,622268,"Walton, Donovan",2024,96,33.3,0.167,0,0.2,0.167,0.331,0.419,0.3,1,6,78.5,24.4,2103,89.1,89.6,4,16,16,0.5,6.59,110,139,99,146,292,316,298,"0.1","-0.1","61.47417","6.025888"
58,670042,"Raley, Luke",2022,282,20.6,0.167,0,0.286,0.167,0.242,0.298,0.123,2,12,87.7,6.7,2288,87.9,87.97,14,31,27,0.09999999999999432,6.32,122,175,110,153,293,330,299,"2.3","-2.3",,
37,663897,"Williams, Luke",2024,172,21.5,0.167,0.167,0.222,0.333,0.209,0.12,0.119,2,12,80,9.6,2330,91.7,92.18,4,22,15,0.5,6.57,111,145,115,141,303,320,286,"1.7","-1.7","67.196956316","7.258505263"
79,668845,"Schunk, Aaron",2024,371,21.3,0.167,0,0.2,0.167,0.147,0.191,0.201,4,24,79.9,1.9,2352,88.1,89.07,7,45,34,1,6.59,108,150,120,148,305,327,291,"3.9","-3.9","62.6910275","6.156289545"
36,621453,"Duggar, Steven",2020,133,27.1,0.167,0.083,0.2,0.25,0.177,0.289,0.262,2,12,85.9,7.7,2175,90.2,90,1,21,15,-0.20000000000000284,5.81,110,146,103,149,289,323,308,"1.7","-1.7",,
45,641778,"Lauer, Eric",2021,136,33.1,0.167,0,0.333,0.167,0.255,0.184,0.024,1,6,52.5,4.2,2350,89,89.24,4,16,29,0.20000000000000284,6.24,100,138,100,139,291,304,274,"1.5","-1.5",,
27,656371,"Díaz, Isan",2020,97,27.8,0.167,0,0.2,0.167,0.147,0.345,0.368,1,6,77,-11.8,2171,91.1,91.17,1,8,19,0.10000000000000853,6.47,115,144,108,146,296,323,295,"1.9","-1.9",,
19,661531,"Serven, Brian",2023,77,24.7,0.167,0.167,0.25,0.333,0.207,0.105,0.103,1,6,89.3,28.3,2376,88.4,89.44,2,7,12,1,6.7,110,149,118,148,301,322,293,"1.4","-1.4",,
27,665650,"Fox, Lucius",2022,109,24.8,0.167,0,0.5,0.167,0.147,0.022,0.022,1,6,59.1,-29,2213,87.8,87.29,6,13,14,-0.5,6.04,112,146,114,151,296,325,301,"0.3","-0.3",,
46,622168,"Muñoz, Yairo",2022,208,22.1,0.167,0.333,0.143,0.5,0.309,0.274,0.191,2,12,86.7,9.8,2377,87.3,87.07,10,26,20,-0.20000000000000284,6.28,112,153,117,149,299,312,285,"1.3","-1.3",,
50,669087,"Huff, Sam",2023,159,31.4,0.167,0.333,0.2,0.5,0.303,0.329,0.211,2,12,89,-1.7,2229,87.5,87.77,13,30,20,0.29999999999999716,6.55,104,148,118,147,302,324,294,"1.9","-1.9",,
58,605490,"Starling, Bubba",2020,259,22.4,0.167,0.083,0.222,0.25,0.235,0.288,0.246,2,12,89.4,8.9,2134,86.3,86.71,7,27,31,0.4000000000000057,6.47,111,147,111,144,301,317,290,"1.7","-1.7",,
87,545121,"Vargas, Ildemaro",2021,303,28.7,0.167,0.042,0.25,0.208,0.162,0.172,0.179,4,24,84.8,-4.9,2330,88,88.26,15,50,37,0.29999999999999716,6.51,104,145,108,146,286,312,291,"4.4","-4.4",,
51,668901,"Vientos, Mark",2022,183,27.9,0.167,0,0.25,0.167,0.147,0.13,0.127,2,12,88.5,13.5,2250,86.4,86.36,8,29,22,0,6.49,110,151,118,148,305,324,293,"3","-3",,
196,621433,"Phillips, Brett",2022,982,20,0.167,0.194,0.19,0.361,0.275,0.269,0.179,6,36,78.8,9.5,2196,89.4,89.16,33,88,108,-0.20000000000000284,6.28,114,148,103,149,294,322,298,"4","-4",,
491,680869,"Gelof, Zack",2024,2055,23.9,0.167,0.167,0.265,0.333,0.256,0.271,0.158,18,108,87.5,14.1,2256,89.4,89.44,114,240,251,0,6.42,107,147,114,142,299,323,292,"16.4","-16.4","68.596867489","7.084319692"
341,672284,"Kelenic, Jarred",2021,1477,23.1,0.167,0.09,0.245,0.256,0.208,0.254,0.19,13,78,88.4,15,2206,87.6,87.57,43,161,180,0,6.29,114,145,111,147,290,318,295,"14.1","-14.1",,
27,666149,"Fitzgerald, Tyler",2023,147,18.4,0.167,0,0.333,0.167,0.225,0.236,0.168,1,6,86.3,21.3,2170,87.1,87.69,6,16,11,0.6000000000000085,6.59,115,148,113,146,299,314,281,"0.3","-0.3",,
568,553993,"Suárez, Eugenio",2021,2391,23.8,0.167,0.152,0.209,0.318,0.239,0.289,0.197,22,132,89.1,19.5,2213,88.9,89.04,81,270,298,0.09999999999999432,6.32,108,148,117,141,299,324,295,"18.2","-18.2",,
31,595453,"Wallach, Chad",2022,168,18.5,0.167,0.5,0,0.667,0.431,0.47,0.241,1,6,75.3,25.4,2227,84.9,84.65,5,17,14,-0.20000000000000284,6.22,104,147,109,142,301,318,287,"-1.2","1.2",,
26,676724,"Young, Jared",2022,98,26.5,0.167,0,0.25,0.167,0.225,0.33,0.257,1,6,92.2,2.2,2363,87.9,87.4,7,14,12,-0.5,6.02,108,149,113,151,284,320,300,"1.1","-1.1",,
40,621532,"Bemboom, Anthony",2021,96,41.7,0.167,0,0.333,0.167,0.147,0.17,0.179,2,12,71.2,6.2,2345,86.7,86.16,8,20,20,-0.5,5.97,119,148,112,145,281,322,295,"3.4","-3.4",,
32,656364,"Deichmann, Greg",2021,136,23.5,0.167,0,0.25,0.167,0.147,0.178,0.177,1,6,85.7,39,2359,91.3,92.14,6,20,12,0.7999999999999972,6.86,120,158,115,151,294,322,306,"2.1","-2.1",,
26,621529,"Hudson, Joe",2020,77,33.8,0.167,0,0.2,0.167,0.147,0.038,0.04,1,6,71.6,32,2376,88.9,88.32,3,11,15,-0.6000000000000085,5.93,108,143,113,144,299,313,285,"1.1","-1.1",,
49,672356,"Arias, Gabriel",2022,231,21.2,0.167,0.167,0.25,0.333,0.207,0.132,0.13,2,12,77.4,-15.1,2216,86.7,86.58,8,24,25,-0.10000000000000853,6.22,102,142,111,136,291,312,275,"0","0",,
289,621446,"Brinson, Lewis",2021,1099,26.3,0.167,0.208,0.182,0.375,0.24,0.234,0.178,12,72,85.3,19.7,2207,87.7,87.58,59,166,123,-0.10000000000000853,6.33,107,147,114,143,301,320,291,"5.7","-5.7",,
190,605204,"Davis, J.D.",2020,951,20,0.167,0.167,0.185,0.333,0.264,0.332,0.239,7,42,93.4,6.2,2204,88.1,88.27,27,90,100,0.20000000000000284,6.4,104,145,116,142,305,324,290,"4.5","-4.5",,
55,671218,"Ramos, Heliot",2023,246,22.4,0.167,0.083,0.222,0.25,0.281,0.282,0.16,2,12,88,16.3,2290,88.1,88.41,10,25,30,0.30000000000001137,6.45,111,148,116,146,301,316,288,"1.7","-1.7",,
57,665482,"Celestino, Gilberto",2021,235,24.3,0.167,0,0.182,0.167,0.188,0.255,0.229,2,12,83.8,-7,2201,87.2,87.25,8,32,25,0.09999999999999432,6.2,108,149,108,146,297,312,287,"3.5","-3.5",,
43,663905,"Blankenhorn, Travis",2024,122,35.2,0.167,0.083,0.25,0.25,0.178,0.161,0.154,2,12,84.4,-12.1,2146,87.6,87.9,10,25,18,0.30000000000001137,6.39,122,147,116,149,295,322,299,"2.6","-2.6","71.823494","7.4417808"
34,547172,"Wolters, Tony",2021,125,27.2,0.167,0,1,0.167,0.283,0.26,0.125,1,6,50.7,4.5,2443,91.5,91.56,5,12,22,0.09999999999999432,6.42,113,151,105,146,272,311,283,"1.6","-1.6",,
21,666197,"Kessinger, Grae",2023,165,12.7,0.167,0,0.25,0.167,0.225,0.278,0.225,1,6,83.9,0.5,2166,89.7,89.89,4,11,10,0.20000000000000284,6.48,116,152,121,147,297,317,294,"1.6","-1.6",,
24,622666,"Camargo, Johan",2023,81,29.6,0.167,0,0.2,0.167,0.23,0.365,0.327,1,6,84.8,-2,2274,89.4,90.01,3,14,10,0.5999999999999943,6.48,108,142,106,148,290,319,299,"1.4","-1.4",,
32,608596,"Murphy, Tom",2024,152,21.1,0.167,0.167,1,0.333,0.278,0.213,0.138,1,6,109.3,13,2213,86.7,86.48,5,11,21,-0.20000000000000284,6.22,105,143,117,137,294,319,295,"1.2","-1.2","72.699268889","7.682492222"
167,547379,"Pérez, Roberto",2021,695,24,0.167,0.167,0.211,0.333,0.235,0.255,0.186,6,36,82.8,4,2300,88.7,89.02,37,80,87,0.29999999999999716,6.43,106,148,113,144,297,316,287,"4.4","-4.4",,
240,503556,"Gonzalez, Marwin",2022,822,29.2,0.167,0.093,0.205,0.259,0.227,0.222,0.16,9,54,82.1,20.6,2256,88.4,88.19,22,130,110,-0.20000000000000284,6.28,112,147,106,145,292,320,292,"8","-8",,
427,608336,"Gallo, Joey",2022,1725,24.8,0.165,0.188,0.244,0.353,0.287,0.313,0.187,14,85,88,18.5,2210,88.6,88.43,82,206,221,-0.19999999999998863,6.29,116,158,111,147,300,326,299,"7.5","-7.5",,
507,656582,"Joe, Connor",2023,1983,25.6,0.165,0.126,0.214,0.291,0.266,0.317,0.221,17,103,88,19,2223,88,88.31,53,211,296,0.29999999999999716,6.42,109,147,117,143,306,321,289,"10.7","-10.7",,
276,642727,"Alcántara, Sergio",2022,942,29.3,0.164,0.213,0.159,0.377,0.241,0.221,0.173,10,61,85.3,18,2203,88.6,88.58,32,123,153,0,6.36,112,147,107,147,289,318,297,"8.3","-8.3",,
281,666801,"Castro, Rodolfo",2023,1002,28,0.164,0.06,0.238,0.224,0.201,0.194,0.147,11,67,87.6,6.6,2141,87.5,87.83,51,138,143,0.29999999999999716,6.51,112,145,109,146,295,318,293,"14.9","-14.9",,
256,669221,"Murphy, Sean",2024,1065,24,0.164,0.182,0.171,0.345,0.265,0.346,0.24,9,55,88,3.7,2281,88.7,89.19,32,115,141,0.5,6.51,109,147,120,143,307,326,295,"8","-8","69.421735702","7.713180439"
279,669701,"Smith, Josh",2023,977,28.6,0.164,0.055,0.205,0.218,0.249,0.32,0.232,9,55,86.2,9.6,2250,89.7,89.88,21,126,153,0.20000000000000284,6.46,115,144,106,147,285,322,298,"8.2","-8.2",,
220,641313,"Anderson, Tim",2024,945,23.3,0.164,0.018,0.25,0.182,0.17,0.215,0.202,9,55,87,-1.9,2205,89.8,90.1,39,117,103,0.29999999999999716,6.58,109,146,116,144,302,316,283,"13.2","-13.2","67.9399941","7.1215685"
294,642350,"Siri, Jose",2022,1265,23.2,0.164,0.096,0.244,0.26,0.206,0.204,0.17,12,73,83.8,12.7,2219,89.3,89.37,50,160,134,0.10000000000000853,6.42,107,149,111,144,297,323,287,"11.6","-11.6",,
278,571970,"Muncy, Max",2020,1100,25.3,0.163,0.233,0.133,0.395,0.345,0.397,0.205,7,43,86.8,21.9,2294,88,87.84,25,84,194,-0.20000000000000284,6.18,117,154,113,151,294,325,306,"-1","1",,
390,553869,"Díaz, Elias",2021,1307,29.8,0.163,0.141,0.169,0.304,0.243,0.235,0.165,15,92,85.9,11.1,2266,88.3,88.56,58,210,180,0.29999999999999716,6.24,110,146,116,144,306,326,292,"10.1","-10.1",,
180,642423,"Sierra, Magneuris",2021,858,21,0.163,0.023,0.241,0.186,0.164,0.218,0.219,7,43,79.4,-5.4,2352,88.2,88.15,28,111,69,-0.10000000000000853,6.33,107,144,98,145,278,308,297,"9.2","-9.2",,
223,702358,"Lipscomb, Trey",2024,780,28.6,0.163,0.02,0.216,0.184,0.223,0.258,0.195,8,49,86.1,-4.3,2310,88.4,88.87,32,124,99,0.5,6.54,109,145,116,144,298,312,285,"6.3","-6.3","66.023964052","7.473746034"
296,680779,"Davis, Henry",2023,1031,28.7,0.162,0.044,0.222,0.206,0.194,0.242,0.214,11,68,85.2,11.6,2292,88.9,89.27,40,142,154,0.3999999999999915,6.51,109,148,119,145,305,322,291,"10.6","-10.6",,
151,686681,"Massey, Michael",2022,719,21,0.162,0.054,0.214,0.216,0.217,0.298,0.214,6,37,83.3,16.4,2256,88.6,88.84,32,88,63,0.20000000000000284,6.32,107,150,102,145,292,323,300,"6","-6",,
605,608336,"Gallo, Joey",2021,2612,23.2,0.162,0.243,0.184,0.405,0.329,0.335,0.165,18,111,89.1,23.5,2210,89.1,89.14,112,256,349,0,6.32,119,164,112,150,303,331,302,"4.8","-4.8",,
173,665828,"Cabrera, Oswaldo",2022,716,24.2,0.162,0.135,0.167,0.297,0.238,0.291,0.234,6,37,84.6,12,2250,89,88.94,19,95,78,-0.09999999999999432,6.35,113,155,108,148,292,321,291,"1.6","-1.6",,
156,664874,"Zavala, Seby",2023,763,20.4,0.162,0.081,0.238,0.243,0.192,0.23,0.184,6,37,81.7,10.1,2300,87.9,88.15,29,94,62,0.19999999999998863,6.46,106,146,112,142,300,321,291,"7.5","-7.5",,
281,650489,"Castro, Willi",2022,1440,19.5,0.162,0.041,0.197,0.203,0.172,0.243,0.227,12,74,79.8,14.6,2271,87.9,87.84,54,174,107,-0.10000000000000853,6.26,112,149,107,148,289,318,293,"14","-14",,
456,670032,"Lopez, Nicky",2022,1762,25.9,0.162,0.029,0.198,0.19,0.203,0.261,0.222,17,105,77.8,-0.7,2214,89.1,89.08,43,223,233,0,6.28,109,143,99,143,281,314,300,"18.9","-18.9",,
130,642201,"White, Eli",2022,444,29.3,0.161,0.032,0.263,0.194,0.223,0.253,0.172,5,31,74,15.9,2191,87.5,87.16,30,62,68,-0.29999999999999716,6.15,105,145,105,142,300,321,285,"3.6","-3.6",,
152,656180,"Adams, Riley",2022,612,24.8,0.161,0.226,0.231,0.387,0.306,0.251,0.143,5,31,86.6,12.9,2178,89,89.22,27,68,84,0.20000000000000284,6.49,106,147,116,142,301,318,291,"3.7","-3.7",,
146,666018,"Aranda, Jonathan",2024,573,25.5,0.161,0.194,0.136,0.355,0.264,0.298,0.217,5,31,87.4,11,2273,89.9,90.05,15,73,73,0.19999999999998863,6.49,117,141,111,145,286,324,300,"4.9","-4.9","67.949361714","7.219995571"
162,458015,"Votto, Joey",2020,923,17.6,0.161,0.065,0.217,0.226,0.264,0.28,0.177,5,31,83.2,16,2268,88.5,88.63,13,65,97,0.09999999999999432,6.32,113,146,107,143,285,319,296,"1.4","-1.4",,
337,608336,"Gallo, Joey",2023,1428,23.6,0.161,0.355,0.13,0.516,0.357,0.358,0.164,10,62,94.6,27.8,2247,88.9,89.16,74,162,175,0.29999999999999716,6.39,119,143,113,148,299,325,294,"1.2","-1.2",,
213,595943,"Evans, Phillip",2021,928,23,0.16,0.04,0.267,0.2,0.246,0.228,0.134,8,50,87.1,-0.9,2344,88.1,88.17,28,86,127,0.10000000000000853,6.33,111,148,116,143,300,316,285,"5","-5",,
352,641355,"Bellinger, Cody",2021,1430,24.6,0.16,0.111,0.186,0.272,0.226,0.243,0.168,13,81,88.5,25.6,2218,90.3,90.31,56,185,167,0,6.22,116,150,111,149,298,324,300,"13","-13",,
119,455117,"Maldonado, Martín",2024,556,21.4,0.16,0.12,0.25,0.28,0.225,0.201,0.127,4,25,76.8,6.3,2253,88.4,88.91,21,55,64,0.5,6.63,109,148,115,145,294,316,287,"4.5","-4.5","69.117664906","7.449314717"
186,691016,"Soderstrom, Tyler",2024,770,24.2,0.16,0.08,0.258,0.24,0.187,0.198,0.144,8,50,93.4,9.1,2274,87.9,88.25,41,107,79,0.3999999999999915,6.58,115,144,110,148,292,321,298,"6.9","-6.9","72.047340891","7.594711782"
222,606157,"Aquino, Aristides",2021,841,26.4,0.159,0.182,0.25,0.341,0.279,0.286,0.164,7,44,86.1,22.9,2174,88.9,88.99,44,102,120,0.09999999999999432,6.29,108,148,118,143,300,325,295,"4.9","-4.9",,
366,669357,"Gorman, Nolan",2024,1596,22.9,0.159,0.122,0.244,0.28,0.226,0.263,0.183,13,82,87.4,23.2,2296,89.9,90.2,81,195,171,0.29999999999999716,6.49,117,145,114,149,296,323,302,"17.2","-17.2","71.237978141","7.386737628"
348,669261,"Suwinski, Jack",2022,1572,22.1,0.159,0.232,0.146,0.391,0.297,0.307,0.178,11,69,88.1,19.6,2236,89,89.1,46,156,192,0.09999999999999432,6.39,119,151,110,148,290,317,296,"6.9","-6.9",,
216,669450,"Hummel, Cooper",2022,819,26.4,0.159,0.159,0.214,0.318,0.28,0.267,0.157,7,44,85.2,0.3,2340,87.6,87.39,23,90,126,-0.19999999999998863,6.25,112,146,110,144,295,321,296,"4","-4",,
188,661531,"Serven, Brian",2022,796,23.6,0.159,0.023,0.2,0.182,0.21,0.247,0.188,7,44,82.2,10.3,2331,88.2,88.49,21,101,87,0.29999999999999716,6.35,106,147,117,144,303,323,292,"9.5","-9.5",,
453,544369,"Gregorius, Didi",2021,1580,28.7,0.159,0.168,0.15,0.327,0.216,0.234,0.199,17,107,85.3,15.6,2199,90.1,90.1,87,287,166,0,6.29,118,152,111,150,291,320,293,"14.9","-14.9",,
72,543063,"Crawford, Brandon",2024,321,22.4,0.158,0.105,0.25,0.263,0.178,0.151,0.154,3,19,94,13.6,2201,89.3,89.6,12,40,32,0.29999999999999716,6.45,116,146,113,150,290,323,302,"5.3","-5.3","68.954228108","7.347228108"
82,670042,"Raley, Luke",2021,271,30.3,0.158,0.158,0.2,0.316,0.224,0.302,0.2,3,19,91.7,-2.5,2324,87,86.51,19,44,38,-0.5,5.96,119,148,111,145,294,320,307,"4.6","-4.6",,
92,572287,"Zunino, Mike",2020,382,24.1,0.158,0.316,0.1,0.474,0.333,0.438,0.229,3,19,88.4,29.7,2284,90,90.09,13,43,49,0.09999999999999432,6.45,105,142,113,139,293,323,288,"0.8","-0.8",,
78,622569,"Reyes, Pablo",2024,252,31,0.158,0,0.231,0.158,0.168,0.229,0.216,3,19,88.2,6.3,2205,88.2,88.52,4,35,43,0.29999999999999716,6.54,105,143,109,141,294,314,290,"3.7","-3.7","63.648248636","6.859078636"
162,518792,"Heyward, Jason",2022,558,29,0.158,0.053,0.207,0.211,0.222,0.271,0.197,6,38,87.3,13.9,2315,87.9,87.96,22,80,82,0.09999999999999432,6.28,118,148,113,147,291,321,300,"6.5","-6.5",,
71,660731,"Tejeda, Anderson",2020,275,25.8,0.158,0.053,0.25,0.211,0.185,0.152,0.13,3,19,86,6,2328,87.3,87,14,32,39,-0.29999999999999716,6.14,114,146,107,147,294,321,297,"5.4","-5.4",,
423,455117,"Maldonado, Martín",2023,1584,26.7,0.156,0.115,0.203,0.271,0.238,0.24,0.163,15,96,78.6,17.4,2283,89.5,89.7,74,219,204,0.20000000000000284,6.51,109,147,115,144,292,322,289,"15.6","-15.6",,
470,669911,"Toglia, Michael",2024,1920,24.5,0.156,0.256,0.157,0.411,0.288,0.335,0.207,14,90,89.8,15.5,2290,88.7,89.26,85,215,255,0.5999999999999943,6.41,118,146,117,148,301,328,301,"4.5","-4.5","71.045739095","7.453475762"
517,606115,"Arcia, Orlando",2024,2332,22.2,0.155,0.017,0.209,0.172,0.185,0.222,0.168,18,116,86.3,9.5,2260,88.9,89.34,85,259,258,0.3999999999999915,6.52,107,145,117,142,304,322,291,"25.6","-25.6","68.410841949","7.819254025"
138,664238,"Moore, Dylan",2020,656,21,0.154,0.154,0.2,0.308,0.313,0.348,0.207,4,26,82.4,25.8,2327,87.5,87.32,14,45,93,-0.20000000000000284,6.24,111,151,116,147,300,318,285,"1.3","-1.3",,
56,516770,"Castro, Starlin",2020,262,21.4,0.154,0.231,0.1,0.385,0.254,0.388,0.313,2,13,87,22.6,2117,89.6,90.05,7,26,30,0.5,6.54,108,141,116,138,298,316,290,"2.3","-2.3",,
52,668663,"Barrera, Tres",2022,194,26.8,0.154,0.077,0.2,0.231,0.165,0.223,0.226,2,13,87.3,33,2242,87.7,87.87,5,29,23,0.20000000000000284,6.42,111,152,119,149,300,315,284,"1.5","-1.5",,
66,641943,"Palacios, Joshua",2022,209,31.6,0.154,0,0.222,0.154,0.175,0.16,0.129,2,13,71.2,-3,2343,88.2,88.26,9,40,26,0.09999999999999432,6.34,109,143,101,146,282,318,297,"3","-3",,
116,670156,"Mastrobuoni, Miles",2023,605,19.2,0.154,0,0.211,0.154,0.176,0.2,0.174,4,26,74.9,1.9,2326,88,88.34,10,46,70,0.29999999999999716,6.46,111,143,108,147,283,316,301,"5.1","-5.1",,
113,647351,"Toro, Abraham",2020,369,30.6,0.154,0.115,0.176,0.269,0.249,0.33,0.254,4,26,82.1,12.5,2275,88,87.85,16,63,50,-0.09999999999999432,6.26,111,146,109,145,294,322,297,"3.9","-3.9",,
195,519203,"Rizzo, Anthony",2020,985,19.8,0.154,0.026,0.2,0.179,0.176,0.254,0.178,6,39,87.9,14.8,2267,89.7,90.13,22,92,103,0.3999999999999915,6.47,113,151,111,145,292,325,304,"8","-8",,
150,467092,"Ramos, Wilson",2021,555,27,0.154,0.026,0.2,0.179,0.167,0.288,0.234,6,39,86.1,8.6,2328,88.4,88.68,20,84,66,0.29999999999999716,6.39,109,151,119,146,300,323,289,"7.6","-7.6",,
145,460086,"Gordon, Alex",2020,707,20.5,0.154,0.051,0.207,0.205,0.227,0.288,0.186,6,39,78.5,9.5,2164,87.7,87.77,20,76,69,0.09999999999999432,6.21,114,154,107,148,296,323,300,"6.8","-6.8",,
55,641513,"Demeritte, Travis",2022,381,14.4,0.154,0,0.2,0.154,0.164,0.222,0.179,2,13,87.2,-1.4,2224,90.3,90.56,13,29,26,0.29999999999999716,6.56,108,147,114,144,305,318,288,"3.3","-3.3",,
53,621450,"Bolt, Skye",2021,209,25.4,0.154,0.077,0.25,0.231,0.201,0.24,0.188,2,13,79.9,-1.1,2121,89.6,89.96,8,26,27,0.4000000000000057,6.47,110,145,112,141,301,317,294,"2.5","-2.5",,
88,656248,"Bouchard, Sean",2024,431,20.4,0.154,0.077,0.2,0.231,0.258,0.284,0.17,2,13,82.1,13.2,2207,89.3,89.77,10,36,52,0.5,6.33,106,148,118,146,310,331,298,"0.3","-0.3","66.731816765","7.044602941"
113,641856,"McKinney, Billy",2023,611,18.5,0.154,0.231,0.125,0.385,0.262,0.311,0.193,4,26,86.7,11.8,2179,87.9,88.15,22,58,55,0.29999999999999716,6.34,121,146,113,149,295,325,293,"4","-4",,
76,518516,"Bumgarner, Madison",2021,242,31.4,0.154,0,0.4,0.154,0.196,0.194,0.139,2,13,88.9,27,2229,88.9,89.12,12,28,48,0.19999999999998863,6.48,104,147,115,146,301,319,292,"3.9","-3.9",,
322,672279,"Siani, Michael",2024,1289,25,0.154,0.038,0.22,0.192,0.187,0.21,0.165,12,78,73.4,-4.5,2255,88.7,88.85,68,177,145,0.09999999999999432,6.4,112,142,99,145,288,318,299,"17.1","-17.1","64.048806708","7.007051242"
112,543228,"Gomes, Yan",2020,405,27.7,0.154,0.077,0.167,0.231,0.181,0.292,0.279,4,26,87.7,12,2212,87.1,87.39,15,58,54,0.30000000000001137,6.42,105,147,116,144,302,319,293,"5.9","-5.9",,
119,596825,"García, Robel",2021,453,26.3,0.154,0.038,0.267,0.192,0.181,0.211,0.186,4,26,82.4,11.7,2215,86.9,87.05,32,56,63,0.09999999999999432,6.44,114,153,112,146,286,319,293,"5.1","-5.1",,
196,572204,"Thompson, Trayce",2023,799,24.5,0.154,0.179,0.286,0.333,0.268,0.269,0.152,6,39,93.5,19.6,2298,89.3,89.32,40,88,108,0,6.36,111,149,120,145,298,322,294,"2.3","-2.3",,
66,683083,"Nuñez, Nasim",2024,327,20.2,0.154,0,0.182,0.154,0.209,0.284,0.233,2,13,63.7,-6.4,2224,89.2,89.7,4,28,38,0.5,6.54,107,141,103,144,288,314,292,"1.5","-1.5","57.874876667","5.964921429"
411,455117,"Maldonado, Martín",2021,1789,23,0.153,0.153,0.158,0.306,0.277,0.262,0.157,13,85,83.9,18.1,2217,89.1,89.18,53,190,221,0.10000000000000853,6.4,109,149,115,144,294,320,286,"5.3","-5.3",,
317,664913,"Brown, Seth",2021,1218,26,0.153,0.097,0.188,0.25,0.218,0.257,0.182,11,72,86.4,17.2,2254,87.6,87.81,51,143,174,0.20000000000000284,6.39,116,156,111,149,294,323,300,"13.3","-13.3",,
157,667670,"Rooker, Brent",2021,814,19.3,0.152,0.091,0.294,0.242,0.236,0.232,0.156,5,33,89.7,2.9,2268,88.8,88.85,29,78,79,0,6.33,107,148,118,143,299,324,294,"4.6","-4.6",,
163,595453,"Wallach, Chad",2023,690,23.6,0.152,0.152,0.222,0.303,0.256,0.289,0.176,5,33,80.9,6.9,2267,89.4,89.54,27,83,80,0.09999999999999432,6.55,108,146,116,142,303,322,292,"5.8","-5.8",,
150,672284,"Kelenic, Jarred",2022,699,21.5,0.152,0.121,0.278,0.273,0.228,0.175,0.096,5,33,84.9,27.4,2211,89.5,89.54,32,75,75,0,6.36,109,141,106,141,284,315,293,"7.8","-7.8",,
212,669222,"Senzel, Nick",2024,1005,21.1,0.152,0.261,0.138,0.413,0.303,0.322,0.217,7,46,80.5,18.4,2268,90,90.42,21,98,114,0.4000000000000057,6.54,107,147,116,142,298,319,288,"4.1","-4.1","65.203975417","7.350524688"
212,669234,"Malloy, Justyn-Henry",2024,992,21.4,0.15,0.275,0.15,0.425,0.301,0.3,0.173,6,40,89.4,20.9,2298,88.1,88.41,35,84,128,0.30000000000001137,6.44,108,146,117,141,298,323,289,"3.5","-3.5","66.124467262","6.939516786"
254,669397,"Allen, Nick",2022,1154,22,0.15,0.05,0.22,0.2,0.182,0.196,0.166,9,60,79.3,6,2307,88.4,88.68,34,130,124,0.29999999999999716,6.43,107,147,106,144,296,312,281,"9.6","-9.6",,
95,640458,"Mercado, Óscar",2020,366,26,0.15,0,0.231,0.15,0.176,0.187,0.153,3,20,85,-6.1,2371,86.6,86.83,15,45,50,0.20000000000000284,6.39,100,139,106,136,293,318,276,"4.4","-4.4",,
80,621514,"Stewart, Christin",2020,387,20.7,0.15,0.05,0.231,0.2,0.193,0.235,0.165,3,20,86.9,29.5,2230,87.4,87.51,14,39,41,0.09999999999999432,6.3,115,152,110,149,293,323,297,"6.3","-6.3",,
79,664068,"Kingery, Scott",2020,468,16.9,0.15,0.15,0.125,0.3,0.255,0.286,0.188,3,20,80.4,25.6,2283,88.4,88.41,9,42,37,0,6.22,104,146,111,143,294,316,281,"2.5","-2.5",,
206,642201,"White, Eli",2021,892,23.1,0.149,0.106,0.231,0.255,0.22,0.235,0.18,7,47,77.2,12.6,2205,89.3,89.27,35,99,107,0,6.35,106,147,113,141,304,318,286,"7.9","-7.9",,
199,514888,"Altuve, Jose",2020,762,26.1,0.149,0.106,0.176,0.255,0.211,0.239,0.187,7,47,85.6,3.5,2246,87.1,86.97,23,89,110,-0.09999999999999432,6.29,108,148,111,143,295,323,291,"7.9","-7.9",,
276,666198,"Kieboom, Carter",2021,884,31.2,0.149,0,0.227,0.149,0.186,0.254,0.205,10,67,82.9,4.2,2251,88,88.16,48,139,137,0.20000000000000284,6.32,105,149,116,144,302,318,287,"18.5","-18.5",,
277,543877,"Vázquez, Christian",2024,1141,24.3,0.149,0.054,0.183,0.203,0.157,0.212,0.191,11,74,82.3,16.2,2323,88.9,89.24,41,160,117,0.29999999999999716,6.51,109,147,115,144,298,319,284,"11.2","-11.2","65.443130753","6.77302726"
177,668472,"Pratto, Nick",2022,787,22.5,0.148,0.111,0.286,0.259,0.279,0.254,0.08,4,27,90.3,24.5,2184,90.1,90.41,29,77,100,0.30000000000001137,6.39,116,153,108,150,297,327,303,"2.3","-2.3",,
205,594777,"Calhoun, Kole",2023,681,30.1,0.148,0.204,0.116,0.352,0.224,0.3,0.24,8,54,86.3,19.7,2273,89.1,89.41,24,111,94,0.30000000000001137,6.44,115,142,111,146,288,319,295,"7","-7",,
134,475253,"Smoak, Justin",2020,554,24.2,0.148,0.074,0.235,0.222,0.204,0.225,0.181,4,27,85.8,5.1,2334,88.4,88.74,22,63,71,0.29999999999999716,6.41,116,151,115,151,302,320,297,"4.7","-4.7",,
259,474832,"Belt, Brandon",2022,1194,21.7,0.148,0.037,0.216,0.185,0.22,0.247,0.155,8,54,88.1,31.2,2257,89.9,90.03,32,115,144,0.09999999999999432,6.33,118,157,110,149,293,320,301,"9.4","-9.4",,
134,621512,"Nido, Tomás",2024,506,26.5,0.147,0,0.2,0.147,0.152,0.193,0.149,5,34,86.2,9.8,2244,88.8,89.1,30,89,45,0.29999999999999716,6.51,110,148,121,146,303,317,289,"7.7","-7.7","69.770760698","7.968877209"
129,672779,"Marcano, Tucupita",2022,672,19.2,0.147,0.118,0.167,0.265,0.212,0.188,0.135,5,34,81.5,9.5,2328,88.9,89.12,12,54,75,0.19999999999998863,6.4,110,142,101,142,285,313,294,"3.3","-3.3",,
305,608336,"Gallo, Joey",2024,1075,28.4,0.147,0.25,0.152,0.397,0.277,0.252,0.153,10,68,89.4,23.6,2300,89.1,89.44,54,147,158,0.30000000000001137,6.48,117,143,111,147,299,323,298,"5.5","-5.5","70.269117752","7.136547984"
134,663728,"Raleigh, Cal",2021,568,23.6,0.147,0.059,0.238,0.206,0.161,0.155,0.131,5,34,91.2,27.1,2190,89.5,89.45,34,87,47,-0.09999999999999432,6.25,113,149,114,144,292,320,294,"6.5","-6.5",,
172,640492,"Azocar, José",2022,768,22.4,0.146,0.021,0.189,0.167,0.156,0.244,0.21,7,48,80.2,13.6,2238,88.5,88.41,24,111,61,-0.09999999999999432,6.33,107,146,112,143,298,316,284,"9.7","-9.7",,
449,642350,"Siri, Jose",2024,1788,25.1,0.146,0.058,0.246,0.204,0.204,0.254,0.173,15,103,79.2,10.2,2298,89.5,89.65,104,225,224,0.09999999999999432,6.48,108,144,111,142,300,324,290,"20.9","-20.9","69.154490857","7.641865714"
220,594807,"Duvall, Adam",2020,798,27.6,0.145,0.2,0.125,0.345,0.247,0.319,0.206,8,55,86,20.5,2225,87.4,87.54,35,117,103,0.09999999999999432,6.38,106,147,117,141,301,322,292,"6.1","-6.1",,
287,621439,"Buxton, Byron",2022,1529,18.8,0.145,0.21,0.154,0.355,0.285,0.278,0.168,9,62,87.8,19.7,2252,89.4,89.37,45,133,154,0,6.26,106,147,115,139,299,324,294,"8.6","-8.6",,
81,682073,"Hensley, David",2024,250,32.4,0.143,0,0.25,0.143,0.196,0.172,0.107,2,14,90.2,-6.5,2281,88.2,88.41,11,26,55,0.20000000000000284,6.46,105,145,121,143,306,322,290,"2.8","-2.8","69.452067692","6.762665769"
40,641786,"Lewis, Kyle",2022,263,15.2,0.143,0,0.143,0.143,0.251,0.444,0.399,1,7,85.6,12.1,2314,88.5,88.13,7,17,23,-0.4000000000000057,6.11,117,152,119,146,297,320,286,"0.4","-0.4",,
202,660271,"Ohtani, Shohei",2020,739,27.3,0.143,0.238,0.13,0.381,0.265,0.312,0.216,6,42,89.7,9.5,2202,89,88.7,27,94,108,-0.20000000000000284,6.1,118,149,114,148,296,324,303,"7.8","-7.8",,
23,592826,"Velasquez, Vince",2021,94,24.5,0.143,0,0.333,0.143,0.196,0.229,0.167,1,7,70.8,-18,2211,88.8,89.17,4,15,8,0.4000000000000057,6.43,88,125,93,130,291,306,272,"1.9","-1.9",,
21,670092,"Brooks, Trenton",2024,110,19.1,0.143,0,0.25,0.143,0.126,0.278,0.218,1,7,95.7,29.5,2138,87.9,88.23,4,12,9,0.29999999999999716,6.52,121,146,107,152,289,321,301,"2.2","-2.2","59.749279167","7.437298333"
33,680716,"Ornelas, Jonathan",2024,163,20.2,0.143,0,0.2,0.143,0.126,0.097,0.105,1,7,73.9,-12.5,2436,89.1,89.09,6,18,15,0,6.42,105,149,110,147,303,321,288,"1.2","-1.2","66.984970556","6.741741111"
58,607461,"Beaty, Matt",2022,177,32.8,0.143,0.071,0.2,0.214,0.251,0.329,0.246,2,14,83.7,20.7,2274,89.8,89.65,6,26,32,-0.09999999999999432,6.23,114,145,110,146,286,315,295,"2.6","-2.6",,
31,664119,"Allen, Austin",2020,128,24.2,0.143,0,0.25,0.143,0.126,0.151,0.166,1,7,81.7,21.3,2292,89.6,89.43,5,15,16,-0.19999999999998863,6.15,120,153,111,153,296,323,300,"1.8","-1.8",,
46,608701,"Refsnyder, Rob",2020,149,30.9,0.143,0,0.25,0.143,0.176,0.216,0.11,1,7,92.9,24,2089,88.6,88.76,9,22,24,0.20000000000000284,6.41,109,147,118,146,299,328,283,"3","-3",,
20,553902,"Astudillo, Willians",2020,41,48.8,0.143,0,0.167,0.143,0.126,0.214,0.233,1,7,80.1,32.2,2323,88.4,88.69,1,12,8,0.4000000000000057,6.47,108,152,113,144,295,317,276,"1.9","-1.9",,
16,663911,"Plummer, Nick",2022,96,16.7,0.143,0.429,0,0.571,0.296,0.322,0.285,1,7,88.9,11.6,2382,88.7,89.19,1,9,7,0.5,6.62,122,156,112,148,285,316,299,"0.5","-0.5",,
54,642221,"Wong, Kean",2021,226,23.9,0.143,0,0.2,0.143,0.196,0.289,0.245,2,14,65.4,-7.6,2363,88.5,88.37,10,30,24,-0.09999999999999432,6.21,113,145,98,146,281,313,296,"0.8","-0.8",,
56,677954,"Groshans, Jordan",2022,263,21.3,0.143,0,0.182,0.143,0.126,0.161,0.164,2,14,85.3,13.2,2227,88.7,88.65,6,27,29,0,6.34,113,152,120,149,302,312,288,"3.2","-3.2",,
30,656514,"Haseley, Adam",2022,92,32.6,0.143,0,0.25,0.143,0.126,0.123,0.133,1,7,70.6,-16.8,2129,88.9,88.7,4,18,12,-0.20000000000000284,6.06,119,148,111,152,273,314,292,"-1.2","1.2",,
65,676724,"Young, Jared",2023,174,37.4,0.143,0.286,0.25,0.429,0.256,0.279,0.242,2,14,95.1,13.4,2133,88.5,88.88,16,38,27,0.4000000000000057,6.52,116,141,109,145,291,320,297,"2.9","-2.9",,
151,665750,"Taveras, Leody",2021,709,21.3,0.143,0.086,0.263,0.229,0.199,0.202,0.164,5,35,71.7,1.4,2167,88.6,88.38,17,73,78,-0.19999999999998863,6.21,111,145,104,144,291,317,297,"7.8","-7.8",,
84,641531,"Dozier, Hunter",2023,344,24.4,0.143,0.095,0.214,0.238,0.197,0.195,0.154,3,21,84.6,14.9,2350,88.7,89.17,16,40,44,0.5,6.54,111,147,117,143,306,328,297,"2.6","-2.6",,
79,663698,"Bart, Joey",2023,350,22.6,0.143,0,0.182,0.143,0.214,0.22,0.096,2,14,80.7,20.5,2322,86.8,86.94,8,30,49,0.10000000000000853,6.32,111,149,117,145,302,321,289,"3.2","-3.2",,
21,596133,"Weaver, Luke",2021,75,28,0.143,0,0.333,0.143,0.126,0.085,0.09,1,7,83,-4,2289,87.5,87.8,5,11,10,0.29999999999999716,6.53,92,128,97,126,285,301,271,"1.1","-1.1",,
23,571918,"Marrero, Deven",2021,87,26.4,0.143,0,0.167,0.143,0.196,0.184,0.112,1,7,76,23,2324,91.6,91.72,4,12,11,0.10000000000000853,6.47,103,144,114,139,303,316,286,"1.7","-1.7",,
211,571912,"Maile, Luke",2022,821,25.7,0.143,0,0.171,0.143,0.214,0.227,0.124,6,42,84.7,15.4,2345,88.4,88.33,20,98,113,-0.10000000000000853,6.17,108,146,117,142,293,317,282,"7.3","-7.3",,
253,642727,"Alcántara, Sergio",2021,1069,23.7,0.143,0.061,0.219,0.204,0.216,0.229,0.151,7,49,84.6,10.3,2207,90.5,90.59,30,112,141,0.09999999999999432,6.3,113,145,108,146,287,316,295,"8.5","-8.5",,
23,663905,"Blankenhorn, Travis",2021,93,24.7,0.143,0.429,0,0.571,0.287,0.336,0.209,1,7,100.3,5.4,2419,89.2,88.9,2,12,11,-0.29999999999999716,6.14,116,143,109,149,297,319,303,"0.8","-0.8",,
30,592407,"Holaday, Bryan",2021,142,21.1,0.143,0,0.333,0.143,0.2,0.183,0.112,1,7,77.5,34,2246,91,91.24,8,17,13,0.29999999999999716,6.55,114,147,112,146,302,321,284,"1.8","-1.8",,
20,664247,"Garlick, Kyle",2020,77,26,0.143,0.143,0.167,0.286,0.177,0.23,0.249,1,7,92,7.3,2279,87.1,86.96,2,8,12,-0.09999999999999432,6.29,103,146,116,143,301,323,287,"0.7","-0.7",,
21,672744,"Canario, Alexander",2024,101,20.8,0.143,0.143,0.333,0.286,0.179,0.166,0.145,1,7,97.4,28,2199,89.5,90.07,6,11,10,0.5999999999999943,6.6,109,140,112,136,303,316,286,"2","-2","79.353791818","7.832787273"
39,605361,"Martini, Nick",2021,193,20.2,0.143,0,0.143,0.143,0.098,0.196,0.23,1,7,82.7,20.3,2453,89.8,90.28,1,22,17,0.5,6.58,99,137,109,141,278,320,288,"3","-3",,
131,656185,"Allen, Greg",2022,531,24.7,0.143,0.071,0.267,0.214,0.166,0.184,0.156,4,28,82.8,9.1,2294,88,88.1,19,59,72,0.09999999999999432,6.33,111,146,105,146,290,319,287,"6.7","-6.7",,
104,642165,"VanMeter, Josh",2020,330,31.5,0.143,0.143,0.182,0.286,0.224,0.257,0.189,3,21,86.7,12.3,2224,89,89.12,16,43,61,0.09999999999999432,6.42,118,149,111,147,286,319,298,"2.9","-2.9",,
33,677347,"Paris, Kyren",2023,189,17.5,0.143,0,0.25,0.143,0.253,0.323,0.199,1,7,91.3,28.5,2293,89.4,89.7,5,18,15,0.29999999999999716,6.49,98,138,103,138,299,318,289,"0.9","-0.9",,
44,573131,"Ruf, Darin",2023,264,16.7,0.143,0,0.25,0.143,0.253,0.257,0.125,1,7,99.5,17.8,2213,86.8,87.2,2,14,30,0.4000000000000057,6.56,114,148,119,145,301,322,294,"1.1","-1.1",,
28,592622,"Payton, Mark",2022,131,21.4,0.143,0,0.2,0.143,0.197,0.242,0.185,1,7,88.9,26.8,2346,86.9,87.26,4,14,14,0.3999999999999915,6.6,115,146,105,139,288,317,295,"1.4","-1.4",,
48,663886,"Stephenson, Tyler",2020,89,53.9,0.143,0,0.333,0.143,0.301,0.285,0.113,1,7,83.5,20,2349,86.8,86.81,4,17,31,0,6.12,110,143,110,137,290,318,293,"0","0",,
22,578570,"Querecuto, Juniel",2023,79,27.8,0.143,0,0.167,0.143,0.126,0.214,0.234,1,7,59,-8.8,2188,89.2,89.22,5,14,8,0,6.28,109,146,109,148,294,315,293,"2.1","-2.1",,
105,690291,"Jung, Jace",2024,386,27.2,0.143,0,0.375,0.143,0.175,0.19,0.154,3,21,78,3.6,2265,90.1,90.43,22,57,48,0.30000000000001137,6.41,115,146,112,151,288,326,298,"5.5","-5.5","67.491746786","7.29301125"
23,665782,"De Los Santos, Luis",2024,121,19,0.143,0.143,0.2,0.286,0.179,0.176,0.178,1,7,77.2,-17,2253,89.8,89.85,4,12,11,0.10000000000000853,6.35,104,148,114,145,303,320,287,"1.8","-1.8","69.202841667","7.0690075"
158,571740,"Hamilton, Billy",2021,530,29.8,0.143,0.029,0.227,0.171,0.162,0.183,0.16,5,35,81.1,19.4,2313,88.6,88.72,30,87,71,0.10000000000000853,6.36,107,144,99,142,282,308,283,"9.2","-9.2",,
57,665862,"Chisholm Jr., Jazz",2020,263,21.7,0.143,0.071,0.25,0.214,0.188,0.233,0.163,2,14,77.5,22.3,2184,88.7,89.09,9,26,31,0.3999999999999915,6.65,113,141,102,143,293,320,291,"3.8","-3.8",,
27,435522,"Walker, Neil",2020,172,15.7,0.143,0,0.2,0.143,0.11,0.135,0.151,1,7,80.2,34.2,2197,89.1,88.94,6,14,13,-0.19999999999998863,6.16,112,147,111,144,285,308,280,"2.2","-2.2",,
128,664901,"Mendick, Danny",2024,540,23.7,0.143,0.2,0.125,0.343,0.203,0.193,0.149,5,35,76.6,20.3,2182,88.7,89.2,17,61,67,0.5,6.62,107,147,113,144,294,317,283,"5.1","-5.1","64.454070172","7.04662431"
33,694377,"Yorke, Nick",2024,174,19,0.143,0,0.167,0.143,0.175,0.263,0.168,1,7,81.9,27,2149,87.9,88.22,7,19,14,0.29999999999999716,6.62,109,148,121,146,306,319,287,"2.3","-2.3","66.684277647","7.037963529"
33,657088,"Wall, Forrest",2024,129,25.6,0.143,0,0.2,0.143,0.196,0.21,0.1,1,7,87.5,20,2226,88.2,88.47,8,20,13,0.29999999999999716,6.44,107,141,100,146,295,317,304,"1.1","-1.1","62.6325255","6.4581875"
59,668723,"Vilade, Ryan",2024,188,31.4,0.143,0,0.2,0.143,0.118,0.173,0.202,2,14,84.8,8,2336,90.6,90.49,9,36,23,-0.09999999999999432,6.22,113,151,121,146,294,314,281,"3.7","-3.7","73.698988056","7.241240833"
34,605200,"Davies, Zach",2021,153,22.2,0.143,0,0.25,0.143,0.126,0.077,0.082,1,7,60.1,-12.8,2232,91,91.03,3,14,20,0,6.22,100,133,96,135,269,282,249,"2.6","-2.6",,
29,534606,"LaMarre, Ryan",2021,91,31.9,0.143,0,0.167,0.143,0.255,0.28,0.145,1,7,88.2,9.7,2329,89.8,90.14,4,14,15,0.29999999999999716,6.65,103,145,109,139,292,317,284,"1.6","-1.6",,
278,621439,"Buxton, Byron",2023,1367,20.3,0.141,0.313,0.086,0.453,0.271,0.351,0.208,9,64,88.2,10.5,2169,88.1,88.4,54,141,137,0.30000000000001137,6.45,110,148,117,143,299,325,291,"6","-6",,
181,624512,"McGuire, Reese",2021,797,22.7,0.14,0.07,0.231,0.209,0.18,0.189,0.15,6,43,86.1,11.5,2201,89.6,89.66,27,88,93,0.10000000000000853,6.36,115,155,106,149,287,319,297,"8.3","-8.3",,
222,656371,"Díaz, Isan",2021,1070,20.7,0.14,0.1,0.171,0.24,0.203,0.229,0.155,7,50,87.5,14.6,2256,88.3,88.25,41,107,115,0,6.32,117,151,108,149,291,318,300,"10.2","-10.2",,
290,669003,"Mitchell, Garrett",2024,891,32.5,0.14,0.18,0.25,0.32,0.289,0.27,0.141,7,50,84.2,0.1,2314,89.1,89.6,57,123,167,0.5,6.53,113,142,103,146,294,319,301,"7.2","-7.2","71.3096945","7.135265333"
197,594777,"Calhoun, Kole",2021,734,26.8,0.14,0.02,0.194,0.16,0.178,0.219,0.166,7,50,84.2,17.3,2235,87.7,87.51,36,106,91,-0.20000000000000284,6.28,116,161,109,149,295,324,299,"10","-10",,
527,598265,"Bradley Jr., Jackie",2021,1682,31.3,0.139,0.111,0.192,0.25,0.229,0.267,0.18,15,108,89.2,11.9,2282,88.5,88.52,76,224,303,0,6.26,114,145,108,148,291,317,298,"23.1","-23.1",,
129,467092,"Ramos, Wilson",2020,529,24.4,0.139,0.028,0.172,0.167,0.145,0.249,0.224,5,36,87.5,3.3,2213,87.5,87.72,17,73,56,0.20000000000000284,6.37,109,149,119,147,307,324,288,"11.4","-11.4",,
163,641658,"Hampson, Garrett",2020,772,21.1,0.139,0.056,0.217,0.194,0.18,0.222,0.159,5,36,81.1,17.6,2240,89.7,90,23,73,90,0.29999999999999716,6.36,107,144,107,142,305,324,291,"10.7","-10.7",,
131,645444,"Herrera, Jose",2023,510,25.7,0.138,0.034,0.2,0.172,0.165,0.182,0.146,4,29,74.6,2.1,2320,88,88.29,11,62,69,0.29999999999999716,6.43,118,146,110,149,291,319,297,"6.9","-6.9",,
110,608596,"Murphy, Tom",2023,593,18.5,0.138,0.138,0.15,0.276,0.178,0.278,0.196,4,29,88.3,20.3,2182,88.7,89.15,18,60,50,0.3999999999999915,6.52,107,148,117,142,298,322,290,"6.3","-6.3",,
109,671732,"Butler, Lawrence",2023,500,21.8,0.138,0.103,0.167,0.241,0.189,0.255,0.18,4,29,87.3,11,2197,89.9,90.06,22,53,56,0.19999999999998863,6.35,119,147,109,150,296,324,302,"5.8","-5.8",,
219,682622,"Marte, Noelvi",2024,882,24.8,0.137,0.078,0.2,0.216,0.195,0.205,0.157,7,51,85.6,16.8,2341,88.1,88.55,30,108,111,0.4000000000000057,6.56,109,147,118,143,301,320,290,"6.7","-6.7","70.622800377","7.325084057"
97,691016,"Soderstrom, Tyler",2023,519,18.7,0.136,0,0.214,0.136,0.162,0.228,0.199,3,22,88.9,11.6,2151,87.4,87.77,16,49,48,0.3999999999999915,6.46,119,147,115,149,298,323,299,"5.1","-5.1",,
358,672356,"Arias, Gabriel",2023,1345,26.6,0.136,0.136,0.16,0.272,0.22,0.295,0.206,11,81,87.5,-0.8,2256,88.1,88.35,81,205,153,0.20000000000000284,6.45,107,147,117,145,297,319,284,"13.6","-13.6",,
107,656541,"Hilliard, Sam",2020,492,21.7,0.136,0.136,0.182,0.273,0.214,0.188,0.131,3,22,91.7,9.5,2229,89.1,89.11,20,52,55,0,6.17,117,151,115,149,293,325,302,"4.8","-4.8",,
184,641598,"Garver, Mitch",2022,943,19.5,0.135,0.189,0.097,0.324,0.261,0.324,0.206,5,37,88.1,17.7,2281,87.6,87.36,17,81,103,-0.19999999999998863,6.27,102,146,116,140,302,326,291,"-0.2","0.2",,
197,670712,"Brosseau, Mike",2021,734,26.8,0.135,0.135,0.182,0.27,0.242,0.23,0.12,5,37,84.2,16.7,2195,88.8,89.04,36,95,102,0.20000000000000284,6.57,105,148,117,145,301,321,290,"5.9","-5.9",,
180,656716,"McKinstry, Zach",2022,791,22.8,0.135,0.162,0.125,0.297,0.222,0.252,0.197,5,37,86.4,15.8,2260,89,89.07,17,91,89,0.09999999999999432,6.42,118,148,109,148,286,314,296,"4.4","-4.4",,
141,571976,"Myers, Wil",2023,552,25.5,0.135,0.108,0.19,0.243,0.195,0.228,0.184,5,37,88.1,14.5,2318,86.6,87.01,29,66,75,0.4000000000000057,6.44,112,150,117,147,301,321,293,"7.9","-7.9",,
172,656577,"Jackson, Alex",2024,626,27.5,0.135,0.216,0.167,0.351,0.234,0.207,0.105,5,37,85.7,26.7,2296,89.4,89.25,46,91,81,-0.20000000000000284,6.39,111,147,118,145,296,321,287,"5.8","-5.8","71.627518876","7.205406067"
62,649557,"Díaz, Aledmys",2020,216,28.7,0.133,0.2,0.1,0.333,0.191,0.218,0.192,2,15,87.4,14.5,2244,86.8,86.7,11,33,29,-0.09999999999999432,6.31,104,147,114,145,290,317,293,"3.2","-3.2",,
65,656821,"Padlo, Kevin",2022,132,49.2,0.133,0.067,0.222,0.2,0.177,0.152,0.128,2,15,94.5,4,2186,88.4,88.3,12,30,35,-0.10000000000000853,6.31,109,148,116,143,299,320,292,"3.1","-3.1",,
61,571431,"Adams, Matt",2021,138,44.2,0.133,0,0.182,0.133,0.153,0.178,0.117,2,15,78.9,8.4,2462,86.1,86.15,8,33,28,0,6.24,111,152,118,150,301,329,302,"4.7","-4.7",,
83,670623,"Paredes, Isaac",2021,378,22,0.133,0.067,0.118,0.2,0.211,0.268,0.207,2,15,89.3,23.3,2205,88.8,88.7,4,36,47,-0.09999999999999432,6.23,112,147,115,145,302,323,287,"3.7","-3.7",,
121,687093,"Grissom, Vaughn",2024,443,27.3,0.133,0.033,0.16,0.167,0.175,0.28,0.224,4,30,85.3,13,2363,88.5,88.92,17,61,60,0.4000000000000057,6.61,108,147,114,142,295,315,287,"4.5","-4.5","66.389925263","7.269219474"
48,553902,"Astudillo, Willians",2022,150,32,0.133,0,0.154,0.133,0.154,0.192,0.167,2,15,74.4,10.5,2449,89.2,89.14,7,30,18,-0.10000000000000853,6.21,103,145,113,142,298,317,283,"3.3","-3.3",,
86,681481,"Carpenter, Kerry",2022,432,19.9,0.133,0.2,0.125,0.333,0.306,0.33,0.172,2,15,85.6,23.4,2267,88.5,88.41,9,38,48,-0.09999999999999432,6.2,116,145,106,145,290,318,295,"1.6","-1.6",,
64,595978,"Hedges, Austin",2020,335,19.1,0.133,0,0.182,0.133,0.11,0.364,0.343,2,15,79.8,-0.5,2209,88.8,89.33,9,35,29,0.5,6.43,105,149,112,142,298,318,293,"4.5","-4.5",,
81,665750,"Taveras, Leody",2020,525,15.4,0.133,0,0.25,0.133,0.215,0.243,0.157,2,15,91.8,21.5,2160,89,88.73,12,35,46,-0.29999999999999716,6.09,119,147,112,150,297,320,293,"3.1","-3.1",,
152,595956,"Gallagher, Cam",2023,585,26,0.132,0.026,0.217,0.158,0.163,0.158,0.11,5,38,77.9,20.7,2298,88.6,88.97,23,82,70,0.4000000000000057,6.45,106,145,115,144,295,314,282,"7.6","-7.6",,
213,592885,"Yelich, Christian",2020,1100,19.4,0.132,0.184,0.167,0.316,0.273,0.271,0.157,5,38,87.4,0.8,2368,87.6,87.77,31,77,136,0.20000000000000284,6.38,118,145,115,148,298,320,300,"5.8","-5.8",,
112,656403,"Ellis, Drew",2021,354,31.6,0.13,0.13,0.154,0.261,0.261,0.26,0.147,3,23,82.2,25.4,2212,89.5,89.69,16,53,59,0.20000000000000284,6.43,108,149,116,144,302,326,298,"3.3","-3.3",,
203,650859,"Rengifo, Luis",2021,741,27.4,0.13,0,0.162,0.13,0.166,0.233,0.186,6,46,81.1,14.1,2133,87.1,87.17,29,104,99,0.10000000000000853,6.4,109,144,106,143,290,316,294,"10.1","-10.1",,
83,628451,"Ibáñez, Andy",2022,465,17.8,0.13,0,0.15,0.13,0.181,0.277,0.185,3,23,89.8,19.1,2317,89.1,88.95,7,40,43,-0.19999999999998863,6.31,109,149,118,147,301,318,285,"2.9","-2.9",,
216,518626,"Donaldson, Josh",2023,718,30.1,0.13,0.109,0.167,0.239,0.227,0.258,0.159,6,46,88.5,16.2,2218,89.3,89.3,34,96,120,0,6.34,108,147,119,144,303,321,290,"7.1","-7.1",,
76,624503,"Gordon, Nick",2023,309,24.6,0.13,0.087,0.158,0.217,0.147,0.2,0.18,3,23,77.2,8.1,2292,89.4,89.5,11,46,30,0.09999999999999432,6.34,114,144,102,148,288,316,292,"3.9","-3.9",,
131,488671,"Avila, Alex",2021,470,27.9,0.13,0.087,0.231,0.217,0.274,0.279,0.141,3,23,83.3,4.4,2192,85.9,86.14,21,50,81,0.19999999999998863,6.4,118,164,118,148,295,317,300,"2.5","-2.5",,
174,680911,"Miller, Owen",2021,750,23.2,0.13,0.087,0.179,0.217,0.166,0.231,0.204,6,46,88.8,-0.8,2237,89.1,89.29,23,88,86,0.20000000000000284,6.3,107,145,112,141,297,313,281,"8.3","-8.3",,
113,687529,"McCray, Grant",2024,519,21.8,0.129,0.194,0.143,0.323,0.205,0.232,0.168,4,31,80.9,2.9,2218,87.6,87.89,30,66,47,0.30000000000001137,6.4,117,145,101,146,289,319,299,"2.1","-2.1","67.383173833","6.912390667"
322,593160,"Merrifield, Whit",2024,1330,24.2,0.127,0.056,0.138,0.183,0.196,0.257,0.206,9,71,81.9,8.2,2300,88.7,88.97,28,161,161,0.29999999999999716,6.45,109,147,114,144,296,317,281,"15.4","-15.4","60.671330966","6.621620828"
248,663527,"Nevin, Tyler",2024,1090,22.8,0.127,0.018,0.184,0.145,0.199,0.259,0.17,7,55,91.2,14.1,2182,88.8,88.99,34,120,128,0.20000000000000284,6.48,111,149,118,146,301,320,289,"9.4","-9.4","65.626554224","6.729438362"
39,501303,"Adrianza, Ehire",2024,118,33.1,0.125,0,0.25,0.125,0.175,0.209,0.154,1,8,85.6,10.8,2096,87.9,88.25,7,16,23,0.3999999999999915,6.65,108,144,110,148,298,316,292,"2.3","-2.3","64.154895","7.226139375"
56,546991,"Almora Jr., Albert",2020,132,42.4,0.125,0,0.25,0.125,0.274,0.25,0.085,1,8,77.3,16.8,2248,86.8,87.12,8,24,32,0.29999999999999716,6.29,102,143,110,139,290,307,270,"2.3","-2.3",,
34,656371,"Díaz, Isan",2023,85,40,0.125,0,0.167,0.125,0.175,0.191,0.129,1,8,88.4,8.7,2155,88,88.44,5,16,18,0.4000000000000057,6.54,116,145,108,147,293,313,291,"2.7","-2.7",,
25,621011,"Schrock, Max",2022,87,28.7,0.125,0,0.143,0.125,0.11,0.207,0.2,1,8,84.6,20.4,2344,87.7,87.4,3,17,8,-0.29999999999999716,6.4,116,149,107,148,280,317,300,"2","-2",,
31,663898,"Rodgers, Brendan",2020,82,37.8,0.125,0,0.125,0.125,0.11,0.139,0.15,1,8,85.3,-10.6,2415,88.3,88.43,3,19,12,0.10000000000000853,6.27,112,153,122,149,314,325,291,"1.6","-1.6",,
67,592859,"Wilkerson, Stevie",2021,289,23.2,0.125,0,0.222,0.125,0.176,0.226,0.17,2,16,77.2,-7.6,2225,89.8,89.94,17,41,26,0.10000000000000853,6.4,116,145,105,148,292,317,289,"3.6","-3.6",,
35,493316,"Cespedes, Yoenis",2020,135,25.9,0.125,0.125,0.333,0.25,0.215,0.224,0.177,1,8,82.2,5,2229,87.9,88.54,9,21,14,0.5999999999999943,6.53,106,146,115,144,302,326,292,"0.9","-0.9",,
81,457708,"Upton, Justin",2022,229,35.4,0.125,0,0.2,0.125,0.228,0.323,0.214,2,16,97.3,25.2,2168,89.4,89.28,6,38,43,-0.10000000000000853,6.33,112,151,118,144,296,313,290,"2.4","-2.4",,
26,649557,"Díaz, Aledmys",2024,116,22.4,0.125,0,0.143,0.125,0.175,0.318,0.276,1,8,86.5,31.9,2435,85.8,85.78,3,13,13,0,6.43,109,141,115,137,299,318,287,"1.7","-1.7","68.02057","7.52575"
74,665877,"Fermín, José",2024,324,22.8,0.125,0,0.133,0.125,0.175,0.245,0.182,2,16,82.8,10.5,2441,91.1,91.49,1,31,43,0.4000000000000057,6.48,105,147,114,144,296,311,285,"2.3","-2.3","59.218690345","6.594559655"
24,502043,"Gibson, Kyle",2021,95,25.3,0.125,0,0.167,0.125,0.11,0.145,0.151,1,8,69.2,-20.6,2203,90.6,90.8,2,12,12,0.20000000000000284,6.52,98,137,104,140,287,294,261,"3.5","-3.5",,
72,656448,"Garrett, Stone",2022,312,23.1,0.125,0,0.222,0.125,0.104,0.127,0.119,2,16,88.8,19,2277,90,89.98,14,42,30,0,6.3,112,151,117,147,306,325,294,"2.8","-2.8",,
44,452254,"Pence, Hunter",2020,197,22.3,0.125,0.375,0,0.5,0.247,0.418,0.31,2,16,86.9,11.2,2373,89.6,89.83,7,28,16,0.20000000000000284,6.35,109,145,116,142,302,323,291,"1.2","-1.2",,
32,669432,"Rogers, Trevor",2021,159,20.1,0.125,0,0.333,0.125,0.175,0.111,0.036,1,8,78.4,-8.7,2309,88.6,88.75,6,18,14,0.10000000000000853,6.4,93,133,98,135,262,291,281,"1.5","-1.5",,
25,668952,"Kreidler, Ryan",2024,263,9.5,0.125,0.375,0,0.5,0.304,0.363,0.237,1,8,77.3,6.9,2241,88.7,88.94,1,13,12,0.20000000000000284,6.36,107,145,110,143,293,322,288,"0.6","-0.6","56.195916923","6.314596923"
168,668800,"Knizner, Andrew",2021,677,24.8,0.125,0.05,0.172,0.175,0.223,0.287,0.191,5,40,88.1,3.3,2235,88.4,88.42,16,75,93,0,6.25,109,146,115,144,306,321,290,"10","-10",,
44,675986,"Smith-Njigba, Canaan",2023,159,27.7,0.125,0.125,0.2,0.25,0.194,0.272,0.175,1,8,91.4,9.2,2307,86.4,86.9,7,21,23,0.5,6.5,108,140,106,146,287,322,297,"1.9","-1.9",,
42,571602,"Davidson, Matt",2022,139,30.2,0.125,0,0.333,0.125,0.226,0.219,0.104,1,8,89.3,8.7,2444,90.8,90.88,6,14,28,0.10000000000000853,6.38,114,156,121,149,306,329,302,"1.5","-1.5",,
33,592866,"Williams, Trevor",2021,109,30.3,0.125,0,0.25,0.125,0.11,0.09,0.097,1,8,78.1,-17.3,2234,89.5,90.15,3,12,21,0.5999999999999943,6.57,106,139,102,139,282,296,259,"2.3","-2.3",,
90,605421,"Pérez, Michael",2022,492,18.3,0.125,0,0.167,0.125,0.155,0.253,0.187,3,24,83.7,10.5,2272,88.8,88.91,19,49,41,0.10000000000000853,6.36,115,153,109,146,288,317,294,"4.6","-4.6",,
33,663796,"Montes, Coco",2023,141,23.4,0.125,0,0.2,0.125,0.11,0.16,0.163,1,8,78.8,21.8,2269,88.9,89.02,8,23,10,0.09999999999999432,6.17,113,151,115,146,306,327,295,"3.1","-3.1",,
97,547379,"Pérez, Roberto",2020,486,20,0.125,0,0.286,0.125,0.231,0.252,0.141,2,16,91.8,-4.6,2372,86.1,86.32,13,33,64,0.20000000000000284,6.33,107,144,114,141,297,318,283,"4.6","-4.6",,
91,662139,"Varsho, Daulton",2020,450,20.2,0.125,0.083,0.2,0.208,0.161,0.195,0.154,3,24,83.4,13,2343,88.9,88.81,18,42,49,-0.10000000000000853,6.38,110,144,109,144,288,320,302,"4.5","-4.5",,
67,609280,"Andujar, Miguel",2020,250,26.8,0.125,0.063,0.167,0.188,0.166,0.227,0.165,2,16,84,12.8,2167,87.9,87.87,8,31,36,0,6.26,109,146,116,139,300,316,283,"4.7","-4.7",,
129,547004,"Ruiz, Rio",2021,540,23.9,0.125,0.083,0.176,0.208,0.204,0.268,0.176,3,24,87.3,11.1,2328,87.9,87.99,18,66,63,0.09999999999999432,6.36,112,143,110,145,287,321,304,"6.7","-6.7",,
26,641796,"Locastro, Tim",2022,166,15.7,0.125,0,0.125,0.125,0.11,0.279,0.301,1,8,88.8,-6.5,2304,88.7,88.79,2,14,12,0.09999999999999432,6.41,106,150,108,146,299,319,286,"1.1","-1.1",,
44,592660,"Ravelo, Rangel",2020,159,27.7,0.125,0,0.125,0.125,0.144,0.231,0.161,1,8,86.1,7.3,2341,88.4,88.23,10,22,22,-0.20000000000000284,6.23,104,146,115,139,304,319,297,"3","-3",,
29,600303,"La Stella, Tommy",2023,104,27.9,0.125,0,0.2,0.125,0.11,0.114,0.119,1,8,82.2,21.6,2268,88,88.55,5,12,17,0.5,6.52,109,142,102,147,283,314,292,"1.8","-1.8",,
35,666160,"Moniak, Mickey",2021,134,26.1,0.125,0.375,,0.5,0.251,0.185,0.106,1,8,103.9,23,2128,87.7,87.56,15,21,14,-0.10000000000000853,6.23,114,142,108,146,284,314,294,"1.3","-1.3",,
68,682729,"Clase, Jonatan",2024,267,25.5,0.125,0,0.143,0.125,0.11,0.134,0.123,2,16,87.8,15.9,1989,89.8,89.95,6,36,32,0.10000000000000853,6.39,112,142,107,147,295,323,294,"5.1","-5.1","66.259461212","6.35419"
41,656185,"Allen, Greg",2020,122,33.6,0.125,0.375,0,0.5,0.307,0.365,0.185,1,8,80.9,11.7,2397,86.3,86.32,11,18,23,0,6.36,107,140,95,142,286,315,286,"0.8","-0.8",,
251,641933,"O'Neill, Tyler",2023,1042,24.1,0.123,0.14,0.135,0.263,0.24,0.296,0.173,7,57,84.5,17.3,2261,89.2,89.36,41,122,129,0.20000000000000284,6.36,110,150,120,146,306,327,296,"11.2","-11.2",,
246,596142,"Sánchez, Gary",2020,774,31.8,0.122,0.265,0.091,0.388,0.29,0.349,0.181,6,49,93.1,16.1,2236,88.8,88.93,39,120,126,0.10000000000000853,6.4,108,148,119,143,300,321,286,"5.8","-5.8",,
271,605421,"Pérez, Michael",2021,941,28.8,0.121,0.069,0.182,0.19,0.201,0.221,0.147,7,58,86.5,11.6,2259,88.1,87.94,43,133,138,-0.19999999999998863,6.18,113,149,107,145,290,313,293,"11.5","-11.5",,
138,571912,"Maile, Luke",2024,637,21.7,0.121,0,0.2,0.121,0.153,0.191,0.154,4,33,83.6,14.8,2215,89.6,89.89,22,68,70,0.30000000000001137,6.45,108,147,118,146,298,319,285,"5.9","-5.9","63.806785574","6.497297541"
155,669911,"Toglia, Michael",2023,580,26.7,0.121,0.03,0.211,0.152,0.208,0.258,0.181,4,33,91.4,20.9,2299,87.7,88.13,27,74,81,0.3999999999999915,6.34,117,146,117,149,302,331,304,"6.5","-6.5",,
124,571875,"Lamb, Jake",2022,453,27.4,0.12,0.08,0.3,0.2,0.215,0.229,0.135,3,25,86.2,17.1,2154,88.7,88.74,25,55,69,0,6.2,115,153,112,149,297,324,302,"6.2","-6.2",,
126,545361,"Trout, Mike",2024,574,22,0.12,0.12,0.118,0.24,0.242,0.349,0.207,3,25,86.7,21.6,2309,90.5,90.91,14,57,69,0.4000000000000057,6.69,108,146,118,141,305,327,299,"4.1","-4.1","73.664299615","7.383043846"
132,467055,"Sandoval, Pablo",2021,379,34.8,0.12,0.24,0.067,0.36,0.293,0.347,0.207,3,25,87.8,18.8,2263,91,91.41,21,71,61,0.4000000000000057,6.48,119,154,114,148,297,323,302,"1.1","-1.1",,
138,665019,"Clemens, Kody",2023,609,22.7,0.12,0.16,0.125,0.28,0.281,0.31,0.18,3,25,84.9,14.9,2271,88.6,88.63,18,57,81,0,6.34,115,146,109,149,285,320,293,"4.4","-4.4",,
297,572191,"Taylor, Michael A.",2024,1202,24.7,0.119,0.051,0.171,0.169,0.188,0.277,0.179,7,59,85.6,6.7,2259,89.2,89.63,67,149,148,0.3999999999999915,6.53,105,147,111,144,305,320,289,"10.7","-10.7","69.630377813","6.910397422"
97,623205,"Velazquez, Andrew",2020,321,30.2,0.118,0,0.182,0.118,0.239,0.284,0.127,2,17,76.2,0.2,2248,89.4,89.83,15,44,53,0.3999999999999915,6.65,110,141,102,143,283,312,287,"3.2","-3.2",,
73,666931,"Oliva, Jared",2021,152,48,0.118,0,0.167,0.118,0.136,0.224,0.21,2,17,75.5,0.7,2183,87.8,87.95,15,40,33,0.10000000000000853,6.35,111,149,114,145,304,319,285,"3.5","-3.5",,
60,607461,"Beaty, Matt",2023,271,22.1,0.118,0.059,0.167,0.176,0.188,0.258,0.209,2,17,81.2,12,2185,87.2,87.06,10,38,22,-0.10000000000000853,6.17,110,143,110,147,286,321,301,"4.4","-4.4",,
69,623205,"Velazquez, Andrew",2023,353,19.5,0.118,0,0.222,0.118,0.166,0.146,0.088,2,17,67.4,-15.4,2318,90.3,90.3,19,44,25,0,6.43,107,142,102,148,291,318,297,"5.3","-5.3",,
65,645801,"Ford, Mike",2024,229,28.4,0.118,0,0.222,0.118,0.136,0.143,0.118,2,17,79.3,28.3,2274,89.1,89.66,13,30,35,0.6000000000000085,6.62,118,140,112,144,291,316,298,"5.4","-5.4","66.880069655","6.85964069"
176,570256,"Polanco, Gregory",2020,755,23.3,0.118,0.206,0.1,0.324,0.239,0.321,0.205,4,34,91.8,22.8,2325,86.9,87.08,42,90,86,0.19999999999998863,6.29,118,154,116,148,294,323,296,"6.6","-6.6",,
79,664850,"Mazeika, Patrick",2021,326,24.2,0.118,0,0.167,0.118,0.159,0.215,0.156,2,17,74.5,-8.4,2193,87.5,87.02,9,41,38,-0.5,6,104,134,100,137,281,310,290,"1","-1",,
93,641505,"Davis, Jonathan",2021,427,21.8,0.118,0,0.154,0.118,0.207,0.352,0.246,2,17,90.5,23.8,2311,88.7,88.82,11,37,56,0.09999999999999432,6.34,106,146,109,141,297,319,283,"3.9","-3.9",,
74,656024,"Pérez, Carlos",2023,197,37.6,0.118,0.118,0.143,0.235,0.229,0.228,0.138,2,17,89.3,20.7,2262,89.4,89.7,7,35,39,0.29999999999999716,6.42,109,147,117,144,294,323,291,"0.4","-0.4",,
84,656669,"Luplow, Jordan",2023,380,22.1,0.118,0,0.222,0.118,0.166,0.198,0.145,2,17,80.7,14.4,2271,86.9,87.17,16,42,42,0.29999999999999716,6.38,108,148,117,143,298,322,293,"4.7","-4.7",,
180,676480,"Barrero, Jose",2022,679,26.5,0.116,0,0.227,0.116,0.141,0.141,0.104,5,43,86.6,17.2,2234,88.5,88.33,47,103,77,-0.20000000000000284,6.28,109,146,115,143,291,317,286,"12.2","-12.2",,
107,622666,"Camargo, Johan",2020,531,20.2,0.115,0.077,0.214,0.192,0.15,0.167,0.121,3,26,79.1,16.5,2099,89,89.32,26,62,44,0.29999999999999716,6.49,112,147,113,143,291,317,291,"7.6","-7.6",,
190,571875,"Lamb, Jake",2021,683,27.8,0.114,0.114,0.136,0.229,0.225,0.234,0.14,4,35,84.9,19.1,2204,89.4,89.49,26,89,101,0.09999999999999432,6.34,115,155,114,148,289,322,297,"7.8","-7.8",,
251,670097,"Short, Zack",2021,801,31.3,0.114,0.159,0.088,0.273,0.232,0.269,0.153,5,44,84,22.2,2186,89.3,89.15,32,108,143,-0.20000000000000284,6.18,105,145,111,141,295,319,285,"8.2","-8.2",,
129,675656,"Smith, Kevin",2023,519,24.9,0.114,0.171,0.105,0.286,0.194,0.161,0.1,4,35,79.6,12,2330,88.4,88.71,21,69,60,0.29999999999999716,6.48,107,147,108,145,303,319,289,"8.6","-8.6",,
49,641856,"McKinney, Billy",2022,256,19.1,0.111,0,0.167,0.111,0.088,0.084,0.077,1,9,90.5,23.8,2135,86.2,86.07,10,21,28,-0.10000000000000853,6.33,110,152,99,145,289,322,298,"3.5","-3.5",,
41,595956,"Gallagher, Cam",2022,174,23.6,0.111,0.111,0.143,0.222,0.195,0.207,0.156,1,9,70.5,11.6,2157,87.9,87.74,3,19,22,-0.20000000000000284,6.21,110,149,113,145,300,319,293,"-0.8","0.8",,
34,680814,"Burdick, Peyton",2023,150,22.7,0.111,0,0.167,0.111,0.098,0.241,0.166,1,9,97.9,34.3,2324,90.6,90.78,7,19,15,0.20000000000000284,6.49,111,145,115,144,305,320,291,"2.9","-2.9",,
89,694359,"Kavadas, Niko",2024,465,19.1,0.111,0.222,0.1,0.333,0.257,0.289,0.16,2,18,93.7,37,2400,87.8,87.95,16,42,47,0.10000000000000853,6.44,120,144,115,148,295,322,302,"1.5","-1.5","66.978555676","6.947401892"
45,656976,"Smith, Pavin",2020,159,28.3,0.111,0,0.111,0.111,0.175,0.308,0.221,1,9,91.1,6,2178,89.2,88.94,4,18,27,-0.29999999999999716,6.26,119,145,110,145,297,321,304,"3.1","-3.1",,
57,657061,"Tucker, Cole",2024,237,24.1,0.111,0,0.167,0.111,0.227,0.268,0.122,1,9,87.1,4,2204,90.1,90.11,8,18,39,0,6.4,113,146,110,150,298,318,292,"0.8","-0.8","63.242477222","6.775628889"
33,641856,"McKinney, Billy",2024,114,28.9,0.111,0.111,0.333,0.222,0.194,0.189,0.104,1,9,89.3,5.3,2363,89.9,90.11,13,19,14,0.19999999999998863,6.3,121,147,109,151,296,321,301,"1.2","-1.2","65.953043684","6.758055789"
38,678662,"Tovar, Ezequiel",2022,126,30.2,0.111,0,0.167,0.111,0.157,0.202,0.156,1,9,81.7,-4.3,2316,89.6,90.1,8,22,16,0.5,6.43,107,149,115,142,302,312,285,"2.8","-2.8",,
46,460077,"Butera, Drew",2020,185,24.9,0.111,0.111,0.167,0.222,0.124,0.125,0.146,1,9,80.6,5.4,2278,89.6,90.08,9,26,20,0.5,6.3,106,142,111,145,306,329,292,"1.9","-1.9",,
33,673995,"Wendzel, Davis",2024,170,19.4,0.111,0.333,0,0.444,0.228,0.254,0.186,1,9,86.5,16.6,2271,84.8,85.04,6,16,17,0.20000000000000284,6.44,109,146,116,142,302,326,296,"2","-2","72.290965625","7.262909375"
56,605400,"Nola, Aaron",2021,253,22.1,0.111,0,0.2,0.111,0.189,0.253,0.1,1,9,52.8,-43.9,2253,90,89.94,1,17,39,-0.09999999999999432,6.22,100,139,102,140,287,298,263,"2.6","-2.6",,
27,592346,"González, Chi Chi",2021,117,23.1,0.111,0,0.25,0.111,0.098,0.08,0.086,1,9,59.3,-21,2175,89.2,89.07,6,14,13,-0.10000000000000853,6.15,99,142,100,143,287,303,267,"2.5","-2.5",,
91,506702,"León, Sandy",2022,387,23.5,0.111,0.056,0.143,0.167,0.201,0.197,0.121,2,18,75.1,-0.9,2180,89.4,89.31,10,36,55,-0.10000000000000853,6.25,112,161,111,149,290,317,290,"3.6","-3.6",,
33,663799,"Terry, Curtis",2021,182,18.1,0.111,0,0.167,0.111,0.098,0.174,0.161,1,9,82.3,22.5,2270,87.2,87.6,3,12,21,0.3999999999999915,6.61,113,144,118,141,296,319,289,"2.4","-2.4",,
146,666163,"Rortvedt, Ben",2021,386,37.8,0.111,0.037,0.2,0.148,0.203,0.205,0.1,3,27,75.1,10.7,2250,88.7,88.89,26,71,75,0.20000000000000284,6.35,114,150,110,147,286,315,294,"4.9","-4.9",,
48,641796,"Locastro, Tim",2023,238,20.2,0.111,0,0.167,0.111,0.209,0.285,0.198,1,9,67.9,34.7,2193,84.4,84,6,28,20,-0.4000000000000057,6.04,105,146,109,144,298,322,286,"3.1","-3.1",,
73,805779,"Wilson, Jacob",2024,349,20.9,0.111,0.111,0.118,0.222,0.208,0.217,0.152,2,18,80.9,-1.7,2287,90.4,90.63,4,36,37,0.19999999999998863,6.43,109,146,114,145,292,316,284,"5.2","-5.2","59.061460571","5.719793429"
22,669374,"Hiura, Keston",2024,93,23.7,0.111,0,0.143,0.111,0.098,0.268,0.271,1,9,81.8,13.7,2325,88.1,87.72,4,13,9,-0.3999999999999915,6.1,114,151,118,149,306,325,294,"2.4","-2.4","70.920013846","7.08284"
82,621311,"Dahl, David",2024,266,30.8,0.111,0.056,0.167,0.167,0.112,0.156,0.148,2,18,86.5,10,2350,89,88.89,16,47,35,-0.09999999999999432,6.25,114,146,110,149,284,319,300,"3.3","-3.3","65.515257447","6.957537872"
62,596451,"Quinn, Roman",2021,255,24.3,0.111,0.222,0.333,0.333,0.336,0.309,0.088,1,9,87.6,23.3,2270,90.5,90.42,10,24,38,-0.09999999999999432,6.24,112,148,99,148,287,316,288,"0.5","-0.5",,
160,664247,"Garlick, Kyle",2022,602,26.6,0.111,0.028,0.174,0.139,0.15,0.203,0.149,4,36,89.3,12.6,2188,87.2,87.27,36,84,76,0.09999999999999432,6.37,107,148,116,143,297,325,295,"8.1","-8.1",,
31,605483,"Snell, Blake",2021,117,26.5,0.111,0,0.2,0.111,0.098,0.1,0.107,1,9,66,-36.5,2289,88.1,87.97,7,15,16,-0.09999999999999432,6.35,109,145,106,143,264,301,284,"2.8","-2.8",,
32,624512,"McGuire, Reese",2020,157,20.4,0.111,0,0.143,0.111,0.098,0.144,0.151,1,9,72.1,4.3,2293,87,87.11,2,18,14,0.09999999999999432,6.43,115,141,105,145,285,319,295,"2.8","-2.8",,
36,623168,"Heineman, Tyler",2020,180,20,0.111,0,0.143,0.111,0.207,0.21,0.109,1,9,66.3,35.9,2236,88.2,88.12,6,19,17,-0.10000000000000853,6.13,112,147,107,148,291,314,289,"2","-2",,
24,664057,"Stevenson, Andrew",2023,116,20.7,0.111,0,0.143,0.111,0.158,0.183,0.137,1,9,86.7,1.1,2085,85.3,85.53,3,11,13,0.20000000000000284,6.3,109,142,102,146,296,326,300,"2.4","-2.4",,
132,656180,"Adams, Riley",2024,531,24.9,0.107,0.036,0.167,0.143,0.171,0.182,0.103,3,28,92.8,16.9,2173,88.7,89.14,21,71,61,0.3999999999999915,6.58,107,147,117,143,299,319,290,"8","-8","72.766885625","7.970715469"
146,501981,"Davis, Khris",2020,398,36.7,0.107,0,0.158,0.107,0.182,0.236,0.143,3,28,83.6,15.5,2316,88.7,88.6,27,78,68,-0.10000000000000853,6.19,110,147,116,139,299,318,291,"7.1","-7.1",,
111,672820,"Sosa, Lenyn",2023,628,17.7,0.107,0.107,0.111,0.214,0.166,0.254,0.224,3,28,82.7,17.1,2275,88.2,88.54,18,59,52,0.29999999999999716,6.48,106,148,115,145,299,322,287,"4.5","-4.5",,
107,609280,"Andujar, Miguel",2021,618,17.3,0.107,0.036,0.136,0.143,0.123,0.194,0.194,3,28,87.4,1.7,2225,89.6,89.74,20,62,45,0.10000000000000853,6.38,106,147,116,143,301,325,289,"7","-7",,
81,669256,"Solak, Nick",2022,357,22.7,0.105,0.158,0.083,0.263,0.23,0.354,0.218,2,19,92.5,4,2246,86.2,85.89,4,31,50,-0.29999999999999716,6.19,109,147,112,142,302,323,287,"4.5","-4.5",,
85,668843,"Capel, Conner",2023,353,24.1,0.105,0,0.2,0.105,0.15,0.173,0.125,2,19,83.7,-2.3,2228,88.3,88.55,18,44,41,0.29999999999999716,6.44,116,146,107,150,290,317,295,"5","-5",,
80,594838,"Gosselin, Phil",2022,310,25.8,0.105,0.105,0.133,0.211,0.159,0.199,0.154,2,19,85.5,14.3,2161,88,87.83,5,41,39,-0.20000000000000284,6.18,111,149,114,146,305,314,287,"4.6","-4.6",,
81,452095,"Flowers, Tyler",2020,328,24.7,0.105,0.105,0.2,0.211,0.159,0.14,0.114,2,19,87.6,18.6,2296,88,88.35,20,43,38,0.29999999999999716,6.51,107,147,117,144,301,318,291,"4.7","-4.7",,
126,645801,"Ford, Mike",2020,356,35.4,0.105,0.053,0.118,0.158,0.262,0.317,0.182,2,19,82.9,10.5,2166,89.2,89.63,6,37,89,0.3999999999999915,6.57,120,154,110,147,298,323,294,"4.4","-4.4",,
118,641645,"Guillorme, Luis",2021,661,17.9,0.105,0.158,0.067,0.263,0.312,0.34,0.19,2,19,85.7,16.8,2328,89.7,89.96,5,43,75,0.29999999999999716,6.47,115,142,106,144,282,312,298,"2.7","-2.7",,
79,664059,"Haggerty, Sam",2021,344,23,0.105,0.053,0.167,0.158,0.141,0.176,0.147,2,19,77,-0.4,2223,87.2,87.12,14,47,32,-0.10000000000000853,6.34,112,148,110,144,289,318,298,"6","-6",,
125,687363,"Scott II, Victor",2024,568,22,0.103,0.069,0.15,0.172,0.161,0.23,0.16,3,29,83.8,20.6,2338,90.3,90.63,18,57,68,0.29999999999999716,6.47,109,142,95,146,281,313,293,"6.3","-6.3","66.13818119","6.301083333"
35,669699,"Shewmake, Braden",2024,214,16.4,0.1,0,0.091,0.1,0.073,0.101,0.096,1,10,85.5,21.5,2293,88.7,89.12,2,25,10,0.3999999999999915,6.6,103,130,94,140,286,319,298,"2.9","-2.9","62.89182913","6.382506522"
53,686759,"Hopkins, TJ",2023,174,30.5,0.1,0,0.2,0.1,0.192,0.208,0.117,1,10,75.5,-15.2,2221,89.3,89.8,8,21,32,0.5,6.61,110,148,118,144,297,316,284,"2.2","-2.2",,
103,682073,"Hensley, David",2023,404,25.5,0.1,0,0.167,0.1,0.21,0.281,0.183,2,20,91.9,6.4,2266,89.6,89.65,16,40,63,0.10000000000000853,6.49,110,150,116,146,296,326,289,"4.9","-4.9",,
70,605548,"Zimmer, Bradley",2020,213,32.9,0.1,0,0.143,0.1,0.302,0.324,0.129,1,10,81.3,11.3,2221,87.3,87.61,7,25,45,0.29999999999999716,6.3,109,139,105,142,289,317,291,"1.4","-1.4",,
57,621433,"Phillips, Brett",2020,252,22.6,0.1,0,0.125,0.1,0.229,0.277,0.146,1,10,81.2,23.8,2331,88.6,88.92,8,19,38,0.30000000000001137,6.47,118,147,104,149,290,324,293,"1","-1",,
146,686611,"Crews, Dylan",2024,520,28.1,0.1,0.033,0.13,0.133,0.165,0.31,0.227,3,30,89.9,15.1,2260,87.6,88.14,14,65,81,0.5,6.65,109,144,116,144,307,324,292,"7.5","-7.5","70.115738923","7.255692462"
43,663978,"Paddack, Chris",2021,163,26.4,0.1,0,0.333,0.1,0.088,0.143,0.137,1,10,63.8,-14.5,2248,88.5,88.45,3,15,28,-0.09999999999999432,6.4,97,138,100,144,286,301,263,"4","-4",,
93,542583,"Aguilar, Jesús",2023,448,20.8,0.1,0.15,0.077,0.25,0.186,0.168,0.088,2,20,82.3,10.1,2272,89.5,89.46,12,44,49,0,6.26,112,147,119,146,307,322,290,"4.6","-4.6",,
47,641583,"Fowler, Dustin",2021,176,26.7,0.1,0.1,0.2,0.2,0.239,0.27,0.157,1,10,82.1,22.2,2257,86.8,86.88,11,22,25,0.10000000000000853,6.38,120,148,107,149,297,319,294,"0.9","-0.9",,
66,670276,"Stevenson, Cal",2022,294,22.4,0.1,0,0.2,0.1,0.211,0.255,0.139,1,10,72.4,-6.1,2217,88.7,88.61,7,27,39,-0.10000000000000853,6.31,113,140,98,142,283,316,294,"3","-3",,
51,656467,"Gittens, Chris",2021,183,27.9,0.1,0,0.2,0.1,0.131,0.144,0.103,1,10,86.4,-13.6,2385,88.4,88.91,9,20,31,0.5,6.55,111,148,119,143,309,327,285,"2.6","-2.6",,
34,502179,"Espino, Paolo",2021,119,28.6,0.1,0,0.333,0.1,0.088,0.096,0.103,1,10,57,-31,2266,86.4,86.43,10,21,13,0,6.27,101,142,104,143,286,294,263,"3.9","-3.9",,
84,459964,"Joyce, Matt",2021,272,30.9,0.1,0.3,0,0.4,0.342,0.272,0.049,1,10,83.8,30.5,2193,88.1,88.22,12,30,54,0.10000000000000853,6.44,121,158,118,152,289,320,296,"-0.5","0.5",,
57,488671,"Avila, Alex",2020,267,21.3,0.1,0,0.2,0.1,0.229,0.244,0.114,1,10,72.7,17,2470,86.1,86.49,6,19,38,0.4000000000000057,6.41,116,149,106,143,291,321,307,"1.3","-1.3",,
156,592178,"Bryant, Kris",2022,696,22.4,0.1,0.05,0.125,0.15,0.165,0.289,0.22,4,40,83.6,12.7,2249,88.2,88.49,16,74,82,0.29999999999999716,6.29,108,147,117,144,307,328,300,"9.3","-9.3",,
84,588751,"Hechavarría, Adeiny",2020,229,36.7,0.1,0,0.133,0.1,0.144,0.181,0.132,2,20,84.6,24.1,2189,87.4,87.76,12,52,32,0.3999999999999915,6.38,106,150,113,146,305,315,283,"4.2","-4.2",,
140,547989,"Abreu, José",2024,486,28.8,0.097,0,0.136,0.097,0.101,0.145,0.126,3,31,87.6,6.8,2284,90.9,90.95,31,79,61,0,6.3,113,150,120,147,298,322,286,"10.2","-10.2","69.805699412","6.921622745"
314,592273,"Drury, Brandon",2024,1397,22.5,0.097,0.014,0.123,0.111,0.165,0.28,0.18,7,72,88.9,4.9,2308,89.1,89.44,43,158,156,0.30000000000001137,6.54,109,150,119,146,302,321,290,"16.9","-16.9","69.40221726","7.204913014"
115,605204,"Davis, J.D.",2024,587,19.6,0.097,0.032,0.15,0.129,0.116,0.155,0.134,3,31,82.5,1.1,2268,91.1,91.39,29,67,48,0.30000000000001137,6.52,106,147,120,144,302,321,289,"10.4","-10.4","71.216129492","7.173416949"
118,641796,"Locastro, Tim",2021,569,20.7,0.097,0,0.136,0.097,0.137,0.223,0.188,3,31,77.1,11.7,2286,88.3,88.23,16,64,54,-0.09999999999999432,6.36,105,148,107,144,302,319,286,"8.7","-8.7",,
180,663611,"Madrigal, Nick",2022,871,20.7,0.095,0,0.125,0.095,0.138,0.199,0.156,4,42,82.2,-9.1,2359,89.9,90.36,12,83,97,0.5,6.63,106,146,111,145,291,306,276,"9.9","-9.9",,
179,686527,"Canzone, Dominic",2024,696,25.7,0.095,0.071,0.103,0.167,0.155,0.219,0.152,4,42,88.4,8.9,2206,87.5,87.85,35,93,86,0.4000000000000057,6.48,114,144,110,149,290,320,296,"12.1","-12.1","69.955858415","7.640438293"
223,605131,"Barnes, Austin",2023,778,28.7,0.095,0,0.129,0.095,0.176,0.239,0.142,4,42,78.1,-3.4,2223,89,89.32,28,101,122,0.29999999999999716,6.44,106,144,111,141,296,315,285,"9","-9",,
161,681546,"Outman, James",2024,634,25.4,0.095,0.095,0.136,0.19,0.147,0.19,0.147,4,42,83.3,14.7,2286,89.8,89.92,38,91,70,0.10000000000000853,6.36,117,142,107,145,294,319,297,"11.1","-11.1","68.563330441","7.504460735"
98,676391,"Clement, Ernie",2021,442,22.2,0.095,0.048,0.118,0.143,0.196,0.298,0.218,2,21,73.1,9.7,2165,88.6,88.71,6,43,55,0.10000000000000853,6.33,106,145,110,145,293,312,280,"4.1","-4.1",,
95,621453,"Duggar, Steven",2022,328,29,0.095,0,0.25,0.095,0.131,0.187,0.122,2,21,93.4,20.8,2215,88.9,88.56,19,45,50,-0.30000000000001137,6.09,115,145,100,146,286,316,295,"6.4","-6.4",,
172,681146,"Bride, Jonah",2022,797,21.6,0.094,0,0.13,0.094,0.199,0.295,0.2,3,32,79.9,12.3,2351,89.3,89.51,14,63,109,0.20000000000000284,6.4,109,150,117,146,298,320,291,"9.2","-9.2",,
136,681584,"Villar, David",2023,544,25,0.094,0.219,0.053,0.313,0.204,0.309,0.202,3,32,86.5,21.8,2350,88.6,88.68,27,60,76,0.10000000000000853,6.32,108,148,114,144,297,319,290,"6.3","-6.3",,
149,546990,"Alford, Anthony",2021,568,26.2,0.094,0.094,0.143,0.188,0.211,0.204,0.073,3,32,80.3,9.6,2261,88.5,88.24,25,75,74,-0.29999999999999716,6.2,110,145,113,142,301,313,280,"6.8","-6.8",,
249,429665,"Encarnación, Edwin",2020,791,31.5,0.093,0.07,0.103,0.163,0.216,0.312,0.157,4,43,82.4,16.6,2329,87.8,88.01,38,119,130,0.20000000000000284,6.34,107,149,117,142,301,329,299,"7.9","-7.9",,
52,592261,"DeShields, Delino",2021,244,21.3,0.091,0,0.125,0.091,0.131,0.165,0.128,1,11,78.2,16,2194,87.4,87.51,6,22,30,0.09999999999999432,6.25,102,142,108,138,297,316,283,"2.2","-2.2",,
102,650619,"Viloria, Meibrys",2022,347,29.4,0.091,0,0.143,0.091,0.32,0.338,0.102,1,11,81,-14.1,2198,89.3,89.19,12,32,70,-0.09999999999999432,6.26,118,156,108,143,290,324,303,"0.9","-0.9",,
57,595981,"Heineman, Scott",2021,146,39,0.091,0.273,0,0.364,0.225,0.24,0.135,1,11,80.8,8.5,2117,90,90.04,11,27,30,0,6.26,108,149,117,145,297,316,289,"3","-3",,
41,640492,"Azocar, José",2024,291,14.1,0.091,0,0.125,0.091,0.174,0.268,0.182,1,11,85.1,13.3,2210,87.7,87.89,7,26,15,0.20000000000000284,6.43,102,150,108,147,305,321,291,"1.1","-1.1","65.5049425","6.619055625"
57,672779,"Marcano, Tucupita",2021,188,30.3,0.091,0.091,0.125,0.182,0.237,0.24,0.121,1,11,79.6,-6,2494,90.8,91.19,4,26,31,0.4000000000000057,6.46,118,145,101,147,277,307,293,"4","-4",,
98,593934,"Sanó, Miguel",2024,402,24.4,0.091,0.045,0.182,0.136,0.163,0.191,0.131,2,22,88.4,4.5,2251,88.9,89.09,18,49,49,0.19999999999998863,6.52,107,149,119,143,311,326,298,"4.9","-4.9","72.724238333","7.753908095"
52,664901,"Mendick, Danny",2023,276,18.8,0.091,0.273,0,0.364,0.182,0.211,0.173,1,11,92.4,4.5,2213,88.8,89.05,6,26,26,0.20000000000000284,6.56,114,145,116,143,303,321,290,"2.1","-2.1",,
35,620439,"Barreto, Franklin",2020,94,37.2,0.091,0,0.25,0.091,0.08,0.081,0.088,1,11,89.7,13.3,2396,88.5,87.91,12,16,19,-0.5999999999999943,5.97,113,150,116,147,295,319,290,"4.3","-4.3",,
43,656541,"Hilliard, Sam",2023,312,13.8,0.091,0,0.25,0.091,0.08,0.144,0.128,1,11,93.5,23.5,2311,88.5,89.18,13,21,22,0.7000000000000028,6.73,114,137,107,141,303,328,301,"4","-4",,
141,691026,"Winn, Masyn",2023,535,26.4,0.091,0,0.125,0.091,0.09,0.197,0.186,3,33,83.8,13.4,2320,88.9,89.44,18,64,77,0.5,6.58,105,148,112,145,305,318,286,"8.9","-8.9",,
48,677347,"Paris, Kyren",2024,234,20.5,0.091,0,0.167,0.091,0.131,0.213,0.167,1,11,85,8,2404,89.1,89.1,9,22,26,0,6.4,114,151,115,148,302,313,289,"2.8","-2.8","71.727689048","6.80453"
63,668678,"Gallen, Zac",2021,138,45.7,0.091,0.091,0.2,0.182,0.161,0.153,0.109,1,11,61.1,-13.9,2278,90.2,90.25,9,30,33,0,6.36,98,138,99,140,280,302,272,"3.1","-3.1",,
52,453943,"Frazier, Todd",2021,160,32.5,0.091,0.091,0.1,0.182,0.161,0.186,0.136,1,11,89.8,7.5,2191,87.6,87.48,3,24,28,-0.09999999999999432,6.23,107,149,118,145,299,326,296,"0.5","-0.5",,
122,553882,"Narváez, Omar",2023,576,21.2,0.091,0,0.125,0.091,0.192,0.266,0.16,2,22,78.8,26.9,2282,90.1,90.2,12,49,73,0.10000000000000853,6.47,123,145,114,149,289,319,297,"5.6","-5.6",,
94,455139,"Chirinos, Robinson",2020,312,30.1,0.091,0,0.133,0.091,0.127,0.18,0.115,2,22,82.3,13.5,2186,86.7,87.07,16,46,48,0.3999999999999915,6.42,112,150,118,146,301,320,285,"6","-6",,
33,672724,"Peraza, Oswald",2022,160,20.6,0.091,0,0.111,0.091,0.131,0.233,0.205,1,11,74.2,-2.3,2327,90.5,90.2,2,18,15,-0.29999999999999716,6.2,107,141,111,135,292,318,280,"3","-3",,
104,671289,"Freeman, Tyler",2022,341,30.5,0.091,0,0.105,0.091,0.127,0.209,0.174,2,22,82.1,17.4,2289,89,88.96,11,58,46,0,6.24,104,144,110,141,295,316,282,"5.1","-5.1",,
47,543294,"Hendricks, Kyle",2021,203,23.2,0.091,0,0.143,0.091,0.174,0.158,0.063,1,11,69.5,-14.6,2300,87.3,87.3,7,22,25,0,6.34,109,143,107,141,282,297,266,"1.9","-1.9",,
85,641598,"Garver, Mitch",2020,385,22.1,0.091,0,0.2,0.091,0.23,0.212,0.057,1,11,94.2,27,2284,89.1,89.45,14,29,56,0.30000000000001137,6.32,110,146,115,141,300,321,288,"3.2","-3.2",,
83,641525,"Dixon, Brandon",2023,313,26.5,0.091,0,0.118,0.091,0.074,0.147,0.145,2,22,81.3,7.7,2236,87.2,87.29,16,46,37,0.09999999999999432,6.35,110,146,118,142,304,325,292,"9","-9",,
98,670156,"Mastrobuoni, Miles",2024,381,25.7,0.091,0,0.111,0.091,0.147,0.307,0.267,2,22,84.5,10.9,2302,90.8,91.18,12,42,56,0.4000000000000057,6.49,117,144,106,146,290,318,298,"6.2","-6.2","66.952258718","6.560527949"
71,429664,"Canó, Robinson",2022,382,18.6,0.091,0,0.111,0.091,0.107,0.258,0.208,2,22,89.8,2.7,2193,87.7,87.52,10,43,28,-0.20000000000000284,6.32,120,157,113,147,287,318,300,"6.3","-6.3",,
161,519222,"Romine, Austin",2022,516,31.2,0.088,0.059,0.158,0.147,0.134,0.145,0.111,3,34,82.2,10.8,2255,90.2,90.22,27,83,78,0,6.35,113,146,117,144,298,317,287,"9.2","-9.2",,
126,642082,"Sisco, Chance",2020,536,23.5,0.087,0.13,0.077,0.217,0.23,0.291,0.171,2,23,89.4,28.2,2063,87.5,87.82,23,60,66,0.29999999999999716,6.43,117,158,115,145,286,319,296,"2.5","-2.5",,
158,592530,"Marmolejos, José",2021,532,29.7,0.086,0.086,0.091,0.171,0.135,0.184,0.136,3,35,85.6,23.1,2190,87.5,87.52,19,72,86,0,6.34,120,153,113,148,289,319,296,"8.9","-8.9",,
47,642731,"Estrada, Thairo",2020,204,23,0.083,0,0.2,0.083,0.124,0.147,0.109,1,12,79.7,13.8,2252,87,87.06,10,29,18,0.09999999999999432,6.39,106,149,113,147,306,318,280,"4.2","-4.2",,
74,645801,"Ford, Mike",2021,292,25.3,0.083,0,0.143,0.083,0.279,0.348,0.178,1,12,91.2,14.3,2443,89.1,88.93,7,21,53,-0.19999999999998863,6.21,116,165,110,151,297,323,295,"1.4","-1.4",,
47,450203,"Morton, Charlie",2021,211,22.3,0.083,0,0.167,0.083,0.073,0.112,0.113,1,12,72.2,-10.4,2111,89.2,89.26,10,25,22,0.09999999999999432,6.4,100,139,100,138,291,297,260,"5.4","-5.4",,
73,668942,"Rojas, Josh",2020,304,24,0.083,0,0.1,0.083,0.143,0.309,0.186,1,12,85.2,18,2289,87.7,87.54,11,37,36,-0.20000000000000284,6.22,119,149,108,145,295,321,299,"2.4","-2.4",,
65,682515,"Porter, Logan",2023,146,44.5,0.083,0,0.2,0.083,0.198,0.183,0.05,1,12,80.5,29.2,2137,87.5,87.79,11,34,31,0.29999999999999716,6.37,105,144,114,144,301,326,294,"2.8","-2.8",,
43,621512,"Nido, Tomás",2023,198,21.7,0.083,0,0.1,0.083,0.152,0.194,0.132,1,12,79.4,-4.3,2106,85.4,85.44,9,24,19,0,6.29,107,147,115,145,300,322,292,"3.4","-3.4",,
52,669134,"Campusano, Luis",2021,141,36.9,0.083,0,0.2,0.083,0.121,0.175,0.137,1,12,87.4,28.2,2443,91.1,91.11,14,29,23,0,6.47,107,150,114,147,301,323,292,"4.4","-4.4",,
66,666163,"Rortvedt, Ben",2023,322,20.5,0.083,0,0.143,0.083,0.162,0.229,0.152,1,12,87.3,8.4,2334,91.8,92.23,9,27,39,0.4000000000000057,6.59,116,141,110,146,289,319,292,"3.6","-3.6",,
85,642736,"Leyba, Domingo",2021,356,23.9,0.083,0,0.118,0.083,0.121,0.222,0.192,2,24,79.8,8.4,2226,90.6,90.94,16,48,37,0.30000000000001137,6.47,111,153,111,149,296,318,294,"7.3","-7.3",,
45,608686,"Mayfield, Jack",2020,187,24.1,0.083,0,0.125,0.083,0.068,0.221,0.207,1,12,83.2,4.3,2207,86.6,86.44,7,28,17,-0.19999999999998863,6.21,104,146,109,141,298,319,288,"4.2","-4.2",,
47,546991,"Almora Jr., Albert",2021,211,22.3,0.083,0,0.143,0.083,0.121,0.127,0.086,1,12,86,-3.1,2173,88.5,88.76,11,26,21,0.29999999999999716,6.59,105,148,114,146,298,313,279,"4.3","-4.3",,
40,669288,"Johnson, Daniel",2021,319,12.5,0.083,0.25,0,0.333,0.167,0.315,0.217,1,12,89.4,20.9,2136,87.1,87.77,12,25,15,0.7000000000000028,6.54,118,158,103,148,286,316,295,"2.9","-2.9",,
50,545121,"Vargas, Ildemaro",2020,236,21.2,0.083,0,0.091,0.083,0.068,0.21,0.228,1,12,82.4,1.7,2336,88.1,88.45,3,21,29,0.4000000000000057,6.52,109,148,107,146,292,315,293,"5.1","-5.1",,
39,542881,"Anderson, Tyler",2021,145,26.9,0.083,0,0.25,0.083,0.073,0.061,0.067,1,12,55.9,11.8,2194,87,86.88,16,27,12,-0.09999999999999432,6.09,105,142,99,144,266,295,282,"5","-5",,
42,679822,"Foscue, Justin",2024,187,22.5,0.083,0,0.143,0.083,0.073,0.12,0.099,1,12,87.6,16.4,2426,89.6,89.93,3,22,20,0.30000000000001137,6.62,104,141,112,133,300,316,289,"3.8","-3.8","67.462515","6.805685455"
44,595375,"Riddle, JT",2020,244,18,0.083,0,0.1,0.083,0.074,0.177,0.179,1,12,88.4,-1.2,2365,86.1,86.38,5,22,22,0.30000000000001137,6.39,111,155,102,148,295,321,299,"4.3","-4.3",,
50,686676,"Lee, Korey",2023,279,17.9,0.083,0.25,0,0.333,0.208,0.388,0.296,1,12,86.2,1.5,2215,87.5,87.5,4,25,25,0,6.26,108,147,119,143,291,319,284,"2.3","-2.3",,
103,598265,"Bradley Jr., Jackie",2023,408,25.2,0.08,0.16,0.071,0.24,0.13,0.128,0.1,2,25,87.2,11.3,2258,88.3,88.44,24,56,47,0.10000000000000853,6.3,116,141,105,145,291,321,306,"7.9","-7.9",,
59,605540,"Woodruff, Brandon",2021,228,25.9,0.077,0,0.125,0.077,0.112,0.14,0.099,1,13,64.8,-4.8,2160,90.3,90.09,10,27,32,-0.20000000000000284,6.11,110,149,102,144,282,307,293,"5.7","-5.7",,
109,650331,"Díaz, Lewin",2022,732,14.9,0.077,0.038,0.095,0.115,0.077,0.101,0.087,2,26,83,34,2314,88.8,88.7,11,52,57,-0.09999999999999432,6.35,120,161,116,150,291,320,301,"9.8","-9.8",,
50,695336,"Saggese, Thomas",2024,189,26.5,0.077,0,0.125,0.077,0.112,0.158,0.123,1,13,78.4,-3.8,2244,89.2,89.53,9,30,20,0.29999999999999716,6.39,108,138,113,137,300,320,295,"4.5","-4.5","68.648214828","7.087925172"
61,593934,"Sanó, Miguel",2022,326,18.7,0.077,0,0.111,0.077,0.175,0.348,0.136,1,13,95.8,44.7,2335,88.9,89.22,12,28,33,0.29999999999999716,6.47,106,146,115,139,302,328,297,"3.9","-3.9",,
52,665861,"Rivero, Sebastián ",2021,164,31.7,0.077,0,0.111,0.077,0.153,0.204,0.126,1,13,83.2,7.9,2323,90.9,91.03,9,29,23,0.09999999999999432,6.3,111,148,119,145,297,320,289,"2.1","-2.1",,
78,621002,"Robertson, Daniel",2021,374,20.9,0.077,0,0.2,0.077,0.177,0.21,0.089,1,13,83.2,23.6,2447,89.1,89.15,14,33,45,0.10000000000000853,6.28,111,148,115,145,300,318,287,"3.3","-3.3",,
51,657041,"Thomas, Lane",2020,171,29.8,0.077,0.231,0,0.308,0.191,0.169,0.112,1,13,83,0.1,2445,90,90.13,8,20,31,0.09999999999999432,6.33,106,149,116,141,300,319,286,"4.8","-4.8",,
64,571974,"Murphy, John Ryan",2020,245,26.1,0.077,0,0.125,0.077,0.113,0.315,0.254,1,13,71.2,1.3,2500,85.7,85.94,14,34,30,0.20000000000000284,6.43,104,147,109,141,294,313,280,"5.3","-5.3",,
59,657061,"Tucker, Cole",2022,278,21.2,0.077,0,0.111,0.077,0.068,0.12,0.119,1,13,80.2,17.8,2321,87.2,87.09,8,31,28,-0.10000000000000853,6.31,114,147,111,146,286,313,290,"5.2","-5.2",,
217,506702,"León, Sandy",2021,920,23.6,0.074,0.093,0.081,0.167,0.137,0.161,0.111,4,54,84.5,23.1,2250,88.6,88.6,30,106,111,0,6.33,114,152,109,148,288,316,293,"14.9","-14.9",,
109,543228,"Gomes, Yan",2024,375,29.1,0.074,0,0.125,0.074,0.085,0.209,0.184,2,27,83.6,17.4,2348,89.5,89.65,23,60,49,0.20000000000000284,6.34,111,148,118,145,301,316,284,"9.6","-9.6","67.935507451","7.471717255"
106,650331,"Díaz, Lewin",2021,521,20.3,0.074,0.111,0.053,0.185,0.147,0.195,0.146,2,27,87.2,23.1,2236,87.1,87.05,17,66,40,0,6.37,115,159,112,148,293,318,298,"9.4","-9.4",,
115,605548,"Zimmer, Bradley",2022,439,26.2,0.071,0.107,0.1,0.179,0.18,0.256,0.126,2,28,86,-3.7,2227,87,86.77,28,60,55,-0.20000000000000284,6.2,113,153,111,148,288,323,299,"6.6","-6.6",,
71,664983,"McCarthy, Jake",2021,282,25.2,0.071,0.071,0.167,0.143,0.166,0.137,0.057,1,14,72.7,13.1,2265,87.4,87.39,17,32,39,0,6.35,113,148,107,151,293,319,300,"3.9","-3.9",,
59,664141,"Brubaker, JT",2021,157,37.6,0.071,0,0.091,0.071,0.174,0.259,0.167,1,14,76.2,-15.9,2230,89,89.19,4,17,42,0.20000000000000284,6.4,94,137,100,139,285,294,260,"4.4","-4.4",,
71,452657,"Lester, Jon",2021,214,33.2,0.071,0,0.143,0.071,0.141,0.151,0.078,1,14,59.7,-12.9,2219,90.9,91.14,13,31,40,0.19999999999998863,6.43,112,150,106,145,281,309,294,"4.2","-4.2",,
51,665561,"Marchán, Rafael",2021,193,26.4,0.071,0.143,0.091,0.214,0.214,0.233,0.138,1,14,80.7,10.5,2127,90.9,91.06,2,27,24,0.19999999999998863,6.32,109,143,109,143,291,318,286,"4.2","-4.2",,
77,670351,"Rojas, Jose",2022,228,33.8,0.071,0.071,0.143,0.143,0.132,0.177,0.126,1,14,83.2,35.6,2118,88.6,88.74,12,45,32,0.10000000000000853,6.47,118,162,111,150,296,317,300,"4","-4",,
161,666176,"Adell, Jo",2020,547,29.4,0.071,0.036,0.167,0.107,0.186,0.195,0.076,2,28,89.4,19.9,2365,87.7,87.48,33,75,86,-0.20000000000000284,6.11,109,151,118,147,307,323,293,"9.8","-9.8",,
53,664874,"Zavala, Seby",2024,171,31,0.071,0,0.143,0.071,0.105,0.311,0.187,1,14,84.7,11.9,2234,88.1,88.87,11,27,26,0.8000000000000114,6.69,107,152,118,147,303,322,288,"3.9","-3.9","67.541686842","7.289479474"
86,572863,"Garneau, Dustin",2021,290,29.7,0.071,0.214,0,0.286,0.216,0.298,0.141,1,14,87.4,20.1,2289,89.9,89.91,22,47,39,0,6.33,106,142,111,137,297,320,284,"4.1","-4.1",,
57,676480,"Barrero, Jose",2020,277,20.6,0.071,0,0.2,0.071,0.063,0.099,0.104,1,14,81.3,14.2,2391,86.8,87.41,16,28,29,0.6000000000000085,6.64,111,148,114,145,295,318,288,"4.6","-4.6",,
122,645444,"Herrera, Jose",2022,475,25.7,0.069,0.034,0.091,0.103,0.114,0.119,0.084,2,29,78.9,-6.5,2255,88.5,88.4,10,57,65,-0.09999999999999432,6.35,115,150,110,146,291,320,297,"8.7","-8.7",,
60,669397,"Allen, Nick",2024,356,16.9,0.067,0,0.091,0.067,0.098,0.166,0.137,1,15,65.2,10.2,2313,87.8,88.04,6,34,26,0.20000000000000284,6.46,105,143,103,144,293,308,277,"5.3","-5.3","52.806996667","5.559241667"
53,641432,"Calhoun, Willie",2022,233,22.7,0.067,0,0.077,0.067,0.135,0.235,0.156,1,15,87.6,26,2223,88.9,88.85,2,21,32,-0.10000000000000853,6.31,116,152,112,158,294,322,299,"4.8","-4.8",,
58,506433,"Darvish, Yu",2021,217,26.7,0.067,0,0.111,0.067,0.059,0.113,0.118,1,15,81.1,-25.3,2241,89,89.25,5,29,29,0.20000000000000284,6.51,97,140,105,141,288,304,274,"6.3","-6.3",,
52,593590,"Rivas, Webster",2021,283,18.4,0.067,0.2,0,0.267,0.134,0.258,0.22,1,15,82.7,8.8,2295,90,90.19,4,30,22,0.20000000000000284,6.39,106,145,115,146,291,316,284,"3.7","-3.7",,
70,666801,"Castro, Rodolfo",2021,398,17.6,0.067,0.067,0.1,0.133,0.121,0.163,0.125,1,15,76.9,5.9,2184,87.9,88.17,11,38,32,0.29999999999999716,6.32,117,147,113,148,300,321,299,"4.5","-4.5",,
63,669742,"Hall, Darick",2023,205,30.7,0.067,0,0.1,0.067,0.134,0.262,0.209,1,15,97.1,8.9,2296,90.3,90.43,8,37,26,0.10000000000000853,6.38,116,145,111,150,290,328,302,"5","-5",,
47,683021,"Stefanic, Michael",2022,251,18.7,0.067,0,0.077,0.067,0.098,0.238,0.217,1,15,90.4,1.8,2322,87.8,87.69,3,23,24,-0.09999999999999432,6.2,105,146,111,143,301,312,286,"5.2","-5.2",,
71,672012,"Black, Tyler",2024,239,29.7,0.063,0,0.125,0.063,0.092,0.102,0.067,1,16,85.1,8.8,2116,89.1,89.18,12,32,39,0.10000000000000853,6.4,118,144,108,147,286,317,299,"5","-5","65.749744839","6.902496774"
72,445055,"Jay, Jon",2020,208,34.6,0.063,0,0.063,0.063,0.046,0.252,0.211,1,16,84.7,18.6,2289,91.5,91.32,5,38,34,-0.20000000000000284,6.26,118,150,109,150,280,318,305,"7.8","-7.8",,
71,506702,"León, Sandy",2020,351,20.2,0.063,0,0.067,0.063,0.157,0.265,0.194,1,16,78.1,16.2,2214,88,88.35,8,34,37,0.29999999999999716,6.43,112,143,106,145,287,318,288,"6.2","-6.2",,
71,657434,"O'Grady, Brian",2021,272,26.1,0.063,0,0.091,0.063,0.119,0.208,0.146,1,16,82.4,12.3,2258,88.4,88,10,35,36,-0.4000000000000057,6.11,120,157,118,152,292,317,296,"5.3","-5.3",,
66,656509,"Harrison, Monte",2020,218,30.3,0.063,0,0.167,0.063,0.055,0.042,0.044,1,16,79.9,-0.5,2232,89.3,89.62,15,31,35,0.29999999999999716,6.5,112,148,117,145,303,318,289,"6.2","-6.2",,
65,656537,"Hill, Derek",2023,190,34.2,0.063,0,0.083,0.063,0.126,0.17,0.111,1,16,77.8,-2.7,2176,89.6,90.18,5,30,35,0.6000000000000085,6.61,102,143,105,142,296,313,280,"5.4","-5.4",,
78,621111,"Buehler, Walker",2021,345,22.6,0.059,0.059,0.143,0.118,0.073,0.048,0.052,1,17,60.2,-24.3,2297,89.3,89.48,11,34,44,0.20000000000000284,6.25,96,140,100,140,284,294,272,"4.7","-4.7",,
109,643393,"Kemp, Tony",2020,408,26.7,0.059,0.059,0.083,0.118,0.218,0.274,0.116,1,17,80.4,29.5,2221,87.8,87.79,10,43,66,0,6.31,109,140,99,145,277,312,294,"5.2","-5.2",,
68,571578,"Corbin, Patrick",2021,220,30.9,0.059,0,0.111,0.059,0.052,0.114,0.12,1,17,69.2,-22.8,2096,89.6,89.87,14,43,25,0.30000000000001137,6.41,104,139,100,141,276,300,290,"6.3","-6.3",,
191,678246,"Vargas, Miguel",2024,1009,18.9,0.056,0.028,0.069,0.083,0.139,0.212,0.099,2,36,83.1,22.6,2251,89.3,89.75,14,84,107,0.4000000000000057,6.53,106,145,116,141,300,320,293,"12.5","-12.5","67.993019881","7.554439286"
78,518876,"Kelly, Merrill",2021,208,37.5,0.056,0,0.111,0.056,0.083,0.082,0.051,1,18,62.3,-9.9,2147,89,88.8,12,38,40,-0.20000000000000284,6.28,100,142,104,144,288,301,266,"7.4","-7.4",,
82,641914,"Neuse, Sheldon",2021,261,31.4,0.056,0,0.1,0.056,0.049,0.099,0.097,1,18,87.5,15.7,2208,89.9,89.91,17,43,39,0,6.38,113,151,118,146,305,319,290,"6.7","-6.7",,
72,650339,"Palacios, Jermaine",2022,303,23.8,0.056,0,0.077,0.056,0.044,0.155,0.169,1,18,84.8,4.8,2312,88.2,88.03,19,46,26,-0.20000000000000284,6.2,105,148,111,144,302,316,279,"7.3","-7.3",,
85,645305,"Sánchez, Ali",2024,338,25.1,0.053,0,0.077,0.053,0.103,0.167,0.091,1,19,75.2,3.1,2326,88.8,89.01,11,40,45,0.20000000000000284,6.43,111,147,117,145,301,321,288,"5.4","-5.4","61.567268378","6.707034865"
202,543592,"Nola, Austin",2023,633,31.9,0.05,0,0.061,0.05,0.153,0.265,0.185,2,40,75.4,4.4,2223,90.5,90.4,10,78,124,-0.09999999999999432,6.33,110,147,114,145,302,319,287,"12.4","-12.4",,
95,501303,"Adrianza, Ehire",2020,406,23.4,0.05,0,0.067,0.05,0.131,0.223,0.157,1,20,80.1,14.5,2237,88.7,89.03,6,38,57,0.29999999999999716,6.37,111,146,106,144,288,315,291,"9","-9",,
92,664901,"Mendick, Danny",2020,468,19.7,0.048,0,0.056,0.048,0.069,0.177,0.151,1,21,83.1,14.6,2335,86.4,86.69,11,43,49,0.29999999999999716,6.48,103,147,111,141,294,322,289,"5.8","-5.8",,
107,650859,"Rengifo, Luis",2020,438,24.4,0.048,0,0.083,0.048,0.124,0.198,0.132,1,21,79.3,-5.9,2250,88.3,88.15,13,52,55,-0.20000000000000284,6.16,111,142,104,145,287,316,293,"7.2","-7.2",,
131,680779,"Davis, Henry",2024,521,25.1,0.045,0,0.071,0.045,0.131,0.201,0.128,1,22,83.5,17.5,2240,89.7,90.06,15,61,70,0.3999999999999915,6.52,111,151,121,146,300,315,286,"7.3","-7.3","69.783668974","7.168381026"
6,694175,"León, Pedro",2024,90,6.7,0,0,,0,0,0,,0,1,,,2512,83.9,84.08,2,2,4,0.19999999999998863,6.57,116,154,114,150,293,316,290,"0.8","-0.8","79.089305","8.968735"
15,446481,"Rodríguez, Sean",2020,50,30,0,0,0,0,0,0.057,0.035,0,4,87.6,37.5,2327,85,85.15,4,8,7,0.09999999999999432,6.53,108,147,116,145,292,292,288,"2.1","-2.1",,
57,676632,"Madris, Bligh",2023,117,48.7,0,0,0,0,0.116,0.164,0.062,0,10,82.1,21.8,2226,87,87.07,10,30,27,0.09999999999999432,6.33,119,147,119,153,296,316,301,"4","-4",,
48,672820,"Sosa, Lenyn",2022,136,35.3,0,0,0,0,0.057,0.144,0.095,0,11,80.8,20.5,2098,88.8,88.8,7,30,18,0,6.21,110,151,115,142,307,325,291,"4.6","-4.6",,
6,660688,"Ruiz, Keibert",2020,30,20,0,0,0,0,0,0.006,0.006,0,2,81.3,61,2493,88.2,87.88,1,4,2,-0.29999999999999716,5.95,117,134,110,146,297,322,292,"0.9","-0.9",,
17,656388,"Dunand, Joe",2022,47,36.2,0,0,0,0,0,0.009,0.008,0,4,83,56,2023,87.5,87.52,2,10,7,0,6.51,109,155,122,149,311,321,286,"1.6","-1.6",,
42,656185,"Allen, Greg",2021,190,22.1,0,0,0,0,0.283,0.29,0.003,0,5,90.3,38.5,2272,90.7,91.6,3,14,28,0.8999999999999915,6.91,100,139,97,139,292,322,287,"1.8","-1.8",,
69,641924,"Nottingham, Jacob",2021,185,37.3,0,0,0,0,0.088,0.142,0.054,0,13,87.1,37.4,2133,90.2,90.07,18,38,31,-0.10000000000000853,6.29,109,147,118,141,297,319,292,"5.4","-5.4",,
21,663897,"Williams, Luke",2023,67,31.3,0,0,0,0,0,0.018,0.018,0,6,81.1,21.3,2093,86.5,87.08,6,14,7,0.5999999999999943,6.66,112,150,115,147,304,320,294,"2.9","-2.9",,
6,596057,"Norris, Daniel",2021,8,75,0,0,0,0,0,0.163,0.181,0,1,85.7,-6,2066,96.8,97.47,1,2,4,0.7000000000000028,6.4,111,152,114,151,280,307,289,"0.3","-0.3",,
6,608671,"Jankowski, Travis",2020,76,7.9,0,0,0,0,0,0.137,0.139,0,3,67.1,-41,2423,91.6,91.77,0,4,2,0.20000000000000284,6.42,102,126,98,123,271,313,295,"1.2","-1.2",,
21,668952,"Kreidler, Ryan",2023,72,29.2,0,0,0,0,0,0.091,0.092,0,6,89.1,6.8,2100,90.8,91.26,3,9,12,0.5,6.64,109,150,118,146,298,322,282,"2.3","-2.3",,
60,660766,"Yepez, Juan",2023,271,22.1,0,0,0,0,0,0.082,0.087,0,12,71.6,43.4,2367,87.3,87.78,10,29,31,0.5,6.61,112,146,117,141,300,321,292,"6.1","-6.1",,
1,641482,"Cortes, Nestor",2021,1,100,0,0,0,0,0,0.153,0.163,0,1,65.2,4,2354,93.7,94,0,1,0,0.29999999999999716,6.5,122,152,99,147,290,303,277,"0.4","-0.4",,
100,656413,"Fairchild, Stuart",2022,423,23.6,0,0,0,0,0.11,0.166,0.059,0,16,86.3,-0.2,2130,89.9,89.97,22,43,57,0.09999999999999432,6.31,106,143,112,140,295,320,285,"7.3","-7.3",,
26,686555,"Collins, Isaac",2024,87,29.9,0,0,0,0,0.115,0.169,0.055,0,5,80.2,21.5,2225,90.2,91.01,4,8,18,0.7999999999999972,6.66,108,138,111,143,293,315,293,"2.5","-2.5","72.56878","7.007425"
30,596295,"Gomber, Austin",2021,118,25.4,0,0,0,0,0,0.061,0.063,0,10,61.4,-7.4,2274,90.5,90.66,5,24,6,0.20000000000000284,6.31,101,145,99,145,269,301,280,"4.3","-4.3",,
6,676625,"Bannon, Rylan",2022,57,10.5,0,0,0,0,0,0.119,0.061,0,2,95.2,37,2307,89.3,89.3,1,3,3,0,6.33,117,156,116,151,297,324,303,"1.2","-1.2",,
3,668665,"Nogosek, Stephen",2021,3,100,0,0,,0,0,0,,0,1,,,2314,86.6,86.63,2,2,1,0,6.1,120,150,115,146,270,293,252,"0.5","-0.5",,
6,683232,"Mears, Nick",2021,6,100,0,0,,0,0,0,,0,1,,,1462,67,65.88,0,0,6,-1.0999999999999943,5.28,103,141,117,143,287,303,279,"0.8","-0.8",,
12,596117,"Stubbs, Garrett",2020,24,50,0,0,0,0,0,0.117,0.11,0,3,79,3,2324,89.5,89.5,3,9,3,0,6.27,90,132,85,131,295,318,303,"1.5","-1.5",,
13,543376,"Joseph, Caleb",2020,37,35.1,0,0,0,0,0,0.196,0.213,0,3,71.5,-5.5,2269,84.7,84.02,0,5,8,-0.7000000000000028,5.94,98,146,114,142,284,320,286,"2.1","-2.1",,
30,664314,"Florial, Estevan",2021,110,27.3,0,0,0,0,0.115,0.235,0.109,0,5,92.2,18,2102,93.1,94.06,4,14,16,1,6.88,121,149,104,150,290,331,295,"1.6","-1.6",,
11,592622,"Payton, Mark",2020,83,13.3,0,0,0,0,0,0.023,0.02,0,2,85.4,48.5,2430,84.4,84.9,2,6,5,0.5,6.35,115,139,110,147,283,312,296,"0.9","-0.9",,
33,571740,"Hamilton, Billy",2020,117,28.2,0,0,0,0,0.078,0.215,0.15,0,7,78.7,16.1,2204,85.7,85.46,4,22,11,-0.20000000000000284,6.1,108,141,96,142,269,315,293,"3.5","-3.5",,
33,523253,"Forsythe, Logan",2020,150,22,0,0,0,0,0.262,0.281,0.031,0,5,76.8,5,2389,89.8,89.86,2,7,26,0.10000000000000853,6.31,107,150,119,146,298,312,283,"-1.6","1.6",,
9,621121,"McCullers Jr., Lance",2021,17,52.9,0,0,0,0,0,0.032,0.035,0,2,88.4,-19,2549,90.4,90.61,1,3,6,0.19999999999998863,6.22,95,140,95,144,269,293,282,"1.3","-1.3",,
40,666120,"Anderson, Ian",2021,146,27.4,0,0,0,0,0,0.026,0.028,0,10,43.7,-6,2245,87.8,88.07,15,25,15,0.29999999999999716,6.4,104,141,107,144,292,297,264,"5.3","-5.3",,
28,641584,"Fraley, Jake",2020,120,23.3,0,0,0,0,0.178,0.217,0.055,0,6,88,37.3,1967,88.3,88.34,4,10,18,0,6.34,120,157,114,149,288,316,301,"1.9","-1.9",,
12,669294,"Campbell, Paul",2021,21,57.1,0,0,0,0,0,0.051,0.053,0,3,81.3,-37.5,2129,91.3,92.38,2,6,6,1.1000000000000085,6.75,120,153,113,148,269,301,288,"1.4","-1.4",,
32,622491,"Castillo, Luis",2021,170,18.8,0,0,0,0,0,0.084,0.091,0,12,67.2,-16.2,2245,87.8,87.94,13,25,7,0.10000000000000853,6.33,104,143,110,145,285,299,266,"6.1","-6.1",,
18,642547,"Peralta, Freddy",2021,165,10.9,0,0,0,0,0,0.033,0.036,0,5,21.2,-22,2341,90.1,89.91,4,11,7,-0.19999999999998863,6.09,85,129,89,138,285,292,257,"2","-2",,
16,544931,"Strasburg, Stephen",2021,35,45.7,0,0,,0,0.346,0.346,,0,1,,,2028,92.6,93.09,0,6,10,0.5,6.52,105,149,106,149,302,309,274,"0","0",,
6,668820,"Kranick, Max",2021,46,13,0,0,0,0,0,0.093,0.096,0,2,76.2,-15.5,2282,84.8,85.65,0,4,2,0.9000000000000057,6.8,120,149,111,147,277,293,266,"1.1","-1.1",,
27,621107,"Eflin, Zach",2021,128,21.1,0,0,0,0,0.09,0.112,0.025,0,7,57.7,-16,2228,87.9,87.78,6,21,6,-0.10000000000000853,6.16,97,139,100,144,285,297,263,"2.5","-2.5",,
18,541645,"García, Avisaíl",2024,186,9.7,0,0,0,0,0,0.054,0.059,0,6,80.8,-3.5,2121,89.3,89.78,6,13,5,0.5,6.68,114,149,115,147,305,320,287,"2.9","-2.9","68.325788571","7.372035714"
73,676628,"Contreras, Mark",2022,220,33.2,0,0,0,0,0,0.178,0.117,0,21,87.3,-0.2,2272,87.9,87.77,21,55,18,-0.10000000000000853,6.09,115,147,109,148,285,315,288,"9.5","-9.5",,
14,621573,"Dean, Austin",2020,37,37.8,0,0,,0,0.233,0.233,,0,2,,,2620,89.9,90.07,4,5,9,0.19999999999998863,6.35,111,148,113,145,307,317,292,"0","0",,
11,656509,"Harrison, Monte",2021,36,30.6,0,0,0,0,0,0.065,0.072,0,4,62,-14.3,2156,85.8,86.71,2,9,2,0.9000000000000057,6.65,106,150,112,149,303,319,290,"2.1","-2.1",,
4,592314,"Foltynewicz, Mike",2021,8,50,0,0,,0,0,0,,0,1,,,2497,90.5,90.63,3,3,1,0.09999999999999432,6.3,117,154,106,153,298,305,264,"0.4","-0.4",,
9,593372,"Martinez, Carlos",2021,92,9.8,0,0,0,0,0,0.081,0.077,0,4,69.7,-12.5,2266,86.1,86.33,4,8,1,0.20000000000000284,6.31,88,140,93,139,292,302,271,"1.8","-1.8",,
18,656427,"Flaherty, Jack",2021,109,16.5,0,0,0,0,0.173,0.419,0.193,0,2,69.5,-12.7,2328,89.2,89.64,2,6,12,0.3999999999999915,6.61,87,128,86,134,297,290,265,"0.8","-0.8",,
3,623465,"Phillips, Evan",2021,16,18.8,0,0,,0,0,0,,0,1,,,2290,93.5,93.57,1,1,2,0.09999999999999432,6.43,125,149,106,153,283,303,254,"0.5","-0.5",,
7,669952,"White, Mitch",2021,61,11.5,0,0,,0,0,0,,0,2,,,2133,90.5,90.3,1,5,2,-0.20000000000000284,6.3,91,138,102,142,272,290,263,"0.7","-0.7",,
23,680686,"Gray, Josiah",2021,79,29.1,0,0,0,0,0,0.108,0.107,0,6,79.7,-20,2206,88.5,88.81,7,13,10,0.29999999999999716,6.34,106,142,108,141,292,293,267,"3.5","-3.5",,
30,542921,"Beckham, Tim",2022,91,33,0,0,0,0,0,0.056,0.057,0,7,91.8,-7,2346,88.7,88.46,7,16,14,-0.20000000000000284,6.11,114,145,113,141,296,312,284,"1.8","-1.8",,
16,670156,"Mastrobuoni, Miles",2022,68,23.5,0,0,0,0,0.172,0.272,0.145,0,3,80.2,-14.3,2042,88.7,88.16,0,5,11,-0.3999999999999915,6.06,125,152,104,153,281,319,297,"0.7","-0.7",,
49,592348,"Goodrum, Niko",2024,140,35,0,0,0,0,0.069,0.187,0.143,0,9,74.6,-23.3,2385,88.9,88.62,9,22,27,-0.30000000000001137,6.27,109,138,108,140,296,319,296,"3.6","-3.6","72.366082222","7.856247778"
1,675659,"Jones, Greg",2024,29,3.4,0,0,,0,0,0,,0,1,,,2265,93.6,94.3,1,1,0,0.7000000000000028,6.6,125,147,120,145,297,316,307,"0.3","-0.3","73.86685","7.41423"
24,457727,"Maybin, Cameron",2021,127,18.9,0,0,0,0,0.138,0.265,0.166,0,4,93.5,8.3,2517,88.6,87.95,1,11,13,-0.5999999999999943,6.09,100,142,107,137,297,314,282,"2.5","-2.5",,
47,672695,"Perdomo, Geraldo",2021,129,36.4,0,0,0,0,0.173,0.233,0.078,0,9,76.7,-6.8,2441,90.5,90.64,8,15,32,0.09999999999999432,6.19,112,141,105,141,288,318,297,"2.4","-2.4",,
4,680737,"Helman, Michael",2024,28,14.3,0,0,0,0,0,0.224,0.224,0,2,87.3,31.5,2297,87.6,87.67,1,3,1,0.10000000000000853,6.55,89,152,117,148,300,323,291,"0.9","-0.9","68.73669","7.51224"
7,663531,"Allen, Logan",2021,7,100,0,0,,0,0,0,,0,1,,,2459,90.9,91.26,3,6,1,0.3999999999999915,6.61,121,153,122,148,273,302,258,"0.4","-0.4",,
4,663478,"Davis, Brendon",2022,45,8.9,0,0,,0,0,0,,0,1,,,2564,86.8,87.1,1,2,2,0.29999999999999716,6.4,120,151,121,153,289,332,290,"0.3","-0.3",,
34,656731,"Megill, Tylor",2021,125,27.2,0,0,0,0,0.099,0.105,0.006,0,6,50,-53.5,2272,89.1,88.68,9,19,15,-0.3999999999999915,6.07,99,148,109,148,286,300,264,"2.7","-2.7",,
65,448801,"Davis, Chris",2020,219,29.7,0,0,0,0,0,0.091,0.093,0,14,92.1,18.6,2086,84.9,85.11,15,39,26,0.19999999999998863,6.42,115,157,117,140,290,321,299,"7.6","-7.6",,
3,669160,"May, Dustin",2021,15,20,0,0,,0,0,0,,0,1,,,2576,89.4,88.9,0,1,2,-0.5,5.87,94,134,101,136,279,305,270,"0.8","-0.8",,
39,607200,"Fedde, Erick",2021,164,23.8,0,0,0,0,0,0.157,0.183,0,8,72.3,-9.6,2198,92.1,91.84,3,22,17,-0.29999999999999716,6.12,93,139,101,141,278,287,255,"3.7","-3.7",,
8,643393,"Kemp, Tony",2024,37,21.6,0,0,0,0,0,0.082,0.09,0,3,70.5,2,2175,91.9,92.04,1,6,2,0.09999999999999432,6.59,89,148,93,150,280,316,297,"1.3","-1.3","61.82743","6.56004"
3,677651,"Garcia, Luis",2021,14,21.4,0,0,0,0,0,0.116,0.129,0,2,54.6,-42.5,2025,92.3,92.93,0,2,1,0.6000000000000085,6.83,107,137,103,138,304,300,274,"0.4","-0.4",,
10,468504,"Chacín, Jhoulys",2021,23,43.5,0,0,0,0,0,0.396,0.44,0,2,71,-10.7,2435,86.5,87.49,1,5,5,1,6.78,106,145,108,145,299,302,271,"0.9","-0.9",,
46,642137,"Thomas, Cody",2023,198,23.2,0,0,0,0,0.063,0.157,0.11,0,10,76.1,0.3,2070,89,89.48,8,25,21,0.5,6.5,114,141,112,145,291,320,295,"4.1","-4.1",,
18,571980,"Naquin, Tyler",2023,39,46.2,0,0,0,0,0,0.055,0.06,0,4,78.3,6,2382,85.9,85.91,5,8,10,0,6.58,118,149,103,153,286,323,301,"1.6","-1.6",,
1,682634,"Alcántara, Kevin",2024,26,3.8,0,0,0,0,0,0.171,0.187,0,1,92.9,-11,2340,85.8,86.6,0,1,0,0.7999999999999972,6.4,105,148,124,151,298,320,292,"0.6","-0.6","73.03552","8.07015"
1,594694,"Difo, Wilmer",2022,25,4,0,0,0,0,0,0.16,0.173,0,1,30.7,37,2318,88.6,88.4,0,1,0,-0.19999999999998863,6.1,108,151,120,148,301,305,289,"0.4","-0.4",,
4,641477,"Cordell, Ryan",2020,33,12.1,0,0,,0,0,0,,0,1,,,2694,78.8,79.15,1,1,3,0.4000000000000057,6.83,121,152,117,147,301,316,300,"0.5","-0.5",,
6,670280,"Bednar, David",2021,6,100,0,0,,0,0,0,,0,1,,,2377,85.8,86.18,0,1,5,0.4000000000000057,6.13,113,149,113,148,260,287,277,"0.4","-0.4",,
56,605353,"Machín, Vimael",2020,270,20.7,0,0,0,0,0,0.185,0.189,0,17,81.2,3.7,2256,89.8,89.61,3,32,24,-0.20000000000000284,6.04,117,151,113,151,281,315,297,"7.9","-7.9",,
28,676761,"Lopez, Irving",2023,52,53.8,0,0,0,0,0,0.053,0.059,0,5,84.1,23,2227,90.9,91.11,6,17,11,0.19999999999998863,6.51,109,139,108,144,285,319,301,"3.4","-3.4",,
7,663604,"Lockridge, Brandon",2024,46,15.2,0,0,0,0,0,0.054,0.059,0,2,71.1,50,2015,80.4,80.01,1,3,4,-0.4000000000000057,5.69,109,151,118,149,306,313,286,"0.8","-0.8","72.307143333","7.8302"
3,571521,"Brothers, Rex",2021,7,42.9,0,0,,0,0,0,,0,1,,,2052,89.3,87.9,1,1,2,-1.3999999999999915,5.57,113,151,114,153,289,296,270,"0.5","-0.5",,
5,594311,"Gustave, Jandel",2021,9,55.6,0,0,,0,0,0,,0,1,,,2338,90.1,90.04,0,1,4,-0.09999999999999432,6.2,131,159,113,148,290,287,267,"0.4","-0.4",,
4,672282,"Detmers, Reid",2021,10,40,0,0,,0,0,0,,0,1,,,2414,92.4,92.93,0,2,2,0.5,6.17,74,115,74,131,254,282,256,"0.2","-0.2",,
34,545333,"Bauer, Trevor",2021,136,25,0,0,0,0,0,0.187,0.198,0,7,70.3,-24.4,2294,91.2,90.78,1,10,24,-0.4000000000000057,6,104,139,106,138,288,296,272,"4","-4",,
4,571918,"Marrero, Deven",2022,24,16.7,0,0,0,0,0,0.379,0.377,0,1,83.5,23,2601,80.4,79.22,0,1,3,-1.2000000000000028,5.63,121,154,124,147,308,317,285,"0.3","-0.3",,
11,672832,"Pineda, Israel",2022,43,25.6,0,0,0,0,0,0.055,0.061,0,4,83.2,-7.5,2203,91.2,91.63,6,8,3,0.3999999999999915,6.63,104,152,115,147,290,320,284,"1.7","-1.7",,
2,595345,"Okert, Steven",2021,8,25,0,0,0,0,0,0.259,0.286,0,1,93.9,-3,1811,90.3,92,0,1,1,1.7000000000000028,7.45,85,134,87,140,270,295,277,"0.5","-0.5",,
7,444489,"Piña, Manny",2023,47,14.9,0,0,0,0,0,0.135,0.144,0,2,73,10,1714,84,84.29,1,3,4,0.29999999999999716,6.54,101,153,125,149,280,327,298,"0.9","-0.9",,
27,656403,"Ellis, Drew",2023,128,21.1,0,0,,0,0.278,0.278,,0,3,,,2293,87.6,87.29,3,7,20,-0.29999999999999716,6.08,109,146,116,140,294,319,297,"0.4","-0.4",,
5,425784,"Rivera, René",2020,19,26.3,0,0,,0,0,0,,0,1,,,2194,84.7,85.68,0,1,4,1,6.62,111,152,122,148,286,309,286,"0.3","-0.3",,
5,656185,"Allen, Greg",2023,106,4.7,0,0,0,0,0.363,0.368,0.011,0,1,89.9,38,2505,89.8,90.22,0,3,2,0.4000000000000057,6.52,120,148,95,148,269,322,279,"0.1","-0.1",,
27,640470,"Alzolay, Adbert",2021,99,27.3,0,0,0,0,0,0.043,0.046,0,8,78,-36.1,2480,89.7,90.2,5,16,11,0.5,6.47,101,137,99,139,283,298,266,"3","-3",,
6,622110,"Duffy, Matt",2024,31,19.4,0,0,0,0,0.24,0.639,0.617,0,2,104.6,4.5,2265,93.4,93.65,0,2,4,0.4000000000000057,6.5,113,150,120,148,301,309,288,"0.1","-0.1",,
2,608718,"Suter, Brent",2021,16,12.5,0,0,0,0,0,0.224,0.249,0,1,26.2,-25,2202,91.9,92.45,0,2,0,0.6000000000000085,6.8,65,111,85,131,268,277,265,"0.1","-0.1",,
37,573186,"Stroman, Marcus",2021,178,20.8,0,0,0,0,0.086,0.096,0.01,0,7,57.9,-25.3,2191,89.4,89.78,7,21,16,0.3999999999999915,6.53,93,128,95,129,281,297,261,"4","-4",,
1,502171,"Cobb, Alex",2021,6,16.7,0,0,0,0,0,0.058,0.051,0,1,80.1,34,2310,88.7,88,0,1,0,-0.7000000000000028,5.9,120,154,120,152,297,293,254,"0.3","-0.3",,
6,608703,"Reynolds, Matt",2020,45,13.3,0,0,0,0,0,0.198,0.197,0,2,82.2,16,2490,86.5,86.73,1,4,2,0.20000000000000284,6.22,114,152,123,151,296,305,268,"1.1","-1.1",,
68,641816,"Mahle, Tyler",2021,239,28.5,0,0,0,0,0.115,0.269,0.153,0,15,71.1,-22.4,2235,89.6,90.12,9,36,32,0.5,6.53,103,141,105,143,286,296,261,"6","-6",,
3,645305,"Sánchez, Ali",2021,9,33.3,0,0,0,0,0,0.501,0.508,0,2,81.9,-34.5,2060,90.1,89.93,0,2,1,-0.19999999999998863,6.3,117,154,113,144,307,331,299,"0.5","-0.5",,
15,547173,"Lopes, Christian",2022,47,31.9,0,0,0,0,0,0.002,0.002,0,3,84.4,73,2084,92.3,92.81,3,9,6,0.5,6.65,106,148,111,143,287,305,278,"1.6","-1.6",,
11,665665,"Sanmartin, Reiver",2021,26,42.3,0,0,,0,0,0,,0,2,,,2140,89.9,89.26,4,8,3,-0.6000000000000085,5.88,120,150,115,149,273,290,274,"1.2","-1.2",,
60,592273,"Drury, Brandon",2020,188,31.9,0,0,0,0,0.054,0.16,0.126,0,11,71.4,7.3,2217,87,87.32,8,32,28,0.29999999999999716,6.5,105,143,113,138,301,318,287,"4.4","-4.4",,
2,543351,"Jackson, Jay",2021,2,100,0,0,0,0,0,0.172,0.191,0,1,48,-62,2249,96.9,97.7,0,1,1,0.7999999999999972,6.7,59,124,74,117,282,286,250,"0.1","-0.1",,
11,666931,"Oliva, Jared",2020,57,19.3,0,0,,0,0,0,,0,2,,,2285,87.9,88,2,3,8,0.09999999999999432,6.31,116,152,116,148,299,315,280,"1.1","-1.1",,
32,489149,"Morrison, Logan",2020,130,24.6,0,0,0,0,0.116,0.147,0.034,0,5,88.2,25.5,2482,88.9,89.02,1,10,22,0.09999999999999432,6.3,126,165,125,154,296,323,301,"0.7","-0.7",,
6,676896,"Roller, Chris",2024,6,100,0,0,,0,0,0,,0,1,,,2494,89.8,90.75,2,5,1,1,6.73,109,146,115,142,303,315,264,"0.8","-0.8","67.469695","7.112685"
17,671218,"Ramos, Heliot",2022,77,22.1,0,0,0,0,0,0.399,0.247,0,6,87.9,-8.4,1828,84.4,84.64,3,10,7,0.19999999999998863,6.59,109,142,116,144,305,322,284,"2.2","-2.2",,
25,656495,"Guthrie, Dalton",2023,113,22.1,0,0,0,0,0.116,0.177,0.08,0,5,78.5,2.7,2309,89.5,89.66,3,12,13,0.20000000000000284,6.42,112,151,119,149,288,317,284,"1.3","-1.3",,
22,641470,"Collins, Zack",2020,79,27.8,0,0,0,0,0.175,0.483,0.204,0,3,101.4,44,2268,89.4,90.02,2,8,14,0.5999999999999943,6.64,122,170,121,152,290,315,298,"1.5","-1.5",,
28,453562,"Arrieta, Jake",2021,122,23,0,0,0,0,0,0.016,0.016,0,6,43.8,-30.3,2346,87.9,87.69,5,11,17,-0.20000000000000284,6.17,92,138,100,141,282,298,259,"2.6","-2.6",,
17,553988,"Machado, Dixon",2022,61,27.9,0,0,0,0,0.144,0.24,0.13,0,4,71.7,40.5,2407,88.9,88.77,2,8,9,-0.10000000000000853,6.22,113,153,112,148,302,314,282,"2.1","-2.1",,
44,595284,"Knapp, Andrew",2022,176,25,0,0,0,0,0.125,0.211,0.092,0,8,86.6,0.3,2170,87.9,88.17,9,20,24,0.29999999999999716,6.34,119,152,112,146,280,312,293,"4","-4",,
4,608337,"Giolito, Lucas",2021,16,25,0,0,,0,0,0,,0,1,,,2254,87.9,89.15,1,1,3,1.2999999999999972,7.28,110,154,114,151,289,302,268,"0.8","-0.8",,
70,453286,"Scherzer, Max",2021,246,28.5,0,0,0,0,0,0.103,0.102,0,16,71.7,-12.3,2282,89.4,89.36,14,42,28,0,6.28,98,136,103,140,281,300,270,"6.9","-6.9",,
36,671083,"Kennedy, Buddy",2023,120,30,0,0,0,0,0.099,0.335,0.293,0,6,80.8,9.8,2200,87.3,87.54,3,12,24,0.20000000000000284,6.33,113,149,119,147,301,324,296,"2","-2",,
10,543594,"Nolin, Sean",2021,24,41.7,0,0,0,0,0,0.106,0.113,0,2,49.8,31,2260,86.5,86.43,0,4,6,-0.09999999999999432,6.27,86,130,91,140,249,277,277,"0.5","-0.5",,
21,681526,"Lavastida, Bryan",2022,57,36.8,0,0,0,0,0.115,0.209,0.122,0,5,90.8,21.5,2377,87,87.14,1,5,16,0.09999999999999432,6.39,112,152,118,148,299,320,280,"1.8","-1.8",,
10,669450,"Hummel, Cooper",2024,23,43.5,0,0,0,0,0,0.119,0.131,0,4,80.6,-51,2418,92.1,92.9,3,7,3,0.8000000000000114,6.65,90,152,112,149,294,317,288,"0.3","-0.3","67.785564286","6.492038571"
4,593423,"Montas, Frankie",2021,15,26.7,0,0,,0,0,0,,0,1,,,1826,91.4,91.67,0,0,4,0.29999999999999716,6.4,77,102,91,102,279,277,258,"0.6","-0.6",,
3,431148,"Kazmir, Scott",2021,13,23.1,0,0,,0,0,0,,0,1,,,2477,83.7,82.9,0,3,0,-0.7999999999999972,5.83,59,113,75,132,262,291,282,"0.2","-0.2",,
8,672851,"Adon, Joan",2021,8,100,0,0,,0,0,0,,0,2,,,2091,93.5,93.89,3,3,5,0.4000000000000057,6.42,100,155,105,145,293,299,264,"0.8","-0.8",,
5,694355,"Gentry, Tyler",2024,20,25,0,0,0,0,0,0.014,0.013,0,2,93.6,63,2267,87.9,87.16,0,4,1,-0.7000000000000028,6.1,102,140,115,148,296,321,279,"0.7","-0.7","71.91935","7.325415"
15,680418,"Cropley, Tyler",2023,38,39.5,0,0,0,0,0,0.078,0.015,0,2,89,31.5,2456,90.1,89.57,4,9,6,-0.5,5.98,97,132,104,129,293,320,290,"1.2","-1.2",,
4,607455,"Banda, Anthony",2021,4,100,0,0,0,0,0,0.283,0.291,0,1,83.1,2,2231,86.6,87.18,0,3,1,0.6000000000000085,6.4,78,97,86,102,249,283,264,"0.4","-0.4",,
7,543432,"Lavarnway, Ryan",2020,44,15.9,0,0,0,0,0,0.26,0.277,0,2,95.4,17.5,2524,94.8,96.14,0,2,5,1.2999999999999972,7,113,141,122,135,298,307,283,"1","-1",,
21,643348,"Hamilton, Caleb",2022,109,19.3,0,0,0,0,0,0.024,0.026,0,4,55.3,-16.5,2254,88.6,88.51,4,9,12,-0.09999999999999432,6.1,112,152,116,149,300,320,289,"1.7","-1.7",,
15,670869,"Soto, Livan",2023,63,23.8,0,0,0,0,0.464,0.485,0.066,0,1,85.8,-24,2401,94,93.91,3,5,10,-0.09999999999999432,6.37,116,148,103,151,287,320,300,"0","0",,
18,542364,"Ortega, Rafael",2024,68,26.5,0,0,0,0,0,0.177,0.05,0,3,83.5,40.5,2323,90.4,91.28,3,7,11,0.8999999999999915,6.62,98,127,99,141,281,313,297,"1.9","-1.9","65.974101429","6.742781429"
12,664314,"Florial, Estevan",2020,15,80,0,0,,0,0,0,,0,2,,,1700,90.5,91,6,8,4,0.5,6.58,114,150,113,143,290,310,285,"0.9","-0.9",,
4,501625,"Alvarez, Jose",2021,25,16,0,0,,0,0,0,,0,1,,,2379,92.5,91.95,0,0,4,-0.5999999999999943,6.18,119,149,114,154,270,293,293,"0.3","-0.3",,
1,680552,"Swaggerty, Travis",2022,38,2.6,0,0,0,0,0,0.039,0.034,0,1,81.3,49,2276,97.3,98.8,0,1,0,1.5,7,112,150,88,154,282,330,298,"0.4","-0.4",,
9,594694,"Difo, Wilmer",2020,83,10.8,0,0,0,0,0,0.078,0,0,1,88.3,25,2459,95.3,95.57,2,5,4,0.29999999999999716,6.47,99,126,103,129,302,315,285,"0.9","-0.9",,
22,661269,"Gutierrez, Vladimir",2021,116,19,0,0,0,0,0.086,0.197,0.131,0,7,56.4,-33.3,2274,88.6,88.55,4,12,10,-0.09999999999999432,6.32,96,138,98,139,284,294,261,"1.8","-1.8",,
12,664954,"Sullivan, Brett",2024,49,24.5,0,0,0,0,0,0.057,0.063,0,3,57.8,42,2350,89.9,89.68,2,9,3,-0.20000000000000284,6.23,104,145,102,147,281,319,299,"1.6","-1.6","61.854873333","7.146637778"
17,663630,"McKenna, Ryan",2024,52,32.7,0,0,0,0,0,0.172,0.157,0,4,108.2,16,2182,92.4,93.36,3,9,8,1,6.91,107,143,110,139,298,316,289,"2.2","-2.2","72.433945556","7.108741111"
5,595375,"Riddle, JT",2021,21,23.8,0,0,0,0,0,0.092,0.1,0,2,81.5,-13,2818,88.7,88.4,0,3,2,-0.29999999999999716,6.2,115,143,101,146,287,325,303,"1.3","-1.3",,
3,675649,"Miller, Brian",2021,45,6.7,0,0,0,0,0,0.018,0.02,0,1,81,57,1859,88.1,86.53,0,2,1,-1.5999999999999943,5.33,123,149,108,152,283,304,293,"0.5","-0.5",,
8,642203,"Widener, Taylor",2021,61,13.1,0,0,0,0,0,0.013,0.014,0,3,72.1,-19,2201,90.5,91.01,3,6,2,0.5,6.77,124,152,110,151,274,298,301,"1.3","-1.3",,
7,669373,"Skubal, Tarik",2021,11,63.6,0,0,,0,0,0,0,0,1,25.1,23,2113,88.9,89.6,1,3,4,0.6999999999999886,6.53,120,146,108,144,285,289,261,"0.7","-0.7",,
10,656353,"Davidson, Tucker",2021,24,41.7,0,0,,0,0,0,,0,2,,,2045,93.6,93.89,0,1,9,0.30000000000001137,6.43,108,144,94,141,269,298,271,"1.2","-1.2",,
8,664192,"Lucchesi, Joey",2021,44,18.2,0,0,,0,0,0,,0,2,,,2508,82.8,82.76,2,2,6,0,6.47,113,147,109,149,266,294,285,"1.2","-1.2",,
1,623437,"Topa, Justin",2021,5,20,0,0,,0,0,0,,0,1,,,2122,95.6,96.8,0,0,1,1.2000000000000028,6.8,112,152,122,150,285,297,270,"0.3","-0.3",,
5,663905,"Blankenhorn, Travis",2022,13,38.5,0,0,0,0,0,0.062,0.068,0,1,88.5,-25,1827,86.6,86.96,1,4,1,0.4000000000000057,6.78,131,199,115,151,288,312,309,"0.3","-0.3",,
14,669456,"Bieber, Shane",2021,25,56,0,0,0,0,0,0.034,0.025,0,3,72.4,-29,2141,89.6,89.79,2,6,8,0.29999999999999716,6.26,83,130,88,129,278,274,242,"1.4","-1.4",,
47,660634,"Hernández, Yonny",2022,117,40.2,0,0,0,0,0,0.169,0.184,0,10,77,-25.7,2238,88.2,87.93,1,27,20,-0.29999999999999716,6.38,106,146,106,146,284,310,284,"3.2","-3.2",,
22,621011,"Schrock, Max",2020,68,32.4,0,0,0,0,0,0.098,0.106,0,6,80.1,18,2428,90.9,91.24,4,17,5,0.29999999999999716,6.48,114,146,106,147,290,323,303,"2.9","-2.9",,
18,607054,"Peterson, Jace",2024,102,17.6,0,0,0,0,0.172,0.215,0.032,0,2,83.7,-1.5,2474,89.5,90.22,3,8,10,0.7000000000000028,6.81,103,146,102,152,293,326,303,"1","-1","63.122758333","6.264686667"
11,519043,"Moore, Matt",2021,81,13.6,0,0,,0,0,0,,0,3,,,2499,86.4,86.65,4,8,3,0.19999999999998863,6.55,102,142,94,147,265,295,270,"0.9","-0.9",,
16,668751,"Mitchell, Cal",2023,21,76.2,0,0,0,0,0.232,0.25,0.028,0,2,65.4,-8,2221,87,86.44,3,7,9,-0.5999999999999943,5.81,121,147,112,153,305,324,301,"0.1","-0.1",,
23,572033,"Phegley, Josh",2020,70,32.9,0,0,0,0,0,0.101,0.1,0,5,76.6,28.3,2192,88,88.55,3,9,14,0.5,6.5,115,151,119,145,292,315,289,"1.8","-1.8",,
22,681508,"Gasper, Mickey",2024,92,23.9,0,0,,0,0.138,0.138,,0,4,,,2338,89.9,89.75,4,9,13,-0.10000000000000853,6.29,110,135,106,137,267,297,291,"1.7","-1.7","61.031221111","6.507827778"
9,501659,"Almonte, Abraham",2020,40,22.5,0,0,0,0,0,0.026,0.027,0,3,78.5,-21,2248,90.8,90.24,3,6,3,-0.5999999999999943,5.93,117,143,100,146,283,320,295,"1.6","-1.6",,
6,665795,"Cabrera, Edward",2021,18,33.3,0,0,0,0,0,0.021,0.021,0,2,83.1,43,2161,90.9,89.58,1,5,1,-1.3000000000000114,5.48,124,145,115,143,273,300,271,"0.9","-0.9",,
23,542992,"Burns, Andy",2021,69,33.3,0,0,0,0,0.421,0.494,0.202,0,2,78.1,-2,2196,90.7,90.63,2,7,16,-0.10000000000000853,6.22,111,151,120,146,299,327,296,"-0.1","0.1",,
14,666160,"Moniak, Mickey",2020,77,18.2,0,0,0,0,0.233,0.263,0.046,0,2,71.9,-9,2331,95.6,95.91,3,5,9,0.30000000000001137,6.66,122,150,114,151,285,308,291,"0.7","-0.7",,
9,664119,"Allen, Austin",2022,67,13.4,0,0,0,0,0,0.083,0.09,0,3,77.4,30,2179,83.6,83.79,2,5,4,0.20000000000000284,6.37,121,156,111,154,281,315,297,"1.2","-1.2",,
26,672279,"Siani, Michael",2022,98,26.5,0,0,0,0,0,0.035,0.036,0,6,59.2,61.4,2216,92.7,92.87,3,12,14,0.20000000000000284,6.43,107,142,103,145,280,318,290,"2.9","-2.9",,
11,656821,"Padlo, Kevin",2023,23,47.8,0,0,0,0,0,0.115,0.126,0,4,93.5,1,2273,84.4,85.95,1,6,5,1.5,6.88,113,145,121,143,306,330,298,"2.3","-2.3",,
26,543105,"Dickerson, Alex",2022,151,17.2,0,0,0,0,0.098,0.315,0.212,0,6,100.7,11.7,2299,89.5,89.45,5,11,15,-0.09999999999999432,6.41,119,159,109,166,296,321,299,"2.6","-2.6",,
18,667428,"Koch, Grant",2024,49,36.7,0,0,,0,0,0,,0,4,,,2276,85.3,85.3,4,8,10,0,6.44,95,144,110,141,284,318,286,"2.2","-2.2","49.29019875","6.59857125"
13,656252,"Bradley, Bobby",2022,64,20.3,0,0,0,0,0,0.037,0.042,0,4,70,-46,2186,83.9,83.48,2,6,7,-0.4000000000000057,6.14,114,164,108,142,284,324,291,"1.8","-1.8",,
4,663574,"Santillan, Tony",2021,21,19,0,0,,0,0,0,,0,1,,,2197,93.4,92.15,2,3,1,-1.2000000000000028,5.63,62,117,81,134,289,294,237,"0.5","-0.5",,
30,642136,"Thaiss, Matt",2020,110,27.3,0,0,0,0,0.1,0.177,0.073,0,6,83.5,21.8,2354,89.4,89.18,3,14,16,-0.20000000000000284,6.17,116,157,100,146,286,314,299,"2.3","-2.3",,
11,656514,"Haseley, Adam",2021,88,12.5,0,0,0,0,0,0.078,0.064,0,2,87.4,6,2589,92.7,93.08,1,7,4,0.3999999999999915,6.53,130,160,117,151,268,319,299,"0.8","-0.8",,
8,571740,"Hamilton, Billy",2023,8,100,0,0,0,0,0,0.01,0.01,0,2,36.2,83,2355,96,96.14,3,4,4,0.09999999999999432,6.65,97,140,88,146,269,291,281,"-1.4","1.4",,
7,592863,"Williams, Mason",2021,128,5.5,0,0,0,0,0,0.393,0.401,0,3,90.5,7,2184,86.1,86.9,0,3,4,0.8000000000000114,6.83,126,151,110,152,287,323,308,"1.4","-1.4",,
24,642721,"Gutiérrez, Kelvin",2020,57,42.1,0,0,0,0,0.14,0.242,0.108,0,4,86.9,2,2283,87,87.43,4,7,17,0.4000000000000057,6.43,104,140,113,134,300,316,281,"1.6","-1.6",,
54,572008,"Owings, Chris",2022,261,20.7,0,0,0,0,0.131,0.242,0.149,0,13,62.3,6.3,2346,89.1,89.32,8,22,32,0.20000000000000284,6.52,105,147,111,147,300,324,290,"5.6","-5.6",,
13,641999,"Ray, Corey",2021,16,81.3,0,0,0,0,0.346,0.534,0.4,0,1,86.5,5,2478,85.5,86.88,2,5,8,1.4000000000000057,7,105,150,109,153,289,326,300,"0.3","-0.3",,
2,605276,"Hess, David",2021,14,14.3,0,0,0,0,0,0.064,0.071,0,1,81.3,-43,2165,87.5,88.15,0,1,1,0.7000000000000028,6.35,118,147,119,153,287,286,256,"0.3","-0.3",,
10,596071,"Peters, Dillon",2021,29,34.5,0,0,0,0,0,0.161,0.179,0,1,37.2,-46.7,2169,88.9,88.96,0,6,4,0.09999999999999432,6.16,69,118,79,127,248,294,274,"0.6","-0.6",,
5,664045,"Eshelman, Thomas",2021,5,100,0,0,0,0,0,0.126,0.14,0,1,57.3,-77,1963,89.7,90.22,1,4,1,0.5,6.62,115,151,123,149,283,294,259,"0.4","-0.4",,
4,670298,"Robertson, Kramer",2022,4,100,0,0,0,0,0,0.194,0.177,0,1,65.1,2,2315,87.8,87.63,0,1,3,-0.20000000000000284,5.9,106,152,120,147,298,308,286,"0.4","-0.4",,
3,660813,"Graterol, Brusdar",2021,4,75,0,0,0,0,0,0.012,0.011,0,1,89.3,78,1941,93.7,94.7,1,2,1,1,6.73,96,151,116,146,290,311,272,"0.5","-0.5",,
26,691718,"Crow-Armstrong, Pete",2023,73,35.6,0,0,0,0,0.278,0.317,0.071,0,3,79.8,-1,2148,89.3,89.21,5,10,16,-0.09999999999999432,6.1,115,144,101,148,287,318,303,"0.7","-0.7",,
35,542963,"Brantly, Rob",2021,89,39.3,0,0,0,0,0,0.128,0.125,0,9,77.4,48.5,2235,86.4,87.02,6,19,16,0.5999999999999943,6.71,119,160,112,149,279,321,304,"3.4","-3.4",,
18,656457,"Gilbert, Tyler",2021,41,43.9,0,0,0,0,0,0.076,0.074,0,3,36.9,-35.3,2144,88.7,88.36,2,9,9,-0.29999999999999716,6.11,98,136,98,138,276,310,314,"2.5","-2.5",,
2,593833,"Suero, Wander",2021,2,100,0,0,0,0,0,0.039,0.043,0,1,81.7,-32,1853,91,90.25,0,1,1,-0.6000000000000085,5.75,119,153,117,151,299,306,269,"0.3","-0.3",,
12,682626,"Alvarez, Francisco",2022,59,20.3,0,0,0,0,0.172,0.463,0.27,0,3,96.9,19,2232,91,91.41,2,7,5,0.4000000000000057,6.65,105,151,121,149,322,325,297,"1.4","-1.4",,
19,641512,"DeLuzio, Ben",2022,97,19.6,0,0,0,0,0.138,0.195,0.08,0,4,48.9,27,2369,87,87.23,4,10,9,0.20000000000000284,6.64,107,145,108,146,299,320,289,"1.6","-1.6",,
9,656756,"Montgomery, Jordan",2021,19,47.4,0,0,,0,0,0,,0,2,,,2183,96.2,95.91,2,2,7,-0.29999999999999716,6.19,110,145,107,148,270,293,277,"0.8","-0.8",,
10,657434,"O'Grady, Brian",2020,29,34.5,0,0,0,0,0,0.163,0.086,0,2,98.5,38,2340,90.6,90.26,1,6,4,-0.29999999999999716,6.19,120,147,114,152,291,312,289,"0.6","-0.6",,
2,592387,"Healy, Ryon",2020,20,10,0,0,0,0,0,1.006,0.527,0,1,100.4,32,2194,85.9,86.05,0,1,1,0.09999999999999432,6.2,118,143,116,140,294,320,290,"0.5","-0.5",,
9,445926,"Chavez, Jesse",2021,12,75,0,0,,0,0,0,,0,2,,,1988,90.4,90.6,1,2,7,0.19999999999998863,6.29,114,143,111,144,294,284,256,"0.9","-0.9",,
21,605507,"Thompson, Zach",2021,67,31.3,0,0,,0,0,0,0,0,4,22.8,26.5,2406,86.5,86.43,4,12,9,-0.09999999999999432,6.22,97,142,99,142,276,300,265,"1.4","-1.4",,
8,548389,"Stripling, Ross",2021,21,38.1,0,0,,0,0,0,,0,2,,,2351,87,86.76,0,0,8,-0.20000000000000284,6.14,78,129,86,137,281,298,261,"1.3","-1.3",,
2,663905,"Blankenhorn, Travis",2020,13,15.4,0,0,0,0,0,0.036,0.04,0,1,77.9,35,2061,89.6,90.2,0,2,0,0.6000000000000085,6.65,126,146,111,148,288,335,297,"0.5","-0.5",,
3,527048,"Pérez, Martín",2021,10,30,0,0,,0,0,0,,0,1,,,2167,93.1,93.67,0,0,3,0.6000000000000085,6.93,112,150,112,138,278,306,293,"0.4","-0.4",,
52,670084,"Heath, Nick",2021,157,33.1,0,0,0,0,0.063,0.125,0.068,0,10,73.2,-3.4,2343,89.7,89.13,14,26,26,-0.6000000000000085,6.08,117,144,110,146,283,313,297,"3.7","-3.7",,
6,518774,"Harvey, Matt",2021,19,31.6,0,0,0,0,0,0.043,0.048,0,2,74.2,-1,2169,90.2,89.12,2,3,3,-1,6.02,122,150,113,154,286,297,274,"1.3","-1.3",,
1,456488,"Núñez, Eduardo",2020,4,25,0,0,0,0,0,0.006,0.007,0,1,80,42,2317,95.3,96.6,0,1,0,1.2999999999999972,6.9,111,143,115,142,301,322,292,"0.7","-0.7",,
4,591712,"Hernández, Óscar",2020,10,40,0,0,,0,0,0,,0,1,,,2220,88.9,89.9,1,1,3,1,6.7,103,147,114,141,292,331,294,"0.5","-0.5",,
11,680769,"Alexander, CJ",2024,28,39.3,0,0,0,0,0,0.024,0.025,0,3,71.2,14,1916,90,90.38,3,7,4,0.4000000000000057,6.23,123,145,110,145,300,336,310,"1.4","-1.4","73.334402857","8.816477143"
52,642020,"Robinson, Chuckie",2024,298,17.4,0,0,0,0,0.049,0.163,0.133,0,13,75,-1.1,2309,87,87.12,14,29,23,0.09999999999999432,6.38,111,150,119,148,300,319,291,"5.2","-5.2","69.039195517","6.710505862"
11,474568,"Mercer, Jordy",2020,98,11.2,0,0,0,0,0,0.127,0.13,0,3,70.4,-30.7,2432,88.3,89.05,0,5,6,0.7000000000000028,6.57,104,143,106,140,304,313,278,"1.5","-1.5",,
9,642451,"Liberato, Luis",2022,15,60,0,0,0,0,0,0.009,0.007,0,3,97.1,44,2147,81.7,81.36,2,5,4,-0.29999999999999716,6.03,122,149,110,149,285,322,301,"1.1","-1.1",,
8,592622,"Payton, Mark",2021,91,8.8,0,0,,0,0,0,,0,2,,,2262,93.4,93.51,3,5,3,0.09999999999999432,6.4,121,139,100,143,288,308,298,"1.3","-1.3",,
31,677960,"Weathers, Ryan",2021,94,33,0,0,0,0,0,0.073,0.066,0,9,76.6,-26.1,2319,92.3,92.03,4,18,13,-0.29999999999999716,6.2,104,146,105,147,283,295,266,"4.1","-4.1",,
8,663753,"Knehr, Reiss",2021,31,25.8,0,0,0,0,0,0.004,0.005,0,3,87,55,2208,89.6,89.9,3,5,3,0.4000000000000057,6.63,117,151,108,152,262,299,288,"1.5","-1.5",,
8,607231,"Gant, John",2021,51,15.7,0,0,0,0,0,0.358,0.335,0,2,60,-27.3,2179,87.2,86.79,0,6,2,-0.4000000000000057,6.09,101,140,103,145,286,291,259,"1.6","-1.6",,
11,671221,"Waters, Drew",2024,94,11.7,0,0,0,0,0.23,0.252,0.036,0,2,68.5,-33,2016,90,90.55,2,5,6,0.5,6.56,123,149,105,143,294,316,298,"0.9","-0.9","73.839964","6.788342"
4,656577,"Jackson, Alex",2022,40,10,0,0,,0,0,0,,0,1,,,2134,79.9,79.52,1,2,2,-0.4000000000000057,5.8,110,142,117,146,321,324,294,"0.5","-0.5",,
31,621219,"Mills, Alec",2021,149,20.8,0,0,0,0,0,0.039,0.044,0,7,55.8,-8.5,2161,88.6,88.88,5,15,16,0.30000000000001137,6.4,98,135,101,141,269,292,263,"3.3","-3.3",,
33,543243,"Gray, Sonny",2021,136,24.3,0,0,0,0,0,0.074,0.07,0,10,68,-7.6,2230,89.8,90.38,3,16,17,0.6000000000000085,6.62,101,135,100,133,288,292,259,"5.2","-5.2",,
13,605244,"Garcia, Aramis",2024,36,36.1,0,0,0,0,0,0.119,0.133,0,2,100.5,-16,2314,90.6,91.08,1,8,5,0.5,6.68,101,146,116,145,303,319,288,"1.3","-1.3","68.12525","7.422704286"
5,669212,"Morgan, Eli",2021,10,50,0,0,,0,0,0,,0,1,,,2038,84.6,84.18,2,3,2,-0.3999999999999915,5.82,88,136,92,140,280,289,258,"0.4","-0.4",,
2,596082,"Reed, Jake",2021,2,100,0,0,0,0,0,0.083,0.091,0,1,86,-20,2119,83.7,83.9,0,2,0,0.20000000000000284,6.25,76,129,91,135,268,292,265,"-0.6","0.6",,
22,656821,"Padlo, Kevin",2021,66,33.3,0,0,0,0,0.138,0.215,0.106,0,4,84.5,8,2219,89.4,90.25,6,11,11,0.8999999999999915,6.92,110,153,119,148,300,321,292,"1.9","-1.9",,
4,605135,"Bassitt, Chris",2021,10,40,0,0,,0,0,0,,0,1,,,2495,81.8,82.05,2,2,2,0.20000000000000284,6.53,87,154,120,153,281,305,273,"0.5","-0.5",,
15,446653,"Lobaton, Jose",2021,57,26.3,0,0,0,0,0.231,0.249,0.029,0,2,88.7,-26,2452,90.1,90.57,6,8,7,0.5,6.73,123,159,113,150,290,319,296,"0.4","-0.4",,
16,686490,"Eden, Cam",2023,24,66.7,0,0,0,0,0,0.104,0.116,0,2,67.6,-69,2200,84.4,85.09,1,7,9,0.6999999999999886,6.97,104,148,117,140,302,316,289,"1.3","-1.3",,
16,607249,"Krizan, Jason",2022,41,39,0,0,0,0,0.172,0.2,0.034,0,3,83.8,28,2424,88.5,88.16,2,6,10,-0.29999999999999716,6.09,120,146,110,143,289,311,299,"1.3","-1.3",,
3,656883,"Reetz, Jakson",2024,49,6.1,0,0,,0,0,0,,0,1,,,2378,89.6,89.93,2,3,0,0.30000000000001137,6.47,117,153,128,149,287,312,286,"0.4","-0.4","63.042323333","7.606746667"
13,666211,"Trammell, Taylor",2024,37,35.1,0,0,0,0,0.345,0.364,0.04,0,1,79.6,50,1711,74.3,73.3,2,7,6,-1,5.15,127,144,126,152,297,323,300,"-0.3","0.3","71.628684286","6.955118571"
30,676946,"Batten, Matthew",2022,91,33,0,0,0,0,0,0.064,0.068,0,7,92.1,-14,2368,92.5,92.68,9,15,15,0.20000000000000284,6.44,111,149,119,146,299,314,282,"3","-3",,
40,474463,"Anderson, Brett",2021,133,30.1,0,0,0,0,0.077,0.148,0.088,0,8,65.6,-32.2,2229,89.6,89.81,3,17,23,0.20000000000000284,6.32,104,139,101,139,269,300,285,"1.9","-1.9",,
2,542255,"Inciarte, Ender",2022,31,6.5,0,0,0,0,0,0.048,0.046,0,1,63.2,-28,2497,96.1,96.35,0,1,1,0.20000000000000284,6.35,124,147,132,153,284,321,289,"0.7","-0.7",,
45,691783,"Lawlar, Jordan",2023,134,33.6,0,0,0,0,0.142,0.158,0.021,0,8,77.3,27.7,2381,88.6,88.83,8,20,25,0.20000000000000284,6.48,106,145,106,142,302,320,282,"2.5","-2.5",,
6,665506,"Pache, Cristian",2020,15,40,0,0,0,0,0,0.11,0.122,0,2,87.6,-6,2227,90.6,90.08,2,4,2,-0.5,5.92,108,153,115,145,305,323,294,"0.9","-0.9",,
18,572821,"Dozier, Brian",2020,50,36,0,0,0,0,0.175,0.239,0.049,0,3,93.6,33,2175,86.3,86.23,1,6,12,-0.09999999999999432,6.18,102,141,116,138,303,317,287,"0.9","-0.9",,
65,595956,"Gallagher, Cam",2020,244,26.6,0,0,0,0,0.14,0.227,0.119,0,12,73.7,13.6,2297,88.8,88.97,6,24,41,0.20000000000000284,6.22,103,147,116,146,299,323,288,"4.9","-4.9",,
13,471911,"Carrasco, Carlos",2021,67,19.4,0,0,0,0,0,0.112,0.124,0,2,38.8,-46.5,2263,90.4,90,2,8,5,-0.4000000000000057,6.28,84,126,86,133,274,288,263,"1.1","-1.1",,
7,595928,"Curtiss, John",2021,16,43.8,0,0,0,0,0,0.063,0.07,0,2,42.8,-64,2165,92.5,92.6,0,6,1,0.09999999999999432,6.41,93,136,93,142,285,299,265,"-0.2","0.2",,
6,641302,"Alexander, Tyler",2021,6,100,0,0,0,0,0,0,,0,2,,,2151,90.7,90.28,1,3,3,-0.4000000000000057,6.2,124,148,107,147,277,293,255,"0.7","-0.7",,
9,670955,"Uceta, Edwin",2021,21,42.9,0,0,0,0,0,0.118,0.132,0,2,77.7,-79,1952,94.5,94.2,1,2,7,-0.29999999999999716,6.21,113,151,111,146,286,295,275,"0.7","-0.7",,
60,543101,"DeSclafani, Anthony",2021,232,25.9,0,0,0,0,0.046,0.11,0.074,0,14,49.8,-27,2270,88.2,88.05,15,29,31,-0.20000000000000284,6.16,107,144,106,145,287,296,267,"7.3","-7.3",,
11,669134,"Campusano, Luis",2020,18,61.1,0,0,,0,0.364,0.364,,0,1,,,2360,89.8,89,1,4,7,-0.7999999999999972,5.85,105,134,119,132,292,314,294,"0.3","-0.3",,
11,608344,"Irvin, Cole",2021,25,44,0,0,0,0,0,0.243,0.249,0,1,64.2,-36.5,2393,88.8,88.79,1,6,5,0,6.28,111,143,109,145,273,298,298,"0.5","-0.5",,
26,682617,"Luciano, Marco",2023,184,14.1,0,0,0,0,0,0.043,0.046,0,7,83.7,-23.7,2251,88.2,88.56,4,11,15,0.3999999999999915,6.52,106,143,113,142,301,319,287,"3.4","-3.4",,
6,641525,"Dixon, Brandon",2020,52,11.5,0,0,0,0,0,0.232,0.254,0,2,95.7,-9.5,2312,88.6,88.77,0,2,4,0.20000000000000284,6.43,93,134,106,122,299,336,294,"1.1","-1.1",,
21,677941,"Adams, Jordyn",2023,138,15.2,0,0,0,0,0,0.16,0.185,0,6,90.9,-2.6,2114,90.7,90.82,6,16,5,0.09999999999999432,6.34,105,153,118,145,299,318,289,"2","-2",,
24,642336,"Mejía, Francisco",2020,160,15,0,0,0,0,0.081,0.208,0.136,0,8,78.3,27,2209,89.1,88.9,5,19,5,-0.19999999999998863,6.31,116,155,112,153,299,326,297,"3","-3",,
9,664913,"Brown, Seth",2020,21,42.9,0,0,0,0,0,0.044,0.047,0,2,82,-14,2365,93.1,93.39,2,4,5,0.30000000000001137,6.34,126,166,119,154,292,321,296,"0.8","-0.8",,
4,543518,"McGough, Scott",2024,4,100,0,0,,0,0,0,,0,1,,,2301,95,95.15,0,1,3,0.20000000000000284,6.5,105,153,119,149,267,289,254,"0.8","-0.8","56.72912","5.05055"
6,621550,"Wisdom, Patrick",2020,7,85.7,0,0,0,0,0,0,0,0,1,91.7,42,2278,87.8,86.48,1,2,4,-1.2999999999999972,5.35,115,150,118,151,291,327,300,"0.6","-0.6",,
1,592680,"Rivera, Yadiel",2020,19,5.3,0,0,0,0,0,0.31,0.319,0,1,103.8,-9,1877,90.3,91.7,0,1,0,1.4000000000000057,7.2,109,142,120,142,308,320,294,"-0.9","0.9",,
2,663474,"McKenzie, Triston",2021,6,33.3,0,0,0,0,0,0.108,0.117,0,1,100,-25,2360,93.1,93.9,0,1,1,0.8000000000000114,6.55,117,153,120,149,261,259,235,"0.8","-0.8",,
19,672578,"Hernández, Carlos",2021,19,100,0,0,,0,0,0,,0,4,,,2197,88.4,88.59,4,13,6,0.19999999999998863,6.45,87,131,94,143,274,288,248,"1.6","-1.6",,
9,608379,"Wacha, Michael",2021,13,69.2,0,0,,0,0,0,,0,2,,,2766,85.5,85.81,1,4,5,0.29999999999999716,6.41,89,121,92,123,285,304,263,"1.2","-1.2",,
20,608597,"Guzmán, Ronald",2021,70,28.6,0,0,0,0,0,0.001,0.001,0,4,92.7,45,2368,90.4,90.15,6,10,10,-0.30000000000001137,6.25,121,165,122,152,298,323,307,"2.2","-2.2",,
1,572073,"Rickard, Joey",2020,21,4.8,0,0,0,0,0,0.067,0.07,0,1,87.6,-35,,89.2,,0,1,0,,,92,156,89,139,299,320,288,"0.3","-0.3",,
73,645261,"Alcantara, Sandy",2021,268,27.2,0,0,0,0,0.04,0.084,0.047,0,17,60.2,-49.5,2259,88.4,88.18,13,27,46,-0.20000000000000284,6.32,94,138,100,139,285,296,261,"8","-8",,
13,572365,"Goins, Ryan",2020,40,32.5,0,0,0,0,0,0.173,0.128,0,5,87.8,26.2,2222,87.1,86.95,1,7,6,-0.19999999999998863,6.32,116,150,100,152,282,321,294,"2.1","-2.1",,
8,663905,"Blankenhorn, Travis",2023,136,5.9,0,0,0,0,0.348,0.4,0.116,0,1,86.1,-13,2038,87.7,88.38,1,2,6,0.7000000000000028,6.5,112,148,116,152,291,315,297,"0.4","-0.4",,
2,608703,"Reynolds, Matt",2023,17,11.8,0,0,0,0,0,0.015,0.011,0,1,91,41,1929,78.3,79.05,0,1,1,0.7999999999999972,6.65,108,145,117,149,300,314,280,"0.5","-0.5",,
5,687799,"Marlowe, Cade",2024,34,14.7,0,0,0,0,0,0.419,0.462,0,1,86.9,3,1758,95,95.92,1,3,2,0.9000000000000057,6.68,86,139,99,146,294,323,301,"0.5","-0.5","69.548396667","7.374823333"
3,623515,"Jackson, Drew",2022,9,33.3,0,0,0,0,0,0.117,0.127,0,1,84.4,-15,2413,77.1,76.83,0,1,2,-0.29999999999999716,6.5,98,148,107,148,317,321,285,"0.3","-0.3",,
7,608597,"Guzmán, Ronald",2022,29,24.1,0,0,0,0,0,0.044,0.048,0,1,87.4,-30,2462,92.7,92.89,2,4,3,0.20000000000000284,6.56,83,99,87,108,262,282,254,"0.7","-0.7",,
7,665155,"Maton, Nick",2024,28,25,0,0,,0,0,0,,0,1,,,2420,86.5,86.76,2,4,3,0.29999999999999716,6.54,122,147,108,153,296,320,300,"0.3","-0.3","73.5537375","6.89052"
3,664702,"Straw, Myles",2024,14,21.4,0,0,0,0,0,0.003,0.003,0,1,84.7,64,2579,90.1,90.93,0,2,1,0.8000000000000114,6.3,114,141,98,149,309,311,283,"0.3","-0.3","71.083005","6.84596"
18,669352,"Thompson, Bubba",2024,77,23.4,0,0,0,0,0,0.086,0.094,0,5,79,-38,2237,88.1,88.3,6,12,6,0.20000000000000284,6.41,99,145,102,145,294,319,280,"2.7","-2.7","52.485224167","5.632259167"
5,668663,"Barrera, Tres",2023,7,71.4,0,0,0,0,0,0.131,0.087,0,2,89.3,34,2258,85.7,85.46,0,4,1,-0.20000000000000284,5.98,117,151,123,149,300,316,277,"0.6","-0.6",,
16,605196,"Cron, Kevin",2020,82,19.5,0,0,0,0,0,0,0,0,4,88.3,42,2176,86.9,87.4,2,9,7,0.5,6.61,103,151,123,146,304,326,305,"2.1","-2.1",,
4,445276,"Jansen, Kenley",2021,4,100,0,0,,0,0,0,,0,1,,,2385,95.7,95.1,3,3,1,-0.6000000000000085,5.97,128,147,122,152,282,297,273,"0.4","-0.4",,
35,641154,"López, Pablo",2021,125,28,0,0,0,0,0,0.009,0.007,0,7,40.1,-51.3,2285,89.6,89.8,15,20,15,0.20000000000000284,6.57,107,142,101,147,270,297,282,"4","-4",,
4,453281,"LeBlanc, Wade",2021,34,11.8,0,0,0,0,0,0.344,0.357,0,1,90.5,1,2364,91.8,91.1,0,2,2,-0.7000000000000028,5.72,121,149,119,151,273,295,277,"0.4","-0.4",,
31,621458,"Ríos, Edwin",2023,153,20.3,0,0,0,0,0.099,0.129,0.038,0,6,80.8,-7.5,2093,87.7,87.95,7,16,15,0.20000000000000284,6.47,124,146,119,151,288,321,304,"2.2","-2.2",,
12,676679,"Vazquez, Luis",2024,51,23.5,0,0,0,0,0.24,0.381,0.009,0,1,82.8,39,1485,62.8,61.52,0,7,5,-1.2999999999999972,5.19,114,149,118,143,294,320,295,"0.6","-0.6","70.278471667","7.058"
32,608422,"Godoy, José",2022,87,36.8,0,0,0,0,0.077,0.111,0.042,0,8,63.1,-12.8,2290,87.4,88.05,9,19,13,0.5999999999999943,6.74,112,141,107,140,287,310,294,"3.9","-3.9",,
13,667727,"Walker, Steele",2022,57,22.8,0,0,0,0,0.23,0.231,0.002,0,2,77.7,71,2339,90.7,89.91,4,5,8,-0.7999999999999972,5.81,125,147,112,147,288,318,293,"0.4","-0.4",,
3,622491,"Castillo, Luis",2024,3,100,0,0,,0,0,0,,0,1,,,2214,91.8,92.47,0,0,3,0.7000000000000028,6.57,92,139,83,134,264,285,254,"0.4","-0.4",,
6,606988,"Greiner, Grayson",2022,34,17.6,0,0,0,0,0,0.011,0.01,0,2,84,53,2133,82.9,81.63,1,3,3,-1.3000000000000114,5.57,96,118,97,108,300,311,283,"1","-1",,
18,501659,"Almonte, Abraham",2023,68,26.5,0,0,,0,0,0,,0,4,,,2365,88.1,88.25,6,11,7,0.20000000000000284,6.25,120,150,118,150,297,331,304,"1.9","-1.9",,
4,594986,"Ryan, Kyle",2021,14,28.6,0,0,0,0,0,0.127,0.111,0,1,73.8,53,1596,69.3,68.4,1,2,2,-0.8999999999999915,5.5,122,155,135,154,277,318,296,"0.4","-0.4",,
4,605253,"Gore, Terrance",2022,30,13.3,0,0,0,0,0,0.014,0.011,0,1,52.5,32.5,1993,89.2,89.67,0,3,1,0.5,6.62,108,137,94,137,292,315,286,"0.3","-0.3",,
7,622569,"Reyes, Pablo",2022,59,11.9,0,0,0,0,0,0.05,0.053,0,2,85.4,-18,2629,90.3,89.76,1,4,3,-0.5,6.24,116,155,115,147,291,310,275,"1.1","-1.1",,
10,670462,"Owen, Hunter",2021,19,52.6,0,0,,0,0.241,0.241,,0,2,,,2795,87.5,87.54,4,5,5,0,6.38,117,154,122,147,292,305,302,"0.5","-0.5",,
2,682119,"Jordan, Levi",2024,40,5,0,0,0,0,0,0.06,0.071,0,1,90.6,36.5,1830,89.9,90.5,0,2,0,0.5999999999999943,6.5,101,147,110,145,302,314,280,"0.5","-0.5","71.7342","7.12195"
24,694362,"Dunn, Blake",2024,120,20,0,0,0,0,0.115,0.186,0.094,0,5,75.8,17.7,2192,90.1,90.59,4,10,14,0.5,6.36,110,145,112,142,306,324,289,"1.6","-1.6","71.492073","6.651479"
4,592662,"Ray, Robbie",2021,21,19,0,0,,0,0,0,,0,1,,,2000,86.5,86.38,3,3,1,-0.09999999999999432,6.45,121,152,115,150,270,305,270,"0.3","-0.3",,
14,623508,"Giambrone, Trent",2021,51,27.5,0,0,0,0,0,0.02,0.017,0,3,74.1,-19,2027,86.1,87.16,1,7,7,1.1000000000000085,6.85,113,144,120,145,290,311,286,"1.6","-1.6",,
13,670097,"Short, Zack",2022,52,25,0,0,0,0,0,0.08,0.026,0,1,88.4,36,2363,88.9,88.52,2,6,7,-0.4000000000000057,6.09,106,150,115,139,293,322,287,"1","-1",,
14,493472,"Campbell, Eric",2021,41,34.1,0,0,0,0,0.231,0.238,0.011,0,2,83.3,52,2100,89.1,89.29,2,6,8,0.20000000000000284,6.54,111,148,117,150,306,319,290,"0.5","-0.5",,
4,621466,"Stewart, DJ",2022,15,26.7,0,0,,0,0,0,,0,1,,,2557,92.2,91.92,1,2,2,-0.29999999999999716,6.38,127,173,118,156,304,334,313,"0.3","-0.3",,
4,659275,"Lamet, Dinelson",2021,33,12.1,0,0,,0,0,0,,0,1,,,2365,85.2,84.28,1,3,1,-0.9000000000000057,5.75,78,125,90,140,274,299,268,"0.6","-0.6",,
23,621545,"Remillard, Zach",2024,151,15.2,0,0,0,0,0,0.147,0.161,0,6,100,-7.3,2171,89,89.28,2,11,12,0.29999999999999716,6.57,108,150,114,146,297,321,283,"2.6","-2.6","53.012998","5.470983"
31,572008,"Owings, Chris",2023,95,32.6,0,0,0,0,0,0.103,0.111,0,7,56.8,45.3,2064,88.4,88.44,4,16,15,0,6.29,103,141,109,143,308,317,288,"1.9","-1.9",,
7,680716,"Ornelas, Jonathan",2023,31,22.6,0,0,0,0,0,0.208,0.172,0,2,97.7,19,2375,84.6,84.57,1,3,4,0,6.23,114,151,115,149,300,319,289,"1","-1",,
11,670768,"González, Luis",2021,50,22,0,0,,0,0.346,0.346,,0,1,,,2515,88.6,88.4,2,2,9,-0.19999999999998863,6.1,120,142,103,144,289,317,295,"-0.4","0.4",,
32,670770,"Friedl, TJ",2021,136,23.5,0,0,0,0,0.173,0.251,0.127,0,5,82.5,26.5,2224,87.2,87.28,1,12,20,0.09999999999999432,6.29,110,140,104,144,285,316,290,"2.7","-2.7",,
26,669060,"Wilson, Bryse",2021,87,29.9,0,0,0,0,0,0.177,0.185,0,6,57.9,-14.9,2083,90.5,90.61,1,13,13,0.09999999999999432,6.35,94,128,92,133,282,296,253,"2.9","-2.9",,
5,592717,"Sanchez, Aaron",2021,38,13.2,0,0,,0,0,0,,0,1,,,2270,93.6,92.8,1,2,3,-0.7999999999999972,5.32,83,109,91,100,299,311,273,"0.7","-0.7",,
20,664670,"Lopez, Alejo",2021,71,28.2,0,0,0,0,0,0.222,0.231,0,6,83.1,13,2213,88.9,89.21,4,15,5,0.29999999999999716,6.33,109,141,102,142,285,310,297,"2.9","-2.9",,
4,665922,"Muzziotti, Símon",2022,33,12.1,0,0,0,0,0,0.235,0.239,0,2,88.7,30.5,2533,83.4,82.97,0,2,2,-0.4000000000000057,6.22,123,151,97,153,274,308,297,"0.8","-0.8",,
5,669392,"Taylor, Samad",2024,14,35.7,0,0,0,0,0,0.074,0.083,0,2,106.5,-22,2189,87.5,88.78,2,4,1,1.2999999999999972,7.3,102,150,113,149,292,302,284,"0.7","-0.7","69.49571","6.11452"
4,670224,"Misner, Kameron",2024,65,6.2,0,0,,0,0,0,,0,1,,,2354,88.7,88.15,1,2,2,-0.5,6.05,122,146,108,153,288,334,305,"0.3","-0.3","68.72771","8.237135"
4,621219,"Mills, Alec",2020,4,100,0,0,,0,0,0,,0,1,,,1933,90.5,91.7,0,0,4,1.2000000000000028,6.83,116,133,113,140,283,294,262,"0.5","-0.5",,
1,541650,"Pérez, Hernán",2020,19,5.3,0,0,0,0,0,0.851,0.907,0,1,80.7,15,2203,74.4,74.3,0,1,0,-0.10000000000000853,6,117,154,118,151,298,316,311,"0.4","-0.4",,
5,621249,"Underwood Jr., Duane",2021,16,31.3,0,0,,0,0,0,,0,1,,,2251,91.1,90.82,2,2,3,-0.29999999999999716,5.96,86,151,114,149,297,311,260,"0.5","-0.5",,
4,641856,"McKinney, Billy",2020,10,40,0,0,0,0,0,0.02,0.013,0,1,85.6,37,2300,90.5,90.97,2,3,1,0.5,6.55,118,141,98,146,292,321,290,"0.5","-0.5",,
15,657136,"Wong, Connor",2021,62,24.2,0,0,,0,0,0,,0,3,,,2184,86.8,87.15,4,8,7,0.4000000000000057,6.35,113,153,123,145,283,319,287,"1.6","-1.6",,
3,622065,"Young, Alex",2021,14,21.4,0,0,,0,0,0,,0,1,,,2335,97,96.5,0,0,3,-0.5,5.97,132,150,116,151,269,281,285,"0.8","-0.8",,
20,571945,"Mikolas, Miles",2021,47,42.6,0,0,0,0,0,0.002,0.002,0,2,43.5,-24,2277,91.9,91.52,5,15,5,-0.29999999999999716,5.96,96,134,97,140,296,296,265,"2","-2",,
1,640455,"Manaea, Sean",2021,18,5.6,0,0,0,0,0,0.138,0.126,0,1,22.3,-48,2081,93.2,94.4,0,1,0,1.2000000000000028,6.9,63,114,57,112,281,283,288,"0.2","-0.2",,
3,607074,"Rodón, Carlos",2021,11,27.3,0,0,0,0,0,0.357,0.397,0,1,78.4,26,2235,85.8,86.17,1,3,0,0.4000000000000057,6.33,106,145,111,150,267,300,285,"0.3","-0.3",,
3,657228,"Jewell, Jake",2021,3,100,0,0,,0,0,0,,0,1,,,2425,91.6,90.63,1,1,2,-1,5.8,116,151,116,152,283,309,267,"0.5","-0.5",,
4,622503,"Crismatt, Nabil",2021,31,12.9,0,0,0,0,0,0.086,0.096,0,2,66.1,-47,2295,91.8,91.88,1,3,1,0.10000000000000853,6.63,117,155,114,152,289,293,262,"0.7","-0.7",,
16,608328,"De Jong, Chase",2021,40,40,0,0,0,0,0,0.035,0.03,0,4,66.4,-31.7,2406,87.8,87.72,4,10,6,-0.09999999999999432,6.12,96,143,94,144,260,293,284,"2.7","-2.7",,
31,660821,"Sánchez, Jesús",2020,125,24.8,0,0,0,0,0.2,0.221,0.016,0,5,84.5,55,2272,90.7,91.03,8,15,16,0.29999999999999716,6.32,117,147,109,140,293,318,298,"1.4","-1.4",,
24,660162,"Moncada, Yoán",2024,192,12.5,0,0,0,0,0,0.117,0.124,0,5,98,-6.5,2136,88.3,89,5,9,15,0.7000000000000028,6.63,120,146,110,148,299,319,295,"3","-3","64.551432857","7.086867143"
52,605288,"Houser, Adrian",2021,182,28.6,0,0,0,0,0,0.017,0.018,0,11,36.9,-12.7,2216,89.4,89.48,13,25,27,0.09999999999999432,6.33,106,142,109,140,288,307,264,"5.9","-5.9",,
5,670128,"Kohlwey, Taylor",2023,46,10.9,0,0,0,0,0,0.005,0.004,0,2,48.5,76,2343,88,87.98,2,3,2,0,6.56,111,140,107,143,293,318,299,"0.9","-0.9",,
69,621458,"Ríos, Edwin",2021,235,29.4,0,0,0,0,0.194,0.228,0.052,0,13,86.1,-18.4,2423,88.7,88.6,11,26,43,-0.10000000000000853,6.23,113,156,119,152,295,323,308,"5.2","-5.2",,
10,571676,"Frankoff, Seth",2021,21,47.6,0,0,0,0,0,0.11,0.121,0,2,70.4,-53,2283,91.8,91.5,1,8,2,-0.29999999999999716,5.81,119,155,117,148,294,302,270,"1.2","-1.2",,
17,656849,"Peterson, David",2021,78,21.8,0,0,0,0,0,0.057,0.064,0,4,102.4,-11,2091,87.2,87.27,3,8,9,0.09999999999999432,6.38,125,153,113,152,268,302,288,"1.7","-1.7",,
20,502624,"Anderson, Chase",2021,43,46.5,0,0,0,0,0,0.202,0.214,0,5,53.1,-1.2,2221,88.8,88.91,5,14,6,0.10000000000000853,6.13,109,139,104,140,289,299,264,"0.9","-0.9",,
5,519303,"Soto, Elliot",2020,24,20.8,0,0,0,0,0,0.104,0.108,0,1,90.7,-14,2591,91.8,91.5,1,2,3,-0.29999999999999716,5.94,117,156,112,151,302,317,289,"0.6","-0.6",,
3,571946,"Miller, Shelby",2023,3,100,0,0,0,0,0,0.036,0.038,0,1,71.5,-11,1266,52.9,50.43,0,1,2,-2.5,3.97,118,149,118,146,294,326,293,"0.8","-0.8",,
10,489334,"Stammen, Craig",2021,19,52.6,0,0,0,0,0,0.088,0.091,0,3,36.2,-41,2288,90.5,90.69,1,7,3,0.20000000000000284,6.47,79,127,93,136,279,300,269,"1","-1",,
17,570560,"Sánchez, Yolmer",2020,99,17.2,0,0,0,0,0.233,0.67,0.453,0,2,93.2,18,2273,90.6,90.92,1,5,12,0.30000000000001137,6.42,105,147,104,147,289,318,306,"0.7","-0.7",,
51,682988,"Locklear, Tyler",2024,196,26,0,0,0,0,0.051,0.099,0.055,0,13,80.3,26.9,2307,89.4,89.83,6,25,26,0.3999999999999915,6.49,109,150,117,146,299,322,288,"5.1","-5.1","70.81966","7.397554167"
78,681987,"Eaton, Nate",2023,208,37.5,0,0,0,0,0.041,0.11,0.074,0,16,76.2,-8.2,2301,88.3,88.74,17,37,41,0.4000000000000057,6.55,108,147,116,143,304,320,291,"8","-8",,
4,622168,"Muñoz, Yairo",2021,37,10.8,0,0,,0,0,0,,0,1,,,2474,90,90.63,2,3,1,0.5999999999999943,6.57,91,136,100,136,272,297,276,"0.8","-0.8",,
4,501985,"Minor, Mike",2021,24,16.7,0,0,,0,0,0,,0,1,,,2461,83.5,83.75,1,2,2,0.29999999999999716,6.5,131,152,118,151,292,290,273,"0.4","-0.4",,
10,650619,"Viloria, Meibrys",2023,16,62.5,0,0,0,0,0.348,0.461,0.252,0,1,85.8,-63,2017,86.9,85.72,2,6,4,-1.2000000000000028,5.6,117,144,106,146,264,312,290,"0.1","-0.1",,
9,621532,"Bemboom, Anthony",2023,42,21.4,0,0,0,0,0.232,0.275,0.067,0,2,70.3,57,2108,90.5,91.41,0,3,6,0.9000000000000057,6.83,127,147,108,148,300,332,292,"0.5","-0.5",,
9,650668,"Mejía, Humberto",2021,38,23.7,0,0,0,0,0,0.304,0.314,0,2,80.9,-7.5,2234,91.6,91.7,2,5,4,0.10000000000000853,6.5,100,152,114,151,289,305,256,"1.1","-1.1",,
10,600301,"Motter, Taylor",2022,25,40,0,0,,0,0,0,,0,2,,,1878,86.4,86.96,3,6,4,0.5999999999999943,6.79,109,151,123,148,294,314,286,"1.1","-1.1",,
12,541650,"Pérez, Hernán",2021,83,14.5,0,0,0,0,0.231,0.259,0.047,0,2,78.9,-9,2500,86.7,86.59,1,4,8,-0.10000000000000853,6.22,95,147,113,147,294,310,293,"0.4","-0.4",,
6,606213,"Mercedes, Yermín",2020,6,100,0,0,0,0,0,0.232,0.255,0,1,90.9,0,2272,89.6,90.23,0,2,4,0.6000000000000085,6.42,108,159,119,146,299,332,299,"0.3","-0.3",,
3,664285,"Valdez, Framber",2021,14,21.4,0,0,,0,0,0,,0,1,,,2214,89.5,90.2,1,2,1,0.7000000000000028,6.63,123,154,118,154,282,303,261,"0.3","-0.3",,
7,623485,"Goudeau, Ashton",2021,20,35,0,0,,0,0,0,,0,2,,,2277,91.2,90.97,2,3,4,-0.20000000000000284,6.01,88,124,93,116,269,299,263,"1.2","-1.2",,
6,643230,"Brault, Steven",2021,24,25,0,0,0,0,0,0.19,0.203,0,1,67.4,-37,2127,92.4,93.12,0,3,3,0.6999999999999886,6.65,102,140,97,149,283,300,288,"0.7","-0.7",,
14,664731,"Higgins, P.J.",2021,112,12.5,0,0,0,0,0,0.222,0.243,0,3,77.8,19.7,2411,87.6,87.59,2,8,6,0,6.26,110,150,117,144,295,313,293,"1.9","-1.9",,
5,665856,"Camargo, Jair",2024,28,17.9,0,0,0,0,0,0.043,0.049,0,2,68.2,-4,2424,88.8,88.8,1,2,3,0,6.2,92,118,97,110,298,329,287,"1.2","-1.2","75.57996","8.334065"
6,518886,"Kimbrel, Craig",2021,6,100,0,0,,0,0,0,,0,1,,,2567,94.3,94.08,1,1,5,-0.20000000000000284,6.08,130,156,121,148,269,300,277,"0.5","-0.5",,
30,572863,"Garneau, Dustin",2020,176,17,0,0,0,0,0.262,0.291,0.045,0,5,52.5,0.3,2373,88.6,88.8,3,9,21,0.20000000000000284,6.52,109,148,113,145,300,319,290,"0.6","-0.6",,
7,641541,"Duplantier, Jon",2021,11,63.6,0,0,,0,0.361,0.361,,0,1,,,1784,89,88.67,3,3,4,-0.29999999999999716,6.06,119,159,115,147,281,309,290,"0.3","-0.3",,
5,680577,"Keirsey Jr., DaShawn",2024,50,10,0,0,0,0,0.24,0.397,0.253,0,2,65.7,18,2288,86.2,86.56,2,3,2,0.3999999999999915,6.54,119,148,103,149,283,329,300,"0.3","-0.3","62.292576667","6.756056667"
7,625510,"Mejia, Erick",2020,64,10.9,0,0,0,0,0,0.08,0.073,0,2,62.9,-18,2191,86.6,86.27,1,4,3,-0.29999999999999716,5.91,105,146,103,148,294,323,287,"0.7","-0.7",,
65,501571,"Lagares, Juan",2022,241,27,0,0,0,0,0.086,0.238,0.152,0,14,90.4,6.7,2274,87.2,87.22,6,30,35,0,6.39,108,148,117,146,305,322,285,"5.4","-5.4",,
5,666201,"Manoah, Alek",2021,5,100,0,0,,0,0,0,,0,1,,,2041,92.3,93.36,0,1,4,1.1000000000000085,6.88,91,108,94,97,274,294,251,"0.7","-0.7",,
1,656484,"Gray, Tristan",2023,21,4.8,0,0,0,0,0,,,0,1,,-87,2005,97.2,96.8,0,1,0,-0.4000000000000057,6,87,147,81,146,297,318,293,"0.3","-0.3",,
8,527049,"Puello, César",2020,35,22.9,0,0,0,0,0,0.113,0.114,0,2,44.1,-48.5,2482,88.5,88.5,1,4,4,0,6.33,99,146,113,145,288,321,296,"1.3","-1.3",,
6,676625,"Bannon, Rylan",2023,21,28.6,0,0,0,0,0,0.003,0.003,0,2,93.5,43,2091,85.2,86.58,2,4,2,1.3999999999999915,7.28,114,150,112,146,301,334,288,"0.8","-0.8",,
10,673237,"Diaz, Yainer",2022,31,32.3,0,0,0,0,0.23,0.272,0.066,0,2,94.1,29,2273,92.1,92.07,2,5,5,0,6.41,102,149,115,147,294,321,290,"-0.4","0.4",,
5,543022,"Chatwood, Tyler",2021,5,100,0,0,,0,0,0,,0,1,,,2141,85,83.14,1,2,3,-1.9000000000000057,5.16,127,154,118,149,275,286,258,"0.4","-0.4",,
4,672279,"Siani, Michael",2023,29,13.8,0,0,,0,0,0,,0,1,,,2307,96.9,97.93,0,0,4,1,6.9,83,126,87,131,268,313,295,"0.6","-0.6",,
3,669674,"Long, Sam",2021,30,10,0,0,,0,0,0,,0,1,,,2217,81.8,80.87,2,2,1,-0.8999999999999915,6.13,116,155,98,152,267,289,284,"0.6","-0.6",,
6,641941,"Pagán, Emilio",2021,8,75,0,0,,0,0,0,,0,1,,,2237,94.7,93.72,1,3,3,-1,5.73,124,153,106,144,273,305,287,"0.3","-0.3",,
8,642211,"Williams, Justin",2020,20,40,0,0,,0,0,0,,0,2,,,2576,90.9,90.65,3,4,4,-0.20000000000000284,6.15,120,150,111,148,295,312,297,"0.8","-0.8",,
4,664199,"Clarke, Taylor",2021,12,33.3,0,0,,0,0,0,,0,1,,,1999,92.7,93.17,2,2,2,0.5,6.65,85,106,81,101,287,303,262,"0.8","-0.8",,
12,641745,"Keller, Brad",2021,28,42.9,0,0,0,0,0,0.043,0.042,0,2,84.2,-4,2119,85.6,86.83,1,3,9,1.2000000000000028,6.87,121,151,113,151,289,306,271,"1","-1",,
5,425772,"Mathis, Jeff",2021,34,14.7,0,0,,0,0,0,,0,1,,,2313,90.5,90.1,1,1,4,-0.4000000000000057,6.12,111,154,122,149,300,318,281,"0.6","-0.6",,
5,660546,"Díaz, Yennsy",2021,5,100,0,0,,0,0,0,,0,1,,,2348,94.4,93.98,0,0,5,-0.4000000000000057,6.4,118,154,119,152,280,296,267,"0.3","-0.3",,
7,663967,"Salazar, César",2023,82,8.5,0,0,0,0,0,0.023,0.023,0,3,80.8,14.5,2337,85.4,86.24,1,4,3,0.7999999999999972,6.61,104,143,104,143,286,312,289,"1.3","-1.3",,
5,647315,"Pop, Zach",2021,7,71.4,0,0,,0,0,0,,0,1,,,2358,92.9,94.46,1,1,4,1.5999999999999943,7.12,87,140,104,142,261,293,269,"0.5","-0.5",,
6,672701,"Devers, José",2024,18,33.3,0,0,0,0,0,0.31,0.331,0,1,99.1,-4,2280,87.9,88.78,0,3,3,0.8999999999999915,6.68,126,149,106,147,283,314,300,"0.3","-0.3","67.74675","6.988333333"
28,664770,"Lukes, Nathan",2023,112,25,0,0,0,0,0.232,0.265,0.07,0,3,76.2,15.3,2177,90.1,90.29,1,14,14,0.20000000000000284,6.48,109,131,107,136,283,315,290,"1.4","-1.4",,
22,501303,"Adrianza, Ehire",2023,53,41.5,0,0,0,0,0.174,0.201,0.035,0,3,70.4,11.5,2206,89.5,90.17,2,11,11,0.7000000000000028,6.68,108,150,122,152,298,320,295,"0.8","-0.8",,
6,657088,"Wall, Forrest",2023,71,8.5,0,0,,0,0,0,,0,1,,,2392,87.8,88.52,0,1,5,0.7000000000000028,6.78,124,150,106,153,288,314,291,"0.5","-0.5",,
55,686894,"Wiemer, Joey",2024,109,50.5,0,0,0,0,0,0.157,0.092,0,13,80.3,28.5,2395,88.8,89.18,8,21,34,0.4000000000000057,6.54,108,148,121,145,302,317,292,"5.1","-5.1","68.304982","7.437827"
12,642028,"Rogers, Josh",2021,53,22.6,0,0,0,0,0,0.137,0.144,0,3,61,-35.7,2036,88,89.07,3,6,6,1.0999999999999943,6.88,84,105,83,114,265,283,268,"1.3","-1.3",,
45,666197,"Kessinger, Grae",2024,115,39.1,0,0,0,0,0.063,0.159,0.1,0,10,84.6,0.2,2232,89.3,89.71,11,23,22,0.4000000000000057,6.6,117,153,123,149,291,315,300,"3.8","-3.8","66.570305238","7.017949524"
12,660758,"Fabian, Sandro",2024,21,57.1,0,0,0,0,0,0.035,0.033,0,2,82.1,49.5,2288,89.4,88.9,1,5,7,-0.5,6.12,101,146,114,139,303,309,290,"0.7","-0.7","69.69253","7.030912"
14,669738,"Noll, Jake",2020,68,20.6,0,0,0,0,0,0.093,0.099,0,3,95.8,-4,2025,86,86.66,5,8,6,0.7000000000000028,6.72,107,143,112,141,295,311,297,"2","-2",,
11,622088,"Antone, Tejay",2021,24,45.8,0,0,,0,0.231,0.231,,0,2,,,2554,88.3,87.84,5,6,5,-0.5,6.1,108,148,108,151,291,307,272,"0.5","-0.5",,
28,600301,"Motter, Taylor",2021,126,22.2,0,0,0,0,0,0.084,0.092,0,6,80.1,33.5,2331,91,91.16,5,20,8,0.20000000000000284,6.25,114,152,112,149,294,315,290,"3.2","-3.2",,
45,676701,"Trejo, Alan",2021,183,24.6,0,0,0,0,0.063,0.104,0.041,0,9,89.2,27.3,2413,87.9,88.16,10,21,24,0.29999999999999716,6.2,111,148,115,146,307,325,295,"3","-3",,
6,542963,"Brantly, Rob",2024,34,17.6,0,0,,0,0,0,,0,1,,,2452,85.9,86.48,1,4,2,0.5999999999999943,6.7,120,139,110,137,286,310,301,"0.5","-0.5","63.550885","6.7611775"
11,664074,"Ponce, Cody",2021,26,42.3,0,0,0,0,0,0.097,0.107,0,2,54.9,-30.5,2077,88.6,87.87,0,6,5,-0.6999999999999886,5.75,74,125,89,138,282,285,250,"0.5","-0.5",,
5,642727,"Alcántara, Sergio",2020,74,6.8,0,0,0,0,0,0.132,0.137,0,3,65.3,23.3,2231,94,93.98,0,3,2,0,6.34,105,144,94,145,285,313,301,"1.5","-1.5",,
3,591720,"Torreyes, Ronald",2020,15,20,0,0,0,0,0,0.454,0.443,0,2,96.9,7,1992,81.4,81.47,0,2,1,0.09999999999999432,6.23,92,144,99,149,292,309,279,"0.9","-0.9",,
5,641553,"Engel, Adam",2023,28,17.9,0,0,0,0,0,0.003,0.003,0,1,81.6,74,2195,92.9,93.38,0,1,4,0.5,6.76,106,153,122,151,297,326,291,"0.8","-0.8",,
7,641741,"Katoh, Gosuke",2022,38,18.4,0,0,,0,0.344,0.344,,0,1,,,2448,88.5,89.11,1,4,3,0.5999999999999943,6.87,123,165,107,151,293,326,299,"0.4","-0.4",,
5,543475,"Lyles, Jordan",2021,25,20,0,0,,0,0,0,,0,1,,,2251,90.3,90.82,0,0,5,0.5,6.76,126,154,117,151,287,302,272,"0.6","-0.6",,
38,640444,"Crowe, Wil",2021,139,27.3,0,0,0,0,0,0.085,0.09,0,11,69.3,-0.2,2109,87.6,87.61,5,23,15,0.09999999999999432,6.23,112,149,113,145,289,305,267,"4.8","-4.8",,
34,669065,"Stowers, Kyle",2023,118,28.8,0,0,0,0,0,0.102,0.112,0,10,85.2,26.6,2314,91.1,91.79,7,21,13,0.7000000000000028,6.56,122,146,107,150,292,325,306,"4.1","-4.1",,
13,676646,"Reks, Zach",2021,46,28.3,0,0,,0,0,0,,0,3,,,1997,87.2,87.87,5,7,6,0.7000000000000028,6.55,126,165,114,153,287,315,291,"1.2","-1.2",,
15,672724,"Peraza, Oswald",2024,40,37.5,0,0,0,0,0,0.032,0.035,0,4,72.5,7.5,2233,87.8,87.93,3,9,6,0.10000000000000853,6.32,111,144,113,136,295,327,284,"1.6","-1.6","68.777034444","7.574967778"
26,448179,"Hill, Rich",2021,98,26.5,0,0,0,0,0,0.021,0.024,0,5,51,-26.8,2125,89.7,89.62,9,17,9,-0.10000000000000853,6.27,104,144,97,143,263,295,279,"2.6","-2.6",,
13,668721,"Henry, Payton",2021,67,19.4,0,0,,0,0,0,,0,2,,,2449,86.4,86.53,3,9,4,0.09999999999999432,6.53,101,146,118,147,301,316,290,"1","-1",,
31,605397,"Musgrove, Joe",2021,191,16.2,0,0,0,0,0,0.078,0.084,0,8,77.6,-5.6,2455,88.2,88.36,5,17,14,0.20000000000000284,6.41,102,142,104,145,284,293,265,"5.4","-5.4",,
2,657006,"Steele, Justin",2021,32,6.3,0,0,0,0,0,0.227,0.247,0,2,69,-33,1971,92.4,91.75,0,2,0,-0.6000000000000085,5.75,86,129,95,132,261,291,273,"0.8","-0.8",,
8,669326,"Teodosio, Bryce",2024,43,18.6,0,0,0,0,0,0.043,0.045,0,2,81.4,-17,2605,89.1,89.93,3,5,3,0.8000000000000114,6.71,115,153,117,147,289,326,284,"0.7","-0.7","63.74438","6.1341"
3,676220,"Elledge, Seth",2021,5,60,0,0,0,0,0,0.069,0.071,0,1,58.4,-18,2726,95.2,95.9,1,2,1,0.7000000000000028,6.5,120,154,129,154,293,297,270,"0.8","-0.8",,
26,624513,"Nuñez, Dom",2022,178,14.6,0,0,0,0,0.172,0.314,0.217,0,4,80.3,32.8,2126,87.3,87.95,1,10,16,0.6000000000000085,6.51,109,138,107,142,286,320,296,"2.3","-2.3",,
3,669699,"Shewmake, Braden",2023,9,33.3,0,0,0,0,0,0.218,0.217,0,2,63.3,-28,2240,93.7,94,1,3,0,0.29999999999999716,6.37,122,149,104,150,303,330,295,"0.8","-0.8",,
4,669087,"Huff, Sam",2024,21,19,0,0,,0,0,0,,0,1,,,2630,92.3,91.67,2,4,0,-0.5999999999999943,6.02,120,152,132,149,307,324,288,"0.3","-0.3","61.4409175","6.8854125"
9,571948,"Milner, Hoby",2021,9,100,0,0,,0,0.346,0.346,,0,1,,,2508,90.8,90.56,2,2,7,-0.20000000000000284,6.28,93,120,90,117,266,302,282,"-0.1","0.1",,
1,641682,"Hendrix, Ryan",2021,1,100,0,0,0,0,0,0.216,0.24,0,1,99.6,-8,1267,83.3,82.6,0,1,0,-0.7000000000000028,5.7,89,132,91,149,285,298,255,"0.3","-0.3",,
15,599096,"Herrera, Dilson",2020,34,44.1,0,0,,0,0,0,,0,3,,,2588,89.6,89.17,3,8,7,-0.3999999999999915,6.16,109,135,109,130,290,306,276,"1.3","-1.3",,
19,644374,"Chang, Yu",2020,55,34.5,0,0,0,0,0,0.134,0.145,0,4,74.9,17,2242,90.3,90.75,2,11,8,0.5,6.45,115,146,115,142,291,314,291,"1.7","-1.7",,
58,621532,"Bemboom, Anthony",2020,223,26,0,0,0,0,0.175,0.273,0.121,0,8,69.8,14.5,2335,87.3,86.53,5,22,36,-0.7999999999999972,5.8,117,157,113,153,288,323,301,"2.1","-2.1",,
3,607625,"Lugo, Seth",2021,3,100,0,0,0,0,0,0.176,0.195,0,1,22.8,34,2503,91,91.7,0,2,1,0.7000000000000028,6.53,45,100,74,133,248,285,258,"0.3","-0.3",,
7,681962,"Capra, Vinny",2024,32,21.9,0,0,0,0,0,0.091,0.1,0,2,87,-5,2149,84.6,85.31,1,2,5,0.7000000000000028,6.51,114,154,116,148,305,314,281,"0.8","-0.8","63.454395","6.499025"
6,592419,"Hoying, Jared",2021,11,54.5,0,0,,0,0,0,,0,1,,,2153,88.3,88.35,2,3,3,0.10000000000000853,6.47,117,180,119,156,285,315,304,"0.5","-0.5",,
10,643348,"Hamilton, Caleb",2023,27,37,0,0,,0,0.348,0.348,,0,1,,,2489,90.9,91.07,1,2,8,0.19999999999998863,6.36,112,153,128,148,289,319,287,"0.4","-0.4",,
5,543135,"Eovaldi, Nathan",2021,17,29.4,0,0,0,0,0,0.069,0.077,0,1,70.3,-38,1839,90.7,90.68,0,2,3,0,6.24,121,152,122,152,292,304,265,"0.3","-0.3",,
28,671056,"Herrera, Iván",2022,98,28.6,0,0,0,0,0,0.056,0.062,0,5,76.1,7.5,2326,90.3,90.65,2,14,14,0.29999999999999716,6.59,113,149,118,147,294,315,286,"2.5","-2.5",,
8,593993,"Briceño, José",2020,21,38.1,0,0,0,0,0,0.386,0.36,0,2,97.7,16,2409,84.7,84.02,2,3,5,-0.7000000000000028,5.91,118,156,121,152,295,314,288,"1.4","-1.4",,
11,621311,"Dahl, David",2023,31,35.5,0,0,0,0,0,0.189,0.119,0,4,88.9,-4.7,2240,90.2,89.51,3,7,4,-0.7000000000000028,6,110,146,113,147,294,319,290,"1.8","-1.8",,
13,660731,"Tejeda, Anderson",2021,65,20,0,0,,0,0.231,0.231,,0,2,,,2058,87.9,87.82,2,4,9,-0.10000000000000853,6.3,116,137,97,142,295,326,302,"0.8","-0.8",,
5,685503,"Arihara, Kohei",2021,12,41.7,0,0,,0,0,0,,0,1,,,2422,90.2,89.52,3,5,0,-0.7000000000000028,5.98,120,155,123,154,287,293,260,"0.8","-0.8",,
9,621005,"Lopes, Tim",2021,46,19.6,0,0,,0,0,0,,0,2,,,2184,92.3,92.78,2,4,5,0.5,6.56,115,149,121,150,295,309,279,"0.9","-0.9",,
3,572070,"Richards, Garrett",2021,23,13,0,0,,0,0,0,,0,1,,,2501,86.6,86.77,2,2,1,0.20000000000000284,6.37,84,153,117,152,302,307,255,"0.5","-0.5",,
4,605347,"López, Jorge",2021,7,57.1,0,0,,0,0,0,,0,1,,,2219,88.2,89.25,2,2,2,1.0999999999999943,7.17,121,155,107,154,299,293,265,"0.5","-0.5",,
46,666915,"Dalbec, Bobby",2023,229,20.1,0,0,0,0,0.107,0.122,0.017,0,11,80.7,-11.7,2319,90.1,90.44,13,20,26,0.30000000000001137,6.57,108,150,119,145,296,326,292,"3.8","-3.8",,
6,642092,"Smith, Riley",2021,57,10.5,0,0,0,0,0,0.022,0.025,0,2,54.7,-14.5,2005,90.3,89.43,3,5,1,-0.8999999999999915,5.88,81,127,99,117,284,298,280,"0.3","-0.3",,
3,605164,"Bundy, Dylan",2021,23,13,0,0,,0,0,0,,0,1,,,2420,92,92.1,1,1,2,0.09999999999999432,6.33,118,152,108,153,262,282,286,"0.5","-0.5",,
6,664041,"Davis, Jaylin",2020,50,12,0,0,,0,0,0,,0,1,,,2168,83.6,84.08,3,3,3,0.5,6.17,114,151,109,146,302,324,297,"0.4","-0.4",,
19,456501,"Cueto, Johnny",2021,123,15.4,0,0,0,0,0,0.097,0.101,0,7,77.8,-24.2,2291,86.5,86.38,1,10,9,-0.09999999999999432,6.12,79,132,92,134,285,292,258,"2.6","-2.6",,
23,656605,"Keller, Mitch",2021,126,18.3,0,0,0,0,0,0.138,0.143,0,7,70.1,-49.5,2195,90.2,90.11,1,11,12,-0.10000000000000853,6.25,115,145,112,146,285,292,261,"2.8","-2.8",,
22,663765,"Woodford, Jake",2021,66,33.3,0,0,0,0,0,0.027,0.029,0,6,77.6,2,2362,92,91.6,8,12,10,-0.4000000000000057,5.98,114,143,105,143,278,293,259,"3.6","-3.6",,
22,691182,"Amador, Adael",2024,119,18.5,0,0,0,0,0,0.181,0.196,0,6,100.1,-4.5,2308,91.2,92.82,4,15,7,1.5999999999999943,6.89,106,143,99,149,290,322,304,"2.7","-2.7","62.603944615","6.574307692"
79,622072,"Wood, Alex",2021,187,42.2,0,0,0,0,0.043,0.073,0.034,0,15,65.8,-44.9,2275,91.8,91.83,12,29,50,0,6.23,96,137,97,141,275,292,257,"8.4","-8.4",,
12,665947,"Apostel, Sherten",2020,92,13,0,0,0,0,0,0.091,0.1,0,3,78.9,-39,2298,84.1,83.72,3,6,6,-0.3999999999999915,6.14,116,150,121,146,307,328,298,"1.5","-1.5",,
16,664068,"Kingery, Scott",2021,75,21.3,0,0,0,0,0,0.072,0.072,0,4,77,37,2179,89.9,90.06,5,11,5,0.19999999999998863,6.36,111,153,114,146,294,312,280,"1.7","-1.7",,
10,675921,"Howard, Spencer",2021,34,29.4,0,0,,0,0,0,,0,2,,,2296,89.4,89.19,2,3,7,-0.20000000000000284,6.06,86,134,95,136,287,292,266,"0.8","-0.8",,
18,657053,"Toussaint, Touki",2021,64,28.1,0,0,0,0,0,0.05,0.056,0,4,67.9,-6.7,2312,90.7,90.91,2,9,9,0.20000000000000284,6.41,107,146,108,147,286,299,269,"1.8","-1.8",,
4,656577,"Jackson, Alex",2020,26,15.4,0,0,0,0,0,0.061,0.057,0,1,67,-15,2006,82.4,83.05,0,1,3,0.5999999999999943,7.1,112,141,111,146,283,311,283,"0.7","-0.7",,
16,506703,"Sanchez, Adrián",2021,123,13,0,0,0,0,0,0.151,0.155,0,4,71.3,16.7,2002,89.3,89.74,2,9,7,0.4000000000000057,6.43,109,150,113,145,306,316,289,"2.3","-2.3",,
5,641929,"Odom, Joseph",2021,8,62.5,0,0,,0,0,0,,0,1,,,2336,91.1,91.84,2,2,3,0.7000000000000028,6.8,114,153,123,148,282,316,280,"0.5","-0.5",,
16,605504,"Thomas, Dillon",2022,47,34,0,0,0,0,0.282,0.316,0.063,0,3,51.5,-54,2120,88.9,89.23,3,6,10,0.29999999999999716,6.54,106,145,100,150,296,318,307,"0.3","-0.3",,
9,594835,"Gonzales, Marco",2021,17,52.9,0,0,,0,0,0,,0,1,,,2147,83.1,82.31,1,5,4,-0.7999999999999972,5.86,91,105,93,111,267,302,280,"0.7","-0.7",,
8,543432,"Lavarnway, Ryan",2021,109,7.3,0,0,0,0,0,0.06,0.062,0,3,82.2,-7,2219,95.1,95.01,2,4,4,-0.09999999999999432,6.13,115,154,122,144,296,313,282,"1.5","-1.5",,
26,669450,"Hummel, Cooper",2023,116,22.4,0,0,0,0,0.278,0.377,0.179,0,3,92.1,-3.5,2479,86,85.85,3,11,15,-0.20000000000000284,6.22,121,143,102,145,289,313,289,"0.9","-0.9",,
28,641771,"Kuhl, Chad",2021,86,32.6,0,0,0,0,0,0.041,0.044,0,8,78.8,-28.5,2264,91,91.34,6,14,14,0.29999999999999716,6.23,96,127,96,128,282,290,262,"4.1","-4.1",,
4,606424,"García, Jarlín",2021,7,57.1,0,0,,0,0,0,,0,1,,,2681,96.1,96.63,0,2,2,0.5,6.45,62,116,71,135,261,297,286,"0","0",,
64,643217,"Benintendi, Andrew",2020,229,27.9,0,0,0,0,0.28,0.303,0.04,0,9,68,-14,2113,89,89.6,7,25,39,0.5999999999999943,6.6,112,143,105,145,278,311,301,"2.3","-2.3",,
10,608360,"Okey, Chris",2022,47,21.3,0,0,0,0,0,0.075,0.073,0,3,89.7,12.5,2441,87.1,86.97,1,5,5,0,6.3,111,142,114,140,292,317,289,"1.2","-1.2",,
37,642020,"Robinson, Chuckie",2022,205,18,0,0,0,0,0,0.145,0.156,0,11,73.7,-14.6,2272,90.3,90.38,3,21,16,0.10000000000000853,6.34,101,141,117,139,293,317,285,"5","-5",,
8,679881,"Martínez, J.P.",2024,42,19,0,0,0,0,0,0.038,0.043,0,2,61.2,50,2100,90,91.07,3,6,2,1.0999999999999943,6.72,113,147,102,151,298,320,304,"0.6","-0.6","59.800363333","6.096378333"
4,593334,"Germán, Domingo",2021,9,44.4,0,0,,0,0,0,,0,1,,,2333,94.4,94.75,2,2,2,0.5,6.65,93,102,87,108,279,287,255,"0.7","-0.7",,
11,608384,"Williams, Nick",2021,46,23.9,0,0,0,0,0,0.111,0.119,0,4,78,16,2286,92.4,92.15,2,5,6,-0.30000000000001137,6.09,119,148,110,150,294,326,303,"0.6","-0.6",,
3,657746,"Ryan, Joe",2021,6,50,0,0,,0,0,0,,0,1,,,1825,87.3,86.73,1,2,1,-0.5999999999999943,5.83,87,107,79,109,270,280,253,"0.6","-0.6",,
12,642201,"White, Eli",2023,71,16.9,0,0,0,0,0.242,0.375,0.165,0,2,98.3,22,2416,92.2,91.97,2,6,6,-0.20000000000000284,6.22,110,149,113,147,309,318,280,"0.7","-0.7",,
33,656484,"Gray, Tristan",2024,123,26.8,0,0,0,0,0.086,0.158,0.088,0,7,102.7,29,2104,90.6,90.61,8,15,18,0,6.3,116,145,107,149,290,317,293,"2.7","-2.7","73.620950667","7.609539333"
6,621573,"Dean, Austin",2022,38,15.8,0,0,0,0,0,0.093,0.098,0,1,60.6,-37,2310,82.7,82.08,1,2,4,-0.6000000000000085,5.83,113,151,118,150,295,306,281,"0.5","-0.5",,
6,624522,"Thompson, Keegan",2021,27,22.2,0,0,0,0,0,0.046,0.051,0,2,86,-13,2543,87.7,87.87,2,6,0,0.20000000000000284,6.42,95,142,97,138,286,299,267,"0.9","-0.9",,
5,672335,"Pérez, Cionel",2021,11,45.5,0,0,0,0,0,0.057,0.063,0,1,82.6,-22,2287,89,90.6,1,2,3,1.5999999999999943,7.06,115,146,118,142,286,306,266,"0.8","-0.8",,
21,666152,"Hamilton, David",2023,160,13.1,0,0,0,0,0.348,0.482,0.291,0,2,100.9,5,2382,91.8,91.6,3,9,12,-0.20000000000000284,6.22,118,147,109,152,276,315,294,"0.6","-0.6",,
10,621446,"Brinson, Lewis",2022,168,6,0,0,,0,0,0,,0,2,,,2265,85.4,85.09,6,6,4,-0.30000000000001137,5.97,117,151,123,150,305,320,281,"0.9","-0.9",,
15,670276,"Stevenson, Cal",2023,59,25.4,0,0,0,0,0,0.045,0.047,0,4,89.9,-25,2272,88,88.29,3,8,7,0.29999999999999716,6.57,120,148,107,147,286,317,296,"0.5","-0.5",,
5,644337,"Orf, Nate",2020,20,25,0,0,0,0,0,0.078,0.086,0,2,74.4,36,2532,85.7,85.64,0,1,4,-0.10000000000000853,6.26,109,153,116,147,279,311,290,"1","-1",,
1,669288,"Johnson, Daniel",2024,1,100,0,0,0,0,0,0.182,0.2,0,1,100.3,-13,2266,87.5,86.8,0,1,0,-0.7000000000000028,6,89,146,90,151,285,324,299,"0.5","-0.5","72.87486","7.22095"
9,643256,"Cimber, Adam",2021,9,100,0,0,0,0,0,0.279,0.287,0,2,86.3,20,2535,92.9,92.56,2,5,4,-0.30000000000001137,6.13,114,135,98,141,274,279,249,"1.2","-1.2",,
4,547172,"Wolters, Tony",2022,15,26.7,0,0,,0,0,0,,0,1,,,2287,88.6,89.55,1,3,1,0.9000000000000057,6.57,120,140,105,148,290,323,299,"0.5","-0.5",,
3,666310,"Naylor, Bo",2022,37,8.1,0,0,0,0,0,0.327,0.311,0,2,94.3,31,2364,85.9,86.07,0,2,1,0.19999999999998863,6.4,125,176,99,153,269,316,291,"0.6","-0.6",,
16,502239,"Cahill, Trevor",2021,32,50,0,0,0,0,0,0.166,0.162,0,4,71.3,18,2477,89.5,89.74,5,9,7,0.20000000000000284,6.58,129,158,122,150,280,284,251,"2.4","-2.4",,
19,622666,"Camargo, Johan",2021,81,23.5,0,0,0,0,0,0.169,0.147,0,5,91.2,-0.2,2117,84.1,83.68,1,8,11,-0.3999999999999915,6.06,119,150,112,150,295,324,299,"2.5","-2.5",,
42,691723,"Mayo, Coby",2024,188,22.3,0,0,0,0,0,0.114,0.119,0,10,85,2,2178,91.3,91.85,11,23,19,0.5,6.66,111,148,120,143,297,324,294,"4.8","-4.8","75.011978182","6.733227273"
29,645305,"Sánchez, Ali",2020,41,70.7,0,0,0,0,0.116,0.142,0.024,0,5,88.2,15.8,2267,89.7,90.13,7,17,12,0.3999999999999915,6.68,104,147,115,147,296,308,275,"3.1","-3.1",,
15,607111,"Wilson, Jacob",2021,85,17.6,0,0,0,0,0.173,0.174,0.002,0,3,79.2,75.5,2277,87.4,87.15,1,3,12,-0.20000000000000284,6.1,102,149,115,143,301,332,290,"0.5","-0.5",,
5,663734,"Neidert, Nick",2021,48,10.4,0,0,0,0,0,0.07,0.079,0,2,50.6,-73,2649,85,84.48,2,3,2,-0.5,6.12,96,139,102,144,288,299,272,"0.9","-0.9",,
8,656568,"Hurst, Scott",2021,22,36.4,0,0,0,0,0,0.182,0.189,0,2,85.2,32,1809,74.2,73.26,0,5,3,-0.9000000000000057,5.55,127,152,129,153,291,314,304,"0.7","-0.7",,
4,518617,"Diekman, Jake",2021,4,100,0,0,,0,0,0,,0,1,,,2233,91.7,92.08,1,2,2,0.5,6.82,61,101,77,121,274,289,274,"0.5","-0.5",,
9,461865,"Romine, Andrew",2020,21,42.9,0,0,0,0,0,0.453,0.493,0,1,86.2,8,2308,92.9,92.33,1,7,2,-0.6000000000000085,5.93,128,152,108,154,267,310,295,"0.4","-0.4",,
9,622694,"Hernández, Elieser",2021,52,17.3,0,0,0,0,0,0.194,0.21,0,4,70.8,5.8,2299,87.4,87.73,2,8,1,0.29999999999999716,6.62,90,144,104,145,277,290,259,"1.7","-1.7",,
9,681911,"Vesia, Alex",2021,19,47.4,0,0,,0,0,0,,0,2,,,2165,93.7,93.67,1,3,6,0,6.24,122,149,101,143,261,302,285,"0.8","-0.8",,
10,668723,"Vilade, Ryan",2021,24,41.7,0,0,0,0,0,0.377,0.407,0,3,92.7,10.7,2294,88.5,88.81,2,6,4,0.29999999999999716,6.34,96,142,108,134,301,318,279,"1.2","-1.2",,
3,605119,"Anderson, Brian",2024,15,20,0,0,0,0,0,0.78,0.8,0,1,101.6,10,2128,90.8,91.87,0,2,1,1.1000000000000085,6.73,109,140,109,145,323,330,301,"0.4","-0.4","72.38666","7.296205"
90,488771,"Castro, Jason",2022,369,24.4,0,0,0,0,0.063,0.127,0.077,0,19,71.7,-0.1,2164,87.7,87.6,17,42,48,-0.10000000000000853,6.37,112,147,107,147,285,321,294,"8.8","-8.8",,
5,656686,"Martin, Corbin",2021,20,25,0,0,,0,0,0,,0,1,,,2000,89.1,89.5,1,2,3,0.4000000000000057,6.7,123,152,119,154,302,315,268,"0.3","-0.3",,
7,668752,"Ellis, Duke",2024,23,30.4,0,0,,0,0,0,,0,1,,,2691,91.9,92.79,0,2,5,0.8999999999999915,6.76,98,144,82,150,269,311,294,"0.3","-0.3","37.21141","4.02603"
7,664848,"Sands, Donny",2022,17,41.2,0,0,0,0,0,0.205,0.228,0,2,90.9,-12,1626,81,80.77,0,4,3,-0.20000000000000284,5.66,113,147,117,141,299,322,292,"1","-1",,
24,605353,"Machín, Vimael",2021,121,19.8,0,0,0,0,0.277,0.363,0.16,0,3,74.4,-14,2216,89,89.13,1,10,14,0.09999999999999432,6.3,114,146,102,145,288,314,299,"1.1","-1.1",,
30,675656,"Smith, Kevin",2021,123,24.4,0,0,0,0,0.069,0.131,0.044,0,9,86.5,56.6,2285,91.7,91.85,7,16,14,0.09999999999999432,6.44,109,147,116,146,298,323,288,"4.3","-4.3",,
32,608671,"Jankowski, Travis",2022,258,12.4,0,0,0,0,0.233,0.345,0.182,0,6,88.8,-3,2364,89.6,89.97,1,7,25,0.4000000000000057,6.45,99,134,93,130,280,307,295,"1.6","-1.6",,
1,621237,"Alvarado, José",2022,5,20,0,0,,0,0,0,,0,1,,,2478,90.7,92.9,0,0,1,2.200000000000003,7.7,125,144,105,142,279,280,270,"0.3","-0.3",,
16,571740,"Hamilton, Billy",2022,87,18.4,0,0,0,0,0.138,0.194,0.076,0,4,34.6,-31,2302,92.7,92.62,3,6,10,-0.10000000000000853,6.33,101,142,94,144,281,287,267,"1.4","-1.4",,
46,669369,"Johnson, Bryce",2023,176,26.1,0,0,0,0,0.054,0.144,0.101,0,11,83.6,18,2282,89.1,89.61,11,23,23,0.5,6.64,112,148,109,146,295,316,291,"4.6","-4.6",,
20,592761,"Smith, Caleb",2021,96,20.8,0,0,0,0,0,0.103,0.105,0,4,63.7,-42.7,2146,90.1,90.14,1,8,12,0,6.19,95,141,107,147,284,300,265,"1.5","-1.5",,
16,457918,"Happ, J.A.",2021,59,27.1,0,0,0,0,0,0.025,0.028,0,4,80.2,-16.5,2230,85.6,85.92,3,6,10,0.30000000000001137,6.4,113,137,99,132,274,294,285,"1.5","-1.5",,
5,666969,"García, Adolis",2020,33,15.2,0,0,,0,0,0,,0,1,,,2162,85.4,85.2,1,2,3,-0.20000000000000284,6.32,99,147,121,150,313,338,301,"0.4","-0.4",,
39,622608,"Senzatela, Antonio",2021,159,24.5,0,0,0,0,0,0.123,0.117,0,10,49.8,-6,2348,88.8,89.11,6,26,13,0.29999999999999716,6.28,94,133,97,138,292,302,272,"5.9","-5.9",,
39,621532,"Bemboom, Anthony",2022,244,16,0,0,0,0,0.138,0.395,0.27,0,8,74.2,-4,2356,88.8,88.72,3,13,26,-0.09999999999999432,6.25,118,152,103,148,290,317,290,"1.9","-1.9",,
15,543768,"Shaw, Travis",2022,81,18.5,0,0,0,0,0,0.001,0.001,0,4,83.6,47,2219,84.6,84.35,5,11,4,-0.29999999999999716,6.27,109,165,109,151,287,324,305,"1.6","-1.6",,
10,518902,"Kozma, Pete",2021,50,20,0,0,0,0,0,0.262,0.282,0,3,87.1,7,2288,90.2,89.66,1,4,6,-0.5,6.11,100,149,109,145,289,318,273,"-0.1","0.1",,
3,663776,"Sandoval, Patrick",2021,14,21.4,0,0,,0,0,0,,0,1,,,2150,87.3,87.43,1,3,0,0.10000000000000853,6.4,70,123,78,134,268,298,279,"0.5","-0.5",,
23,594988,"Schebler, Scott",2021,114,20.2,0,0,0,0,0,0.054,0.06,0,5,65.2,14,2372,90,89.54,6,12,11,-0.5,6.15,118,160,118,153,290,318,292,"2.3","-2.3",,
2,663460,"Bubic, Kris",2021,19,10.5,0,0,0,0,0,0.086,0.094,0,1,90.5,-21,2221,90.1,90.75,0,1,1,0.7000000000000028,6.55,88,154,107,152,279,302,291,"0.5","-0.5",,
14,607680,"Pillar, Kevin",2022,45,31.1,0,0,0,0,0,0.16,0.173,0,3,70.7,4,2316,90.3,90.45,3,7,7,0.20000000000000284,6.39,101,149,112,145,307,326,301,"1.8","-1.8",,
5,594965,"Ponce de Leon, Daniel",2021,20,25,0,0,,0,0,0,,0,1,,,2532,88,88.36,1,4,1,0.4000000000000057,6.24,121,151,122,154,274,283,263,"0.3","-0.3",,
5,643377,"Jax, Griffin",2021,13,38.5,0,0,0,0,0,0.022,0.023,0,1,82.7,56,1972,83.1,82.72,2,3,2,-0.3999999999999915,6.06,101,136,103,142,287,285,263,"0.6","-0.6",,
32,670370,"Young, Andrew",2020,145,22.1,0,0,0,0,0.104,0.155,0.058,0,6,67.7,-19.3,2287,88.6,89.05,6,13,19,0.5,6.42,110,151,115,145,295,316,290,"2.8","-2.8",,
4,666129,"Garrett, Braxton",2021,39,10.3,0,0,,0,0,0,,0,1,,,2240,92.1,92.63,0,3,1,0.5,6.75,59,125,81,132,273,315,289,"0.1","-0.1",,
13,605346,"López, Jack",2021,47,27.7,0,0,0,0,0,0.036,0.036,0,4,82.1,27,2381,92.6,93.14,8,12,1,0.5,6.72,106,143,109,141,292,308,283,"2.1","-2.1",,
9,664334,"Whitefield, Aaron",2022,48,18.8,0,0,0,0,0,0.242,0.186,0,3,97.5,-2.5,2215,86.7,85.67,1,5,4,-1,5.62,104,151,119,150,301,302,284,"1.1","-1.1",,
1,476594,"Stock, Robert",2021,16,6.3,0,0,0,0,0,0.108,0.103,0,1,78.6,-8,2213,87.4,87.2,0,1,0,-0.20000000000000284,5.9,133,150,110,149,266,309,285,"0.6","-0.6",,
1,668843,"Capel, Conner",2024,25,4,0,0,0,0,0,0.09,0.046,0,1,97.1,43,2406,92.7,94.1,0,1,0,1.3999999999999915,6.8,121,148,93,151,296,309,301,"0.3","-0.3","69.13473","7.37377"
17,592863,"Williams, Mason",2020,69,24.6,0,0,0,0,0,0.159,0.171,0,5,85.5,-23.3,2296,90.1,90.06,3,10,7,0,6.26,109,137,100,143,281,311,293,"3.2","-3.2",,
2,670768,"González, Luis",2020,5,40,,,,,0.728,0.728,,0,0,,,2437,97.9,98.75,0,0,2,0.8999999999999915,7,78,127,76,140,274,325,292,"-0.9","0.9",,
2,656288,"Canning, Griffin",2021,2,100,,,,,,,,0,0,,,2086,94.3,94.2,0,1,1,-0.09999999999999432,6.4,64,118,81,138,281,285,270,"0.1","-0.1",,
6,456034,"Price, David",2021,50,12,,,0,,0,0.33,,0,0,65.4,-6,2180,88.1,88.2,0,3,3,0.10000000000000853,6.25,79,116,83,133,274,302,286,"0.8","-0.8",,
4,663554,"Mize, Casey",2021,14,28.6,,,,,0.692,0.692,,0,0,,,2090,91.2,92.33,0,0,4,1.0999999999999943,6.8,94,134,97,141,276,279,262,"-1","1",,
1,656794,"Newcomb, Sean",2021,7,14.3,,,,,,,,0,0,15.8,-63,2068,91.2,90.8,0,1,0,-0.4000000000000057,6,81,116,81,130,274,307,281,"0.1","-0.1",,
6,670950,"Richards, Trevor",2021,6,100,,,,,0.692,0.692,,0,0,,,2136,94.6,94.93,0,0,6,0.30000000000001137,6.22,75,105,81,118,271,277,254,"-0.5","0.5",,
3,676900,"Dorow, Ryan",2021,24,12.5,,,,,0.692,0.692,,0,0,,,2122,84.6,85.13,0,1,2,0.5,6.83,111,153,126,149,283,298,265,"-0.2","0.2",,
5,664123,"Effross, Scott",2021,5,100,,,0,,0,0.02,,0,0,86.2,34,2131,90.5,91.58,0,2,3,1.0999999999999943,6.72,118,152,119,144,269,297,266,"0.3","-0.3",,
4,665759,"Rosso, Ramón",2021,4,100,,,,,,,,0,0,40,-77,1818,87.2,86.4,0,2,2,-0.7999999999999972,5.75,97,136,87,137,270,296,255,"0.1","-0.1",,
6,571760,"Heaney, Andrew",2021,16,37.5,,,,,0.692,0.692,,0,0,,,2219,85.8,85.7,0,1,5,-0.09999999999999432,6.17,89,139,81,151,253,301,294,"-0.3","0.3",,
2,543089,"Davis, Taylor",2021,22,9.1,,,,,,,,,,,,1921,84.6,84.4,0,0,2,-0.09999999999999432,6.3,114,150,117,146,301,310,275,"0","0",,
6,641829,"Martin, Jason",2020,51,11.8,,,,,0.699,0.699,,0,0,,,2600,78.7,78.63,1,1,5,-0.10000000000000853,6.35,119,149,117,156,298,321,293,"-0.3","0.3",,
1,621261,"Oswalt, Corey",2021,3,33.3,,,,,,,,0,0,19.2,22,2539,97.5,98.9,0,1,0,1.4000000000000057,7,67,115,81,132,289,296,273,"0.3","-0.3",,
1,675911,"Strider, Spencer",2021,4,25,,,,,,,,0,0,36.2,-30,2157,91.1,92.4,0,1,0,1.3000000000000114,6.7,67,129,81,132,292,282,266,"0.2","-0.2",,
3,664076,"Cleavinger, Garrett",2021,9,33.3,,,,,,,,0,0,32.2,-63,2281,93,92.43,0,1,2,-0.5999999999999943,6.33,51,111,77,129,267,293,255,"0.2","-0.2",,
5,572180,"Susac, Andrew",2020,14,35.7,,,,,0.699,0.699,,0,0,,,2049,89.6,90.64,0,0,5,1,6.86,93,116,99,111,293,304,282,"-0.3","0.3",,
5,681962,"Capra, Vinny",2022,29,17.2,,,,,0.689,0.689,,0,0,,,2285,93.4,94.44,0,0,5,1,7.16,115,154,116,150,286,324,282,"-0.4","0.4",,
7,666128,"Feliciano, Mario",2021,7,100,,,,,0.692,0.692,,0,0,,,2303,90.7,91.06,1,3,4,0.3999999999999915,6.53,100,143,99,145,302,324,284,"-0.9","0.9",,
4,503449,"Peralta, Wily",2021,6,66.7,,,,,0.692,0.692,,0,0,,,2127,89.7,89.98,0,0,4,0.29999999999999716,6.27,91,109,87,102,292,286,259,"-0.4","0.4",,
4,657247,"O'Keefe, Brian",2022,13,30.8,,,,,0.689,0.689,,0,0,,,2052,89.6,89.6,0,0,4,0.09999999999999432,6.33,99,116,96,114,287,317,289,"-0.3","0.3",,
1,592716,"Sampson, Adrian",2021,42,2.4,,,,,,,,0,0,25.5,11,2196,87.5,87.9,0,1,0,0.4000000000000057,6.5,57,121,69,117,285,299,266,"0.3","-0.3",,
6,678894,"Peguero, Liover",2022,16,37.5,,,,,0.689,0.689,,0,0,,,2417,88,88.87,2,2,4,0.9000000000000057,6.6,112,150,119,152,297,314,278,"-0.3","0.3",,
5,656887,"Reid-Foley, Sean",2021,10,50,,,,,0.692,0.692,,0,0,,,2057,91.3,91.68,0,0,5,0.4000000000000057,6.66,65,112,79,135,259,274,261,"-0.7","0.7",,
3,600858,"Arteaga, Humberto",2021,10,30,,,0,,0,0.008,,0,0,84.5,37,2422,88.3,87.8,0,1,2,-0.5,5.67,93,120,98,117,306,302,276,"0.3","-0.3",,
5,670869,"Soto, Livan",2024,66,7.6,,,,,0.689,0.689,,0,0,,,2442,94.2,93.68,0,0,5,-0.5,6.02,111,148,91,126,287,326,306,"-0.2","0.2",,