player_name,year,ba,iso,babip,slg,woba,xwoba,xba,hits,abs,launch_speed,launch_angle,run_exp,bat_speed,swing_length,Height(inches),Weight(pounds),Batter Age (6/30),whiff%,swing%,take%,pitch/abs
"Clement, Ernie",2023,0.667,0.133,0.667,0.8,0.594,0.386,0.43,10.0,15.0,81.3,12.1,7.3,68.37683044237907,7.1215685,74.0,201.1290322580645,27.0,0.1388888888888889,0.75,0.25,3.2
"Toro, Abraham",2023,0.667,0.5,0.6,1.167,0.775,0.695,0.617,4.0,6.0,89.2,13.5,4.6,68.37683044237907,7.1215685,74.0,201.1290322580645,27.0,0.4,0.5263157894736842,0.47368421052631576,3.1666666666666665
"Arraez, Luis",2020,0.579,0.263,0.579,0.842,0.586,0.49,0.393,11.0,19.0,91.3,20.5,8.8,68.37683044237907,7.1215685,74.0,201.1290322580645,23.0,0.11764705882352941,0.40963855421686746,0.5903614457831325,4.368421052631579
"Evans, Phillip",2020,0.556,0.444,0.571,1.0,0.663,0.442,0.32,5.0,9.0,86.6,8.5,5.7,68.37683044237907,7.1215685,74.0,201.1290322580645,27.0,0.3684210526315789,0.4634146341463415,0.5365853658536586,4.555555555555555
"Salazar, César",2024,0.5,0.1,0.455,0.6,0.442,0.387,0.404,5.0,10.0,82.7,14.7,2.0,62.289432667,6.945704333,74.0,201.1290322580645,28.0,0.23333333333333334,0.625,0.375,4.8
"Greiner, Grayson",2021,0.5,0.25,0.7,0.75,0.558,0.399,0.274,8.0,16.0,81.9,4.3,4.0,68.37683044237907,7.1215685,74.0,201.1290322580645,28.0,0.27586206896551724,0.3972602739726027,0.6027397260273972,4.5625
"Brennan, Will",2022,0.5,0.3,0.5,0.8,0.572,0.521,0.433,5.0,10.0,94.0,10.2,4.1,68.37683044237907,7.1215685,74.0,201.1290322580645,27.0,0.24,0.6944444444444444,0.3055555555555556,3.6
"Stevenson, Andrew",2020,0.5,0.333,0.667,0.833,0.592,0.406,0.305,6.0,12.0,88.1,13.6,7.1,68.37683044237907,7.1215685,74.0,201.1290322580645,26.0,0.17857142857142858,0.3684210526315789,0.631578947368421,6.333333333333333
"Davis, Jonathan",2020,0.5,0.167,0.5,0.667,0.429,0.337,0.259,3.0,6.0,97.1,14.7,1.4,68.37683044237907,7.1215685,74.0,201.1290322580645,28.0,0.1875,0.5714285714285714,0.42857142857142855,4.666666666666667
"Urías, Ramón",2020,0.5,0.167,0.5,0.667,0.55,0.393,0.289,3.0,6.0,89.4,0.7,1.7,68.37683044237907,7.1215685,74.0,201.1290322580645,26.0,0.0,0.3333333333333333,0.6666666666666666,5.0
"Stevenson, Cal",2024,0.5,0.25,0.571,0.75,0.534,0.324,0.3,4.0,8.0,80.5,7.9,1.8,57.254121667,6.371783333,74.0,201.1290322580645,27.0,0.25,0.42857142857142855,0.5714285714285714,3.5
"Aquino, Aristides",2020,0.5,0.4,0.444,0.9,0.61,0.576,0.464,5.0,10.0,79.7,7.4,3.9,68.37683044237907,7.1215685,74.0,201.1290322580645,27.0,0.2631578947368421,0.475,0.525,4.0
"Villar, David",2024,0.5,0.333,0.75,0.833,0.51,0.648,0.371,3.0,6.0,103.8,19.0,1.2,65.126856667,7.599476667,74.0,201.1290322580645,27.0,0.3125,0.5161290322580645,0.4838709677419355,5.166666666666667
"Bonifacio, Jorge",2020,0.478,0.304,0.692,0.783,0.532,0.432,0.349,11.0,23.0,90.6,6.5,8.6,68.37683044237907,7.1215685,74.0,201.1290322580645,27.0,0.41935483870967744,0.5636363636363636,0.43636363636363634,4.782608695652174
"Grissom, Vaughn",2023,0.471,0.176,0.571,0.647,0.463,0.356,0.331,8.0,17.0,93.9,9.4,4.5,68.37683044237907,7.1215685,74.0,201.1290322580645,22.0,0.2222222222222222,0.54,0.46,2.9411764705882355
"Nola, Austin",2021,0.467,0.2,0.435,0.667,0.497,0.375,0.329,21.0,45.0,89.4,16.3,14.5,68.37683044237907,7.1215685,74.0,201.1290322580645,31.0,0.058823529411764705,0.4913294797687861,0.5086705202312138,3.8444444444444446
"Fairchild, Stuart",2024,0.465,0.186,0.594,0.651,0.5,0.39,0.324,20.0,43.0,84.4,16.4,11.4,65.753400933,7.069699467,74.0,201.1290322580645,28.0,0.3333333333333333,0.49206349206349204,0.5079365079365079,4.395348837209302
"Pozo, Yohel",2021,0.462,0.385,0.455,0.846,0.558,0.362,0.266,6.0,13.0,91.1,18.2,4.6,68.37683044237907,7.1215685,74.0,201.1290322580645,24.0,0.20833333333333334,0.5853658536585366,0.4146341463414634,3.1538461538461537
"Davidson, Matt",2020,0.455,0.818,0.4,1.273,0.7,0.551,0.327,5.0,11.0,98.5,24.4,6.5,68.37683044237907,7.1215685,74.0,201.1290322580645,27.0,0.25925925925925924,0.48214285714285715,0.5178571428571429,5.090909090909091
"Marisnick, Jake",2020,0.455,0.182,0.625,0.636,0.466,0.305,0.282,5.0,11.0,89.9,14.5,2.7,68.37683044237907,7.1215685,74.0,201.1290322580645,29.0,0.42857142857142855,0.6176470588235294,0.38235294117647056,3.090909090909091
"Loftin, Nick",2023,0.455,0.091,0.455,0.545,0.459,0.416,0.269,5.0,11.0,83.6,-1.0,3.4,68.37683044237907,7.1215685,74.0,201.1290322580645,24.0,0.15384615384615385,0.5,0.5,4.7272727272727275
"Adams, Matt",2020,0.455,0.455,0.5,0.909,0.577,0.347,0.234,5.0,11.0,84.4,23.0,3.9,68.37683044237907,7.1215685,74.0,201.1290322580645,27.0,0.2916666666666667,0.5853658536585366,0.4146341463414634,3.727272727272727
"Bohm, Alec",2020,0.452,0.071,0.475,0.524,0.45,0.397,0.347,19.0,42.0,91.5,6.3,9.7,68.37683044237907,7.1215685,74.0,201.1290322580645,23.0,0.14772727272727273,0.4782608695652174,0.5217391304347826,4.380952380952381
"Caminero, Junior",2023,0.444,0.0,0.571,0.444,0.423,0.299,0.271,4.0,9.0,85.6,-19.1,1.9,68.37683044237907,7.1215685,74.0,201.1290322580645,19.0,0.21052631578947367,0.5135135135135135,0.4864864864864865,4.111111111111111
"Adell, Jo",2023,0.444,0.111,0.571,0.556,0.432,0.203,0.219,4.0,9.0,78.9,-10.6,1.0,68.37683044237907,7.1215685,74.0,201.1290322580645,27.0,0.26666666666666666,0.5357142857142857,0.4642857142857143,3.111111111111111
"France, Ty",2020,0.442,0.116,0.528,0.558,0.455,0.398,0.37,19.0,43.0,81.8,16.6,10.1,68.37683044237907,7.1215685,74.0,201.1290322580645,25.0,0.2,0.47752808988764045,0.5224719101123596,4.1395348837209305
"Remillard, Zach",2023,0.441,0.088,0.652,0.529,0.444,0.271,0.249,15.0,34.0,75.1,0.0,8.3,68.37683044237907,7.1215685,74.0,201.1290322580645,29.0,0.30158730158730157,0.504,0.496,3.676470588235294
"Jones, Nolan",2023,0.44,0.373,0.474,0.813,0.555,0.465,0.32,33.0,75.0,89.1,10.2,26.7,68.37683044237907,7.1215685,74.0,201.1290322580645,25.0,0.2471264367816092,0.43828715365239296,0.5617128463476071,5.293333333333333
"Betts, Mookie",2020,0.439,0.366,0.424,0.805,0.524,0.403,0.325,18.0,41.0,91.8,21.3,12.5,68.37683044237907,7.1215685,74.0,201.1290322580645,27.0,0.14285714285714285,0.5133333333333333,0.4866666666666667,3.658536585365854
"Fletcher, David",2023,0.435,0.174,0.45,0.609,0.448,0.301,0.322,10.0,23.0,83.6,6.6,2.5,68.37683044237907,7.1215685,74.0,201.1290322580645,29.0,0.1951219512195122,0.640625,0.359375,2.782608695652174
"Arraez, Luis",2023,0.434,0.132,0.442,0.566,0.436,0.372,0.357,46.0,106.0,87.8,13.2,19.9,68.37683044237907,7.1215685,74.0,201.1290322580645,26.0,0.075,0.5361930294906166,0.46380697050938335,3.518867924528302
"Whitcomb, Shay",2024,0.429,0.143,0.429,0.571,0.488,0.502,0.447,3.0,7.0,83.9,16.3,2.8,71.774881429,7.529028571,74.0,201.1290322580645,25.0,0.0,0.39473684210526316,0.6052631578947368,5.428571428571429
"O'Hoppe, Logan",2022,0.429,0.0,0.5,0.429,0.448,0.342,0.238,3.0,7.0,90.7,34.3,1.5,68.37683044237907,7.1215685,74.0,201.1290322580645,22.0,0.35714285714285715,0.4375,0.5625,4.571428571428571
"Heineman, Tyler",2023,0.429,0.286,0.75,0.714,0.545,0.377,0.251,3.0,7.0,76.6,-9.5,1.8,68.37683044237907,7.1215685,74.0,201.1290322580645,32.0,0.2,0.4838709677419355,0.5161290322580645,4.428571428571429
"Burger, Jake",2021,0.429,0.429,0.75,0.857,0.532,0.311,0.234,3.0,7.0,98.8,26.8,0.9,68.37683044237907,7.1215685,74.0,201.1290322580645,27.0,0.3333333333333333,0.6521739130434783,0.34782608695652173,3.2857142857142856
"Bichette, Bo",2020,0.429,0.321,0.476,0.75,0.508,0.476,0.375,12.0,28.0,88.1,7.3,7.0,68.37683044237907,7.1215685,74.0,201.1290322580645,22.0,0.2698412698412698,0.6116504854368932,0.3883495145631068,3.6785714285714284
"Bae, Ji Hwan",2022,0.429,0.143,0.5,0.571,0.465,0.304,0.267,3.0,7.0,64.2,-16.2,2.1,68.37683044237907,7.1215685,74.0,201.1290322580645,27.0,0.26666666666666666,0.5357142857142857,0.4642857142857143,4.0
"Rooker, Brent",2020,0.429,0.143,0.75,0.571,0.429,0.332,0.31,3.0,7.0,94.9,12.8,1.7,68.37683044237907,7.1215685,74.0,201.1290322580645,27.0,0.25,0.5925925925925926,0.4074074074074074,3.857142857142857
"Plawecki, Kevin",2020,0.429,0.214,0.5,0.643,0.478,0.318,0.271,12.0,28.0,87.4,11.7,6.9,68.37683044237907,7.1215685,74.0,201.1290322580645,29.0,0.1568627450980392,0.4180327868852459,0.5819672131147541,4.357142857142857
"Araúz, Jonathan",2020,0.429,0.095,0.529,0.524,0.437,0.415,0.416,9.0,21.0,85.7,10.6,3.9,68.37683044237907,7.1215685,74.0,201.1290322580645,21.0,0.2,0.449438202247191,0.550561797752809,4.238095238095238
"Mercado, Óscar",2023,0.429,0.143,0.6,0.571,0.43,0.265,0.278,3.0,7.0,78.7,26.6,2.5,68.37683044237907,7.1215685,74.0,201.1290322580645,27.0,0.3,0.5405405405405406,0.4594594594594595,5.285714285714286
"Cruz, Oneil",2023,0.429,0.0,0.5,0.429,0.404,0.228,0.128,3.0,7.0,82.5,-8.2,3.0,68.37683044237907,7.1215685,74.0,201.1290322580645,27.0,0.375,0.3902439024390244,0.6097560975609756,5.857142857142857
"Trout, Mike",2021,0.423,0.462,0.533,0.885,0.567,0.46,0.312,11.0,26.0,91.1,5.8,6.4,68.37683044237907,7.1215685,74.0,201.1290322580645,29.0,0.2,0.38461538461538464,0.6153846153846154,4.5
"Freeman, Freddie",2020,0.423,0.462,0.421,0.885,0.573,0.584,0.425,22.0,52.0,95.4,16.9,17.6,68.37683044237907,7.1215685,74.0,201.1290322580645,30.0,0.1640625,0.49230769230769234,0.5076923076923077,5.0
"Mathias, Mark",2022,0.421,0.474,0.4,0.895,0.556,0.443,0.354,8.0,19.0,87.6,10.8,7.0,68.37683044237907,7.1215685,74.0,201.1290322580645,27.0,0.23809523809523808,0.40384615384615385,0.5961538461538461,5.473684210526316
"Soto, Juan",2020,0.421,0.368,0.464,0.789,0.519,0.408,0.298,16.0,38.0,87.4,4.4,7.2,68.37683044237907,7.1215685,74.0,201.1290322580645,21.0,0.2711864406779661,0.36645962732919257,0.6335403726708074,4.2368421052631575
"Iglesias, Jose",2020,0.421,0.184,0.469,0.605,0.433,0.413,0.374,16.0,38.0,83.7,4.5,6.6,68.37683044237907,7.1215685,74.0,201.1290322580645,30.0,0.13793103448275862,0.5878378378378378,0.41216216216216217,3.8947368421052633
"Heim, Jonah",2020,0.417,0.0,0.417,0.417,0.393,0.453,0.39,5.0,12.0,86.7,1.8,0.7,68.37683044237907,7.1215685,74.0,201.1290322580645,27.0,0.13636363636363635,0.5,0.5,3.6666666666666665
"Reks, Zach",2022,0.417,0.083,0.5,0.5,0.4,0.295,0.295,5.0,12.0,87.0,27.3,1.9,68.37683044237907,7.1215685,74.0,201.1290322580645,28.0,0.17391304347826086,0.5476190476190477,0.4523809523809524,3.5
"Palacios, Richie",2023,0.412,0.176,0.438,0.588,0.434,0.271,0.238,7.0,17.0,85.2,2.5,4.0,68.37683044237907,7.1215685,74.0,201.1290322580645,26.0,0.13636363636363635,0.4230769230769231,0.5769230769230769,6.117647058823529
"Stephenson, Tyler",2022,0.412,0.275,0.487,0.686,0.48,0.362,0.282,21.0,51.0,88.3,7.2,12.5,68.37683044237907,7.1215685,74.0,201.1290322580645,25.0,0.28,0.4424778761061947,0.5575221238938053,4.431372549019608
"Knapp, Andrew",2020,0.409,0.364,0.533,0.773,0.495,0.458,0.359,9.0,22.0,88.6,9.1,4.6,68.37683044237907,7.1215685,74.0,201.1290322580645,28.0,0.4,0.5056179775280899,0.4943820224719101,4.045454545454546
"McCarthy, Jake",2022,0.403,0.13,0.484,0.532,0.427,0.35,0.306,31.0,77.0,85.9,9.9,13.4,68.37683044237907,7.1215685,74.0,201.1290322580645,24.0,0.28169014084507044,0.5503875968992248,0.4496124031007752,3.3506493506493507
"Bart, Joey",2021,0.4,0.0,0.667,0.4,0.352,0.236,0.254,2.0,5.0,91.9,28.3,0.3,68.37683044237907,7.1215685,74.0,201.1290322580645,24.0,0.375,0.4444444444444444,0.5555555555555556,3.6
"Alfaro, Jorge",2020,0.4,0.2,0.529,0.6,0.447,0.352,0.283,10.0,25.0,92.8,1.6,4.1,68.37683044237907,7.1215685,74.0,201.1290322580645,27.0,0.3333333333333333,0.5795454545454546,0.42045454545454547,3.52
"Baker, Luken",2024,0.4,0.6,0.364,1.0,0.546,0.361,0.209,6.0,15.0,91.5,18.8,2.6,72.035169143,7.663591429,74.0,201.1290322580645,27.0,0.3142857142857143,0.4605263157894737,0.5394736842105263,5.066666666666666
"Joe, Connor",2021,0.4,0.225,0.4,0.625,0.455,0.421,0.318,16.0,40.0,89.3,16.0,10.4,68.37683044237907,7.1215685,74.0,201.1290322580645,28.0,0.1506849315068493,0.4147727272727273,0.5852272727272727,4.4
"Castro, Willi",2020,0.4,0.2,0.467,0.6,0.411,0.327,0.304,16.0,40.0,83.5,6.7,4.9,68.37683044237907,7.1215685,74.0,201.1290322580645,23.0,0.2736842105263158,0.6291390728476821,0.3708609271523179,3.775
"Kennedy, Buddy",2022,0.4,0.4,0.455,0.8,0.503,0.428,0.306,6.0,15.0,88.3,11.4,6.4,68.37683044237907,7.1215685,74.0,201.1290322580645,23.0,0.2702702702702703,0.39361702127659576,0.6063829787234043,6.266666666666667
"Bruján, Vidal",2021,0.4,0.0,0.5,0.4,0.352,0.326,0.344,2.0,5.0,81.5,-14.3,-0.2,68.37683044237907,7.1215685,74.0,201.1290322580645,27.0,0.23076923076923078,0.6842105263157895,0.3157894736842105,3.8
"Ahmed, Nick",2022,0.4,0.0,0.571,0.4,0.384,0.321,0.311,4.0,10.0,87.1,1.4,1.3,68.37683044237907,7.1215685,74.0,201.1290322580645,27.0,0.3181818181818182,0.5641025641025641,0.4358974358974359,3.9
"Call, Alex",2024,0.4,0.2,0.474,0.6,0.487,0.345,0.25,10.0,25.0,89.4,10.5,4.9,62.930502909,6.513846182,74.0,201.1290322580645,29.0,0.23214285714285715,0.417910447761194,0.582089552238806,5.36
"Adams, Jordyn",2024,0.4,0.0,0.444,0.4,0.383,0.38,0.346,4.0,10.0,90.6,8.8,0.7,69.549765217,7.686353478,74.0,201.1290322580645,27.0,0.21739130434782608,0.48936170212765956,0.5106382978723404,4.7
"Acuña, Luisangel",2024,0.4,0.0,0.4,0.4,0.353,0.42,0.446,2.0,5.0,102.5,-9.6,0.1,72.96463625,7.0611275,74.0,201.1290322580645,22.0,0.25,0.5714285714285714,0.42857142857142855,2.8
"Tatis Jr., Fernando",2020,0.4,0.375,0.5,0.775,0.516,0.448,0.331,16.0,40.0,97.8,5.2,13.0,68.37683044237907,7.1215685,74.0,201.1290322580645,21.0,0.2872340425531915,0.47474747474747475,0.5252525252525253,4.95
"Marte, Noelvi",2023,0.4,0.067,0.462,0.467,0.387,0.274,0.277,12.0,30.0,90.5,-8.0,3.4,68.37683044237907,7.1215685,74.0,201.1290322580645,21.0,0.26666666666666666,0.5084745762711864,0.4915254237288136,3.933333333333333
"Quiroz, Esteban",2022,0.4,0.0,0.571,0.4,0.384,0.229,0.191,4.0,10.0,58.8,-3.0,0.7,68.37683044237907,7.1215685,74.0,201.1290322580645,30.0,0.2727272727272727,0.5238095238095238,0.47619047619047616,4.2
"Tromp, Chadwick",2021,0.4,0.0,0.4,0.4,0.352,0.323,0.329,2.0,5.0,89.4,34.2,0.5,68.37683044237907,7.1215685,74.0,201.1290322580645,27.0,0.0,0.5,0.5,2.8
"Kirk, Alejandro",2020,0.4,0.2,0.4,0.6,0.424,0.205,0.217,2.0,5.0,97.6,10.8,1.2,68.37683044237907,7.1215685,74.0,201.1290322580645,21.0,0.14285714285714285,0.5,0.5,2.8
"Lee, Korey",2022,0.4,0.2,0.667,0.6,0.429,0.14,0.155,2.0,5.0,81.3,26.3,1.0,68.37683044237907,7.1215685,74.0,201.1290322580645,27.0,0.36363636363636365,0.6111111111111112,0.3888888888888889,3.6
"Tapia, Raimel",2020,0.4,0.04,0.435,0.44,0.375,0.284,0.213,10.0,25.0,85.2,11.9,0.5,68.37683044237907,7.1215685,74.0,201.1290322580645,26.0,0.21875,0.5981308411214953,0.40186915887850466,4.28
"Haseley, Adam",2020,0.4,0.05,0.444,0.45,0.384,0.317,0.303,8.0,20.0,81.0,0.6,2.9,68.37683044237907,7.1215685,74.0,201.1290322580645,24.0,0.125,0.40404040404040403,0.5959595959595959,4.95
"Arroyo, Christian",2020,0.4,0.6,0.286,1.0,0.584,0.432,0.279,4.0,10.0,90.1,8.2,2.7,68.37683044237907,7.1215685,74.0,201.1290322580645,25.0,0.2727272727272727,0.5641025641025641,0.4358974358974359,3.9
"Cordero, Franchy",2020,0.4,0.4,0.375,0.8,0.516,0.478,0.352,4.0,10.0,94.4,1.1,2.4,68.37683044237907,7.1215685,74.0,201.1290322580645,25.0,0.125,0.5333333333333333,0.4666666666666667,4.5
"Canario, Alexander",2023,0.4,1.0,0.333,1.4,0.715,0.281,0.186,2.0,5.0,82.8,34.3,2.5,68.37683044237907,7.1215685,74.0,201.1290322580645,27.0,0.4166666666666667,0.6666666666666666,0.3333333333333333,3.6
"Fletcher, David",2020,0.4,0.089,0.419,0.489,0.375,0.33,0.35,18.0,45.0,83.1,7.6,7.2,68.37683044237907,7.1215685,74.0,201.1290322580645,26.0,0.07692307692307693,0.5234899328859061,0.47651006711409394,3.311111111111111
"Soto, Juan",2021,0.396,0.292,0.356,0.689,0.49,0.491,0.354,42.0,106.0,93.3,3.5,27.1,68.37683044237907,7.1215685,74.0,201.1290322580645,22.0,0.18181818181818182,0.3816326530612245,0.6183673469387755,4.622641509433962
"Anderson, Brian",2020,0.395,0.419,0.4,0.814,0.518,0.38,0.255,17.0,43.0,88.8,11.1,14.3,68.37683044237907,7.1215685,74.0,201.1290322580645,27.0,0.31521739130434784,0.4791666666666667,0.5208333333333334,4.465116279069767
"Ibáñez, Andy",2024,0.395,0.233,0.455,0.628,0.43,0.344,0.302,17.0,43.0,88.6,16.6,8.0,68.274084894,7.134748723,74.0,201.1290322580645,31.0,0.26262626262626265,0.5561797752808989,0.4438202247191011,4.1395348837209305
"Rojas, Miguel",2020,0.393,0.321,0.429,0.714,0.486,0.31,0.258,11.0,28.0,86.6,8.0,8.4,68.37683044237907,7.1215685,74.0,201.1290322580645,31.0,0.23404255319148937,0.4519230769230769,0.5480769230769231,3.7142857142857144
"Freeman, Freddie",2022,0.391,0.185,0.409,0.576,0.443,0.451,0.35,59.0,151.0,92.3,14.3,33.4,68.37683044237907,7.1215685,74.0,201.1290322580645,32.0,0.19533527696793002,0.4777158774373259,0.5222841225626741,4.754966887417218
"Myers, Dane",2024,0.391,0.261,0.444,0.652,0.439,0.385,0.314,9.0,23.0,90.8,10.4,5.1,67.565578936,6.863665745,74.0,201.1290322580645,28.0,0.2553191489361702,0.4563106796116505,0.5436893203883495,4.478260869565218
"Cabrera, Miguel",2020,0.39,0.244,0.406,0.634,0.453,0.49,0.377,16.0,41.0,93.0,8.9,8.2,68.37683044237907,7.1215685,74.0,210.0,37.0,0.32978723404255317,0.49214659685863876,0.5078534031413613,4.658536585365853
"Mathias, Mark",2023,0.389,0.056,0.538,0.444,0.424,0.409,0.363,7.0,18.0,83.1,12.1,3.3,68.37683044237907,7.1215685,74.0,201.1290322580645,28.0,0.3783783783783784,0.37755102040816324,0.6224489795918368,5.444444444444445
"Wong, Kolten",2020,0.389,0.083,0.438,0.472,0.41,0.299,0.24,14.0,36.0,82.1,6.7,4.2,68.37683044237907,7.1215685,74.0,201.1290322580645,29.0,0.1590909090909091,0.4888888888888889,0.5111111111111111,5.0
"Guillorme, Luis",2020,0.389,0.056,0.5,0.444,0.406,0.304,0.228,7.0,18.0,89.4,8.2,2.0,68.37683044237907,7.1215685,74.0,201.1290322580645,25.0,0.2682926829268293,0.3942307692307692,0.6057692307692307,5.777777777777778
"Witt Jr., Bobby",2024,0.388,0.326,0.387,0.713,0.467,0.465,0.342,50.0,129.0,91.6,15.2,29.4,72.331275819,6.928349652,74.0,201.1290322580645,24.0,0.1853035143769968,0.5287162162162162,0.47128378378378377,4.589147286821706
"Pederson, Joc",2022,0.388,0.282,0.429,0.671,0.455,0.458,0.351,33.0,85.0,95.5,14.9,21.4,68.37683044237907,7.1215685,74.0,201.1290322580645,30.0,0.22346368715083798,0.5249266862170088,0.4750733137829912,4.011764705882353
"Ramírez, Harold",2021,0.387,0.08,0.414,0.467,0.38,0.356,0.335,29.0,75.0,92.4,7.1,10.0,68.37683044237907,7.1215685,74.0,201.1290322580645,26.0,0.2265193370165746,0.5973597359735974,0.40264026402640263,4.04
"O'Hearn, Ryan",2020,0.387,0.065,0.522,0.452,0.4,0.367,0.305,12.0,31.0,89.1,2.3,4.0,68.37683044237907,7.1215685,74.0,201.1290322580645,26.0,0.2413793103448276,0.3815789473684211,0.618421052631579,4.903225806451613
"Hoerner, Nico",2021,0.387,0.097,0.414,0.484,0.409,0.325,0.286,12.0,31.0,82.0,13.8,7.0,68.37683044237907,7.1215685,74.0,201.1290322580645,24.0,0.189873417721519,0.5302013422818792,0.4697986577181208,4.806451612903226
"Hernández, César",2020,0.386,0.114,0.515,0.5,0.402,0.306,0.28,17.0,44.0,81.8,-1.5,5.5,68.37683044237907,7.1215685,74.0,201.1290322580645,30.0,0.2,0.472636815920398,0.527363184079602,4.568181818181818
"Osuna, José",2020,0.385,0.077,0.455,0.462,0.411,0.338,0.299,5.0,13.0,85.8,-0.8,2.1,68.37683044237907,7.1215685,74.0,201.1290322580645,27.0,0.375,0.6037735849056604,0.39622641509433965,4.076923076923077
"deGrom, Jacob",2021,0.385,0.077,0.417,0.462,0.366,0.357,0.366,5.0,13.0,85.8,8.5,1.8,68.37683044237907,7.1215685,74.0,201.1290322580645,33.0,0.13043478260869565,0.6571428571428571,0.34285714285714286,2.6923076923076925
"Seager, Corey",2023,0.385,0.375,0.408,0.76,0.473,0.443,0.355,37.0,96.0,93.1,11.7,19.5,68.37683044237907,7.1215685,74.0,201.1290322580645,29.0,0.2871287128712871,0.5504087193460491,0.44959128065395093,3.8229166666666665
"Sierra, Magneuris",2020,0.385,0.231,0.556,0.615,0.389,0.235,0.213,5.0,13.0,72.7,-7.3,2.9,68.37683044237907,7.1215685,74.0,201.1290322580645,24.0,0.23333333333333334,0.6122448979591837,0.3877551020408163,3.769230769230769
"Beaty, Matt",2020,0.385,0.077,0.5,0.462,0.415,0.372,0.326,5.0,13.0,90.1,6.6,1.5,68.37683044237907,7.1215685,74.0,201.1290322580645,27.0,0.14814814814814814,0.574468085106383,0.425531914893617,3.6153846153846154
"Del Castillo, Adrian",2024,0.385,0.385,0.467,0.769,0.509,0.334,0.201,10.0,26.0,90.8,22.7,8.0,70.974761111,7.116515926,74.0,201.1290322580645,24.0,0.2777777777777778,0.5,0.5,4.153846153846154
"Haggerty, Sam",2020,0.385,0.308,0.667,0.692,0.469,0.297,0.236,5.0,13.0,98.0,6.3,0.6,68.37683044237907,7.1215685,74.0,201.1290322580645,26.0,0.4166666666666667,0.5714285714285714,0.42857142857142855,4.846153846153846
"Trammell, Taylor",2023,0.385,0.462,0.375,0.846,0.546,0.602,0.4,5.0,13.0,93.0,19.6,5.3,68.37683044237907,7.1215685,74.0,201.1290322580645,25.0,0.37037037037037035,0.45,0.55,4.615384615384615
"Lewis, Royce",2023,0.385,0.4,0.386,0.785,0.512,0.401,0.303,25.0,65.0,89.1,15.1,19.3,68.37683044237907,7.1215685,74.0,201.1290322580645,24.0,0.20930232558139536,0.45104895104895104,0.548951048951049,4.4
"Betts, Mookie",2023,0.383,0.267,0.364,0.65,0.471,0.453,0.352,46.0,120.0,91.9,21.1,33.3,68.37683044237907,7.1215685,74.0,201.1290322580645,30.0,0.11711711711711711,0.42045454545454547,0.5795454545454546,4.4
"Harris II, Michael",2022,0.383,0.223,0.438,0.606,0.441,0.353,0.289,36.0,94.0,88.9,1.2,19.3,68.37683044237907,7.1215685,74.0,201.1290322580645,21.0,0.22826086956521738,0.5242165242165242,0.4757834757834758,3.734042553191489
"Vavra, Terrin",2022,0.381,0.286,0.368,0.667,0.429,0.353,0.31,8.0,21.0,84.6,17.7,4.4,68.37683044237907,7.1215685,74.0,201.1290322580645,27.0,0.20454545454545456,0.5116279069767442,0.4883720930232558,4.095238095238095
"Machado, Manny",2020,0.381,0.238,0.392,0.619,0.418,0.359,0.305,24.0,63.0,89.7,7.8,12.9,68.37683044237907,7.1215685,74.0,201.1290322580645,27.0,0.20930232558139536,0.5098814229249012,0.4901185770750988,4.015873015873016
"Solano, Donovan",2020,0.38,0.16,0.429,0.54,0.413,0.365,0.309,19.0,50.0,88.9,11.4,12.1,68.37683044237907,7.1215685,74.0,201.1290322580645,32.0,0.20388349514563106,0.5202020202020202,0.4797979797979798,3.96
"Young, Jacob",2023,0.379,0.034,0.393,0.414,0.39,0.335,0.28,11.0,29.0,81.7,-2.3,3.9,68.37683044237907,7.1215685,74.0,201.1290322580645,23.0,0.25862068965517243,0.4915254237288136,0.5084745762711864,4.068965517241379
"Escobar, Alcides",2021,0.379,0.182,0.444,0.561,0.413,0.344,0.3,25.0,66.0,80.1,11.8,9.1,68.37683044237907,7.1215685,74.0,201.1290322580645,34.0,0.25925925925925924,0.5491525423728814,0.45084745762711864,4.46969696969697
"Murphy, Daniel",2020,0.379,0.103,0.435,0.483,0.371,0.294,0.28,11.0,29.0,85.3,14.1,4.7,68.37683044237907,7.1215685,74.0,201.1290322580645,35.0,0.15492957746478872,0.6120689655172413,0.3879310344827586,4.0
"Bote, David",2020,0.379,0.31,0.409,0.69,0.483,0.439,0.323,11.0,29.0,90.5,9.8,7.4,68.37683044237907,7.1215685,74.0,201.1290322580645,27.0,0.29508196721311475,0.39869281045751637,0.6013071895424836,5.275862068965517
"Turner, Trea",2020,0.378,0.311,0.417,0.689,0.477,0.43,0.299,17.0,45.0,90.3,8.9,9.3,68.37683044237907,7.1215685,74.0,201.1290322580645,27.0,0.22123893805309736,0.46887966804979253,0.5311203319502075,5.355555555555555
"Wade Jr., LaMonte",2021,0.377,0.261,0.431,0.638,0.425,0.385,0.324,26.0,69.0,86.5,13.3,11.2,68.37683044237907,7.1215685,74.0,201.1290322580645,27.0,0.22424242424242424,0.5555555555555556,0.4444444444444444,4.304347826086956
"Ward, Taylor",2020,0.375,0.0,0.5,0.375,0.419,0.458,0.367,6.0,16.0,91.1,6.0,4.6,68.37683044237907,7.1215685,74.0,201.1290322580645,27.0,0.2631578947368421,0.42696629213483145,0.5730337078651685,5.5625
"Torrens, Luis",2023,0.375,0.25,0.429,0.625,0.452,0.399,0.355,3.0,8.0,89.1,17.9,1.9,68.37683044237907,7.1215685,74.0,201.1290322580645,27.0,0.2631578947368421,0.5277777777777778,0.4722222222222222,4.5
"Smith, Will",2020,0.375,0.167,0.45,0.542,0.437,0.46,0.362,9.0,24.0,90.5,23.6,5.2,68.37683044237907,7.1215685,74.0,201.1290322580645,25.0,0.11864406779661017,0.38311688311688313,0.6168831168831169,6.416666666666667
"Moreno, Gabriel",2022,0.375,0.188,0.357,0.563,0.422,0.346,0.271,6.0,16.0,92.1,7.4,1.9,68.37683044237907,7.1215685,74.0,201.1290322580645,22.0,0.0967741935483871,0.47692307692307695,0.5230769230769231,4.0625
"Holaday, Bryan",2020,0.375,0.125,0.429,0.5,0.411,0.331,0.272,3.0,8.0,81.8,28.6,1.4,68.37683044237907,7.1215685,74.0,201.1290322580645,32.0,0.16666666666666666,0.35294117647058826,0.6470588235294118,4.25
"Ramos, Henry",2021,0.375,0.125,0.429,0.5,0.333,0.204,0.219,3.0,8.0,89.2,6.4,0.5,68.37683044237907,7.1215685,74.0,201.1290322580645,29.0,0.23809523809523808,0.6363636363636364,0.36363636363636365,4.125
"Garcia, Greg",2020,0.375,0.063,0.375,0.438,0.353,0.312,0.319,6.0,16.0,73.7,13.5,4.9,68.37683044237907,7.1215685,74.0,201.1290322580645,30.0,0.14285714285714285,0.5,0.5,4.375
"Davis, Jaylin",2022,0.375,0.0,0.5,0.375,0.331,0.277,0.283,3.0,8.0,88.7,2.5,-0.4,68.37683044237907,7.1215685,74.0,201.1290322580645,27.0,0.4444444444444444,0.5,0.5,4.5
"Robertson, Daniel",2020,0.375,0.0,0.429,0.375,0.372,0.327,0.264,3.0,8.0,82.1,-16.3,1.5,68.37683044237907,7.1215685,74.0,201.1290322580645,27.0,0.3076923076923077,0.3939393939393939,0.6060606060606061,4.125
"Iglesias, Jose",2024,0.375,0.107,0.4,0.482,0.388,0.317,0.285,21.0,56.0,85.3,6.3,8.2,67.730594825,6.585577281,74.0,201.1290322580645,34.0,0.13043478260869565,0.575,0.425,3.5714285714285716
"Maldonado, Martín",2020,0.375,0.25,0.526,0.625,0.483,0.42,0.319,12.0,32.0,80.2,11.7,9.3,68.37683044237907,7.1215685,74.0,201.1290322580645,33.0,0.3283582089552239,0.42948717948717946,0.5705128205128205,4.875
"Heim, Jonah",2023,0.375,0.33,0.384,0.705,0.46,0.363,0.292,42.0,112.0,90.4,14.6,34.9,68.37683044237907,7.1215685,74.0,201.1290322580645,28.0,0.1937984496124031,0.5584415584415584,0.44155844155844154,4.125
"Soto, Livan",2022,0.375,0.375,0.5,0.75,0.42,0.329,0.357,3.0,8.0,80.0,19.6,1.8,68.37683044237907,7.1215685,74.0,201.1290322580645,22.0,0.17647058823529413,0.6296296296296297,0.37037037037037035,3.375
"Tena, José",2023,0.375,0.0,1.0,0.375,0.404,0.273,0.186,3.0,8.0,88.1,-2.0,0.5,68.37683044237907,7.1215685,74.0,201.1290322580645,27.0,0.38095238095238093,0.45652173913043476,0.5434782608695652,5.75
"Madrigal, Nick",2020,0.37,0.0,0.4,0.37,0.34,0.258,0.25,10.0,27.0,79.4,0.6,2.3,68.37683044237907,7.1215685,74.0,201.1290322580645,27.0,0.14,0.49019607843137253,0.5098039215686274,3.7777777777777777
"Freeman, Freddie",2023,0.37,0.222,0.415,0.593,0.433,0.411,0.341,50.0,135.0,89.6,18.3,31.2,68.37683044237907,7.1215685,74.0,201.1290322580645,33.0,0.19817073170731708,0.5239616613418531,0.476038338658147,4.637037037037037
"Gurriel Jr., Lourdes",2021,0.368,0.246,0.429,0.614,0.413,0.368,0.29,42.0,114.0,91.3,6.1,23.1,68.37683044237907,7.1215685,74.0,201.1290322580645,27.0,0.26838235294117646,0.5738396624472574,0.42616033755274263,4.157894736842105
"Sabol, Blake",2023,0.368,0.25,0.489,0.618,0.426,0.318,0.243,28.0,76.0,88.5,15.1,10.8,68.37683044237907,7.1215685,74.0,201.1290322580645,25.0,0.3516483516483517,0.5741324921135647,0.42586750788643535,4.171052631578948
"Albies, Ozzie",2020,0.367,0.133,0.476,0.5,0.392,0.266,0.222,11.0,30.0,81.1,12.3,0.9,68.37683044237907,7.1215685,74.0,201.1290322580645,23.0,0.2876712328767123,0.5748031496062992,0.4251968503937008,4.233333333333333
"Kemp, Matt",2020,0.367,0.367,0.421,0.733,0.492,0.476,0.318,11.0,30.0,86.6,12.2,5.7,68.37683044237907,7.1215685,76.0,230.0,35.0,0.3181818181818182,0.46808510638297873,0.5319148936170213,4.7
"Kelly, Carson",2020,0.367,0.233,0.45,0.6,0.436,0.365,0.294,11.0,30.0,87.1,13.1,4.2,68.37683044237907,7.1215685,74.0,201.1290322580645,25.0,0.25806451612903225,0.5166666666666667,0.48333333333333334,4.0
"Arraez, Luis",2022,0.366,0.075,0.364,0.441,0.371,0.34,0.31,34.0,93.0,87.9,11.0,8.4,68.37683044237907,7.1215685,74.0,201.1290322580645,25.0,0.06936416184971098,0.41686746987951806,0.5831325301204819,4.462365591397849
"Chisholm Jr., Jazz",2022,0.366,0.463,0.393,0.829,0.504,0.44,0.324,15.0,41.0,89.9,17.9,14.2,68.37683044237907,7.1215685,74.0,201.1290322580645,24.0,0.2736842105263158,0.4634146341463415,0.5365853658536586,5.0
"Arraez, Luis",2024,0.366,0.045,0.369,0.411,0.352,0.338,0.335,41.0,112.0,83.2,8.5,4.0,61.020123632,5.828738,74.0,201.1290322580645,27.0,0.056338028169014086,0.4965034965034965,0.5034965034965035,3.830357142857143
"Ruiz, Esteury",2023,0.365,0.073,0.461,0.438,0.369,0.304,0.283,35.0,96.0,78.5,10.1,8.2,68.37683044237907,7.1215685,74.0,201.1290322580645,24.0,0.285,0.5830903790087464,0.41690962099125367,3.5729166666666665
"Ruiz, Keibert",2023,0.365,0.214,0.367,0.579,0.415,0.348,0.306,46.0,126.0,86.8,16.1,18.4,68.37683044237907,7.1215685,74.0,201.1290322580645,24.0,0.145748987854251,0.5440528634361234,0.45594713656387664,3.6031746031746033
"Alvarez, Yordan",2023,0.365,0.394,0.36,0.76,0.49,0.472,0.327,38.0,104.0,94.3,14.0,28.3,68.37683044237907,7.1215685,74.0,201.1290322580645,26.0,0.2222222222222222,0.4774066797642436,0.5225933202357563,4.894230769230769
"Díaz, Yandy",2023,0.365,0.302,0.408,0.667,0.471,0.433,0.309,35.0,96.0,91.9,8.3,20.7,68.37683044237907,7.1215685,74.0,201.1290322580645,31.0,0.19337016574585636,0.4067415730337079,0.5932584269662922,4.635416666666667
"Tena, José",2024,0.364,0.061,0.5,0.424,0.381,0.385,0.3,12.0,33.0,90.6,4.0,1.5,69.738263562,6.835570685,74.0,201.1290322580645,23.0,0.20270270270270271,0.5211267605633803,0.4788732394366197,4.303030303030303
"Wolters, Tony",2020,0.364,0.091,0.471,0.455,0.406,0.399,0.34,8.0,22.0,84.0,8.6,3.4,68.37683044237907,7.1215685,74.0,201.1290322580645,28.0,0.3333333333333333,0.4838709677419355,0.5161290322580645,4.2272727272727275
"Moustakas, Mike",2020,0.364,0.545,0.235,0.909,0.522,0.493,0.349,8.0,22.0,89.8,21.0,9.5,68.37683044237907,7.1215685,74.0,201.1290322580645,31.0,0.1774193548387097,0.5040650406504065,0.4959349593495935,5.590909090909091
"Ozuna, Marcell",2020,0.364,0.26,0.411,0.623,0.44,0.438,0.336,28.0,77.0,93.5,12.9,14.9,68.37683044237907,7.1215685,74.0,201.1290322580645,29.0,0.3063583815028902,0.5103244837758112,0.4896755162241888,4.402597402597403
"Bichette, Bo",2023,0.364,0.178,0.402,0.542,0.396,0.392,0.336,43.0,118.0,90.9,6.8,14.1,68.37683044237907,7.1215685,74.0,201.1290322580645,25.0,0.17667844522968199,0.6446469248291572,0.3553530751708428,3.7203389830508473
"Alvarez, Eddy",2021,0.364,0.182,0.4,0.545,0.411,0.299,0.27,4.0,11.0,89.3,20.0,0.3,68.37683044237907,7.1215685,74.0,201.1290322580645,31.0,0.16666666666666666,0.43902439024390244,0.5609756097560976,3.727272727272727
"Hayes, Ke'Bryan",2020,0.364,0.273,0.5,0.636,0.438,0.332,0.283,4.0,11.0,93.4,3.6,2.2,68.37683044237907,7.1215685,74.0,201.1290322580645,23.0,0.23076923076923078,0.4642857142857143,0.5357142857142857,5.090909090909091
"Hager, Jake",2022,0.364,0.0,0.444,0.364,0.419,0.36,0.256,4.0,11.0,64.7,14.7,1.4,68.37683044237907,7.1215685,74.0,201.1290322580645,27.0,0.3076923076923077,0.43333333333333335,0.5666666666666667,5.454545454545454
"Narváez, Omar",2020,0.364,0.0,0.533,0.364,0.352,0.388,0.314,8.0,22.0,85.8,30.2,0.5,68.37683044237907,7.1215685,74.0,201.1290322580645,28.0,0.32653061224489793,0.48514851485148514,0.5148514851485149,4.590909090909091
"Waters, Drew",2022,0.364,0.409,0.4,0.773,0.524,0.435,0.301,8.0,22.0,83.7,17.1,6.6,68.37683044237907,7.1215685,74.0,201.1290322580645,23.0,0.2222222222222222,0.45918367346938777,0.5408163265306123,4.454545454545454
"LeMahieu, DJ",2020,0.364,0.091,0.414,0.455,0.372,0.391,0.361,12.0,33.0,88.8,2.9,1.8,68.37683044237907,7.1215685,74.0,201.1290322580645,31.0,0.17647058823529413,0.5037037037037037,0.4962962962962963,4.090909090909091
"Cameron, Daz",2022,0.364,0.0,0.444,0.364,0.4,0.34,0.25,4.0,11.0,93.8,1.9,0.9,68.37683044237907,7.1215685,74.0,201.1290322580645,25.0,0.2727272727272727,0.4583333333333333,0.5416666666666666,4.363636363636363
"Owings, Chris",2021,0.364,0.273,0.667,0.636,0.438,0.285,0.245,4.0,11.0,92.7,14.8,1.0,68.37683044237907,7.1215685,74.0,201.1290322580645,29.0,0.3333333333333333,0.375,0.625,4.363636363636363
"Palacios, Joshua",2024,0.364,0.182,0.5,0.545,0.453,0.366,0.284,4.0,11.0,94.1,6.1,2.1,70.056027826,7.204277391,74.0,201.1290322580645,28.0,0.30434782608695654,0.45098039215686275,0.5490196078431373,4.636363636363637
"Marchán, Rafael",2024,0.364,0.0,0.5,0.364,0.351,0.353,0.344,4.0,11.0,80.3,12.3,-0.8,61.252188182,7.192953636,74.0,201.1290322580645,25.0,0.16666666666666666,0.5217391304347826,0.4782608695652174,4.181818181818182
"Tatis Jr., Fernando",2021,0.364,0.374,0.419,0.737,0.481,0.478,0.32,36.0,99.0,95.5,14.0,23.6,68.37683044237907,7.1215685,74.0,201.1290322580645,22.0,0.2982456140350877,0.4830508474576271,0.5169491525423728,4.767676767676767
"Goodman, Hunter",2023,0.364,0.318,0.421,0.682,0.439,0.351,0.311,8.0,22.0,92.1,15.9,4.3,68.37683044237907,7.1215685,74.0,201.1290322580645,23.0,0.36585365853658536,0.44086021505376344,0.5591397849462365,4.2272727272727275
"Madris, Bligh",2024,0.364,0.0,0.444,0.364,0.35,0.279,0.236,4.0,11.0,87.0,10.8,1.2,70.811165263,7.487227895,74.0,201.1290322580645,28.0,0.21052631578947367,0.5277777777777778,0.4722222222222222,3.272727272727273
"Bote, David",2024,0.364,0.182,0.444,0.545,0.413,0.331,0.28,4.0,11.0,90.2,10.7,1.0,70.006329355,7.611926452,74.0,201.1290322580645,27.0,0.3225806451612903,0.6078431372549019,0.39215686274509803,4.636363636363637
"Jiménez, Eloy",2022,0.364,0.167,0.423,0.53,0.409,0.36,0.261,24.0,66.0,92.8,5.9,11.2,68.37683044237907,7.1215685,74.0,201.1290322580645,25.0,0.3237410071942446,0.5305343511450382,0.46946564885496184,3.9696969696969697
"Adell, Jo",2021,0.364,0.333,0.37,0.697,0.449,0.377,0.327,12.0,33.0,85.0,15.9,9.3,68.37683044237907,7.1215685,74.0,201.1290322580645,22.0,0.2631578947368421,0.5801526717557252,0.4198473282442748,3.9696969696969697
"Meneses, Joey",2023,0.363,0.131,0.42,0.494,0.383,0.329,0.302,61.0,168.0,90.0,8.6,21.0,68.37683044237907,7.1215685,74.0,201.1290322580645,31.0,0.23652694610778444,0.5114854517611026,0.4885145482388974,3.886904761904762
"Naylor, Josh",2023,0.363,0.178,0.387,0.541,0.383,0.361,0.332,53.0,146.0,90.5,11.4,17.0,68.37683044237907,7.1215685,74.0,201.1290322580645,26.0,0.23202614379084968,0.5719626168224299,0.4280373831775701,3.664383561643836
"Peralta, David",2020,0.361,0.066,0.44,0.426,0.342,0.277,0.262,22.0,61.0,91.0,10.5,5.7,68.37683044237907,7.1215685,74.0,201.1290322580645,32.0,0.2545454545454545,0.5314009661835749,0.46859903381642515,3.3934426229508197
"Pasquantino, Vinnie",2024,0.36,0.223,0.349,0.583,0.388,0.343,0.301,50.0,139.0,91.5,13.7,14.6,70.424233393,7.285406036,74.0,201.1290322580645,26.0,0.14333333333333334,0.5199306759098787,0.4800693240901213,4.151079136690647
"Baddoo, Akil",2021,0.359,0.256,0.391,0.615,0.448,0.39,0.287,28.0,78.0,85.5,11.2,17.0,68.37683044237907,7.1215685,74.0,201.1290322580645,22.0,0.2568306010928962,0.44963144963144963,0.5503685503685504,5.217948717948718
"Brantley, Michael",2020,0.359,0.256,0.375,0.615,0.436,0.374,0.309,14.0,39.0,86.7,7.6,7.1,68.37683044237907,7.1215685,74.0,201.1290322580645,33.0,0.16071428571428573,0.3660130718954248,0.6339869281045751,3.923076923076923
"Vavra, Terrin",2023,0.357,0.0,0.556,0.357,0.382,0.305,0.225,5.0,14.0,75.2,-9.4,0.8,68.37683044237907,7.1215685,74.0,201.1290322580645,26.0,0.4,0.5147058823529411,0.4852941176470588,4.857142857142857
"Myers, Wil",2020,0.357,0.524,0.333,0.881,0.514,0.449,0.313,15.0,42.0,87.6,12.8,14.6,68.37683044237907,7.1215685,74.0,201.1290322580645,29.0,0.27692307692307694,0.4421768707482993,0.5578231292517006,3.5
"Marte, Ketel",2020,0.357,0.107,0.357,0.464,0.373,0.387,0.3,10.0,28.0,87.3,6.0,4.7,68.37683044237907,7.1215685,74.0,201.1290322580645,26.0,0.21818181818181817,0.5392156862745098,0.46078431372549017,3.642857142857143
"Rojas, Johan",2023,0.357,0.119,0.469,0.476,0.389,0.291,0.26,15.0,42.0,78.4,0.6,3.2,68.37683044237907,7.1215685,74.0,201.1290322580645,22.0,0.25301204819277107,0.6014492753623188,0.39855072463768115,3.2857142857142856
"Trevino, Jose",2022,0.355,0.151,0.408,0.505,0.39,0.328,0.291,33.0,93.0,89.3,8.3,16.2,68.37683044237907,7.1215685,74.0,201.1290322580645,29.0,0.21951219512195122,0.5061728395061729,0.49382716049382713,3.4838709677419355
"Hoerner, Nico",2020,0.355,0.032,0.355,0.387,0.375,0.358,0.315,11.0,31.0,83.2,-2.4,1.9,68.37683044237907,7.1215685,74.0,201.1290322580645,23.0,0.07246376811594203,0.40588235294117647,0.5941176470588235,5.483870967741935
"Escobar, Alcides",2022,0.355,0.065,0.478,0.419,0.349,0.314,0.301,11.0,31.0,81.7,10.7,-0.3,68.37683044237907,7.1215685,74.0,201.1290322580645,35.0,0.2597402597402597,0.6260162601626016,0.37398373983739835,3.967741935483871
"Walsh, Jared",2020,0.355,0.387,0.348,0.742,0.413,0.377,0.285,11.0,31.0,87.9,10.0,5.7,68.37683044237907,7.1215685,74.0,201.1290322580645,26.0,0.32857142857142857,0.5882352941176471,0.4117647058823529,3.838709677419355
"Harper, Bryce",2022,0.354,0.38,0.338,0.734,0.451,0.449,0.353,28.0,79.0,93.4,12.3,16.7,68.37683044237907,7.1215685,74.0,201.1290322580645,29.0,0.23809523809523808,0.5279329608938548,0.4720670391061452,4.531645569620253
"Tucker, Kyle",2023,0.354,0.245,0.344,0.599,0.414,0.406,0.321,52.0,147.0,91.4,15.5,25.8,68.37683044237907,7.1215685,74.0,201.1290322580645,26.0,0.1891891891891892,0.4868421052631579,0.5131578947368421,4.653061224489796
"Iglesias, Jose",2022,0.354,0.121,0.391,0.475,0.38,0.306,0.28,35.0,99.0,88.3,4.6,11.4,68.37683044237907,7.1215685,74.0,201.1290322580645,32.0,0.12,0.5076142131979695,0.49238578680203043,3.9797979797979797
"Wallach, Chad",2020,0.353,0.294,0.5,0.647,0.433,0.368,0.283,6.0,17.0,86.1,10.5,1.8,68.37683044237907,7.1215685,74.0,201.1290322580645,28.0,0.35294117647058826,0.5074626865671642,0.4925373134328358,3.9411764705882355
"Rosario, Eddie",2020,0.353,0.216,0.364,0.569,0.417,0.339,0.242,18.0,51.0,84.2,14.4,5.1,68.37683044237907,7.1215685,74.0,201.1290322580645,28.0,0.19491525423728814,0.5514018691588785,0.4485981308411215,4.196078431372549
"Crawford, Brandon",2021,0.353,0.303,0.378,0.655,0.44,0.412,0.293,42.0,119.0,90.5,18.3,23.0,68.37683044237907,7.1215685,74.0,201.1290322580645,34.0,0.2832764505119454,0.5222816399286988,0.47771836007130125,4.714285714285714
"Gallagher, Cam",2021,0.353,0.0,0.353,0.353,0.314,0.312,0.306,6.0,17.0,77.5,10.3,-1.6,68.37683044237907,7.1215685,74.0,201.1290322580645,28.0,0.11764705882352941,0.5666666666666667,0.43333333333333335,3.5294117647058822
"Braun, Ryan",2020,0.353,0.441,0.348,0.794,0.477,0.405,0.313,12.0,34.0,92.2,13.5,7.7,68.37683044237907,7.1215685,73.0,215.0,36.0,0.2318840579710145,0.46621621621621623,0.5337837837837838,4.352941176470588
"Winker, Jesse",2023,0.353,0.088,0.429,0.441,0.422,0.399,0.317,12.0,34.0,87.4,10.4,7.1,68.37683044237907,7.1215685,74.0,201.1290322580645,29.0,0.2413793103448276,0.46524064171123,0.5347593582887701,5.5
"Lukes, Nathan",2024,0.353,0.118,0.3,0.471,0.366,0.339,0.305,6.0,17.0,83.7,14.6,1.3,61.492207429,6.311393714,74.0,201.1290322580645,29.0,0.10810810810810811,0.4625,0.5375,4.705882352941177
"Freeman, Freddie",2021,0.352,0.172,0.378,0.525,0.407,0.421,0.333,43.0,122.0,89.4,9.6,17.8,68.37683044237907,7.1215685,74.0,201.1290322580645,31.0,0.2198581560283688,0.5241635687732342,0.4758364312267658,4.409836065573771
"Yelich, Christian",2024,0.352,0.239,0.404,0.592,0.422,0.346,0.285,25.0,71.0,89.2,3.7,8.7,70.151850698,7.322066434,74.0,201.1290322580645,32.0,0.22580645161290322,0.4967948717948718,0.5032051282051282,4.394366197183099
"Solak, Nick",2020,0.351,0.054,0.371,0.405,0.349,0.39,0.341,13.0,37.0,91.4,12.8,3.3,68.37683044237907,7.1215685,74.0,201.1290322580645,25.0,0.14457831325301204,0.45604395604395603,0.5439560439560439,4.918918918918919
"Mazara, Nomar",2022,0.351,0.0,0.433,0.351,0.33,0.301,0.284,13.0,37.0,84.3,8.8,1.0,68.37683044237907,7.1215685,74.0,201.1290322580645,27.0,0.2602739726027397,0.46496815286624205,0.535031847133758,4.243243243243243
"Betts, Mookie",2024,0.351,0.247,0.333,0.598,0.422,0.349,0.272,34.0,97.0,90.3,22.1,19.5,67.041370608,6.815396486,74.0,201.1290322580645,31.0,0.13372093023255813,0.43765903307888043,0.5623409669211196,4.051546391752577
"Eaton, Adam",2020,0.351,0.216,0.393,0.568,0.412,0.35,0.28,13.0,37.0,82.3,2.9,3.2,68.37683044237907,7.1215685,74.0,196.0,31.0,0.16,0.4934210526315789,0.506578947368421,4.108108108108108
"McCarthy, Jake",2024,0.35,0.23,0.369,0.58,0.419,0.365,0.317,35.0,100.0,81.3,4.2,16.2,64.764315474,6.547076053,74.0,201.1290322580645,26.0,0.1717171717171717,0.4864864864864865,0.5135135135135135,4.07
"Turner, Justin",2020,0.35,0.225,0.353,0.575,0.408,0.468,0.35,14.0,40.0,91.0,20.3,5.9,68.37683044237907,7.1215685,74.0,201.1290322580645,35.0,0.23943661971830985,0.4896551724137931,0.5103448275862069,3.625
"Stubbs, Garrett",2022,0.35,0.55,0.444,0.9,0.553,0.326,0.217,7.0,20.0,87.7,22.5,9.3,68.37683044237907,7.1215685,74.0,201.1290322580645,29.0,0.34782608695652173,0.4339622641509434,0.5660377358490566,5.3
"Straw, Myles",2020,0.35,0.1,0.467,0.45,0.361,0.274,0.234,7.0,20.0,83.8,7.9,0.9,68.37683044237907,7.1215685,74.0,201.1290322580645,25.0,0.24242424242424243,0.38823529411764707,0.611764705882353,4.25
"Wagaman, Eric",2024,0.35,0.15,0.467,0.5,0.365,0.275,0.253,7.0,20.0,97.6,9.9,0.8,71.624825714,7.004948929,74.0,201.1290322580645,26.0,0.2571428571428571,0.49295774647887325,0.5070422535211268,3.55
"O'Hearn, Ryan",2023,0.349,0.163,0.375,0.512,0.37,0.348,0.313,30.0,86.0,90.6,9.1,8.4,68.37683044237907,7.1215685,74.0,201.1290322580645,29.0,0.1864406779661017,0.5100864553314121,0.4899135446685879,4.034883720930233
"Bichette, Bo",2024,0.348,0.091,0.426,0.439,0.364,0.358,0.311,23.0,66.0,88.6,11.8,9.2,68.791734741,7.166410815,74.0,201.1290322580645,26.0,0.2152777777777778,0.5901639344262295,0.4098360655737705,3.696969696969697
"Hosmer, Eric",2023,0.348,0.087,0.4,0.435,0.338,0.204,0.214,8.0,23.0,85.3,8.8,0.9,68.37683044237907,7.1215685,74.0,201.1290322580645,33.0,0.18421052631578946,0.5,0.5,3.3043478260869565
"Urías, Ramón",2021,0.348,0.101,0.48,0.449,0.395,0.35,0.282,24.0,69.0,90.2,4.3,11.7,68.37683044237907,7.1215685,74.0,201.1290322580645,27.0,0.2482758620689655,0.42028985507246375,0.5797101449275363,5.0
"Diaz, Yainer",2024,0.348,0.165,0.358,0.513,0.362,0.341,0.311,55.0,158.0,89.5,8.4,14.8,71.257990383,7.322743687,74.0,201.1290322580645,25.0,0.22589531680440772,0.6070234113712375,0.39297658862876256,3.7848101265822787
"Conine, Griffin",2024,0.348,0.043,0.533,0.391,0.366,0.274,0.235,8.0,23.0,84.0,-0.8,2.3,71.802552292,7.226872292,74.0,201.1290322580645,26.0,0.26,0.5319148936170213,0.46808510638297873,4.086956521739131
"Ruf, Darin",2020,0.348,0.174,0.467,0.522,0.429,0.35,0.242,8.0,23.0,83.9,12.2,4.2,68.37683044237907,7.1215685,74.0,201.1290322580645,27.0,0.3191489361702128,0.42342342342342343,0.5765765765765766,4.826086956521739
"Donovan, Brendan",2022,0.347,0.173,0.379,0.52,0.428,0.409,0.337,26.0,75.0,88.2,7.0,17.9,68.37683044237907,7.1215685,74.0,201.1290322580645,25.0,0.13253012048192772,0.3980815347721823,0.6019184652278178,5.56
"Marte, Ketel",2021,0.347,0.306,0.377,0.653,0.441,0.398,0.31,25.0,72.0,92.7,6.1,12.6,68.37683044237907,7.1215685,74.0,201.1290322580645,27.0,0.18120805369127516,0.519163763066202,0.4808362369337979,3.986111111111111
"Farmer, Kyle",2023,0.346,0.198,0.403,0.543,0.414,0.368,0.289,28.0,81.0,85.9,15.1,8.4,68.37683044237907,7.1215685,74.0,201.1290322580645,32.0,0.23417721518987342,0.4968553459119497,0.5031446540880503,3.925925925925926
"Nootbaar, Lars",2021,0.346,0.115,0.4,0.462,0.381,0.319,0.268,9.0,26.0,90.3,13.0,3.2,68.37683044237907,7.1215685,74.0,201.1290322580645,23.0,0.34545454545454546,0.4700854700854701,0.5299145299145299,4.5
"Muncy, Max",2021,0.346,0.323,0.388,0.669,0.47,0.437,0.299,44.0,127.0,91.3,18.1,27.1,68.37683044237907,7.1215685,74.0,201.1290322580645,30.0,0.25,0.3889789303079417,0.6110210696920584,4.858267716535433
"Judge, Aaron",2022,0.346,0.375,0.362,0.721,0.479,0.486,0.325,36.0,104.0,94.8,14.5,27.9,68.37683044237907,7.1215685,74.0,201.1290322580645,30.0,0.2727272727272727,0.4302721088435374,0.5697278911564626,5.653846153846154
"Ramírez, José",2020,0.345,0.491,0.282,0.836,0.504,0.375,0.273,19.0,55.0,89.1,20.3,13.6,68.37683044237907,7.1215685,74.0,201.1290322580645,27.0,0.1565217391304348,0.452755905511811,0.547244094488189,4.618181818181818
"Garcia, Dérmis",2022,0.345,0.345,0.571,0.69,0.455,0.314,0.219,10.0,29.0,93.8,16.7,6.5,68.37683044237907,7.1215685,74.0,201.1290322580645,24.0,0.5,0.5196850393700787,0.48031496062992124,4.379310344827586
"Gregorius, Didi",2020,0.345,0.236,0.333,0.582,0.393,0.3,0.269,19.0,55.0,83.1,17.2,7.3,68.37683044237907,7.1215685,74.0,201.1290322580645,30.0,0.16806722689075632,0.6102564102564103,0.38974358974358975,3.5454545454545454
"Soto, Juan",2024,0.345,0.328,0.316,0.672,0.469,0.515,0.369,40.0,116.0,95.1,9.2,32.2,73.76174555,7.22397689,74.0,201.1290322580645,25.0,0.16444444444444445,0.41821561338289964,0.5817843866171004,4.637931034482759
"Mazara, Nomar",2020,0.345,0.138,0.5,0.483,0.386,0.346,0.278,10.0,29.0,93.9,9.8,4.1,68.37683044237907,7.1215685,74.0,201.1290322580645,25.0,0.2328767123287671,0.5069444444444444,0.4930555555555556,4.9655172413793105
"Langeliers, Shea",2022,0.345,0.31,0.429,0.655,0.429,0.288,0.192,10.0,29.0,87.3,22.7,4.9,68.37683044237907,7.1215685,74.0,201.1290322580645,24.0,0.3188405797101449,0.5227272727272727,0.4772727272727273,4.551724137931035
"Bohm, Alec",2023,0.344,0.126,0.369,0.47,0.367,0.358,0.32,52.0,151.0,90.2,12.7,14.1,68.37683044237907,7.1215685,74.0,201.1290322580645,26.0,0.17704918032786884,0.5178268251273345,0.48217317487266553,3.9006622516556293
"Machado, Manny",2021,0.344,0.313,0.306,0.656,0.424,0.415,0.323,44.0,128.0,93.8,14.8,19.2,68.37683044237907,7.1215685,74.0,201.1290322580645,28.0,0.19921875,0.4749536178107607,0.5250463821892394,4.2109375
"Larnach, Trevor",2024,0.344,0.2,0.371,0.544,0.398,0.347,0.281,31.0,90.0,90.6,11.5,7.5,69.912339207,7.232812744,74.0,201.1290322580645,27.0,0.3352941176470588,0.4709141274238227,0.5290858725761773,4.011111111111111
"Hernández, Enrique",2020,0.344,0.281,0.286,0.625,0.421,0.408,0.305,11.0,32.0,89.0,22.4,5.8,68.37683044237907,7.1215685,74.0,201.1290322580645,28.0,0.16,0.4672897196261682,0.5327102803738317,3.34375
"Mountcastle, Ryan",2020,0.343,0.0,0.429,0.343,0.318,0.28,0.256,12.0,35.0,88.3,16.1,2.7,68.37683044237907,7.1215685,74.0,201.1290322580645,23.0,0.3372093023255814,0.6056338028169014,0.39436619718309857,4.057142857142857
"DeJong, Paul",2020,0.343,0.114,0.379,0.457,0.353,0.326,0.273,12.0,35.0,87.0,24.5,3.0,68.37683044237907,7.1215685,74.0,201.1290322580645,26.0,0.36363636363636365,0.49044585987261147,0.5095541401273885,4.485714285714286
"González, Erik",2020,0.343,0.171,0.407,0.514,0.345,0.342,0.256,12.0,35.0,91.5,4.3,0.3,68.37683044237907,7.1215685,74.0,201.1290322580645,28.0,0.25757575757575757,0.55,0.45,3.4285714285714284
"Lowrie, Jed",2021,0.342,0.183,0.407,0.525,0.399,0.379,0.291,41.0,120.0,90.8,16.1,17.2,68.37683044237907,7.1215685,74.0,201.1290322580645,37.0,0.19771863117870722,0.47302158273381295,0.5269784172661871,4.633333333333334
"Taylor, Chris",2020,0.342,0.263,0.367,0.605,0.465,0.466,0.355,13.0,38.0,88.0,5.9,10.4,68.37683044237907,7.1215685,74.0,201.1290322580645,29.0,0.23684210526315788,0.40425531914893614,0.5957446808510638,4.947368421052632
"Díaz, Aledmys",2021,0.341,0.134,0.443,0.476,0.377,0.329,0.293,28.0,82.0,85.2,10.5,10.2,68.37683044237907,7.1215685,74.0,201.1290322580645,30.0,0.19337016574585636,0.5201149425287356,0.47988505747126436,4.2439024390243905
"Urshela, Gio",2020,0.341,0.22,0.308,0.561,0.376,0.417,0.362,14.0,41.0,91.3,8.3,4.8,68.37683044237907,7.1215685,74.0,201.1290322580645,28.0,0.16666666666666666,0.5153374233128835,0.48466257668711654,3.975609756097561
"Winker, Jesse",2021,0.341,0.275,0.377,0.615,0.44,0.354,0.264,31.0,91.0,90.1,9.9,14.6,68.37683044237907,7.1215685,74.0,201.1290322580645,27.0,0.22277227722772278,0.47980997624703087,0.5201900237529691,4.626373626373627
"Adrianza, Ehire",2021,0.341,0.22,0.353,0.561,0.407,0.374,0.295,14.0,41.0,84.7,16.1,7.7,68.37683044237907,7.1215685,74.0,201.1290322580645,31.0,0.18518518518518517,0.48214285714285715,0.5178571428571429,5.463414634146342
"Slater, Austin",2023,0.341,0.273,0.414,0.614,0.426,0.454,0.365,15.0,44.0,92.7,7.7,4.8,68.37683044237907,7.1215685,74.0,201.1290322580645,30.0,0.25882352941176473,0.47752808988764045,0.5224719101123596,4.045454545454546
"Duffy, Matt",2022,0.34,0.085,0.381,0.426,0.374,0.322,0.257,16.0,47.0,86.6,12.0,3.0,68.37683044237907,7.1215685,74.0,201.1290322580645,31.0,0.22448979591836735,0.4827586206896552,0.5172413793103449,4.319148936170213
"Bichette, Bo",2021,0.34,0.19,0.376,0.531,0.386,0.391,0.333,50.0,147.0,93.5,8.6,15.3,68.37683044237907,7.1215685,74.0,201.1290322580645,23.0,0.1956521739130435,0.5974025974025974,0.4025974025974026,4.190476190476191
"Vaughn, Andrew",2022,0.339,0.138,0.378,0.477,0.37,0.305,0.241,37.0,109.0,90.5,4.7,15.1,68.37683044237907,7.1215685,74.0,201.1290322580645,24.0,0.24347826086956523,0.5180180180180181,0.481981981981982,4.073394495412844
"Lowe, Josh",2023,0.339,0.196,0.438,0.536,0.388,0.344,0.283,38.0,112.0,89.0,14.0,12.4,68.37683044237907,7.1215685,74.0,201.1290322580645,25.0,0.3237410071942446,0.562753036437247,0.43724696356275305,4.410714285714286
"Turner, Justin",2022,0.339,0.24,0.34,0.579,0.419,0.413,0.317,41.0,121.0,90.6,18.6,21.5,68.37683044237907,7.1215685,74.0,201.1290322580645,37.0,0.21323529411764705,0.4755244755244755,0.5244755244755245,4.7272727272727275
"Miller, Brad",2022,0.339,0.068,0.452,0.407,0.364,0.344,0.29,20.0,59.0,89.4,10.8,7.5,68.37683044237907,7.1215685,74.0,201.1290322580645,32.0,0.32786885245901637,0.48031496062992124,0.5196850393700787,4.305084745762712
"Garrett, Stone",2023,0.338,0.231,0.422,0.569,0.379,0.404,0.319,22.0,65.0,94.4,18.8,8.9,68.37683044237907,7.1215685,74.0,201.1290322580645,27.0,0.33544303797468356,0.5830258302583026,0.41697416974169743,4.1692307692307695
"Seager, Corey",2021,0.338,0.175,0.369,0.512,0.401,0.388,0.288,27.0,80.0,90.8,9.6,11.5,68.37683044237907,7.1215685,74.0,201.1290322580645,27.0,0.33707865168539325,0.5189504373177842,0.48104956268221577,4.2875
"Turner, Justin",2023,0.338,0.209,0.347,0.547,0.397,0.376,0.305,50.0,148.0,89.2,14.3,18.5,68.37683044237907,7.1215685,74.0,201.1290322580645,38.0,0.18042813455657492,0.49847560975609756,0.5015243902439024,4.4324324324324325
"Rooker, Brent",2024,0.338,0.331,0.415,0.669,0.441,0.39,0.273,46.0,136.0,90.7,15.8,21.6,72.092280651,7.047193793,74.0,201.1290322580645,29.0,0.3783783783783784,0.5156794425087108,0.4843205574912892,4.220588235294118
"Friedl, TJ",2024,0.338,0.279,0.3,0.618,0.426,0.367,0.286,23.0,68.0,81.5,14.4,13.7,67.211390455,6.507916,74.0,201.1290322580645,28.0,0.15517241379310345,0.4312267657992565,0.5687732342007435,3.9558823529411766
"Perez, Salvador",2022,0.337,0.238,0.373,0.574,0.402,0.374,0.277,34.0,101.0,89.6,17.7,9.6,68.37683044237907,7.1215685,74.0,201.1290322580645,32.0,0.30985915492957744,0.5788043478260869,0.421195652173913,3.6435643564356437
"McNeil, Jeff",2022,0.336,0.084,0.359,0.42,0.348,0.326,0.306,48.0,143.0,86.7,14.4,8.5,68.37683044237907,7.1215685,74.0,201.1290322580645,30.0,0.1377049180327869,0.5332167832167832,0.46678321678321677,4.0
"Blackmon, Charlie",2022,0.336,0.115,0.398,0.45,0.354,0.333,0.298,44.0,131.0,88.0,10.3,8.9,68.37683044237907,7.1215685,74.0,201.1290322580645,35.0,0.21328671328671328,0.5766129032258065,0.42338709677419356,3.786259541984733
"Judge, Aaron",2024,0.336,0.375,0.39,0.711,0.483,0.47,0.312,43.0,128.0,96.7,18.6,33.5,75.819294457,8.12866124,74.0,201.1290322580645,32.0,0.31785714285714284,0.4294478527607362,0.5705521472392638,5.09375
"Martinez, J.D.",2021,0.335,0.245,0.361,0.581,0.4,0.402,0.323,52.0,155.0,91.7,16.0,22.4,68.37683044237907,7.1215685,74.0,201.1290322580645,33.0,0.24157303370786518,0.5337331334332833,0.4662668665667166,4.303225806451613
"Hays, Austin",2021,0.333,0.167,0.39,0.5,0.395,0.332,0.268,34.0,102.0,87.8,6.2,9.1,68.37683044237907,7.1215685,74.0,201.1290322580645,25.0,0.20603015075376885,0.4627906976744186,0.5372093023255814,4.215686274509804
"Smith, Kevan",2020,0.333,0.0,0.4,0.333,0.352,0.272,0.201,4.0,12.0,82.1,-11.4,0.8,68.37683044237907,7.1215685,74.0,201.1290322580645,32.0,0.17391304347826086,0.3709677419354839,0.6290322580645161,5.166666666666667
"DeLuca, Jonny",2023,0.333,0.333,0.333,0.667,0.447,0.378,0.302,3.0,9.0,82.5,18.9,2.4,68.37683044237907,7.1215685,74.0,201.1290322580645,24.0,0.25,0.48484848484848486,0.5151515151515151,3.6666666666666665
"VanMeter, Josh",2021,0.333,0.259,0.375,0.593,0.446,0.368,0.253,18.0,54.0,87.7,12.2,10.5,68.37683044237907,7.1215685,74.0,201.1290322580645,26.0,0.22033898305084745,0.36419753086419754,0.6358024691358025,6.0
"Ruiz, Esteury",2024,0.333,0.111,0.429,0.444,0.274,0.336,0.245,3.0,9.0,84.7,11.4,-0.6,66.279199048,6.872100952,74.0,201.1290322580645,25.0,0.25925925925925924,0.6136363636363636,0.38636363636363635,4.888888888888889
"La Stella, Tommy",2021,0.333,0.119,0.361,0.452,0.36,0.37,0.313,14.0,42.0,89.1,16.2,2.7,68.37683044237907,7.1215685,74.0,201.1290322580645,32.0,0.13953488372093023,0.43,0.57,4.761904761904762
"Tucker, Kyle",2020,0.333,0.254,0.38,0.587,0.406,0.311,0.257,21.0,63.0,91.4,15.1,10.4,68.37683044237907,7.1215685,74.0,201.1290322580645,23.0,0.23703703703703705,0.5133079847908745,0.4866920152091255,4.174603174603175
"Yastrzemski, Mike",2020,0.333,0.238,0.394,0.571,0.414,0.317,0.227,14.0,42.0,84.7,25.9,8.9,68.37683044237907,7.1215685,74.0,201.1290322580645,29.0,0.23333333333333334,0.4265402843601896,0.5734597156398105,5.023809523809524
"Andujar, Miguel",2023,0.333,0.296,0.318,0.63,0.404,0.378,0.342,9.0,27.0,92.2,8.8,2.6,68.37683044237907,7.1215685,74.0,201.1290322580645,28.0,0.24444444444444444,0.5769230769230769,0.4230769230769231,2.888888888888889
"Beaty, Matt",2021,0.333,0.136,0.408,0.47,0.383,0.293,0.242,22.0,66.0,87.1,15.2,9.2,68.37683044237907,7.1215685,74.0,201.1290322580645,28.0,0.18253968253968253,0.4864864864864865,0.5135135135135135,3.9242424242424243
"Solano, Donovan",2023,0.333,0.148,0.455,0.481,0.428,0.416,0.296,27.0,81.0,91.9,9.8,11.5,68.37683044237907,7.1215685,74.0,201.1290322580645,35.0,0.31958762886597936,0.4597156398104265,0.5402843601895735,5.209876543209877
"Nottingham, Jacob",2020,0.333,0.333,0.6,0.667,0.437,0.245,0.176,4.0,12.0,85.3,6.3,2.8,68.37683044237907,7.1215685,74.0,201.1290322580645,25.0,0.20833333333333334,0.5714285714285714,0.42857142857142855,3.5
"Martini, Nick",2023,0.333,0.556,0.231,0.889,0.511,0.341,0.256,6.0,18.0,87.6,31.4,5.4,68.37683044237907,7.1215685,74.0,201.1290322580645,33.0,0.25806451612903225,0.5,0.5,3.4444444444444446
"Monasterio, Andruw",2024,0.333,0.077,0.5,0.41,0.385,0.374,0.291,13.0,39.0,85.8,2.8,4.4,66.556992198,6.56138011,74.0,201.1290322580645,27.0,0.24175824175824176,0.4619289340101523,0.5380710659898477,5.051282051282051
"Machín, Vimael",2022,0.333,0.121,0.367,0.455,0.358,0.371,0.333,11.0,33.0,88.3,3.3,1.4,68.37683044237907,7.1215685,74.0,201.1290322580645,28.0,0.14705882352941177,0.4755244755244755,0.5244755244755245,4.333333333333333
"Rosario, Eguy",2023,0.333,0.083,0.5,0.417,0.324,0.105,0.107,4.0,12.0,80.7,13.4,1.1,68.37683044237907,7.1215685,74.0,201.1290322580645,23.0,0.2222222222222222,0.4576271186440678,0.5423728813559322,4.916666666666667
"Fried, Max",2021,0.333,0.083,0.5,0.417,0.397,0.29,0.197,4.0,12.0,75.8,-5.6,2.4,68.37683044237907,7.1215685,74.0,201.1290322580645,27.0,0.2903225806451613,0.4626865671641791,0.5373134328358209,5.583333333333333
"Arcia, Orlando",2021,0.333,0.042,0.381,0.375,0.325,0.325,0.313,8.0,24.0,89.6,4.1,1.9,68.37683044237907,7.1215685,74.0,201.1290322580645,26.0,0.25,0.5882352941176471,0.4117647058823529,4.25
"Hensley, David",2022,0.333,0.167,0.5,0.5,0.44,0.309,0.194,2.0,6.0,94.2,-11.8,0.9,68.37683044237907,7.1215685,74.0,201.1290322580645,26.0,0.2222222222222222,0.25,0.75,6.0
"Berti, Jon",2024,0.333,0.25,0.375,0.583,0.436,0.344,0.278,4.0,12.0,74.9,3.0,1.8,67.166736667,6.738980667,74.0,201.1290322580645,34.0,0.21052631578947367,0.36538461538461536,0.6346153846153846,4.333333333333333
"Kjerstad, Heston",2023,0.333,0.167,0.5,0.5,0.354,0.371,0.262,2.0,6.0,85.8,22.5,0.7,68.37683044237907,7.1215685,74.0,201.1290322580645,27.0,0.4444444444444444,0.6428571428571429,0.35714285714285715,2.3333333333333335
"Wisely, Brett",2024,0.333,0.117,0.422,0.45,0.349,0.27,0.238,20.0,60.0,82.4,10.1,2.3,64.866345217,6.608271304,74.0,201.1290322580645,25.0,0.25196850393700787,0.5474137931034483,0.4525862068965517,3.8666666666666667
"Vargas, Miguel",2022,0.333,0.083,0.4,0.417,0.301,0.322,0.269,4.0,12.0,89.5,17.5,0.9,68.37683044237907,7.1215685,74.0,201.1290322580645,27.0,0.11538461538461539,0.4727272727272727,0.5272727272727272,4.583333333333333
"Smith, Dominic",2020,0.333,0.263,0.405,0.596,0.399,0.395,0.315,19.0,57.0,89.9,9.4,5.7,68.37683044237907,7.1215685,74.0,201.1290322580645,25.0,0.2713178294573643,0.5119047619047619,0.4880952380952381,4.421052631578948
"Florial, Estevan",2024,0.333,0.333,0.364,0.667,0.479,0.331,0.208,5.0,15.0,86.9,15.9,4.4,70.658852703,7.060064865,74.0,201.1290322580645,26.0,0.3783783783783784,0.47435897435897434,0.5256410256410257,5.2
"Anderson, Brian",2021,0.333,0.148,0.372,0.481,0.394,0.307,0.213,18.0,54.0,86.4,14.0,10.1,68.37683044237907,7.1215685,74.0,201.1290322580645,28.0,0.21621621621621623,0.5751295336787565,0.42487046632124353,3.574074074074074
"Benintendi, Andrew",2023,0.333,0.065,0.383,0.398,0.341,0.333,0.31,31.0,93.0,83.1,14.0,6.6,68.37683044237907,7.1215685,74.0,201.1290322580645,28.0,0.21674876847290642,0.5300261096605744,0.4699738903394256,4.118279569892473
"Meadows, Austin",2023,0.333,0.0,0.333,0.333,0.294,0.364,0.376,2.0,6.0,87.3,22.2,-0.1,68.37683044237907,7.1215685,74.0,201.1290322580645,27.0,0.16666666666666666,0.631578947368421,0.3684210526315789,3.1666666666666665
"Ortiz, Joey",2023,0.333,0.0,0.4,0.333,0.252,0.228,0.204,2.0,6.0,94.7,-3.8,0.3,68.37683044237907,7.1215685,74.0,201.1290322580645,27.0,0.25,0.5925925925925926,0.4074074074074074,4.5
"Demeritte, Travis",2020,0.333,0.111,0.6,0.444,0.403,0.33,0.24,3.0,9.0,93.9,30.0,1.2,68.37683044237907,7.1215685,74.0,201.1290322580645,25.0,0.4375,0.3137254901960784,0.6862745098039216,5.666666666666667
"Jones, Jahmai",2024,0.333,0.0,0.429,0.333,0.294,0.153,0.151,3.0,9.0,80.2,3.7,-0.5,59.985166,6.717172667,74.0,201.1290322580645,26.0,0.29411764705882354,0.5483870967741935,0.45161290322580644,3.4444444444444446
"Gonzalez, Romy",2022,0.333,0.333,0.417,0.667,0.419,0.307,0.242,7.0,21.0,89.7,-0.4,0.0,68.37683044237907,7.1215685,74.0,201.1290322580645,25.0,0.34782608695652173,0.5679012345679012,0.43209876543209874,3.857142857142857
"Edwards, Xavier",2024,0.333,0.117,0.392,0.45,0.347,0.241,0.207,20.0,60.0,83.1,7.0,2.8,62.05910696,6.03717216,74.0,201.1290322580645,24.0,0.16666666666666666,0.4701492537313433,0.5298507462686567,4.466666666666667
"Souza Jr., Steven",2022,0.333,0.0,0.5,0.333,0.295,0.3,0.319,2.0,6.0,84.2,11.8,-1.4,68.37683044237907,7.1215685,74.0,201.1290322580645,33.0,0.3333333333333333,0.6,0.4,4.166666666666667
"Casas, Triston",2022,0.333,0.389,0.308,0.722,0.5,0.368,0.193,6.0,18.0,80.3,-5.1,5.0,68.37683044237907,7.1215685,74.0,201.1290322580645,22.0,0.25806451612903225,0.38271604938271603,0.6172839506172839,4.5
"Siri, Jose",2021,0.333,0.0,0.5,0.333,0.293,0.231,0.243,2.0,6.0,89.3,11.5,0.6,68.37683044237907,7.1215685,74.0,201.1290322580645,27.0,0.45454545454545453,0.5789473684210527,0.42105263157894735,3.1666666666666665
"Brosseau, Mike",2022,0.333,0.205,0.478,0.538,0.442,0.372,0.261,13.0,39.0,87.4,20.2,6.2,68.37683044237907,7.1215685,74.0,201.1290322580645,28.0,0.29591836734693877,0.47115384615384615,0.5288461538461539,5.333333333333333
"Polanco, Jorge",2021,0.333,0.333,0.333,0.667,0.425,0.383,0.281,40.0,120.0,88.7,20.0,12.3,68.37683044237907,7.1215685,74.0,201.1290322580645,27.0,0.2179930795847751,0.5515267175572519,0.4484732824427481,4.366666666666666
"Godoy, José",2021,0.333,0.0,0.429,0.333,0.293,0.247,0.257,3.0,9.0,97.5,-1.0,0.1,68.37683044237907,7.1215685,74.0,201.1290322580645,27.0,0.3076923076923077,0.5652173913043478,0.43478260869565216,2.5555555555555554
"Moreno, Gabriel",2024,0.333,0.16,0.379,0.494,0.398,0.395,0.307,27.0,81.0,89.9,12.1,15.2,69.304370753,6.961300548,74.0,201.1290322580645,24.0,0.1807909604519774,0.42142857142857143,0.5785714285714286,5.185185185185185
"Gosselin, Phil",2021,0.333,0.069,0.406,0.402,0.35,0.324,0.273,29.0,87.0,85.9,7.4,8.3,68.37683044237907,7.1215685,74.0,201.1290322580645,32.0,0.2,0.45454545454545453,0.5454545454545454,4.425287356321839
"Giménez, Andrés",2022,0.333,0.278,0.362,0.611,0.425,0.367,0.281,42.0,126.0,85.9,13.1,19.4,68.37683044237907,7.1215685,74.0,201.1290322580645,23.0,0.2965779467680608,0.530241935483871,0.46975806451612906,3.9365079365079363
"Wynns, Austin",2024,0.333,0.167,0.4,0.5,0.356,0.176,0.161,2.0,6.0,89.8,21.2,0.7,68.077541429,6.992238571,74.0,201.1290322580645,27.0,0.21428571428571427,0.6086956521739131,0.391304347826087,3.8333333333333335
"Garlick, Kyle",2023,0.333,0.167,0.5,0.5,0.354,0.336,0.217,2.0,6.0,92.3,25.8,0.4,68.37683044237907,7.1215685,74.0,201.1290322580645,27.0,0.36363636363636365,0.44,0.56,4.166666666666667
"Fargas, Johneshwy",2021,0.333,0.25,0.444,0.583,0.381,0.315,0.342,4.0,12.0,68.1,2.6,1.2,68.37683044237907,7.1215685,74.0,201.1290322580645,27.0,0.3076923076923077,0.65,0.35,3.3333333333333335
"Lewis, Royce",2022,0.333,0.5,0.25,0.833,0.493,0.376,0.293,2.0,6.0,91.7,12.2,2.2,68.37683044237907,7.1215685,74.0,201.1290322580645,23.0,0.07142857142857142,0.5185185185185185,0.48148148148148145,4.5
"Gordon, Nick",2021,0.333,0.137,0.444,0.471,0.35,0.271,0.255,17.0,51.0,92.1,7.4,3.0,68.37683044237907,7.1215685,74.0,201.1290322580645,25.0,0.25833333333333336,0.6030150753768844,0.3969849246231156,3.9019607843137254
"Andujar, Miguel",2024,0.333,0.152,0.351,0.485,0.371,0.298,0.266,22.0,66.0,83.2,8.3,9.6,69.37065375,7.636048359,74.0,201.1290322580645,29.0,0.17054263565891473,0.4980694980694981,0.5019305019305019,3.9242424242424243
"Kolozsvary, Mark",2022,0.333,0.333,0.5,0.667,0.42,0.215,0.225,2.0,6.0,88.2,6.3,0.1,68.37683044237907,7.1215685,74.0,201.1290322580645,27.0,0.14285714285714285,0.3888888888888889,0.6111111111111112,3.0
"Pereda, Jhonny",2024,0.333,0.0,0.5,0.333,0.294,0.271,0.286,4.0,12.0,87.5,8.1,1.0,67.021658,6.9470564,74.0,201.1290322580645,28.0,0.24,0.5102040816326531,0.4897959183673469,4.083333333333333
"Heineman, Scott",2020,0.333,0.25,0.364,0.583,0.407,0.415,0.36,4.0,12.0,94.6,9.0,1.5,68.37683044237907,7.1215685,74.0,201.1290322580645,27.0,0.21052631578947367,0.48717948717948717,0.5128205128205128,3.25
"Mendick, Danny",2022,0.333,0.148,0.409,0.481,0.373,0.234,0.209,9.0,27.0,79.3,5.7,2.0,68.37683044237907,7.1215685,74.0,201.1290322580645,28.0,0.24,0.5,0.5,3.7037037037037037
"Jung, Josh",2024,0.333,0.25,0.409,0.583,0.396,0.289,0.227,12.0,36.0,85.1,9.6,3.7,68.791587692,7.109225577,74.0,201.1290322580645,26.0,0.4,0.5109489051094891,0.48905109489051096,3.8055555555555554
"Jones, Taylor",2021,0.333,0.333,0.391,0.667,0.397,0.309,0.248,10.0,30.0,89.3,10.2,1.0,68.37683044237907,7.1215685,74.0,201.1290322580645,27.0,0.2647058823529412,0.5528455284552846,0.44715447154471544,4.1
"Ynoa, Huascar",2021,0.333,0.5,1.0,0.833,0.481,0.411,0.262,2.0,6.0,108.9,16.0,2.3,68.37683044237907,7.1215685,74.0,201.1290322580645,23.0,0.5833333333333334,0.5217391304347826,0.4782608695652174,3.8333333333333335
"Florial, Estevan",2022,0.333,0.0,0.4,0.333,0.295,0.234,0.246,2.0,6.0,82.6,-1.6,-0.3,68.37683044237907,7.1215685,74.0,201.1290322580645,24.0,0.36363636363636365,0.55,0.45,3.3333333333333335
"Wallner, Matt",2022,0.333,0.167,0.6,0.5,0.377,0.25,0.234,6.0,18.0,86.6,13.1,1.5,68.37683044237907,7.1215685,74.0,201.1290322580645,24.0,0.4,0.5223880597014925,0.47761194029850745,3.7222222222222223
"Bernard, Wynton",2022,0.333,0.0,0.375,0.333,0.295,0.256,0.271,3.0,9.0,80.7,3.2,-0.1,68.37683044237907,7.1215685,74.0,201.1290322580645,31.0,0.3157894736842105,0.5135135135135135,0.4864864864864865,4.111111111111111
"Wade Jr., LaMonte",2020,0.333,0.0,0.4,0.333,0.395,0.525,0.46,2.0,6.0,84.5,-0.8,1.0,68.37683044237907,7.1215685,74.0,201.1290322580645,26.0,0.0625,0.37209302325581395,0.627906976744186,7.166666666666667
"Meckler, Wade",2023,0.333,0.083,0.444,0.417,0.355,0.294,0.28,4.0,12.0,76.5,17.7,-0.3,68.37683044237907,7.1215685,74.0,201.1290322580645,23.0,0.3333333333333333,0.42857142857142855,0.5714285714285714,4.666666666666667
"Cooper, Garrett",2020,0.333,0.333,0.412,0.667,0.425,0.412,0.335,9.0,27.0,92.6,15.3,4.8,68.37683044237907,7.1215685,74.0,201.1290322580645,29.0,0.28,0.45871559633027525,0.5412844036697247,4.037037037037037
"Estrada, Thairo",2021,0.333,0.242,0.333,0.576,0.41,0.29,0.226,11.0,33.0,80.7,5.5,8.0,68.37683044237907,7.1215685,74.0,201.1290322580645,25.0,0.15625,0.4507042253521127,0.5492957746478874,4.303030303030303
"Severino, Pedro",2022,0.333,0.167,0.5,0.5,0.358,0.265,0.254,2.0,6.0,87.1,33.3,-0.3,68.37683044237907,7.1215685,74.0,201.1290322580645,27.0,0.3333333333333333,0.6,0.4,3.3333333333333335
"Locastro, Tim",2020,0.333,0.222,0.375,0.556,0.429,0.443,0.359,3.0,9.0,83.1,24.3,2.4,68.37683044237907,7.1215685,74.0,201.1290322580645,27.0,0.0,0.4523809523809524,0.5476190476190477,4.666666666666667
"Abreu, Wilyer",2023,0.333,0.125,0.471,0.458,0.367,0.315,0.28,8.0,24.0,89.0,9.6,3.1,68.37683044237907,7.1215685,74.0,201.1290322580645,24.0,0.32608695652173914,0.46938775510204084,0.5306122448979592,4.083333333333333
"Capel, Conner",2022,0.333,0.333,0.222,0.667,0.401,0.427,0.407,3.0,9.0,92.3,14.8,2.5,68.37683044237907,7.1215685,74.0,201.1290322580645,25.0,0.24,0.5208333333333334,0.4791666666666667,5.333333333333333
"Blanco, Dairon",2023,0.333,0.139,0.462,0.472,0.379,0.353,0.298,12.0,36.0,78.0,4.7,1.6,68.37683044237907,7.1215685,74.0,201.1290322580645,30.0,0.3026315789473684,0.5277777777777778,0.4722222222222222,4.0
"Berroa, Steward",2024,0.333,0.0,0.4,0.333,0.474,0.47,0.273,2.0,6.0,90.4,34.0,1.0,67.165648333,6.6842725,74.0,201.1290322580645,25.0,0.16666666666666666,0.27906976744186046,0.7209302325581395,7.166666666666667
"Stefanic, Michael",2023,0.333,0.056,0.375,0.389,0.334,0.261,0.239,6.0,18.0,81.3,9.6,1.0,68.37683044237907,7.1215685,74.0,201.1290322580645,27.0,0.03571428571428571,0.4117647058823529,0.5882352941176471,3.7777777777777777
"Owings, Chris",2020,0.333,0.111,0.5,0.444,0.334,0.16,0.158,3.0,9.0,86.1,32.0,-0.6,68.37683044237907,7.1215685,74.0,201.1290322580645,28.0,0.36363636363636365,0.5945945945945946,0.40540540540540543,4.111111111111111
"Cruz, Nelson",2020,0.333,0.278,0.45,0.611,0.439,0.384,0.263,12.0,36.0,91.9,9.9,5.6,68.37683044237907,7.1215685,75.0,175.0,39.0,0.34615384615384615,0.4875,0.5125,4.444444444444445
"Altuve, Jose",2024,0.331,0.194,0.372,0.524,0.383,0.304,0.259,41.0,124.0,83.7,11.8,13.9,65.711631902,7.603931805,74.0,201.1290322580645,34.0,0.19383259911894274,0.49780701754385964,0.5021929824561403,3.6774193548387095
"Bellinger, Cody",2024,0.331,0.185,0.349,0.515,0.379,0.346,0.29,43.0,130.0,88.4,15.6,10.8,67.417615913,7.572904286,74.0,201.1290322580645,28.0,0.17938931297709923,0.5028790786948176,0.4971209213051823,4.007692307692308
"Goldschmidt, Paul",2021,0.331,0.155,0.382,0.486,0.363,0.37,0.303,47.0,142.0,92.3,15.5,11.1,68.37683044237907,7.1215685,74.0,201.1290322580645,33.0,0.24742268041237114,0.49155405405405406,0.5084459459459459,4.169014084507042
"Díaz, Elias",2023,0.331,0.137,0.38,0.468,0.356,0.299,0.257,41.0,124.0,86.6,14.2,8.3,68.37683044237907,7.1215685,74.0,201.1290322580645,32.0,0.2589928057553957,0.549407114624506,0.4505928853754941,4.080645161290323
"Harper, Bryce",2024,0.331,0.339,0.337,0.669,0.449,0.389,0.287,39.0,118.0,92.8,16.3,22.2,71.711309253,7.184306058,74.0,201.1290322580645,31.0,0.24621212121212122,0.5409836065573771,0.45901639344262296,4.135593220338983
"Judge, Aaron",2021,0.331,0.229,0.395,0.559,0.409,0.422,0.334,39.0,118.0,96.8,10.6,19.5,68.37683044237907,7.1215685,74.0,201.1290322580645,29.0,0.30115830115830117,0.44655172413793104,0.553448275862069,4.915254237288136
"Ramírez, José",2022,0.331,0.306,0.301,0.637,0.416,0.345,0.277,52.0,157.0,88.0,20.0,23.2,68.37683044237907,7.1215685,74.0,201.1290322580645,29.0,0.12790697674418605,0.5043988269794721,0.49560117302052786,4.343949044585988
"Bailey, Patrick",2023,0.33,0.242,0.403,0.571,0.41,0.387,0.296,30.0,91.0,87.5,4.7,8.1,68.37683044237907,7.1215685,74.0,201.1290322580645,24.0,0.19170984455958548,0.4777227722772277,0.5222772277227723,4.43956043956044
"Lowe, Nathaniel",2024,0.33,0.13,0.395,0.461,0.391,0.374,0.287,38.0,115.0,89.1,3.8,12.0,71.23001912,7.10503,74.0,201.1290322580645,28.0,0.21031746031746032,0.4375,0.5625,5.008695652173913
"Harper, Bryce",2021,0.33,0.216,0.394,0.545,0.407,0.374,0.276,29.0,88.0,86.6,13.9,15.8,68.37683044237907,7.1215685,74.0,201.1290322580645,28.0,0.275,0.45454545454545453,0.5454545454545454,5.0
"Cooper, Garrett",2023,0.33,0.289,0.403,0.619,0.423,0.398,0.303,32.0,97.0,90.5,16.9,15.8,68.37683044237907,7.1215685,74.0,201.1290322580645,32.0,0.3417085427135678,0.5115681233933161,0.4884318766066838,4.010309278350515
"Abreu, José",2020,0.329,0.386,0.362,0.714,0.439,0.4,0.297,23.0,70.0,92.7,8.8,13.8,68.37683044237907,7.1215685,74.0,201.1290322580645,33.0,0.22,0.5415162454873647,0.4584837545126354,3.9571428571428573
"Arenado, Nolan",2021,0.329,0.243,0.331,0.571,0.395,0.383,0.316,46.0,140.0,89.5,19.6,16.3,68.37683044237907,7.1215685,74.0,201.1290322580645,30.0,0.1708185053380783,0.4554294975688817,0.5445705024311183,4.4071428571428575
"Perez, Salvador",2024,0.329,0.205,0.37,0.534,0.394,0.378,0.3,53.0,161.0,90.1,18.1,17.0,71.716422064,7.865743895,74.0,201.1290322580645,34.0,0.3149171270718232,0.5691823899371069,0.4308176100628931,3.950310559006211
"McLain, Matt",2023,0.329,0.397,0.405,0.726,0.471,0.399,0.286,24.0,73.0,89.3,7.5,16.1,68.37683044237907,7.1215685,74.0,201.1290322580645,23.0,0.2838709677419355,0.45857988165680474,0.5414201183431953,4.63013698630137
"Crawford, Brandon",2023,0.329,0.214,0.365,0.543,0.376,0.315,0.256,23.0,70.0,87.7,16.2,2.7,68.37683044237907,7.1215685,74.0,201.1290322580645,36.0,0.2682926829268293,0.5503355704697986,0.44966442953020136,4.257142857142857
"Pillar, Kevin",2024,0.329,0.171,0.377,0.5,0.375,0.324,0.282,25.0,76.0,81.3,19.3,6.9,66.748507584,7.431205562,74.0,201.1290322580645,35.0,0.19230769230769232,0.5400593471810089,0.4599406528189911,4.434210526315789
"Contreras, William",2023,0.328,0.172,0.371,0.5,0.385,0.347,0.285,42.0,128.0,91.9,4.3,12.1,68.37683044237907,7.1215685,74.0,201.1290322580645,25.0,0.2490974729241877,0.4710884353741497,0.5289115646258503,4.59375
"Cooper, Garrett",2021,0.328,0.19,0.5,0.517,0.409,0.352,0.267,19.0,58.0,91.9,7.3,6.1,68.37683044237907,7.1215685,74.0,201.1290322580645,30.0,0.3007518796992481,0.46996466431095407,0.5300353356890459,4.879310344827586
"Marte, Ketel",2024,0.328,0.328,0.284,0.655,0.425,0.428,0.304,39.0,119.0,93.2,10.6,12.6,72.19984972,7.525759626,74.0,201.1290322580645,30.0,0.17842323651452283,0.49183673469387756,0.5081632653061224,4.117647058823529
"Aguilar, Jesús",2021,0.328,0.24,0.343,0.568,0.393,0.346,0.271,41.0,125.0,89.4,20.6,15.6,68.37683044237907,7.1215685,74.0,201.1290322580645,31.0,0.23247232472324722,0.4494195688225539,0.5505804311774462,4.824
"Kelly, Carson",2024,0.328,0.311,0.294,0.639,0.46,0.42,0.284,20.0,61.0,89.2,15.5,13.1,67.887939902,6.635843235,74.0,201.1290322580645,29.0,0.21551724137931033,0.44106463878326996,0.55893536121673,4.311475409836065
"Castro, Harold",2023,0.328,0.063,0.404,0.391,0.32,0.277,0.263,21.0,64.0,80.2,7.5,4.5,68.37683044237907,7.1215685,74.0,201.1290322580645,29.0,0.2537313432835821,0.6090909090909091,0.39090909090909093,3.4375
"Doyle, Brenton",2024,0.327,0.214,0.346,0.541,0.385,0.376,0.295,32.0,98.0,86.0,12.1,9.0,68.746620242,7.199591691,74.0,201.1290322580645,26.0,0.2764976958525346,0.5117924528301887,0.4882075471698113,4.326530612244898
"Tsutsugo, Yoshi",2021,0.327,0.184,0.35,0.51,0.384,0.372,0.287,16.0,49.0,90.8,18.6,2.8,68.37683044237907,7.1215685,74.0,201.1290322580645,29.0,0.23333333333333334,0.46875,0.53125,3.9183673469387754
"Marte, Starling",2021,0.327,0.163,0.376,0.49,0.379,0.354,0.295,34.0,104.0,89.1,4.5,11.5,68.37683044237907,7.1215685,74.0,201.1290322580645,32.0,0.23444976076555024,0.4894613583138173,0.5105386416861827,4.105769230769231
"Robles, Victor",2024,0.327,0.173,0.381,0.5,0.379,0.362,0.313,17.0,52.0,83.4,10.7,11.1,63.191858095,6.501828889,74.0,201.1290322580645,27.0,0.2727272727272727,0.5477178423236515,0.45228215767634855,4.634615384615385
"Winker, Jesse",2024,0.327,0.192,0.362,0.519,0.41,0.344,0.251,34.0,104.0,85.4,11.6,12.5,67.575469317,7.152816927,74.0,201.1290322580645,30.0,0.2009132420091324,0.4362549800796813,0.5637450199203188,4.826923076923077
"Candelario, Jeimer",2020,0.327,0.082,0.395,0.408,0.353,0.369,0.317,16.0,49.0,88.4,15.9,3.5,68.37683044237907,7.1215685,74.0,201.1290322580645,26.0,0.22448979591836735,0.47342995169082125,0.5265700483091788,4.224489795918367
"Molina, Yadier",2021,0.327,0.142,0.359,0.469,0.353,0.309,0.262,37.0,113.0,89.0,14.8,11.6,68.37683044237907,7.1215685,71.0,225.0,38.0,0.25098039215686274,0.6159420289855072,0.38405797101449274,3.663716814159292
"Kiner-Falefa, Isiah",2022,0.327,0.062,0.343,0.389,0.322,0.28,0.263,37.0,113.0,84.1,2.7,5.4,68.37683044237907,7.1215685,74.0,201.1290322580645,27.0,0.11659192825112108,0.5,0.5,3.9469026548672566
"d'Arnaud, Travis",2020,0.327,0.173,0.457,0.5,0.381,0.34,0.289,17.0,52.0,91.8,4.2,-0.4,68.37683044237907,7.1215685,74.0,201.1290322580645,31.0,0.3076923076923077,0.5294117647058824,0.47058823529411764,4.25
"Thomas, Lane",2021,0.327,0.2,0.41,0.527,0.41,0.354,0.276,18.0,55.0,91.1,7.5,10.3,68.37683044237907,7.1215685,74.0,201.1290322580645,25.0,0.22131147540983606,0.4295774647887324,0.5704225352112676,5.163636363636364
"Mendick, Danny",2021,0.326,0.163,0.364,0.488,0.383,0.298,0.229,14.0,43.0,80.9,24.6,3.4,68.37683044237907,7.1215685,74.0,201.1290322580645,27.0,0.21428571428571427,0.46445497630331756,0.5355450236966824,4.906976744186046
"Jiménez, Eloy",2020,0.326,0.419,0.346,0.744,0.457,0.378,0.256,14.0,43.0,91.3,8.1,6.5,68.37683044237907,7.1215685,74.0,201.1290322580645,23.0,0.3434343434343434,0.5409836065573771,0.45901639344262296,4.255813953488372
"Ramírez, José",2024,0.326,0.271,0.303,0.597,0.392,0.313,0.26,47.0,144.0,88.2,19.4,16.5,69.540395146,7.127079871,74.0,201.1290322580645,31.0,0.15384615384615385,0.5434782608695652,0.45652173913043476,4.152777777777778
"Kiermaier, Kevin",2022,0.326,0.14,0.464,0.465,0.365,0.294,0.253,14.0,43.0,88.4,9.5,4.7,68.37683044237907,7.1215685,74.0,201.1290322580645,32.0,0.3411764705882353,0.5246913580246914,0.47530864197530864,3.7674418604651163
"Duvall, Adam",2021,0.326,0.431,0.345,0.757,0.455,0.451,0.307,47.0,144.0,91.1,21.6,25.6,68.37683044237907,7.1215685,74.0,201.1290322580645,32.0,0.28205128205128205,0.5279187817258884,0.4720812182741117,4.104166666666667
"Biggio, Cavan",2020,0.326,0.196,0.412,0.522,0.442,0.358,0.233,15.0,46.0,86.1,12.7,11.8,68.37683044237907,7.1215685,74.0,201.1290322580645,25.0,0.2376237623762376,0.376865671641791,0.6231343283582089,5.826086956521739
"Walsh, Jared",2021,0.325,0.275,0.36,0.6,0.413,0.387,0.287,39.0,120.0,90.2,6.1,21.0,68.37683044237907,7.1215685,74.0,201.1290322580645,27.0,0.2644628099173554,0.5020746887966805,0.4979253112033195,4.016666666666667
"Seager, Corey",2024,0.325,0.313,0.328,0.639,0.429,0.448,0.325,27.0,83.0,92.6,12.3,17.4,70.285433404,6.719743688,74.0,201.1290322580645,30.0,0.27976190476190477,0.5384615384615384,0.46153846153846156,3.7590361445783134
"Tauchman, Mike",2023,0.325,0.169,0.348,0.494,0.396,0.419,0.351,25.0,77.0,89.2,7.4,13.1,68.37683044237907,7.1215685,74.0,201.1290322580645,32.0,0.1956521739130435,0.46464646464646464,0.5353535353535354,5.142857142857143
"Martinez, J.D.",2023,0.325,0.325,0.377,0.65,0.41,0.397,0.288,39.0,120.0,95.4,18.8,20.7,68.37683044237907,7.1215685,74.0,201.1290322580645,35.0,0.3333333333333333,0.5479704797047971,0.45202952029520294,4.516666666666667
"Lopez, Otto",2024,0.325,0.078,0.357,0.403,0.33,0.296,0.269,25.0,77.0,87.6,5.5,5.6,68.642864129,6.344497935,74.0,201.1290322580645,25.0,0.18181818181818182,0.5612244897959183,0.4387755102040816,3.8181818181818183
"Jiménez, Eloy",2023,0.325,0.142,0.383,0.467,0.361,0.324,0.275,39.0,120.0,90.0,8.8,10.1,68.37683044237907,7.1215685,74.0,201.1290322580645,26.0,0.30859375,0.5541125541125541,0.4458874458874459,3.85
"Edman, Tommy",2022,0.324,0.13,0.388,0.454,0.374,0.331,0.275,35.0,108.0,88.7,9.4,10.0,68.37683044237907,7.1215685,74.0,201.1290322580645,27.0,0.1939655172413793,0.4946695095948827,0.5053304904051172,4.342592592592593
"Grichuk, Randal",2024,0.324,0.324,0.321,0.649,0.437,0.423,0.302,24.0,74.0,88.9,14.6,10.9,71.769551977,7.531559826,74.0,201.1290322580645,32.0,0.21714285714285714,0.5043227665706052,0.4956772334293948,4.6891891891891895
"Moreland, Mitch",2020,0.324,0.27,0.417,0.595,0.421,0.315,0.214,12.0,37.0,91.0,17.6,5.7,68.37683044237907,7.1215685,74.0,201.1290322580645,34.0,0.3625,0.47904191616766467,0.5209580838323353,4.513513513513513
"Turner, Trea",2021,0.324,0.167,0.356,0.491,0.363,0.343,0.279,35.0,108.0,90.4,8.7,8.8,68.37683044237907,7.1215685,74.0,201.1290322580645,28.0,0.23461538461538461,0.5383022774327122,0.4616977225672878,4.472222222222222
"Springer, George",2020,0.324,0.27,0.333,0.595,0.434,0.393,0.264,12.0,37.0,90.5,27.0,5.6,68.37683044237907,7.1215685,74.0,201.1290322580645,30.0,0.29333333333333333,0.45180722891566266,0.5481927710843374,4.486486486486487
"Vargas, Ildemaro",2024,0.324,0.132,0.309,0.456,0.332,0.29,0.288,22.0,68.0,83.7,1.4,-0.1,65.314168067,6.865116891,74.0,201.1290322580645,32.0,0.07086614173228346,0.49034749034749037,0.5096525096525096,3.8088235294117645
"Carpenter, Matt",2022,0.324,0.676,0.211,1.0,0.571,0.418,0.266,11.0,34.0,91.0,19.3,11.7,68.37683044237907,7.1215685,74.0,201.1290322580645,36.0,0.2391304347826087,0.4339622641509434,0.5660377358490566,6.235294117647059
"Franco, Maikel",2020,0.323,0.274,0.294,0.597,0.381,0.33,0.273,20.0,62.0,86.7,14.1,5.5,68.37683044237907,7.1215685,74.0,201.1290322580645,27.0,0.25384615384615383,0.4626334519572954,0.5373665480427047,4.532258064516129
"Witt Jr., Bobby",2022,0.323,0.189,0.384,0.512,0.361,0.302,0.254,41.0,127.0,87.6,12.9,6.5,68.37683044237907,7.1215685,74.0,201.1290322580645,22.0,0.25092250922509224,0.5387673956262425,0.46123260437375746,3.9606299212598426
"Bellinger, Cody",2023,0.323,0.192,0.316,0.515,0.366,0.357,0.291,42.0,130.0,87.1,16.6,11.9,68.37683044237907,7.1215685,74.0,201.1290322580645,27.0,0.20655737704918034,0.5160744500846024,0.48392554991539766,4.546153846153846
"Choi, Ji Man",2022,0.323,0.194,0.441,0.516,0.396,0.378,0.255,30.0,93.0,94.0,12.8,8.6,68.37683044237907,7.1215685,74.0,201.1290322580645,31.0,0.34673366834170855,0.41286307053941906,0.5871369294605809,5.182795698924731
"Hernández, Teoscar",2021,0.323,0.21,0.391,0.533,0.386,0.369,0.292,54.0,167.0,92.3,13.5,25.6,68.37683044237907,7.1215685,74.0,201.1290322580645,28.0,0.30985915492957744,0.5243722304283605,0.4756277695716396,4.053892215568863
"Rosario, Amed",2021,0.323,0.165,0.382,0.488,0.356,0.314,0.277,41.0,127.0,89.7,4.0,4.6,68.37683044237907,7.1215685,74.0,201.1290322580645,25.0,0.25925925925925924,0.5472972972972973,0.4527027027027027,3.4960629921259843
"Adams, Riley",2023,0.323,0.323,0.381,0.645,0.44,0.373,0.266,10.0,31.0,90.9,25.6,5.2,68.37683044237907,7.1215685,74.0,201.1290322580645,27.0,0.18840579710144928,0.518796992481203,0.48120300751879697,4.290322580645161
"Semien, Marcus",2023,0.322,0.147,0.333,0.469,0.365,0.331,0.269,46.0,143.0,88.2,17.7,18.8,68.37683044237907,7.1215685,74.0,201.1290322580645,32.0,0.1978798586572438,0.4982394366197183,0.5017605633802817,3.972027972027972
"Albies, Ozzie",2024,0.322,0.103,0.338,0.425,0.347,0.354,0.288,28.0,87.0,87.8,17.1,4.7,67.235154422,7.181287136,74.0,201.1290322580645,27.0,0.1583710407239819,0.6005434782608695,0.39945652173913043,4.2298850574712645
"Olson, Matt",2023,0.322,0.383,0.32,0.705,0.461,0.441,0.298,48.0,149.0,93.1,18.1,30.1,68.37683044237907,7.1215685,74.0,201.1290322580645,29.0,0.26420454545454547,0.46808510638297873,0.5319148936170213,5.046979865771812
"Swanson, Dansby",2022,0.321,0.241,0.376,0.562,0.401,0.384,0.273,44.0,137.0,89.2,12.5,18.8,68.37683044237907,7.1215685,74.0,201.1290322580645,28.0,0.32051282051282054,0.5234899328859061,0.47651006711409394,4.350364963503649
"Newman, Kevin",2022,0.321,0.161,0.409,0.482,0.361,0.293,0.274,18.0,56.0,84.1,10.5,4.4,68.37683044237907,7.1215685,74.0,201.1290322580645,28.0,0.2169811320754717,0.4711111111111111,0.5288888888888889,4.017857142857143
"Chang, Yu",2021,0.321,0.196,0.386,0.518,0.359,0.362,0.339,18.0,56.0,85.3,21.3,5.2,68.37683044237907,7.1215685,74.0,201.1290322580645,25.0,0.20353982300884957,0.5432692307692307,0.4567307692307692,3.7142857142857144
"Rosario, Amed",2023,0.321,0.08,0.394,0.401,0.337,0.299,0.26,44.0,137.0,89.0,6.4,6.4,68.37683044237907,7.1215685,74.0,201.1290322580645,27.0,0.2542955326460481,0.542910447761194,0.457089552238806,3.9124087591240877
"Torreyes, Ronald",2021,0.321,0.16,0.333,0.481,0.372,0.288,0.241,26.0,81.0,79.2,12.9,14.5,68.37683044237907,7.1215685,74.0,201.1290322580645,28.0,0.08974358974358974,0.5098039215686274,0.49019607843137253,3.7777777777777777
"Profar, Jurickson",2024,0.321,0.189,0.349,0.509,0.403,0.372,0.274,34.0,106.0,86.1,5.3,15.5,67.192883584,6.988278319,74.0,201.1290322580645,31.0,0.17624521072796934,0.47454545454545455,0.5254545454545455,5.188679245283019
"France, Ty",2021,0.321,0.157,0.35,0.479,0.366,0.34,0.263,45.0,140.0,86.4,8.8,11.0,68.37683044237907,7.1215685,74.0,201.1290322580645,26.0,0.18861209964412812,0.5127737226277372,0.48722627737226276,3.914285714285714
"Lowe, Nathaniel",2022,0.321,0.191,0.389,0.511,0.393,0.347,0.26,42.0,131.0,89.7,6.9,9.4,68.37683044237907,7.1215685,74.0,201.1290322580645,26.0,0.23529411764705882,0.517921146953405,0.482078853046595,4.259541984732825
"Urías, Luis",2020,0.321,0.071,0.45,0.393,0.378,0.299,0.222,9.0,28.0,82.8,1.5,3.4,68.37683044237907,7.1215685,74.0,201.1290322580645,23.0,0.2830188679245283,0.3925925925925926,0.6074074074074074,4.821428571428571
"Garcia, Maikel",2023,0.321,0.073,0.368,0.394,0.319,0.348,0.314,35.0,109.0,90.0,5.4,2.9,68.37683044237907,7.1215685,74.0,201.1290322580645,23.0,0.1552511415525114,0.43452380952380953,0.5654761904761905,4.623853211009174
"Tellez, Rowdy",2020,0.321,0.143,0.348,0.464,0.359,0.42,0.326,9.0,28.0,87.2,10.8,1.9,68.37683044237907,7.1215685,74.0,201.1290322580645,25.0,0.24193548387096775,0.5254237288135594,0.4745762711864407,4.214285714285714
"Altuve, Jose",2021,0.32,0.27,0.309,0.59,0.413,0.382,0.281,32.0,100.0,87.3,12.8,14.9,68.37683044237907,7.1215685,74.0,201.1290322580645,31.0,0.19,0.4329004329004329,0.5670995670995671,4.62
"Rengifo, Luis",2024,0.32,0.22,0.342,0.54,0.385,0.326,0.292,16.0,50.0,85.8,9.4,3.5,66.113762424,6.882680606,74.0,201.1290322580645,27.0,0.20192307692307693,0.6046511627906976,0.3953488372093023,3.44
"Naquin, Tyler",2021,0.32,0.26,0.377,0.58,0.396,0.352,0.269,32.0,100.0,89.2,8.2,17.8,68.37683044237907,7.1215685,74.0,201.1290322580645,30.0,0.25925925925925924,0.5771971496437055,0.42280285035629456,4.21
"Harrison, Josh",2020,0.32,0.0,0.32,0.32,0.292,0.311,0.315,8.0,25.0,85.0,17.0,-1.5,68.37683044237907,7.1215685,74.0,201.1290322580645,32.0,0.2807017543859649,0.6063829787234043,0.39361702127659576,3.76
"Fry, David",2023,0.32,0.4,0.333,0.72,0.46,0.441,0.303,8.0,25.0,91.9,17.3,3.9,68.37683044237907,7.1215685,74.0,201.1290322580645,27.0,0.3392857142857143,0.5957446808510638,0.40425531914893614,3.76
"Díaz, Yandy",2020,0.32,0.12,0.35,0.44,0.417,0.361,0.244,8.0,25.0,89.6,-1.5,3.7,68.37683044237907,7.1215685,74.0,201.1290322580645,28.0,0.12244897959183673,0.3288590604026846,0.6711409395973155,5.96
"Mullins, Cedric",2023,0.32,0.311,0.325,0.631,0.418,0.348,0.273,33.0,103.0,89.9,21.7,15.1,68.37683044237907,7.1215685,74.0,201.1290322580645,28.0,0.27896995708154504,0.5259593679458239,0.47404063205417607,4.300970873786408
"Campusano, Luis",2023,0.32,0.2,0.302,0.52,0.364,0.388,0.357,16.0,50.0,85.9,16.6,4.5,68.37683044237907,7.1215685,74.0,201.1290322580645,24.0,0.19607843137254902,0.5604395604395604,0.43956043956043955,3.64
"Merrifield, Whit",2020,0.32,0.34,0.289,0.66,0.415,0.336,0.283,16.0,50.0,83.6,17.7,8.0,68.37683044237907,7.1215685,74.0,201.1290322580645,31.0,0.16161616161616163,0.4782608695652174,0.5217391304347826,4.14
"Machado, Manny",2022,0.319,0.27,0.366,0.589,0.407,0.355,0.263,45.0,141.0,93.5,17.7,19.6,68.37683044237907,7.1215685,74.0,201.1290322580645,29.0,0.2508833922261484,0.5145454545454545,0.48545454545454547,3.900709219858156
"Ramírez, Harold",2023,0.319,0.133,0.347,0.451,0.354,0.348,0.279,36.0,113.0,89.1,6.3,5.7,68.37683044237907,7.1215685,74.0,201.1290322580645,28.0,0.241635687732342,0.5964523281596452,0.4035476718403548,3.9911504424778763
"Wallner, Matt",2024,0.319,0.383,0.435,0.702,0.466,0.438,0.286,15.0,47.0,93.4,18.3,6.6,75.39333828,7.167828602,74.0,201.1290322580645,26.0,0.4158415841584158,0.48792270531400966,0.5120772946859904,4.404255319148936
"Duran, Jarren",2023,0.319,0.159,0.377,0.478,0.359,0.325,0.258,22.0,69.0,88.3,7.6,4.2,68.37683044237907,7.1215685,74.0,201.1290322580645,26.0,0.2484076433121019,0.5080906148867314,0.4919093851132686,4.478260869565218
"Friedl, TJ",2023,0.319,0.221,0.348,0.54,0.383,0.278,0.242,36.0,113.0,81.6,13.1,10.2,68.37683044237907,7.1215685,74.0,201.1290322580645,27.0,0.19047619047619047,0.4583333333333333,0.5416666666666666,4.460176991150442
"Miller, Owen",2023,0.319,0.145,0.356,0.464,0.331,0.283,0.253,22.0,69.0,85.0,14.1,2.0,68.37683044237907,7.1215685,74.0,201.1290322580645,26.0,0.19463087248322147,0.5418181818181819,0.4581818181818182,3.9855072463768115
"Brennan, Will",2024,0.319,0.116,0.364,0.435,0.351,0.319,0.273,22.0,69.0,84.7,14.0,5.7,67.681001571,6.7322655,74.0,201.1290322580645,26.0,0.23026315789473684,0.5868725868725869,0.41312741312741313,3.753623188405797
"Meneses, Joey",2024,0.319,0.097,0.373,0.417,0.348,0.321,0.245,23.0,72.0,89.2,6.3,6.0,68.800976159,6.895060366,74.0,201.1290322580645,32.0,0.2554347826086957,0.5242165242165242,0.4757834757834758,4.875
"Triolo, Jared",2023,0.319,0.106,0.4,0.426,0.392,0.358,0.269,15.0,47.0,88.4,13.3,7.6,68.37683044237907,7.1215685,74.0,201.1290322580645,25.0,0.25,0.4247787610619469,0.5752212389380531,4.808510638297872
"Nimmo, Brandon",2024,0.319,0.289,0.347,0.607,0.433,0.408,0.31,43.0,135.0,92.7,7.7,25.6,71.319496052,7.156970849,74.0,201.1290322580645,31.0,0.2206896551724138,0.4603174603174603,0.5396825396825397,4.666666666666667
"Profar, Jurickson",2020,0.318,0.182,0.316,0.5,0.375,0.336,0.255,14.0,44.0,84.5,14.7,1.9,68.37683044237907,7.1215685,74.0,201.1290322580645,27.0,0.23863636363636365,0.49162011173184356,0.5083798882681564,4.068181818181818
"Jones, JaCoby",2021,0.318,0.136,0.6,0.455,0.347,0.262,0.211,7.0,22.0,94.2,17.5,0.8,68.37683044237907,7.1215685,74.0,201.1290322580645,29.0,0.4090909090909091,0.55,0.45,3.6363636363636362
"Herrera, Jose",2024,0.318,0.045,0.389,0.364,0.331,0.311,0.277,7.0,22.0,79.5,5.9,0.4,62.772352708,6.678203333,74.0,201.1290322580645,27.0,0.25,0.4247787610619469,0.5752212389380531,5.136363636363637
"Altuve, Jose",2022,0.318,0.188,0.381,0.506,0.403,0.311,0.215,27.0,85.0,84.5,10.6,8.5,68.37683044237907,7.1215685,74.0,201.1290322580645,32.0,0.16265060240963855,0.4256410256410256,0.5743589743589743,4.588235294117647
"McNeil, Jeff",2023,0.318,0.147,0.328,0.465,0.374,0.342,0.291,41.0,129.0,83.9,13.1,14.1,68.37683044237907,7.1215685,74.0,201.1290322580645,31.0,0.1443661971830986,0.5612648221343873,0.43873517786561267,3.9224806201550386
"Freeman, Tyler",2023,0.317,0.146,0.375,0.463,0.35,0.356,0.309,13.0,41.0,81.4,2.9,1.2,68.37683044237907,7.1215685,74.0,201.1290322580645,24.0,0.1111111111111111,0.5328947368421053,0.46710526315789475,3.707317073170732
"Devers, Rafael",2020,0.317,0.333,0.341,0.65,0.422,0.37,0.284,19.0,60.0,94.6,10.4,4.7,68.37683044237907,7.1215685,74.0,201.1290322580645,23.0,0.32061068702290074,0.5527426160337553,0.4472573839662447,3.95
"Reynolds, Bryan",2024,0.317,0.19,0.362,0.508,0.383,0.383,0.287,40.0,126.0,91.6,8.8,11.7,69.885893821,6.76460748,74.0,201.1290322580645,29.0,0.28,0.507380073800738,0.492619926199262,4.301587301587301
"Contreras, Willson",2020,0.317,0.122,0.364,0.439,0.372,0.357,0.278,13.0,41.0,90.8,1.1,2.2,68.37683044237907,7.1215685,74.0,201.1290322580645,28.0,0.24742268041237114,0.49238578680203043,0.5076142131979695,4.804878048780488
"Mancini, Trey",2023,0.317,0.111,0.392,0.429,0.312,0.287,0.264,20.0,63.0,89.7,12.5,-2.0,68.37683044237907,7.1215685,74.0,201.1290322580645,31.0,0.27941176470588236,0.5596707818930041,0.4403292181069959,3.857142857142857
"Ohtani, Shohei",2023,0.317,0.287,0.357,0.604,0.41,0.379,0.274,32.0,101.0,90.9,7.9,9.5,68.37683044237907,7.1215685,74.0,201.1290322580645,28.0,0.3393665158371041,0.5274463007159904,0.47255369928400953,4.148514851485149
"Nimmo, Brandon",2022,0.317,0.24,0.333,0.558,0.409,0.352,0.263,33.0,104.0,87.7,12.9,20.9,68.37683044237907,7.1215685,74.0,201.1290322580645,29.0,0.2242152466367713,0.4704641350210971,0.5295358649789029,4.5576923076923075
"Benintendi, Andrew",2021,0.316,0.202,0.348,0.518,0.365,0.332,0.255,36.0,114.0,90.6,17.1,8.5,68.37683044237907,7.1215685,74.0,201.1290322580645,26.0,0.2593984962406015,0.5484536082474227,0.4515463917525773,4.254385964912281
"Vosler, Jason",2022,0.316,0.316,0.385,0.632,0.421,0.306,0.211,6.0,19.0,81.5,8.0,2.2,68.37683044237907,7.1215685,74.0,201.1290322580645,28.0,0.3902439024390244,0.4939759036144578,0.5060240963855421,4.368421052631579
"Dahl, David",2020,0.316,0.158,0.429,0.474,0.336,0.273,0.244,6.0,19.0,84.9,21.1,-0.1,68.37683044237907,7.1215685,74.0,201.1290322580645,26.0,0.3170731707317073,0.6029411764705882,0.39705882352941174,3.5789473684210527
"Henderson, Gunnar",2022,0.316,0.105,0.375,0.421,0.382,0.333,0.272,6.0,19.0,89.0,-8.8,1.8,68.37683044237907,7.1215685,74.0,201.1290322580645,21.0,0.1388888888888889,0.4235294117647059,0.5764705882352941,4.473684210526316
"Altuve, Jose",2023,0.316,0.211,0.357,0.526,0.402,0.313,0.225,24.0,76.0,84.2,15.0,10.2,68.37683044237907,7.1215685,74.0,201.1290322580645,33.0,0.21621621621621623,0.44047619047619047,0.5595238095238095,4.421052631578948
"Castro, Jason",2020,0.316,0.316,0.5,0.632,0.446,0.419,0.293,6.0,19.0,94.3,26.5,3.0,68.37683044237907,7.1215685,74.0,201.1290322580645,33.0,0.28205128205128205,0.3786407766990291,0.6213592233009708,5.421052631578948
"Cron, C.J.",2021,0.316,0.316,0.318,0.632,0.43,0.394,0.272,36.0,114.0,91.4,14.3,23.2,68.37683044237907,7.1215685,74.0,201.1290322580645,31.0,0.2857142857142857,0.49333333333333335,0.5066666666666667,4.605263157894737
"Gonzalez, Romy",2023,0.316,0.421,0.429,0.737,0.419,0.421,0.292,6.0,19.0,90.3,15.7,3.5,68.37683044237907,7.1215685,74.0,201.1290322580645,27.0,0.3333333333333333,0.5555555555555556,0.4444444444444444,4.2631578947368425
"Hernández, Enrique",2022,0.316,0.102,0.383,0.418,0.331,0.272,0.241,31.0,98.0,86.9,11.0,2.0,68.37683044237907,7.1215685,74.0,201.1290322580645,30.0,0.25773195876288657,0.5243243243243243,0.4756756756756757,3.7755102040816326
"Aranda, Jonathan",2023,0.316,0.263,0.357,0.579,0.388,0.265,0.197,6.0,19.0,90.2,-2.5,2.8,68.37683044237907,7.1215685,74.0,201.1290322580645,25.0,0.24444444444444444,0.4891304347826087,0.5108695652173914,4.842105263157895
"Bride, Jonah",2023,0.316,0.0,0.353,0.316,0.352,0.4,0.284,6.0,19.0,90.4,9.5,2.7,68.37683044237907,7.1215685,74.0,201.1290322580645,27.0,0.19047619047619047,0.3853211009174312,0.6146788990825688,5.7368421052631575
"Lopez, Nicky",2021,0.316,0.053,0.337,0.368,0.343,0.342,0.282,36.0,114.0,80.7,-1.5,1.9,68.37683044237907,7.1215685,74.0,201.1290322580645,26.0,0.12554112554112554,0.4520547945205479,0.547945205479452,4.482456140350878
"Stubbs, Garrett",2023,0.316,0.211,0.385,0.526,0.429,0.322,0.214,6.0,19.0,72.9,8.7,2.1,68.37683044237907,7.1215685,74.0,201.1290322580645,30.0,0.2549019607843137,0.45132743362831856,0.5486725663716814,5.947368421052632
"Voit, Luke",2020,0.315,0.463,0.273,0.778,0.464,0.451,0.321,17.0,54.0,88.7,25.5,11.1,68.37683044237907,7.1215685,74.0,201.1290322580645,29.0,0.24369747899159663,0.5,0.5,4.407407407407407
"Canha, Mark",2023,0.315,0.207,0.31,0.522,0.387,0.366,0.28,29.0,92.0,87.3,12.8,13.4,68.37683044237907,7.1215685,74.0,201.1290322580645,34.0,0.14795918367346939,0.44646924829157175,0.5535307517084282,4.771739130434782
"Ortega, Rafael",2021,0.315,0.278,0.342,0.593,0.417,0.342,0.262,17.0,54.0,82.9,19.5,7.5,68.37683044237907,7.1215685,74.0,201.1290322580645,30.0,0.24390243902439024,0.5103734439834025,0.4896265560165975,4.462962962962963
"Guerrero Jr., Vladimir",2021,0.315,0.294,0.312,0.608,0.43,0.416,0.311,45.0,143.0,93.6,11.4,23.2,68.37683044237907,7.1215685,74.0,201.1290322580645,22.0,0.28903654485049834,0.5050335570469798,0.4949664429530201,4.1678321678321675
"Smith, Josh",2024,0.315,0.145,0.385,0.46,0.378,0.338,0.254,39.0,124.0,88.0,14.1,12.3,67.182035165,6.591592381,74.0,201.1290322580645,26.0,0.26785714285714285,0.4903677758318739,0.5096322241681261,4.604838709677419
"Jeffers, Ryan",2022,0.315,0.222,0.368,0.537,0.398,0.37,0.282,17.0,54.0,86.6,8.2,2.7,68.37683044237907,7.1215685,74.0,201.1290322580645,25.0,0.22641509433962265,0.4930232558139535,0.5069767441860465,3.9814814814814814
"Acuña Jr., Ronald",2023,0.315,0.226,0.301,0.54,0.404,0.447,0.325,39.0,124.0,94.4,5.8,17.1,68.37683044237907,7.1215685,74.0,201.1290322580645,25.0,0.168,0.44642857142857145,0.5535714285714286,4.516129032258065
"Castro, Harold",2022,0.315,0.045,0.373,0.36,0.293,0.279,0.275,28.0,89.0,84.7,8.0,3.0,68.37683044237907,7.1215685,74.0,201.1290322580645,28.0,0.20588235294117646,0.6017699115044248,0.39823008849557523,3.808988764044944
"Trejo, Alan",2022,0.314,0.114,0.5,0.429,0.342,0.317,0.26,11.0,35.0,89.4,16.5,2.0,68.37683044237907,7.1215685,74.0,201.1290322580645,26.0,0.325,0.5555555555555556,0.4444444444444444,4.114285714285714
"García, Adolis",2022,0.314,0.256,0.345,0.571,0.384,0.342,0.264,49.0,156.0,91.8,13.7,13.6,68.37683044237907,7.1215685,74.0,201.1290322580645,29.0,0.29775280898876405,0.5369532428355958,0.46304675716440424,4.25
"Alvarez, Yordan",2022,0.314,0.178,0.344,0.492,0.379,0.447,0.342,37.0,118.0,94.5,14.7,8.1,68.37683044237907,7.1215685,74.0,201.1290322580645,25.0,0.2711864406779661,0.43947858472998136,0.5605214152700186,4.5508474576271185
"Contreras, Willson",2023,0.314,0.245,0.403,0.559,0.417,0.397,0.28,32.0,102.0,89.6,7.2,11.2,68.37683044237907,7.1215685,74.0,201.1290322580645,31.0,0.2885375494071146,0.4990138067061144,0.5009861932938856,4.970588235294118
"Encarnacion-Strand, Christian",2023,0.314,0.235,0.364,0.549,0.429,0.4,0.281,16.0,51.0,90.6,22.6,6.6,68.37683044237907,7.1215685,74.0,201.1290322580645,23.0,0.29914529914529914,0.4854771784232365,0.5145228215767634,4.7254901960784315
"Ohtani, Shohei",2022,0.314,0.461,0.282,0.775,0.468,0.453,0.308,32.0,102.0,94.3,12.6,14.5,68.37683044237907,7.1215685,74.0,201.1290322580645,27.0,0.24434389140271492,0.5609137055837563,0.43908629441624364,3.8627450980392157
"Myers, Wil",2022,0.314,0.186,0.392,0.5,0.366,0.33,0.255,22.0,70.0,86.5,15.4,3.4,68.37683044237907,7.1215685,74.0,201.1290322580645,31.0,0.3092105263157895,0.5033112582781457,0.4966887417218543,4.314285714285714
"García Jr., Luis",2022,0.314,0.105,0.338,0.419,0.324,0.315,0.252,27.0,86.0,86.6,9.1,-0.2,68.37683044237907,7.1215685,74.0,201.1290322580645,22.0,0.2543352601156069,0.6313868613138686,0.3686131386861314,3.186046511627907
"Aguilar, Jesús",2020,0.314,0.157,0.357,0.471,0.347,0.323,0.279,16.0,51.0,89.0,19.0,3.4,68.37683044237907,7.1215685,74.0,201.1290322580645,30.0,0.2204724409448819,0.508,0.492,4.901960784313726
"Madrigal, Nick",2021,0.313,0.146,0.341,0.458,0.341,0.299,0.28,15.0,48.0,83.3,1.8,2.2,68.37683044237907,7.1215685,74.0,201.1290322580645,24.0,0.08163265306122448,0.5212765957446809,0.4787234042553192,3.9166666666666665
"Rojas, Johan",2024,0.313,0.071,0.38,0.384,0.326,0.292,0.275,31.0,99.0,81.1,3.0,2.2,66.606406263,6.983134789,74.0,201.1290322580645,23.0,0.2549019607843137,0.504950495049505,0.49504950495049505,4.08080808080808
"Urías, Julio",2021,0.313,0.125,0.385,0.438,0.344,0.252,0.206,5.0,16.0,70.2,-0.3,0.5,68.37683044237907,7.1215685,74.0,201.1290322580645,24.0,0.1956521739130435,0.6764705882352942,0.3235294117647059,4.25
"Haggerty, Sam",2022,0.313,0.125,0.417,0.438,0.345,0.248,0.209,15.0,48.0,83.2,13.0,0.8,68.37683044237907,7.1215685,74.0,201.1290322580645,28.0,0.2765957446808511,0.5081081081081081,0.4918918918918919,3.8541666666666665
"Wendle, Joey",2022,0.313,0.109,0.333,0.422,0.326,0.275,0.259,20.0,64.0,86.5,-2.5,3.8,68.37683044237907,7.1215685,74.0,201.1290322580645,32.0,0.1773049645390071,0.5826446280991735,0.41735537190082644,3.78125
"Florial, Estevan",2023,0.313,0.125,0.417,0.438,0.379,0.404,0.32,5.0,16.0,88.0,21.4,0.6,68.37683044237907,7.1215685,74.0,201.1290322580645,25.0,0.32432432432432434,0.49333333333333335,0.5066666666666667,4.6875
"Ward, Taylor",2022,0.313,0.25,0.316,0.563,0.411,0.433,0.294,30.0,96.0,90.5,19.2,11.5,68.37683044237907,7.1215685,74.0,201.1290322580645,28.0,0.20207253886010362,0.3867735470941884,0.6132264529058116,5.197916666666667
"Mejía, Francisco",2021,0.313,0.229,0.333,0.542,0.371,0.312,0.257,15.0,48.0,86.1,22.8,6.1,68.37683044237907,7.1215685,74.0,201.1290322580645,25.0,0.21428571428571427,0.6222222222222222,0.37777777777777777,3.75
"Stanton, Giancarlo",2020,0.313,0.188,0.571,0.5,0.384,0.397,0.314,5.0,16.0,103.7,7.3,2.5,68.37683044237907,7.1215685,74.0,201.1290322580645,30.0,0.3448275862068966,0.3670886075949367,0.6329113924050633,4.9375
"Riley, Austin",2021,0.313,0.175,0.37,0.487,0.361,0.349,0.285,50.0,160.0,90.2,19.0,9.0,68.37683044237907,7.1215685,74.0,201.1290322580645,24.0,0.2923497267759563,0.5266187050359712,0.47338129496402875,4.34375
"Marte, Starling",2024,0.313,0.15,0.4,0.463,0.356,0.344,0.307,25.0,80.0,88.5,5.0,6.9,69.125652587,7.033696364,74.0,201.1290322580645,35.0,0.2709677419354839,0.48742138364779874,0.5125786163522013,3.975
"Perdomo, Geraldo",2023,0.313,0.219,0.329,0.531,0.399,0.319,0.249,30.0,96.0,78.3,11.9,10.8,68.37683044237907,7.1215685,74.0,201.1290322580645,23.0,0.1278538812785388,0.4669509594882729,0.5330490405117271,4.885416666666667
"Smith Jr., Dwight",2020,0.313,0.25,0.364,0.563,0.382,0.251,0.169,5.0,16.0,85.7,13.6,0.3,68.37683044237907,7.1215685,74.0,201.1290322580645,27.0,0.2222222222222222,0.4153846153846154,0.5846153846153846,4.0625
"Yelich, Christian",2023,0.313,0.2,0.357,0.513,0.383,0.356,0.278,36.0,115.0,92.2,1.4,13.2,68.37683044237907,7.1215685,74.0,201.1290322580645,31.0,0.2465753424657534,0.4487704918032787,0.5512295081967213,4.243478260869566
"Ríos, Edwin",2020,0.313,0.25,0.333,0.563,0.4,0.384,0.292,5.0,16.0,91.5,14.2,0.0,68.37683044237907,7.1215685,74.0,201.1290322580645,26.0,0.34146341463414637,0.5256410256410257,0.47435897435897434,4.875
"Senzel, Nick",2020,0.313,0.375,0.308,0.688,0.387,0.378,0.318,5.0,16.0,89.9,19.3,-0.6,68.37683044237907,7.1215685,74.0,201.1290322580645,25.0,0.22580645161290322,0.6078431372549019,0.39215686274509803,3.1875
"Ramírez, Harold",2022,0.312,0.088,0.339,0.4,0.32,0.327,0.302,39.0,125.0,89.5,0.1,6.0,68.37683044237907,7.1215685,74.0,201.1290322580645,27.0,0.23577235772357724,0.5899280575539568,0.41007194244604317,3.336
"Steer, Spencer",2024,0.312,0.299,0.348,0.61,0.417,0.363,0.282,48.0,154.0,89.3,17.5,28.6,69.611601045,7.270963902,74.0,201.1290322580645,26.0,0.22149837133550487,0.47523219814241485,0.5247678018575851,4.194805194805195
"Báez, Javier",2023,0.312,0.156,0.36,0.468,0.354,0.335,0.286,34.0,109.0,88.7,10.1,10.9,68.37683044237907,7.1215685,74.0,201.1290322580645,30.0,0.32661290322580644,0.5918854415274463,0.4081145584725537,3.8440366972477062
"García Jr., Luis",2024,0.312,0.234,0.327,0.546,0.378,0.347,0.284,44.0,141.0,87.2,9.3,15.6,69.355333065,7.214447778,74.0,201.1290322580645,24.0,0.22419928825622776,0.5372848948374761,0.4627151051625239,3.7092198581560285
"Belt, Brandon",2021,0.311,0.324,0.372,0.635,0.443,0.373,0.214,23.0,74.0,88.4,19.8,10.5,68.37683044237907,7.1215685,74.0,201.1290322580645,33.0,0.28342245989304815,0.4960212201591512,0.5039787798408488,5.094594594594595
"Bregman, Alex",2022,0.311,0.267,0.297,0.578,0.415,0.418,0.305,42.0,135.0,88.4,19.3,20.2,68.37683044237907,7.1215685,74.0,201.1290322580645,28.0,0.15770609318996415,0.40493468795355586,0.5950653120464441,5.103703703703704
"Gamel, Ben",2022,0.311,0.27,0.358,0.581,0.449,0.402,0.277,23.0,74.0,90.5,15.9,13.4,68.37683044237907,7.1215685,74.0,201.1290322580645,30.0,0.19883040935672514,0.41007194244604317,0.5899280575539568,5.635135135135135
"Taylor, Tyrone",2022,0.311,0.243,0.367,0.554,0.381,0.351,0.288,23.0,74.0,91.0,17.8,7.2,68.37683044237907,7.1215685,74.0,201.1290322580645,28.0,0.32919254658385094,0.5348837209302325,0.46511627906976744,4.0675675675675675
"Machado, Manny",2024,0.311,0.236,0.339,0.547,0.373,0.364,0.295,50.0,161.0,92.8,9.5,9.9,73.464245,7.726207704,74.0,201.1290322580645,31.0,0.2680115273775216,0.5338461538461539,0.46615384615384614,4.037267080745342
"Contreras, William",2024,0.31,0.222,0.361,0.532,0.398,0.374,0.271,49.0,158.0,94.1,7.1,16.1,72.450784207,7.207599817,74.0,201.1290322580645,26.0,0.2672413793103448,0.48467966573816157,0.5153203342618384,4.544303797468355
"Tucker, Kyle",2024,0.31,0.19,0.348,0.5,0.41,0.363,0.258,18.0,58.0,91.6,21.9,6.5,71.445112062,7.481193299,74.0,201.1290322580645,27.0,0.16666666666666666,0.38434163701067614,0.6156583629893239,4.844827586206897
"Frazier, Clint",2020,0.31,0.276,0.35,0.586,0.458,0.432,0.292,9.0,29.0,89.8,20.6,9.3,68.37683044237907,7.1215685,74.0,201.1290322580645,25.0,0.29508196721311475,0.3388888888888889,0.6611111111111111,6.206896551724138
"Kirilloff, Alex",2021,0.31,0.155,0.364,0.466,0.337,0.389,0.305,18.0,58.0,88.6,6.4,1.8,68.37683044237907,7.1215685,74.0,201.1290322580645,23.0,0.2631578947368421,0.5708154506437768,0.4291845493562232,4.017241379310345
"Votto, Joey",2021,0.31,0.328,0.333,0.638,0.422,0.401,0.295,36.0,116.0,91.7,19.2,18.2,68.37683044237907,7.1215685,75.0,200.0,37.0,0.3192307692307692,0.45774647887323944,0.5422535211267606,4.896551724137931
"White, Evan",2020,0.31,0.357,0.36,0.667,0.42,0.402,0.284,13.0,42.0,92.0,12.1,5.6,68.37683044237907,7.1215685,74.0,201.1290322580645,24.0,0.3300970873786408,0.4881516587677725,0.5118483412322274,5.023809523809524
"Urías, Luis",2023,0.31,0.31,0.333,0.621,0.45,0.375,0.228,9.0,29.0,88.5,9.9,7.4,68.37683044237907,7.1215685,74.0,201.1290322580645,26.0,0.24242424242424243,0.4370860927152318,0.5629139072847682,5.206896551724138
"McCormick, Chas",2021,0.31,0.207,0.356,0.517,0.367,0.346,0.228,18.0,58.0,91.1,21.7,5.7,68.37683044237907,7.1215685,74.0,201.1290322580645,26.0,0.34838709677419355,0.484375,0.515625,5.517241379310345
"Ramos, Heliot",2024,0.31,0.147,0.372,0.457,0.345,0.331,0.257,36.0,116.0,89.5,6.0,7.1,73.911439741,6.849742845,74.0,201.1290322580645,24.0,0.3067226890756303,0.5253863134657837,0.4746136865342163,3.9051724137931036
"Marsh, Brandon",2023,0.31,0.18,0.412,0.49,0.384,0.335,0.239,31.0,100.0,90.4,12.2,12.2,68.37683044237907,7.1215685,74.0,201.1290322580645,25.0,0.22272727272727272,0.421455938697318,0.578544061302682,5.22
"Donovan, Brendan",2023,0.31,0.241,0.311,0.552,0.423,0.46,0.346,18.0,58.0,90.3,9.9,6.5,68.37683044237907,7.1215685,74.0,201.1290322580645,26.0,0.15079365079365079,0.4064516129032258,0.5935483870967742,5.344827586206897
"González, Luis",2022,0.309,0.088,0.385,0.397,0.34,0.292,0.236,21.0,68.0,85.0,12.1,2.2,68.37683044237907,7.1215685,74.0,201.1290322580645,26.0,0.23952095808383234,0.46518105849582175,0.5348189415041783,5.279411764705882
"Giménez, Andrés",2024,0.309,0.106,0.333,0.415,0.324,0.326,0.297,38.0,123.0,85.1,9.5,3.4,67.165353092,7.030622863,74.0,201.1290322580645,25.0,0.23809523809523808,0.5610687022900763,0.4389312977099237,4.260162601626016
"Cron, C.J.",2022,0.309,0.257,0.339,0.566,0.387,0.362,0.288,47.0,152.0,90.4,14.8,9.0,68.37683044237907,7.1215685,74.0,201.1290322580645,32.0,0.21875,0.5325264750378215,0.46747352496217853,4.348684210526316
"Schwarber, Kyle",2021,0.309,0.32,0.339,0.629,0.44,0.435,0.292,30.0,97.0,90.7,11.5,13.8,68.37683044237907,7.1215685,74.0,201.1290322580645,28.0,0.28703703703703703,0.4444444444444444,0.5555555555555556,5.010309278350515
"Naylor, Josh",2022,0.309,0.276,0.296,0.585,0.405,0.355,0.266,38.0,123.0,90.4,12.5,17.1,68.37683044237907,7.1215685,74.0,201.1290322580645,25.0,0.1744186046511628,0.5098814229249012,0.4901185770750988,4.1138211382113825
"Urías, Ramón",2023,0.309,0.117,0.446,0.426,0.348,0.308,0.244,29.0,94.0,87.8,8.1,7.8,68.37683044237907,7.1215685,74.0,201.1290322580645,29.0,0.30569948186528495,0.5188172043010753,0.48118279569892475,3.9574468085106385
"McNeil, Jeff",2020,0.308,0.179,0.314,0.487,0.33,0.307,0.267,12.0,39.0,86.9,19.8,0.5,68.37683044237907,7.1215685,74.0,201.1290322580645,28.0,0.16831683168316833,0.5706214689265536,0.4293785310734463,4.538461538461538
"Yoshida, Masataka",2024,0.308,0.11,0.317,0.418,0.361,0.361,0.278,28.0,91.0,87.0,9.3,7.3,70.369109146,7.327315305,74.0,201.1290322580645,30.0,0.12222222222222222,0.4864864864864865,0.5135135135135135,4.065934065934066
"Farmer, Kyle",2022,0.308,0.15,0.318,0.458,0.351,0.342,0.303,37.0,120.0,84.7,10.5,9.7,68.37683044237907,7.1215685,74.0,201.1290322580645,31.0,0.17938931297709923,0.5303643724696356,0.46963562753036436,4.116666666666666
"Webb, Logan",2021,0.308,0.462,0.375,0.769,0.456,0.351,0.25,4.0,13.0,90.9,5.6,1.8,68.37683044237907,7.1215685,74.0,201.1290322580645,24.0,0.20689655172413793,0.6170212765957447,0.3829787234042553,3.6153846153846154
"Jankowski, Travis",2021,0.308,0.269,0.412,0.577,0.451,0.361,0.24,8.0,26.0,78.7,2.7,6.1,68.37683044237907,7.1215685,74.0,201.1290322580645,30.0,0.21311475409836064,0.41216216216216217,0.5878378378378378,5.6923076923076925
"Dubón, Mauricio",2024,0.308,0.112,0.316,0.421,0.304,0.277,0.269,33.0,107.0,84.8,11.4,0.6,66.492081137,7.483667583,74.0,201.1290322580645,29.0,0.1762114537444934,0.6151761517615176,0.38482384823848237,3.4485981308411215
"Jansen, Danny",2022,0.308,0.327,0.268,0.635,0.405,0.437,0.317,16.0,52.0,88.9,26.0,6.0,68.37683044237907,7.1215685,74.0,201.1290322580645,27.0,0.2037037037037037,0.463519313304721,0.5364806866952789,4.480769230769231
"Maton, Nick",2021,0.308,0.154,0.4,0.462,0.313,0.257,0.263,8.0,26.0,82.6,7.5,1.9,68.37683044237907,7.1215685,74.0,201.1290322580645,24.0,0.2786885245901639,0.6421052631578947,0.35789473684210527,3.6538461538461537
"Adames, Willy",2020,0.308,0.308,0.471,0.615,0.448,0.399,0.262,12.0,39.0,89.1,13.9,4.1,68.37683044237907,7.1215685,74.0,201.1290322580645,24.0,0.4606741573033708,0.4158878504672897,0.5841121495327103,5.487179487179487
"Fletcher, Dominic",2023,0.308,0.346,0.3,0.654,0.419,0.319,0.249,8.0,26.0,84.1,4.5,4.5,68.37683044237907,7.1215685,74.0,201.1290322580645,25.0,0.22807017543859648,0.5327102803738317,0.4672897196261682,4.115384615384615
"Peraza, José",2021,0.308,0.231,0.318,0.538,0.43,0.362,0.261,8.0,26.0,88.3,16.9,7.4,68.37683044237907,7.1215685,74.0,201.1290322580645,27.0,0.16,0.47619047619047616,0.5238095238095238,4.038461538461538
"Ahmed, Nick",2020,0.308,0.288,0.342,0.596,0.423,0.406,0.316,16.0,52.0,86.9,12.6,5.6,68.37683044237907,7.1215685,74.0,201.1290322580645,30.0,0.29292929292929293,0.46261682242990654,0.5373831775700935,4.115384615384615
"Araúz, Jonathan",2023,0.308,0.462,0.286,0.769,0.491,0.369,0.217,4.0,13.0,84.2,13.4,3.4,68.37683044237907,7.1215685,74.0,201.1290322580645,24.0,0.2608695652173913,0.3382352941176471,0.6617647058823529,5.230769230769231
"Seager, Kyle",2021,0.308,0.336,0.33,0.643,0.413,0.341,0.237,44.0,143.0,89.4,15.1,20.2,68.37683044237907,7.1215685,74.0,201.1290322580645,33.0,0.29936305732484075,0.5198675496688742,0.48013245033112584,4.223776223776224
"Báez, Javier",2024,0.308,0.262,0.333,0.569,0.364,0.345,0.294,20.0,65.0,91.5,10.1,3.8,73.386891811,8.566584803,74.0,201.1290322580645,31.0,0.27007299270072993,0.548,0.452,3.8461538461538463
"Raley, Luke",2024,0.308,0.22,0.414,0.527,0.399,0.359,0.252,28.0,91.0,86.0,7.4,5.1,73.405052488,7.204696411,74.0,201.1290322580645,29.0,0.3108108108108108,0.5174825174825175,0.4825174825174825,4.714285714285714
"Gurriel, Yuli",2024,0.308,0.0,0.333,0.308,0.263,0.37,0.358,4.0,13.0,90.7,7.0,0.2,71.44759,7.954027241,74.0,201.1290322580645,40.0,0.2413793103448276,0.4603174603174603,0.5396825396825397,4.846153846153846
"Goldschmidt, Paul",2022,0.308,0.248,0.333,0.556,0.416,0.39,0.269,36.0,117.0,91.3,12.7,23.9,68.37683044237907,7.1215685,74.0,201.1290322580645,34.0,0.24279835390946503,0.4084033613445378,0.5915966386554622,5.085470085470085
"Albies, Ozzie",2021,0.307,0.3,0.286,0.607,0.391,0.365,0.281,43.0,140.0,90.4,24.9,10.5,68.37683044237907,7.1215685,74.0,201.1290322580645,24.0,0.20718232044198895,0.5691823899371069,0.4308176100628931,4.542857142857143
"Pollock, AJ",2021,0.307,0.168,0.394,0.475,0.37,0.335,0.25,31.0,101.0,90.8,9.2,10.9,68.37683044237907,7.1215685,74.0,201.1290322580645,33.0,0.2930232558139535,0.489749430523918,0.510250569476082,4.346534653465347
"d'Arnaud, Travis",2022,0.307,0.295,0.308,0.602,0.419,0.331,0.241,27.0,88.0,86.0,5.6,14.2,68.37683044237907,7.1215685,74.0,201.1290322580645,33.0,0.22905027932960895,0.5264705882352941,0.47352941176470587,3.8636363636363638
"Grichuk, Randal",2020,0.306,0.258,0.298,0.565,0.378,0.387,0.3,19.0,62.0,87.0,11.5,8.5,68.37683044237907,7.1215685,74.0,201.1290322580645,28.0,0.2184873949579832,0.5288888888888889,0.4711111111111111,3.629032258064516
"Rojas, Miguel",2021,0.306,0.092,0.326,0.398,0.34,0.319,0.277,30.0,98.0,84.9,8.5,4.3,68.37683044237907,7.1215685,74.0,201.1290322580645,32.0,0.16759776536312848,0.4419753086419753,0.5580246913580247,4.13265306122449
"Romine, Austin",2020,0.306,0.083,0.423,0.389,0.302,0.262,0.25,11.0,36.0,86.0,-3.0,-1.5,68.37683044237907,7.1215685,74.0,201.1290322580645,31.0,0.27631578947368424,0.5507246376811594,0.4492753623188406,3.8333333333333335
"Gurriel Jr., Lourdes",2020,0.306,0.102,0.359,0.408,0.317,0.294,0.257,15.0,49.0,90.3,8.7,2.3,68.37683044237907,7.1215685,74.0,201.1290322580645,26.0,0.25806451612903225,0.5138121546961326,0.4861878453038674,3.693877551020408
"Abrams, CJ",2022,0.306,0.113,0.353,0.419,0.322,0.276,0.246,19.0,62.0,85.2,-2.1,2.5,68.37683044237907,7.1215685,74.0,201.1290322580645,21.0,0.2,0.6081081081081081,0.3918918918918919,3.5806451612903225
"Renfroe, Hunter",2024,0.306,0.181,0.357,0.486,0.373,0.31,0.257,22.0,72.0,86.7,14.1,9.9,73.622541129,7.540377823,74.0,201.1290322580645,32.0,0.25,0.46735395189003437,0.5326460481099656,4.041666666666667
"Garver, Mitch",2023,0.306,0.264,0.333,0.569,0.415,0.346,0.241,22.0,72.0,91.3,20.3,16.1,68.37683044237907,7.1215685,74.0,201.1290322580645,32.0,0.17763157894736842,0.41530054644808745,0.5846994535519126,5.083333333333333
"Kwan, Steven",2022,0.306,0.174,0.324,0.479,0.369,0.312,0.254,37.0,121.0,85.8,10.1,6.7,68.37683044237907,7.1215685,74.0,201.1290322580645,24.0,0.08558558558558559,0.392226148409894,0.607773851590106,4.677685950413223
"Murphy, Sean",2023,0.306,0.282,0.328,0.588,0.441,0.432,0.303,26.0,85.0,95.1,7.7,14.9,68.37683044237907,7.1215685,74.0,201.1290322580645,28.0,0.24615384615384617,0.4721549636803874,0.5278450363196125,4.858823529411764
"Marsh, Brandon",2022,0.306,0.143,0.38,0.449,0.334,0.301,0.249,30.0,98.0,83.8,8.5,4.3,68.37683044237907,7.1215685,74.0,201.1290322580645,24.0,0.2552083333333333,0.518918918918919,0.4810810810810811,3.7755102040816326
"La Stella, Tommy",2020,0.306,0.111,0.314,0.417,0.363,0.294,0.2,11.0,36.0,84.2,14.1,2.1,68.37683044237907,7.1215685,74.0,201.1290322580645,31.0,0.10526315789473684,0.36893203883495146,0.6310679611650486,5.722222222222222
"Dickerson, Corey",2022,0.306,0.167,0.288,0.472,0.349,0.321,0.284,22.0,72.0,87.6,8.1,6.0,68.37683044237907,7.1215685,74.0,201.1290322580645,33.0,0.17307692307692307,0.5842696629213483,0.4157303370786517,3.7083333333333335
"Yelich, Christian",2021,0.305,0.159,0.338,0.463,0.384,0.389,0.3,25.0,82.0,88.9,-2.1,4.3,68.37683044237907,7.1215685,74.0,201.1290322580645,29.0,0.24705882352941178,0.40963855421686746,0.5903614457831325,5.060975609756097
"Lowe, Nathaniel",2021,0.305,0.214,0.354,0.519,0.381,0.361,0.267,40.0,131.0,93.0,5.6,16.9,68.37683044237907,7.1215685,74.0,201.1290322580645,25.0,0.21070234113712374,0.4901639344262295,0.5098360655737705,4.656488549618321
"Fraley, Jake",2023,0.305,0.257,0.313,0.562,0.403,0.353,0.284,32.0,105.0,83.2,15.7,9.1,68.37683044237907,7.1215685,74.0,201.1290322580645,28.0,0.23265306122448978,0.5384615384615384,0.46153846153846156,4.333333333333333
"Santander, Anthony",2023,0.305,0.242,0.333,0.547,0.383,0.352,0.267,39.0,128.0,90.4,17.2,14.4,68.37683044237907,7.1215685,74.0,201.1290322580645,28.0,0.2085889570552147,0.5292207792207793,0.4707792207792208,4.8125
"Acuña Jr., Ronald",2022,0.305,0.085,0.407,0.39,0.338,0.296,0.229,25.0,82.0,89.8,10.9,4.0,68.37683044237907,7.1215685,74.0,201.1290322580645,24.0,0.30319148936170215,0.48081841432225064,0.5191815856777494,4.7682926829268295
"Castellanos, Nick",2021,0.305,0.29,0.3,0.595,0.37,0.354,0.293,40.0,131.0,88.1,12.9,7.1,68.37683044237907,7.1215685,74.0,201.1290322580645,29.0,0.2876712328767123,0.5887096774193549,0.4112903225806452,3.786259541984733
"Santana, Danny",2021,0.304,0.217,0.333,0.522,0.388,0.263,0.203,7.0,23.0,84.3,11.0,5.6,68.37683044237907,7.1215685,74.0,201.1290322580645,30.0,0.3137254901960784,0.5425531914893617,0.4574468085106383,4.086956521739131
"Vázquez, Christian",2022,0.304,0.104,0.363,0.409,0.324,0.276,0.241,35.0,115.0,87.2,12.4,5.2,68.37683044237907,7.1215685,74.0,201.1290322580645,31.0,0.1810344827586207,0.47346938775510206,0.5265306122448979,4.260869565217392
"Akiyama, Shogo",2020,0.304,0.0,0.389,0.304,0.37,0.326,0.225,7.0,23.0,87.0,-0.8,1.5,68.37683044237907,7.1215685,74.0,201.1290322580645,32.0,0.1774193548387097,0.4696969696969697,0.5303030303030303,5.739130434782608
"García, Leury",2021,0.304,0.17,0.379,0.473,0.357,0.286,0.236,34.0,112.0,80.9,1.7,-0.3,68.37683044237907,7.1215685,74.0,201.1290322580645,30.0,0.23904382470119523,0.5653153153153153,0.4346846846846847,3.9642857142857144
"Piscotty, Stephen",2020,0.304,0.283,0.344,0.587,0.377,0.329,0.272,14.0,46.0,88.9,14.7,7.9,68.37683044237907,7.1215685,74.0,201.1290322580645,29.0,0.28421052631578947,0.6375838926174496,0.3624161073825503,3.239130434782609
"Fraley, Jake",2021,0.304,0.239,0.344,0.543,0.434,0.402,0.238,14.0,46.0,81.7,12.0,11.0,68.37683044237907,7.1215685,74.0,201.1290322580645,26.0,0.31958762886597936,0.36466165413533835,0.6353383458646616,5.782608695652174
"Stallings, Jacob",2024,0.304,0.261,0.37,0.565,0.412,0.36,0.273,21.0,69.0,84.9,9.9,7.3,65.619032897,6.989613034,74.0,201.1290322580645,34.0,0.2733333333333333,0.45871559633027525,0.5412844036697247,4.739130434782608
"Wade, Tyler",2021,0.304,0.043,0.467,0.348,0.356,0.259,0.174,7.0,23.0,79.7,8.9,0.3,68.37683044237907,7.1215685,74.0,201.1290322580645,26.0,0.18181818181818182,0.4198473282442748,0.5801526717557252,5.695652173913044
"Bader, Harrison",2022,0.304,0.145,0.396,0.449,0.341,0.285,0.244,21.0,69.0,85.9,18.2,1.8,68.37683044237907,7.1215685,74.0,201.1290322580645,28.0,0.2463768115942029,0.5307692307692308,0.46923076923076923,3.7681159420289854
"Tauchman, Mike",2020,0.304,0.13,0.368,0.435,0.346,0.335,0.319,7.0,23.0,81.5,17.3,3.0,68.37683044237907,7.1215685,74.0,201.1290322580645,29.0,0.296875,0.48484848484848486,0.5151515151515151,5.739130434782608
"Holt, Brock",2021,0.304,0.071,0.386,0.375,0.326,0.284,0.243,17.0,56.0,85.6,15.8,2.2,68.37683044237907,7.1215685,74.0,201.1290322580645,33.0,0.2336448598130841,0.4885844748858447,0.5114155251141552,3.9107142857142856
"Call, Alex",2022,0.304,0.348,0.313,0.652,0.456,0.293,0.176,7.0,23.0,89.5,15.5,3.2,68.37683044237907,7.1215685,74.0,201.1290322580645,27.0,0.25925925925925924,0.46956521739130436,0.5304347826086957,5.0
"Kemp, Tony",2021,0.304,0.188,0.305,0.493,0.382,0.358,0.293,21.0,69.0,83.8,15.1,6.7,68.37683044237907,7.1215685,74.0,201.1290322580645,29.0,0.189873417721519,0.46607669616519176,0.5309734513274337,4.913043478260869
"Wong, Kolten",2021,0.304,0.203,0.338,0.506,0.362,0.278,0.232,24.0,79.0,86.6,14.3,4.1,68.37683044237907,7.1215685,74.0,201.1290322580645,30.0,0.20930232558139536,0.5358255451713395,0.46417445482866043,4.063291139240507
"Wagner, Will",2024,0.304,0.087,0.368,0.391,0.346,0.354,0.296,7.0,23.0,89.7,-0.9,3.3,67.329555,6.315248913,74.0,201.1290322580645,25.0,0.22916666666666666,0.46601941747572817,0.5339805825242718,4.478260869565218
"Smith, Will",2023,0.303,0.141,0.325,0.444,0.359,0.363,0.27,43.0,142.0,88.4,16.0,6.2,68.37683044237907,7.1215685,74.0,201.1290322580645,28.0,0.1836734693877551,0.4797202797202797,0.5202797202797202,5.035211267605634
"Lowe, Brandon",2023,0.303,0.174,0.384,0.477,0.365,0.31,0.232,33.0,109.0,90.8,16.1,10.8,68.37683044237907,7.1215685,74.0,201.1290322580645,28.0,0.31153846153846154,0.5405405405405406,0.4594594594594595,4.412844036697248
"Gurriel Jr., Lourdes",2024,0.303,0.141,0.333,0.444,0.332,0.352,0.314,43.0,142.0,89.5,16.2,1.7,68.557561128,7.450471984,74.0,201.1290322580645,30.0,0.20284697508896798,0.5435203094777563,0.4564796905222437,3.640845070422535
"Ramírez, José",2021,0.303,0.268,0.27,0.57,0.385,0.385,0.305,43.0,142.0,88.7,17.9,13.6,68.37683044237907,7.1215685,74.0,201.1290322580645,28.0,0.12422360248447205,0.4992248062015504,0.5007751937984496,4.542253521126761
"Semien, Marcus",2024,0.303,0.185,0.33,0.487,0.383,0.37,0.302,36.0,119.0,87.4,15.7,12.2,65.768222137,7.582209153,74.0,201.1290322580645,33.0,0.1948529411764706,0.5354330708661418,0.4645669291338583,4.26890756302521
"Tucker, Kyle",2022,0.303,0.255,0.327,0.559,0.391,0.356,0.267,44.0,145.0,89.8,18.8,18.9,68.37683044237907,7.1215685,74.0,201.1290322580645,25.0,0.2188449848024316,0.5447019867549668,0.4552980132450331,4.165517241379311
"Burger, Jake",2024,0.303,0.126,0.372,0.429,0.35,0.327,0.25,36.0,119.0,91.5,11.5,6.6,73.557540688,7.309790138,74.0,201.1290322580645,28.0,0.2669491525423729,0.5042735042735043,0.49572649572649574,3.9327731092436973
"Pujols, Albert",2022,0.303,0.382,0.233,0.684,0.424,0.422,0.285,23.0,76.0,91.8,18.1,14.0,68.37683044237907,7.1215685,75.0,225.0,42.0,0.19576719576719576,0.5192307692307693,0.4807692307692308,4.7894736842105265
"France, Ty",2022,0.303,0.172,0.323,0.475,0.35,0.32,0.264,37.0,122.0,90.4,10.4,11.1,68.37683044237907,7.1215685,74.0,201.1290322580645,27.0,0.21153846153846154,0.5371900826446281,0.4628099173553719,3.9672131147540983
"Sogard, Eric",2020,0.303,0.061,0.323,0.364,0.325,0.374,0.357,10.0,33.0,85.6,16.2,-0.6,68.37683044237907,7.1215685,74.0,201.1290322580645,34.0,0.019230769230769232,0.37681159420289856,0.6231884057971014,4.181818181818182
"Carpenter, Kerry",2023,0.303,0.193,0.365,0.495,0.372,0.354,0.265,33.0,109.0,89.5,13.8,9.9,68.37683044237907,7.1215685,74.0,201.1290322580645,25.0,0.291497975708502,0.5464601769911505,0.45353982300884954,4.146788990825688
"Moniak, Mickey",2023,0.303,0.227,0.405,0.53,0.377,0.36,0.284,20.0,66.0,86.3,11.1,4.8,68.37683044237907,7.1215685,74.0,201.1290322580645,25.0,0.38461538461538464,0.6341463414634146,0.36585365853658536,3.727272727272727
"Hoerner, Nico",2023,0.302,0.101,0.323,0.403,0.331,0.323,0.294,42.0,139.0,85.8,7.8,12.8,68.37683044237907,7.1215685,74.0,201.1290322580645,26.0,0.11450381679389313,0.4628975265017668,0.5371024734982333,4.071942446043166
"Canha, Mark",2020,0.302,0.349,0.257,0.651,0.413,0.424,0.3,13.0,43.0,88.4,16.2,10.7,68.37683044237907,7.1215685,74.0,201.1290322580645,31.0,0.20408163265306123,0.4117647058823529,0.5882352941176471,5.534883720930233
"Chourio, Jackson",2024,0.302,0.186,0.37,0.488,0.353,0.323,0.283,39.0,129.0,91.4,9.4,14.1,71.70738867,7.319816567,74.0,201.1290322580645,20.0,0.26744186046511625,0.5720620842572062,0.4279379157427938,3.496124031007752
"Anderson, Tim",2021,0.302,0.142,0.387,0.443,0.335,0.319,0.272,32.0,106.0,89.7,3.5,5.5,68.37683044237907,7.1215685,74.0,201.1290322580645,28.0,0.2971887550200803,0.5956937799043063,0.4043062200956938,3.943396226415094
"Gonzales, Nick",2024,0.302,0.105,0.352,0.407,0.309,0.334,0.289,26.0,86.0,88.3,6.6,2.2,69.720046474,7.352833757,74.0,201.1290322580645,25.0,0.24456521739130435,0.5897435897435898,0.41025641025641024,3.627906976744186
"Robert Jr., Luis",2022,0.302,0.177,0.357,0.479,0.34,0.301,0.272,29.0,96.0,88.4,11.4,7.9,68.37683044237907,7.1215685,74.0,201.1290322580645,24.0,0.26666666666666666,0.6521739130434783,0.34782608695652173,3.59375
"Lowe, Brandon",2024,0.302,0.314,0.311,0.616,0.398,0.396,0.3,26.0,86.0,90.5,15.2,7.1,70.19979538,6.90379375,74.0,201.1290322580645,29.0,0.30303030303030304,0.5806451612903226,0.41935483870967744,3.9651162790697674
"Cabrera, Miguel",2022,0.302,0.07,0.362,0.372,0.307,0.312,0.268,26.0,86.0,89.3,3.3,-1.1,68.37683044237907,7.1215685,74.0,210.0,39.0,0.2513089005235602,0.5350140056022409,0.4649859943977591,4.151162790697675
"Rojas, Miguel",2022,0.301,0.108,0.321,0.409,0.342,0.341,0.304,28.0,93.0,84.8,11.6,5.7,68.37683044237907,7.1215685,74.0,201.1290322580645,33.0,0.15,0.48257372654155495,0.517426273458445,4.010752688172043
"Bogaerts, Xander",2022,0.301,0.242,0.308,0.542,0.38,0.348,0.263,46.0,153.0,87.5,11.9,14.7,68.37683044237907,7.1215685,74.0,201.1290322580645,29.0,0.275,0.471976401179941,0.528023598820059,4.431372549019608
"Posey, Buster",2021,0.301,0.226,0.348,0.527,0.38,0.343,0.255,28.0,93.0,87.0,7.7,11.1,68.37683044237907,7.1215685,74.0,201.1290322580645,34.0,0.2717391304347826,0.44987775061124696,0.5501222493887531,4.397849462365591
"Adames, Willy",2022,0.301,0.271,0.34,0.571,0.391,0.344,0.26,40.0,133.0,89.6,20.4,14.8,68.37683044237907,7.1215685,74.0,201.1290322580645,26.0,0.273015873015873,0.5338983050847458,0.4661016949152542,4.43609022556391
"Seager, Corey",2022,0.301,0.177,0.293,0.478,0.368,0.378,0.284,34.0,113.0,89.4,15.8,3.2,68.37683044237907,7.1215685,74.0,201.1290322580645,28.0,0.2603305785123967,0.5641025641025641,0.4358974358974359,3.7964601769911503
"Bohm, Alec",2024,0.301,0.233,0.296,0.534,0.379,0.355,0.279,44.0,146.0,90.6,10.4,22.6,70.487258571,7.268590476,74.0,201.1290322580645,27.0,0.16151202749140894,0.5025906735751295,0.49740932642487046,3.9657534246575343
"Fletcher, David",2021,0.301,0.075,0.339,0.376,0.301,0.288,0.293,40.0,133.0,79.3,3.2,1.5,68.37683044237907,7.1215685,74.0,201.1290322580645,27.0,0.11965811965811966,0.5792079207920792,0.4207920792079208,3.037593984962406
"Pederson, Joc",2024,0.301,0.325,0.31,0.627,0.432,0.442,0.313,25.0,83.0,90.6,12.5,16.0,71.294860702,7.542375146,74.0,201.1290322580645,32.0,0.2541436464088398,0.42789598108747046,0.5721040189125296,5.096385542168675
"Pujols, Albert",2021,0.301,0.192,0.3,0.493,0.351,0.333,0.272,22.0,73.0,88.2,11.7,2.9,68.37683044237907,7.1215685,75.0,225.0,41.0,0.17197452229299362,0.4952681388012618,0.5047318611987381,4.342465753424658
"Andrus, Elvis",2023,0.301,0.123,0.318,0.425,0.341,0.281,0.243,22.0,73.0,87.7,7.7,4.0,68.37683044237907,7.1215685,74.0,201.1290322580645,34.0,0.184,0.4280821917808219,0.571917808219178,4.0
"Perez, Salvador",2023,0.301,0.173,0.35,0.474,0.333,0.34,0.276,40.0,133.0,89.8,19.2,0.8,68.37683044237907,7.1215685,74.0,201.1290322580645,33.0,0.3149847094801223,0.6449704142011834,0.35502958579881655,3.81203007518797
"Bregman, Alex",2021,0.301,0.133,0.315,0.434,0.351,0.333,0.264,25.0,83.0,88.6,15.3,5.9,68.37683044237907,7.1215685,74.0,201.1290322580645,27.0,0.11392405063291139,0.40932642487046633,0.5906735751295337,4.650602409638554
"Carter, Evan",2023,0.3,0.3,0.25,0.6,0.397,0.329,0.241,3.0,10.0,83.4,6.6,1.2,68.37683044237907,7.1215685,74.0,201.1290322580645,20.0,0.09523809523809523,0.35,0.65,6.0
"Hosmer, Eric",2020,0.3,0.425,0.25,0.725,0.407,0.385,0.288,12.0,40.0,91.9,9.5,4.7,68.37683044237907,7.1215685,74.0,201.1290322580645,30.0,0.2391304347826087,0.5859872611464968,0.4140127388535032,3.925
"Canó, Robinson",2020,0.3,0.125,0.297,0.425,0.345,0.388,0.324,12.0,40.0,92.7,-1.3,3.8,68.37683044237907,7.1215685,74.0,201.1290322580645,37.0,0.1282051282051282,0.5531914893617021,0.44680851063829785,3.525
"Benintendi, Andrew",2022,0.3,0.082,0.327,0.382,0.333,0.34,0.28,33.0,110.0,89.1,9.2,-0.2,68.37683044237907,7.1215685,74.0,201.1290322580645,27.0,0.20465116279069767,0.48314606741573035,0.5168539325842697,4.045454545454546
"Baldwin, Brooks",2024,0.3,0.15,0.5,0.45,0.34,0.235,0.186,6.0,20.0,76.4,19.5,-1.2,66.128689286,6.681867679,74.0,201.1290322580645,23.0,0.288135593220339,0.6344086021505376,0.3655913978494624,4.65
"Simmons, Andrelton",2020,0.3,0.1,0.36,0.4,0.348,0.294,0.246,9.0,30.0,82.9,4.1,-0.2,68.37683044237907,7.1215685,74.0,201.1290322580645,30.0,0.1509433962264151,0.4732142857142857,0.5267857142857143,3.7333333333333334
"Solano, Donovan",2022,0.3,0.086,0.375,0.386,0.331,0.334,0.273,21.0,70.0,89.8,12.3,-0.6,68.37683044237907,7.1215685,74.0,201.1290322580645,34.0,0.21212121212121213,0.5409836065573771,0.45901639344262296,4.357142857142857
"Park, Hoy",2022,0.3,0.0,0.429,0.3,0.29,0.191,0.13,3.0,10.0,79.4,8.6,-0.5,68.37683044237907,7.1215685,74.0,201.1290322580645,26.0,0.2,0.4,0.6,5.0
"Hernández, Teoscar",2023,0.3,0.153,0.383,0.453,0.331,0.307,0.256,51.0,170.0,89.7,7.0,8.5,68.37683044237907,7.1215685,74.0,201.1290322580645,30.0,0.3291139240506329,0.532345013477089,0.46765498652291104,4.364705882352941
"Jankowski, Travis",2023,0.3,0.129,0.351,0.429,0.347,0.287,0.247,21.0,70.0,82.2,12.0,9.5,68.37683044237907,7.1215685,74.0,201.1290322580645,32.0,0.17482517482517482,0.45980707395498394,0.5401929260450161,4.442857142857143
"Kirilloff, Alex",2022,0.3,0.233,0.296,0.533,0.363,0.317,0.245,9.0,30.0,86.6,3.3,5.3,68.37683044237907,7.1215685,74.0,201.1290322580645,24.0,0.17333333333333334,0.47468354430379744,0.5253164556962026,5.266666666666667
"Senzel, Nick",2021,0.3,0.05,0.333,0.35,0.336,0.369,0.329,6.0,20.0,88.3,19.8,1.7,68.37683044237907,7.1215685,74.0,201.1290322580645,26.0,0.2916666666666667,0.5106382978723404,0.48936170212765956,4.7
"Hernandez, Yadiel",2020,0.3,0.4,0.4,0.7,0.4,0.336,0.262,3.0,10.0,96.0,12.0,0.2,68.37683044237907,7.1215685,74.0,201.1290322580645,32.0,0.3055555555555556,0.6101694915254238,0.3898305084745763,5.9
"Candelario, Jeimer",2021,0.3,0.238,0.374,0.538,0.395,0.393,0.294,39.0,130.0,90.5,13.3,18.3,68.37683044237907,7.1215685,74.0,201.1290322580645,27.0,0.25249169435215946,0.4673913043478261,0.532608695652174,4.953846153846154
"Alonso, Pete",2022,0.3,0.375,0.256,0.675,0.43,0.39,0.258,48.0,160.0,90.3,19.3,24.1,68.37683044237907,7.1215685,74.0,201.1290322580645,27.0,0.2398921832884097,0.4959893048128342,0.5040106951871658,4.675
"Schwindel, Frank",2021,0.3,0.267,0.311,0.567,0.389,0.299,0.234,18.0,60.0,88.1,10.5,8.4,68.37683044237907,7.1215685,74.0,201.1290322580645,29.0,0.28205128205128205,0.5545023696682464,0.44549763033175355,3.5166666666666666
"Thompson, Trayce",2021,0.3,0.6,0.2,0.9,0.508,0.611,0.409,3.0,10.0,90.5,22.3,3.2,68.37683044237907,7.1215685,74.0,201.1290322580645,27.0,0.375,0.4444444444444444,0.5555555555555556,3.6
"Sanoja, Javier",2024,0.3,0.0,0.333,0.3,0.265,0.257,0.264,3.0,10.0,88.3,2.9,0.8,60.256918947,6.710843158,74.0,201.1290322580645,21.0,0.15,0.6060606060606061,0.3939393939393939,3.3
"Martini, Nick",2024,0.3,0.267,0.269,0.567,0.391,0.364,0.251,9.0,30.0,87.9,17.1,4.4,68.086008511,6.631901489,74.0,201.1290322580645,34.0,0.23728813559322035,0.48760330578512395,0.512396694214876,4.033333333333333
"Barrera, Tres",2021,0.3,0.3,0.313,0.6,0.449,0.456,0.331,6.0,20.0,78.1,18.4,3.3,68.37683044237907,7.1215685,74.0,201.1290322580645,26.0,0.28888888888888886,0.4891304347826087,0.5108695652173914,4.6
"Lewis, Kyle",2023,0.3,0.3,0.286,0.6,0.43,0.433,0.362,3.0,10.0,88.2,3.5,1.4,68.37683044237907,7.1215685,74.0,201.1290322580645,27.0,0.2777777777777778,0.43902439024390244,0.5609756097560976,4.1
"Pillar, Kevin",2021,0.3,0.287,0.311,0.588,0.392,0.327,0.27,24.0,80.0,85.2,20.7,10.3,68.37683044237907,7.1215685,74.0,201.1290322580645,32.0,0.19230769230769232,0.5416666666666666,0.4583333333333333,4.2
"Urías, Luis",2024,0.3,0.3,0.455,0.6,0.454,0.406,0.237,6.0,20.0,86.6,22.6,8.1,66.127621154,7.523454231,74.0,201.1290322580645,27.0,0.20689655172413793,0.5272727272727272,0.4727272727272727,5.5
"Cave, Jake",2020,0.3,0.2,0.467,0.5,0.381,0.321,0.236,9.0,30.0,87.6,2.2,2.3,68.37683044237907,7.1215685,74.0,201.1290322580645,27.0,0.37681159420289856,0.518796992481203,0.48120300751879697,4.433333333333334
"Tromp, Chadwick",2024,0.3,0.2,0.375,0.5,0.308,0.241,0.27,3.0,10.0,88.9,4.5,-0.5,72.763054118,8.057341765,74.0,201.1290322580645,29.0,0.47368421052631576,0.6129032258064516,0.3870967741935484,3.1
"Rodríguez, Julio",2023,0.299,0.222,0.365,0.521,0.375,0.338,0.271,50.0,167.0,92.1,8.6,15.3,68.37683044237907,7.1215685,74.0,201.1290322580645,22.0,0.29014084507042254,0.5564263322884012,0.44357366771159873,3.820359281437126
"Soto, Juan",2023,0.299,0.278,0.309,0.576,0.41,0.414,0.294,43.0,144.0,92.7,8.5,20.7,68.37683044237907,7.1215685,74.0,201.1290322580645,24.0,0.19655172413793104,0.4142857142857143,0.5857142857142857,4.861111111111111
"O'Neill, Tyler",2022,0.299,0.221,0.358,0.519,0.374,0.388,0.281,23.0,77.0,92.4,19.1,6.6,68.37683044237907,7.1215685,74.0,201.1290322580645,27.0,0.31840796019900497,0.536,0.464,4.87012987012987
"Cruz, Oneil",2022,0.299,0.364,0.364,0.662,0.424,0.373,0.258,23.0,77.0,92.8,12.8,13.8,68.37683044237907,7.1215685,74.0,201.1290322580645,23.0,0.34558823529411764,0.40718562874251496,0.592814371257485,4.337662337662338
"Meadows, Austin",2021,0.299,0.313,0.3,0.612,0.399,0.367,0.272,40.0,134.0,88.8,19.9,18.1,68.37683044237907,7.1215685,74.0,201.1290322580645,26.0,0.23367697594501718,0.4809917355371901,0.5190082644628099,4.514925373134329
"Gurriel, Yuli",2021,0.299,0.134,0.283,0.433,0.341,0.324,0.251,38.0,127.0,89.3,14.5,6.7,68.37683044237907,7.1215685,74.0,201.1290322580645,37.0,0.10227272727272728,0.4512820512820513,0.5487179487179488,4.606299212598425
"Harris II, Michael",2024,0.299,0.165,0.366,0.464,0.338,0.324,0.275,29.0,97.0,88.6,5.6,1.5,72.750734612,7.924097233,74.0,201.1290322580645,23.0,0.23963133640552994,0.5771276595744681,0.4228723404255319,3.8762886597938144
"Rosario, Amed",2022,0.299,0.102,0.346,0.401,0.32,0.3,0.262,47.0,157.0,87.8,1.7,8.2,68.37683044237907,7.1215685,74.0,201.1290322580645,26.0,0.2153846153846154,0.6063432835820896,0.39365671641791045,3.4140127388535033
"Dubón, Mauricio",2023,0.298,0.106,0.345,0.404,0.308,0.334,0.315,31.0,104.0,87.2,11.1,-0.6,68.37683044237907,7.1215685,74.0,201.1290322580645,28.0,0.2314410480349345,0.613941018766756,0.38605898123324395,3.5865384615384617
"Happ, Ian",2021,0.298,0.202,0.377,0.5,0.382,0.328,0.243,31.0,104.0,84.6,9.8,11.0,68.37683044237907,7.1215685,74.0,201.1290322580645,26.0,0.29411764705882354,0.4798387096774194,0.5201612903225806,4.769230769230769
"Segura, Jean",2020,0.298,0.191,0.316,0.489,0.391,0.399,0.301,14.0,47.0,87.5,11.4,3.8,68.37683044237907,7.1215685,74.0,201.1290322580645,30.0,0.16,0.43103448275862066,0.5689655172413793,4.9361702127659575
"Suárez, Eugenio",2022,0.298,0.24,0.377,0.537,0.394,0.355,0.235,36.0,121.0,88.5,22.3,9.8,68.37683044237907,7.1215685,74.0,201.1290322580645,30.0,0.35074626865671643,0.4542372881355932,0.5457627118644067,4.87603305785124
"Crawford, J.P.",2021,0.298,0.123,0.34,0.421,0.341,0.314,0.275,34.0,114.0,83.7,4.0,-0.4,68.37683044237907,7.1215685,74.0,201.1290322580645,26.0,0.1910569105691057,0.4659090909090909,0.5340909090909091,4.631578947368421
"Olson, Matt",2024,0.298,0.234,0.34,0.532,0.384,0.371,0.278,42.0,141.0,90.9,16.5,14.3,72.122116887,7.394669497,74.0,201.1290322580645,30.0,0.26571428571428574,0.4985754985754986,0.5014245014245015,4.9787234042553195
"Mountcastle, Ryan",2023,0.298,0.307,0.278,0.605,0.376,0.389,0.301,34.0,114.0,92.2,17.5,6.4,68.37683044237907,7.1215685,74.0,201.1290322580645,26.0,0.24066390041493776,0.5683962264150944,0.43160377358490565,3.719298245614035
"Zavala, Seby",2022,0.298,0.128,0.448,0.426,0.323,0.307,0.239,14.0,47.0,87.9,18.8,-0.2,68.37683044237907,7.1215685,74.0,201.1290322580645,28.0,0.3709677419354839,0.5585585585585585,0.44144144144144143,4.723404255319149
"Guerrero Jr., Vladimir",2024,0.298,0.179,0.315,0.477,0.344,0.395,0.326,45.0,151.0,93.4,9.0,9.7,73.82513011,7.608309634,74.0,201.1290322580645,25.0,0.22145328719723184,0.5070175438596491,0.49298245614035086,3.774834437086093
"Bell, Josh",2024,0.298,0.175,0.299,0.474,0.359,0.363,0.289,34.0,114.0,88.0,10.5,10.0,69.414290239,7.849759952,74.0,201.1290322580645,31.0,0.22171945701357465,0.4878587196467991,0.5121412803532008,3.973684210526316
"Hayes, Ke'Bryan",2021,0.297,0.135,0.333,0.432,0.336,0.323,0.271,22.0,74.0,92.0,3.0,2.2,68.37683044237907,7.1215685,74.0,201.1290322580645,24.0,0.14705882352941177,0.4084084084084084,0.5915915915915916,4.5
"Cabrera, Miguel",2021,0.297,0.068,0.358,0.364,0.302,0.292,0.222,35.0,118.0,89.7,4.1,-1.0,68.37683044237907,7.1215685,74.0,210.0,38.0,0.2798507462686567,0.5224171539961013,0.4775828460038986,4.3474576271186445
"Reynolds, Bryan",2021,0.297,0.181,0.352,0.478,0.374,0.386,0.295,41.0,138.0,87.2,15.8,13.8,68.37683044237907,7.1215685,74.0,201.1290322580645,26.0,0.24528301886792453,0.49149922720247297,0.508500772797527,4.688405797101449
"Clement, Ernie",2024,0.297,0.153,0.29,0.449,0.324,0.29,0.273,35.0,118.0,83.0,16.6,8.5,63.126382627,6.575276774,74.0,201.1290322580645,28.0,0.13157894736842105,0.5968586387434555,0.4031413612565445,3.23728813559322
"Robert Jr., Luis",2021,0.297,0.156,0.321,0.453,0.347,0.35,0.268,19.0,64.0,88.0,18.4,6.4,68.37683044237907,7.1215685,74.0,201.1290322580645,23.0,0.291044776119403,0.6036036036036037,0.3963963963963964,3.46875
"Albies, Ozzie",2023,0.297,0.222,0.302,0.519,0.361,0.344,0.269,47.0,158.0,88.6,17.4,9.2,68.37683044237907,7.1215685,74.0,201.1290322580645,26.0,0.20971867007672634,0.5741556534508077,0.42584434654919234,4.310126582278481
"Polanco, Jorge",2020,0.297,0.027,0.344,0.324,0.324,0.376,0.327,11.0,37.0,81.1,7.1,2.3,68.37683044237907,7.1215685,74.0,201.1290322580645,26.0,0.14457831325301204,0.44385026737967914,0.5561497326203209,5.054054054054054
"Tapia, Raimel",2022,0.296,0.148,0.361,0.444,0.325,0.282,0.254,32.0,108.0,87.3,4.4,5.8,68.37683044237907,7.1215685,74.0,201.1290322580645,28.0,0.2168141592920354,0.6108108108108108,0.3891891891891892,3.425925925925926
"Gomes, Yan",2021,0.296,0.222,0.339,0.519,0.363,0.364,0.301,24.0,81.0,89.7,9.2,6.0,68.37683044237907,7.1215685,74.0,201.1290322580645,33.0,0.22702702702702704,0.5692307692307692,0.4307692307692308,4.012345679012346
"Gonzalez, Marwin",2020,0.296,0.148,0.318,0.444,0.334,0.33,0.258,8.0,27.0,89.0,12.6,0.7,68.37683044237907,7.1215685,74.0,201.1290322580645,31.0,0.234375,0.423841059602649,0.5761589403973509,5.592592592592593
"Bae, Ji Hwan",2023,0.296,0.099,0.351,0.394,0.32,0.295,0.263,21.0,71.0,83.4,-4.7,0.9,68.37683044237907,7.1215685,74.0,201.1290322580645,23.0,0.21935483870967742,0.5326460481099656,0.46735395189003437,4.098591549295775
"Martinez, J.D.",2024,0.296,0.288,0.33,0.584,0.402,0.423,0.326,37.0,125.0,90.6,13.1,7.6,70.937647649,8.357320598,74.0,201.1290322580645,36.0,0.2956204379562044,0.5009140767824497,0.4990859232175503,4.376
"Merrifield, Whit",2023,0.296,0.17,0.33,0.467,0.336,0.297,0.257,40.0,135.0,85.4,13.4,1.8,68.37683044237907,7.1215685,74.0,201.1290322580645,34.0,0.20279720279720279,0.5218978102189781,0.4781021897810219,4.059259259259259
"Báez, Javier",2022,0.296,0.2,0.341,0.496,0.353,0.313,0.247,37.0,125.0,87.0,9.5,4.7,68.37683044237907,7.1215685,74.0,201.1290322580645,29.0,0.3759124087591241,0.5956521739130435,0.4043478260869565,3.68
"Valera, Breyvic",2021,0.296,0.074,0.333,0.37,0.291,0.275,0.255,8.0,27.0,84.9,9.7,0.1,68.37683044237907,7.1215685,74.0,201.1290322580645,29.0,0.08333333333333333,0.4316546762589928,0.5683453237410072,5.148148148148148
"Brantley, Michael",2021,0.296,0.133,0.326,0.429,0.324,0.349,0.3,29.0,98.0,88.9,8.8,1.2,68.37683044237907,7.1215685,74.0,201.1290322580645,34.0,0.11180124223602485,0.4680232558139535,0.5319767441860465,3.510204081632653
"Hernandez, Yadiel",2022,0.296,0.148,0.367,0.444,0.333,0.332,0.25,24.0,81.0,88.0,2.4,1.3,68.37683044237907,7.1215685,74.0,201.1290322580645,34.0,0.30601092896174864,0.543026706231454,0.456973293768546,4.160493827160494
"Sheets, Gavin",2021,0.295,0.295,0.333,0.591,0.383,0.342,0.257,13.0,44.0,88.2,7.5,1.4,68.37683044237907,7.1215685,74.0,201.1290322580645,25.0,0.2545454545454545,0.5045871559633027,0.4954128440366973,4.954545454545454
"Rivera, Emmanuel",2023,0.295,0.082,0.34,0.377,0.308,0.296,0.264,18.0,61.0,90.8,16.2,-1.3,68.37683044237907,7.1215685,74.0,201.1290322580645,27.0,0.2753623188405797,0.49640287769784175,0.5035971223021583,4.557377049180328
"Castro, Starlin",2021,0.295,0.102,0.325,0.398,0.309,0.373,0.33,26.0,88.0,88.6,9.8,-1.1,68.37683044237907,7.1215685,74.0,201.1290322580645,31.0,0.1411042944785276,0.47941176470588237,0.5205882352941177,3.8636363636363638
"Tapia, Raimel",2021,0.295,0.114,0.312,0.41,0.308,0.282,0.265,31.0,105.0,85.7,-0.2,-3.9,68.37683044237907,7.1215685,74.0,201.1290322580645,27.0,0.14798206278026907,0.5645569620253165,0.43544303797468353,3.761904761904762
"Gordon, Nick",2024,0.295,0.311,0.317,0.607,0.377,0.306,0.239,18.0,61.0,87.8,10.1,5.0,66.538311805,7.154388722,74.0,201.1290322580645,28.0,0.3221476510067114,0.6506550218340611,0.34934497816593885,3.7540983606557377
"Rojas, Miguel",2024,0.295,0.026,0.315,0.321,0.306,0.352,0.332,23.0,78.0,83.3,9.0,-2.5,64.098757413,6.586242308,74.0,201.1290322580645,35.0,0.0759493670886076,0.5047923322683706,0.4952076677316294,4.012820512820513
"Reynolds, Matt",2022,0.295,0.098,0.486,0.393,0.327,0.253,0.21,18.0,61.0,88.2,4.3,1.5,68.37683044237907,7.1215685,74.0,201.1290322580645,31.0,0.3669724770642202,0.3978102189781022,0.6021897810218978,4.491803278688525
"Reddick, Josh",2021,0.295,0.114,0.364,0.409,0.304,0.26,0.26,13.0,44.0,82.2,16.8,1.0,68.37683044237907,7.1215685,74.0,201.1290322580645,34.0,0.27956989247311825,0.5961538461538461,0.40384615384615385,3.5454545454545454
"Bader, Harrison",2021,0.295,0.227,0.333,0.523,0.369,0.325,0.248,26.0,88.0,87.8,13.9,4.7,68.37683044237907,7.1215685,74.0,201.1290322580645,27.0,0.21739130434782608,0.4972972972972973,0.5027027027027027,4.204545454545454
"Wynns, Austin",2022,0.295,0.136,0.353,0.432,0.331,0.31,0.259,13.0,44.0,85.7,13.9,3.8,68.37683044237907,7.1215685,74.0,201.1290322580645,31.0,0.2073170731707317,0.4120603015075377,0.5879396984924623,4.5227272727272725
"Rojas, Josh",2022,0.295,0.084,0.368,0.379,0.338,0.293,0.213,28.0,95.0,82.5,5.2,2.1,68.37683044237907,7.1215685,74.0,201.1290322580645,28.0,0.29081632653061223,0.4336283185840708,0.5663716814159292,4.757894736842105
"McGuire, Reese",2022,0.295,0.098,0.378,0.393,0.298,0.236,0.229,18.0,61.0,78.1,10.1,-3.4,68.37683044237907,7.1215685,74.0,201.1290322580645,27.0,0.24812030075187969,0.5990990990990991,0.4009009009009009,3.639344262295082
"Freeman, Freddie",2024,0.295,0.201,0.298,0.497,0.373,0.406,0.307,44.0,149.0,89.2,16.1,12.2,68.388702801,6.713125663,74.0,201.1290322580645,34.0,0.18328840970350405,0.5247524752475248,0.4752475247524752,4.74496644295302
"Paredes, Isaac",2023,0.295,0.228,0.313,0.523,0.394,0.324,0.246,44.0,149.0,86.3,22.7,19.4,68.37683044237907,7.1215685,74.0,201.1290322580645,24.0,0.16716417910447762,0.4970326409495549,0.5014836795252225,4.523489932885906
"Peterson, Jace",2021,0.295,0.131,0.34,0.426,0.365,0.347,0.254,18.0,61.0,84.5,10.9,4.4,68.37683044237907,7.1215685,74.0,201.1290322580645,31.0,0.22900763358778625,0.4106583072100313,0.5893416927899686,5.229508196721311
"Lopez, Nicky",2024,0.295,0.077,0.348,0.372,0.326,0.268,0.236,23.0,78.0,79.2,5.0,5.6,60.454522701,6.393795474,74.0,201.1290322580645,29.0,0.136986301369863,0.4866666666666667,0.5133333333333333,3.8461538461538463
"Langford, Wyatt",2024,0.294,0.254,0.345,0.548,0.386,0.348,0.265,37.0,126.0,88.5,14.5,10.3,72.076654802,6.936962687,74.0,201.1290322580645,22.0,0.24206349206349206,0.4375,0.5625,4.571428571428571
"García, Avisaíl",2021,0.294,0.151,0.341,0.445,0.347,0.366,0.287,35.0,119.0,89.4,6.5,8.1,68.37683044237907,7.1215685,74.0,201.1290322580645,30.0,0.37777777777777777,0.5756929637526652,0.42430703624733473,3.9411764705882355
"Bethancourt, Christian",2022,0.294,0.147,0.346,0.441,0.333,0.345,0.288,20.0,68.0,89.4,13.1,1.6,68.37683044237907,7.1215685,74.0,201.1290322580645,30.0,0.3096774193548387,0.6175298804780877,0.38247011952191234,3.6911764705882355
"Fletcher, David",2022,0.294,0.088,0.303,0.382,0.305,0.282,0.277,10.0,34.0,78.5,15.9,-0.5,68.37683044237907,7.1215685,74.0,201.1290322580645,27.0,0.09090909090909091,0.632183908045977,0.367816091954023,2.5588235294117645
"Berti, Jon",2020,0.294,0.059,0.4,0.353,0.327,0.295,0.255,10.0,34.0,78.6,4.1,-2.2,68.37683044237907,7.1215685,74.0,201.1290322580645,30.0,0.19047619047619047,0.44366197183098594,0.5563380281690141,4.176470588235294
"Peguero, Liover",2023,0.294,0.118,0.433,0.412,0.333,0.288,0.229,15.0,51.0,86.5,0.7,0.3,68.37683044237907,7.1215685,74.0,201.1290322580645,22.0,0.3103448275862069,0.5201793721973094,0.4798206278026906,4.372549019607843
"Campero, Gustavo",2024,0.294,0.176,0.308,0.471,0.369,0.313,0.255,5.0,17.0,79.2,13.0,1.4,61.090762368,6.179891053,74.0,201.1290322580645,26.0,0.225,0.6060606060606061,0.3939393939393939,3.8823529411764706
"Arroyo, Christian",2023,0.294,0.118,0.385,0.412,0.32,0.323,0.248,15.0,51.0,83.3,7.2,2.0,68.37683044237907,7.1215685,74.0,201.1290322580645,28.0,0.26356589147286824,0.6323529411764706,0.36764705882352944,4.0
"Sogard, Eric",2021,0.294,0.059,0.345,0.353,0.275,0.242,0.238,10.0,34.0,83.6,7.9,-2.7,68.37683044237907,7.1215685,74.0,201.1290322580645,35.0,0.1,0.45454545454545453,0.5454545454545454,3.8823529411764706
"García Jr., Luis",2021,0.294,0.103,0.339,0.397,0.313,0.265,0.248,20.0,68.0,87.0,4.5,-0.3,68.37683044237907,7.1215685,74.0,201.1290322580645,21.0,0.22807017543859648,0.5277777777777778,0.4722222222222222,3.176470588235294
"Meyers, Jake",2022,0.294,0.029,0.357,0.324,0.286,0.359,0.306,10.0,34.0,84.5,6.7,-1.4,68.37683044237907,7.1215685,74.0,201.1290322580645,26.0,0.22727272727272727,0.4888888888888889,0.5111111111111111,3.9705882352941178
"Arcia, Orlando",2023,0.294,0.079,0.36,0.373,0.325,0.294,0.249,37.0,126.0,87.5,6.1,-0.8,68.37683044237907,7.1215685,74.0,201.1290322580645,28.0,0.2480916030534351,0.4833948339483395,0.5166051660516605,4.301587301587301
"Mayfield, Jack",2022,0.294,0.118,0.385,0.412,0.302,0.195,0.201,5.0,17.0,86.6,15.8,-1.2,68.37683044237907,7.1215685,74.0,201.1290322580645,31.0,0.2,0.5303030303030303,0.4696969696969697,3.8823529411764706
"Greene, Riley",2024,0.294,0.227,0.38,0.521,0.364,0.338,0.254,35.0,119.0,90.2,8.5,7.7,72.807865135,6.978078198,74.0,201.1290322580645,23.0,0.2345679012345679,0.48023715415019763,0.5197628458498024,4.2521008403361344
"Blackmon, Charlie",2023,0.294,0.191,0.286,0.485,0.375,0.325,0.24,20.0,68.0,84.1,19.8,9.0,68.37683044237907,7.1215685,74.0,201.1290322580645,36.0,0.2054794520547945,0.5309090909090909,0.4690909090909091,4.044117647058823
"Urías, Ramón",2024,0.294,0.162,0.327,0.456,0.341,0.286,0.231,20.0,68.0,85.3,16.0,1.0,68.226624,7.402515259,74.0,201.1290322580645,30.0,0.28368794326241137,0.5280898876404494,0.47191011235955055,3.926470588235294
"Moran, Colin",2022,0.294,0.176,0.32,0.471,0.357,0.304,0.216,10.0,34.0,88.6,6.7,1.4,68.37683044237907,7.1215685,74.0,201.1290322580645,29.0,0.3088235294117647,0.4358974358974359,0.5641025641025641,4.588235294117647
"Frazier, Adam",2023,0.294,0.255,0.284,0.549,0.394,0.344,0.284,30.0,102.0,83.9,11.7,9.4,68.37683044237907,7.1215685,74.0,201.1290322580645,31.0,0.2028301886792453,0.4818181818181818,0.5181818181818182,4.313725490196078
"García Jr., Luis",2020,0.293,0.146,0.355,0.439,0.338,0.303,0.238,12.0,41.0,84.7,-6.1,1.3,68.37683044237907,7.1215685,74.0,201.1290322580645,20.0,0.32051282051282054,0.5342465753424658,0.4657534246575342,3.5609756097560976
"Nootbaar, Lars",2023,0.293,0.13,0.313,0.424,0.364,0.399,0.293,27.0,92.0,90.8,6.0,4.3,68.37683044237907,7.1215685,74.0,201.1290322580645,25.0,0.1744186046511628,0.3706896551724138,0.6293103448275862,5.043478260869565
"Crow-Armstrong, Pete",2024,0.293,0.196,0.358,0.489,0.351,0.315,0.247,27.0,92.0,85.0,10.0,4.2,65.23433473,6.758578243,74.0,201.1290322580645,22.0,0.2894736842105263,0.6178861788617886,0.3821138211382114,4.010869565217392
"Lopez, Nicky",2023,0.293,0.121,0.333,0.414,0.351,0.332,0.279,17.0,58.0,82.7,-5.0,3.4,68.37683044237907,7.1215685,74.0,201.1290322580645,28.0,0.2706766917293233,0.5277777777777778,0.4722222222222222,4.344827586206897
"Cruz, Nelson",2023,0.293,0.146,0.44,0.439,0.314,0.302,0.266,12.0,41.0,94.7,11.5,3.2,68.37683044237907,7.1215685,75.0,175.0,42.0,0.43617021276595747,0.5662650602409639,0.43373493975903615,4.048780487804878
"Canha, Mark",2021,0.293,0.086,0.344,0.379,0.357,0.351,0.268,34.0,116.0,87.2,12.3,8.8,68.37683044237907,7.1215685,74.0,201.1290322580645,32.0,0.1821705426356589,0.4425385934819897,0.5574614065180102,5.025862068965517
"Margot, Manuel",2023,0.293,0.098,0.338,0.39,0.306,0.318,0.28,24.0,82.0,85.6,7.4,-4.7,68.37683044237907,7.1215685,74.0,201.1290322580645,28.0,0.23333333333333334,0.547112462006079,0.45288753799392095,4.012195121951219
"Varsho, Daulton",2022,0.293,0.212,0.32,0.505,0.36,0.325,0.239,29.0,99.0,83.6,12.6,9.0,68.37683044237907,7.1215685,74.0,201.1290322580645,25.0,0.24904214559386972,0.5931818181818181,0.4068181818181818,4.444444444444445
"Neuse, Sheldon",2022,0.293,0.155,0.375,0.448,0.343,0.253,0.21,17.0,58.0,88.9,-6.8,6.9,68.37683044237907,7.1215685,74.0,201.1290322580645,27.0,0.2892561983471074,0.5062761506276151,0.49372384937238495,4.120689655172414
"Murphy, Sean",2021,0.293,0.16,0.4,0.453,0.37,0.362,0.256,22.0,75.0,86.5,13.2,9.6,68.37683044237907,7.1215685,74.0,201.1290322580645,26.0,0.22085889570552147,0.43351063829787234,0.5664893617021277,5.013333333333334
"Realmuto, J.T.",2021,0.293,0.172,0.39,0.466,0.372,0.326,0.237,34.0,116.0,90.3,10.8,5.6,68.37683044237907,7.1215685,74.0,201.1290322580645,30.0,0.2932330827067669,0.49534450651769085,0.5046554934823091,4.629310344827586
"Pasquantino, Vinnie",2023,0.292,0.167,0.31,0.458,0.366,0.366,0.307,14.0,48.0,88.9,18.8,1.5,68.37683044237907,7.1215685,74.0,201.1290322580645,25.0,0.16,0.49261083743842365,0.5073891625615764,4.229166666666667
"Segura, Jean",2021,0.292,0.133,0.31,0.425,0.344,0.315,0.225,33.0,113.0,84.0,7.3,1.7,68.37683044237907,7.1215685,74.0,201.1290322580645,31.0,0.14754098360655737,0.46564885496183206,0.5343511450381679,4.6371681415929205
"Castellanos, Nick",2022,0.292,0.108,0.337,0.4,0.329,0.325,0.28,38.0,130.0,86.3,9.0,0.1,68.37683044237907,7.1215685,74.0,201.1290322580645,30.0,0.29260450160771706,0.5879017013232514,0.4120982986767486,4.069230769230769
"Kwan, Steven",2023,0.292,0.073,0.299,0.365,0.312,0.327,0.308,40.0,137.0,84.3,11.8,0.9,68.37683044237907,7.1215685,74.0,201.1290322580645,25.0,0.09558823529411764,0.45484949832775917,0.5451505016722408,4.364963503649635
"Butler, Lawrence",2024,0.292,0.169,0.309,0.462,0.352,0.374,0.295,19.0,65.0,91.4,11.8,6.2,72.642544615,6.925717538,74.0,201.1290322580645,23.0,0.21476510067114093,0.5016835016835017,0.4983164983164983,4.569230769230769
"Gamel, Ben",2020,0.292,0.375,0.313,0.667,0.404,0.383,0.285,7.0,24.0,87.7,13.2,0.7,68.37683044237907,7.1215685,74.0,201.1290322580645,28.0,0.28,0.5102040816326531,0.4897959183673469,4.083333333333333
"Carlson, Dylan",2023,0.292,0.146,0.333,0.438,0.361,0.307,0.212,14.0,48.0,85.9,14.6,-0.9,68.37683044237907,7.1215685,74.0,201.1290322580645,24.0,0.30927835051546393,0.4110169491525424,0.5889830508474576,4.916666666666667
"Mazara, Nomar",2021,0.292,0.125,0.333,0.417,0.333,0.262,0.217,14.0,48.0,87.7,8.8,2.2,68.37683044237907,7.1215685,74.0,201.1290322580645,26.0,0.2396694214876033,0.5330396475770925,0.46255506607929514,4.729166666666667
"Farmer, Kyle",2021,0.292,0.159,0.323,0.451,0.33,0.279,0.25,33.0,113.0,85.0,19.2,3.7,68.37683044237907,7.1215685,74.0,201.1290322580645,30.0,0.2074688796680498,0.5415730337078651,0.4584269662921348,3.938053097345133
"Piscotty, Stephen",2022,0.292,0.292,0.278,0.583,0.369,0.329,0.26,7.0,24.0,94.6,16.5,-0.3,68.37683044237907,7.1215685,74.0,201.1290322580645,31.0,0.3333333333333333,0.625,0.375,4.0
"Toro, Abraham",2021,0.292,0.125,0.297,0.417,0.37,0.375,0.281,21.0,72.0,87.7,12.8,11.9,68.37683044237907,7.1215685,74.0,201.1290322580645,24.0,0.15425531914893617,0.48578811369509045,0.5142118863049095,5.375
"Hoskins, Rhys",2022,0.292,0.233,0.354,0.525,0.384,0.343,0.241,35.0,120.0,87.2,15.5,11.6,68.37683044237907,7.1215685,74.0,201.1290322580645,29.0,0.2918287937743191,0.4363327674023769,0.5636672325976231,4.908333333333333
"Flores, Wilmer",2022,0.292,0.255,0.27,0.547,0.392,0.354,0.264,31.0,106.0,87.2,20.6,14.0,68.37683044237907,7.1215685,74.0,201.1290322580645,30.0,0.1722689075630252,0.47695390781563124,0.5230460921843687,4.7075471698113205
"Lewis, Kyle",2021,0.292,0.25,0.417,0.542,0.388,0.314,0.221,7.0,24.0,90.6,24.9,1.2,68.37683044237907,7.1215685,74.0,201.1290322580645,25.0,0.3888888888888889,0.46956521739130436,0.5304347826086957,4.791666666666667
"McCutchen, Andrew",2020,0.292,0.208,0.314,0.5,0.361,0.358,0.271,14.0,48.0,89.1,16.4,3.6,68.37683044237907,7.1215685,74.0,201.1290322580645,33.0,0.1935483870967742,0.4386792452830189,0.5613207547169812,4.416666666666667
"Tellez, Rowdy",2024,0.292,0.157,0.301,0.449,0.339,0.309,0.237,26.0,89.0,86.9,17.2,9.0,71.972956731,7.960299679,74.0,201.1290322580645,29.0,0.22285714285714286,0.44642857142857145,0.5535714285714286,4.404494382022472
"Arozarena, Randy",2023,0.292,0.136,0.357,0.429,0.351,0.364,0.27,45.0,154.0,91.9,9.6,11.9,68.37683044237907,7.1215685,74.0,201.1290322580645,28.0,0.2916666666666667,0.46153846153846156,0.5384615384615384,4.7272727272727275
"Brinson, Lewis",2020,0.292,0.167,0.375,0.458,0.347,0.26,0.196,7.0,24.0,88.9,5.4,1.6,68.37683044237907,7.1215685,74.0,201.1290322580645,26.0,0.3673469387755102,0.5444444444444444,0.45555555555555555,3.75
"Greene, Riley",2022,0.291,0.093,0.373,0.384,0.316,0.322,0.269,25.0,86.0,90.9,-0.6,3.8,68.37683044237907,7.1215685,74.0,201.1290322580645,21.0,0.22727272727272727,0.5142857142857142,0.4857142857142857,4.476744186046512
"Rutschman, Adley",2024,0.291,0.165,0.311,0.457,0.33,0.329,0.28,37.0,127.0,89.7,19.2,9.7,67.488276446,6.893059298,74.0,201.1290322580645,26.0,0.16470588235294117,0.46703296703296704,0.532967032967033,4.299212598425197
"Hosmer, Eric",2021,0.291,0.146,0.336,0.437,0.337,0.328,0.275,44.0,151.0,90.0,5.9,6.4,68.37683044237907,7.1215685,74.0,201.1290322580645,31.0,0.23728813559322035,0.5051369863013698,0.4948630136986301,3.8675496688741724
"Santana, Carlos",2023,0.291,0.222,0.305,0.513,0.382,0.332,0.253,46.0,158.0,88.0,18.0,9.9,68.37683044237907,7.1215685,74.0,201.1290322580645,37.0,0.23460410557184752,0.4608108108108108,0.5391891891891892,4.6835443037974684
"Trejo, Alan",2023,0.291,0.109,0.326,0.4,0.319,0.334,0.309,16.0,55.0,84.2,14.8,3.9,68.37683044237907,7.1215685,74.0,201.1290322580645,27.0,0.2033898305084746,0.5412844036697247,0.45871559633027525,3.963636363636364
"India, Jonathan",2024,0.291,0.163,0.301,0.453,0.387,0.422,0.324,25.0,86.0,86.9,10.3,12.3,69.369582771,7.077065181,74.0,201.1290322580645,27.0,0.1891891891891892,0.37601626016260165,0.6239837398373984,5.72093023255814
"Grichuk, Randal",2022,0.291,0.228,0.306,0.52,0.361,0.332,0.27,37.0,127.0,89.1,8.1,8.5,68.37683044237907,7.1215685,74.0,201.1290322580645,30.0,0.2723735408560311,0.5160642570281124,0.4839357429718876,3.921259842519685
"Alfaro, Jorge",2021,0.29,0.145,0.422,0.435,0.352,0.357,0.278,20.0,69.0,92.1,2.4,2.2,68.37683044237907,7.1215685,74.0,201.1290322580645,28.0,0.31901840490797545,0.5821428571428572,0.41785714285714287,4.057971014492754
"Story, Trevor",2022,0.29,0.29,0.319,0.58,0.38,0.33,0.237,29.0,100.0,85.4,15.2,9.1,68.37683044237907,7.1215685,74.0,201.1290322580645,29.0,0.30357142857142855,0.5221445221445221,0.47785547785547783,4.29
"Caratini, Victor",2020,0.29,0.065,0.391,0.355,0.339,0.337,0.262,9.0,31.0,90.8,6.7,1.2,68.37683044237907,7.1215685,74.0,201.1290322580645,27.0,0.1896551724137931,0.42028985507246375,0.5797101449275363,4.451612903225806
"Miranda, Jose",2024,0.29,0.183,0.316,0.473,0.347,0.297,0.228,27.0,93.0,85.8,14.5,4.2,68.501632045,7.50335858,74.0,201.1290322580645,26.0,0.24468085106382978,0.48704663212435234,0.5129533678756477,4.150537634408602
"Wade Jr., LaMonte",2024,0.29,0.081,0.304,0.371,0.339,0.376,0.294,18.0,62.0,88.7,7.4,3.1,71.843493947,6.704884123,74.0,201.1290322580645,30.0,0.18548387096774194,0.41333333333333333,0.5866666666666667,4.838709677419355
"Pinto, René",2023,0.29,0.484,0.235,0.774,0.445,0.453,0.331,9.0,31.0,93.6,16.8,1.4,68.37683044237907,7.1215685,74.0,201.1290322580645,26.0,0.2878787878787879,0.5546218487394958,0.44537815126050423,3.838709677419355
"Arenado, Nolan",2022,0.29,0.213,0.302,0.503,0.373,0.331,0.258,45.0,155.0,88.9,22.0,9.8,68.37683044237907,7.1215685,74.0,201.1290322580645,31.0,0.1967741935483871,0.49363057324840764,0.5063694267515924,4.051612903225807
"Franco, Wander",2022,0.29,0.081,0.295,0.371,0.299,0.265,0.229,18.0,62.0,83.4,13.7,-2.8,68.37683044237907,7.1215685,74.0,201.1290322580645,21.0,0.109375,0.5267489711934157,0.4732510288065844,3.9193548387096775
"Walker, Christian",2020,0.29,0.194,0.296,0.484,0.349,0.353,0.279,18.0,62.0,89.0,13.4,2.8,68.37683044237907,7.1215685,74.0,201.1290322580645,29.0,0.2465753424657534,0.5195729537366548,0.4804270462633452,4.532258064516129
"Witt Jr., Bobby",2023,0.29,0.225,0.293,0.514,0.334,0.34,0.294,40.0,138.0,89.0,16.0,2.0,68.37683044237907,7.1215685,74.0,201.1290322580645,23.0,0.24372759856630824,0.510989010989011,0.489010989010989,3.9565217391304346
"Dickerson, Alex",2021,0.29,0.319,0.26,0.609,0.404,0.441,0.336,20.0,69.0,87.5,19.8,6.0,68.37683044237907,7.1215685,74.0,201.1290322580645,31.0,0.25477707006369427,0.5250836120401338,0.47491638795986624,4.333333333333333
"Short, Zack",2023,0.29,0.226,0.341,0.516,0.384,0.37,0.257,18.0,62.0,83.1,18.4,3.6,68.37683044237907,7.1215685,74.0,201.1290322580645,28.0,0.2518518518518518,0.4440789473684211,0.555921052631579,4.903225806451613
"Chang, Yu",2023,0.29,0.129,0.364,0.419,0.329,0.276,0.25,9.0,31.0,91.3,7.1,2.6,68.37683044237907,7.1215685,74.0,201.1290322580645,27.0,0.38596491228070173,0.5533980582524272,0.44660194174757284,3.3225806451612905
"Reynolds, Bryan",2023,0.29,0.234,0.309,0.524,0.366,0.356,0.287,36.0,124.0,91.7,10.5,9.5,68.37683044237907,7.1215685,74.0,201.1290322580645,28.0,0.2823529411764706,0.4811320754716981,0.5188679245283019,4.274193548387097
"Haase, Eric",2022,0.29,0.217,0.32,0.507,0.355,0.358,0.303,20.0,69.0,89.8,16.5,5.0,68.37683044237907,7.1215685,74.0,201.1290322580645,29.0,0.31446540880503143,0.5230263157894737,0.4769736842105263,4.405797101449275
"Fermin, Freddy",2024,0.289,0.0,0.338,0.289,0.282,0.293,0.274,22.0,76.0,84.8,8.8,0.7,67.864378903,7.262771935,74.0,201.1290322580645,29.0,0.25,0.5125,0.4875,4.2105263157894735
"Cronenworth, Jake",2022,0.289,0.207,0.324,0.496,0.367,0.303,0.217,39.0,135.0,88.0,22.2,15.2,68.37683044237907,7.1215685,74.0,201.1290322580645,28.0,0.17689530685920576,0.43146417445482865,0.5685358255451713,4.7555555555555555
"Marte, Starling",2022,0.289,0.093,0.355,0.381,0.342,0.331,0.276,28.0,97.0,84.7,2.9,8.5,68.37683044237907,7.1215685,74.0,201.1290322580645,33.0,0.23414634146341465,0.49878345498783455,0.5012165450121655,4.237113402061856
"Arcia, Orlando",2022,0.289,0.2,0.314,0.489,0.361,0.372,0.286,13.0,45.0,89.0,8.3,-0.3,68.37683044237907,7.1215685,74.0,201.1290322580645,27.0,0.30851063829787234,0.47,0.53,4.444444444444445
"Crawford, J.P.",2020,0.289,0.133,0.308,0.422,0.329,0.297,0.245,13.0,45.0,82.2,4.5,2.0,68.37683044237907,7.1215685,74.0,201.1290322580645,25.0,0.1348314606741573,0.42788461538461536,0.5721153846153846,4.622222222222222
"Carpenter, Kerry",2024,0.289,0.355,0.3,0.645,0.398,0.385,0.272,22.0,76.0,90.3,19.5,7.9,69.388209669,7.420513974,74.0,201.1290322580645,26.0,0.2893081761006289,0.5247524752475248,0.4752475247524752,3.986842105263158
"Perez, Salvador",2020,0.289,0.237,0.409,0.526,0.35,0.317,0.233,11.0,38.0,89.3,16.1,2.5,68.37683044237907,7.1215685,74.0,201.1290322580645,30.0,0.32941176470588235,0.5782312925170068,0.4217687074829932,3.8684210526315788
"Narváez, Omar",2021,0.289,0.12,0.31,0.41,0.339,0.324,0.234,24.0,83.0,86.4,20.0,2.6,68.37683044237907,7.1215685,74.0,201.1290322580645,29.0,0.20441988950276244,0.49725274725274726,0.5027472527472527,4.385542168674699
"Vogelbach, Daniel",2022,0.289,0.133,0.407,0.422,0.358,0.328,0.237,26.0,90.0,89.5,10.0,3.2,68.37683044237907,7.1215685,74.0,201.1290322580645,29.0,0.20121951219512196,0.3293172690763052,0.6706827309236948,5.533333333333333
"Sosa, Lenyn",2024,0.289,0.237,0.321,0.526,0.364,0.373,0.308,22.0,76.0,88.1,10.7,4.7,69.50512773,7.227205514,74.0,201.1290322580645,24.0,0.24064171122994651,0.5736196319018405,0.4263803680981595,4.2894736842105265
"Anderson, Tim",2023,0.289,0.066,0.379,0.355,0.32,0.298,0.231,22.0,76.0,86.4,4.6,-3.2,68.37683044237907,7.1215685,74.0,201.1290322580645,30.0,0.28313253012048195,0.503030303030303,0.49696969696969695,4.342105263157895
"Devers, Rafael",2023,0.289,0.224,0.316,0.513,0.383,0.381,0.277,44.0,152.0,93.4,10.4,9.9,68.37683044237907,7.1215685,74.0,201.1290322580645,26.0,0.25405405405405407,0.5153203342618384,0.48467966573816157,4.723684210526316
"Bogaerts, Xander",2021,0.289,0.185,0.311,0.474,0.349,0.381,0.298,39.0,135.0,89.2,13.9,3.8,68.37683044237907,7.1215685,74.0,201.1290322580645,28.0,0.25245901639344265,0.46923076923076923,0.5307692307692308,4.814814814814815
"Cronenworth, Jake",2020,0.289,0.237,0.29,0.526,0.388,0.414,0.299,11.0,38.0,90.2,15.8,3.2,68.37683044237907,7.1215685,74.0,201.1290322580645,26.0,0.14285714285714285,0.41397849462365593,0.5860215053763441,4.894736842105263
"Rojas, Josh",2023,0.289,0.079,0.339,0.368,0.322,0.32,0.259,22.0,76.0,86.3,7.5,1.8,68.37683044237907,7.1215685,74.0,201.1290322580645,29.0,0.19631901840490798,0.4604519774011299,0.53954802259887,4.657894736842105
"Pillar, Kevin",2023,0.289,0.222,0.324,0.511,0.338,0.274,0.243,13.0,45.0,86.0,22.3,3.3,68.37683044237907,7.1215685,74.0,201.1290322580645,34.0,0.24761904761904763,0.5497382198952879,0.450261780104712,4.2444444444444445
"Haniger, Mitch",2021,0.288,0.328,0.273,0.616,0.377,0.386,0.291,36.0,125.0,90.6,13.1,18.1,68.37683044237907,7.1215685,74.0,201.1290322580645,30.0,0.2631578947368421,0.497196261682243,0.502803738317757,4.28
"Franco, Wander",2021,0.288,0.082,0.317,0.37,0.324,0.307,0.263,21.0,73.0,86.6,5.4,6.4,68.37683044237907,7.1215685,74.0,201.1290322580645,20.0,0.15714285714285714,0.4861111111111111,0.5138888888888888,3.9452054794520546
"Díaz, Aledmys",2022,0.288,0.164,0.281,0.452,0.338,0.36,0.319,21.0,73.0,86.4,8.9,2.5,68.37683044237907,7.1215685,74.0,201.1290322580645,31.0,0.22758620689655173,0.5253623188405797,0.4746376811594203,3.780821917808219
"Rodríguez, Julio",2022,0.288,0.216,0.371,0.505,0.376,0.372,0.269,32.0,111.0,94.2,9.7,14.6,68.37683044237907,7.1215685,74.0,201.1290322580645,21.0,0.3039647577092511,0.48504273504273504,0.5149572649572649,4.216216216216216
"Barger, Addison",2024,0.288,0.25,0.342,0.538,0.355,0.365,0.3,15.0,52.0,92.2,15.3,4.2,73.065484632,7.520245684,74.0,201.1290322580645,24.0,0.25,0.463768115942029,0.5362318840579711,3.980769230769231
"Neto, Zach",2024,0.288,0.207,0.338,0.495,0.387,0.388,0.28,32.0,111.0,87.1,6.8,14.6,68.234629633,6.977617844,74.0,201.1290322580645,23.0,0.291497975708502,0.5189075630252101,0.4810924369747899,4.288288288288288
"Mountcastle, Ryan",2024,0.288,0.135,0.35,0.423,0.322,0.33,0.28,30.0,104.0,89.8,10.8,4.6,73.354592208,7.461216926,74.0,201.1290322580645,27.0,0.244,0.5868544600938967,0.4131455399061033,4.096153846153846
"Hernández, Teoscar",2024,0.288,0.259,0.388,0.547,0.4,0.373,0.257,49.0,170.0,91.5,10.2,14.7,71.720578694,7.715802789,74.0,201.1290322580645,31.0,0.37662337662337664,0.511968085106383,0.488031914893617,4.423529411764706
"Blackmon, Charlie",2021,0.288,0.18,0.306,0.468,0.352,0.379,0.307,40.0,139.0,87.3,9.4,1.7,68.37683044237907,7.1215685,74.0,201.1290322580645,34.0,0.16296296296296298,0.5544147843942505,0.4455852156057495,3.5035971223021583
"Kiner-Falefa, Isiah",2023,0.288,0.041,0.362,0.329,0.295,0.272,0.251,21.0,73.0,88.5,8.5,2.4,68.37683044237907,7.1215685,74.0,201.1290322580645,28.0,0.20359281437125748,0.49262536873156343,0.5073746312684366,4.6438356164383565
"Abreu, Wilyer",2024,0.287,0.183,0.366,0.47,0.338,0.296,0.215,33.0,115.0,90.9,18.9,2.3,73.04411951,7.325967061,74.0,201.1290322580645,25.0,0.3031496062992126,0.5141700404858299,0.48582995951417,4.2956521739130435
"Castro, Harold",2021,0.287,0.037,0.359,0.325,0.27,0.308,0.301,23.0,80.0,84.9,6.5,-5.3,68.37683044237907,7.1215685,74.0,201.1290322580645,27.0,0.27071823204419887,0.6441281138790036,0.35587188612099646,3.5125
"Perdomo, Geraldo",2024,0.287,0.085,0.321,0.372,0.323,0.273,0.214,27.0,94.0,82.5,15.9,-0.2,63.257409101,6.584916085,74.0,201.1290322580645,24.0,0.15048543689320387,0.4650112866817156,0.5349887133182845,4.712765957446808
"Kwan, Steven",2024,0.287,0.087,0.301,0.375,0.355,0.352,0.29,23.0,80.0,82.3,13.4,5.3,62.29859922,6.356247305,74.0,201.1290322580645,26.0,0.07692307692307693,0.430939226519337,0.569060773480663,4.525
"Smith, Will",2022,0.287,0.167,0.295,0.453,0.364,0.347,0.259,43.0,150.0,89.1,18.8,15.0,68.37683044237907,7.1215685,74.0,201.1290322580645,27.0,0.2043343653250774,0.4442916093535076,0.5557083906464925,4.846666666666667
"Peterson, Jace",2020,0.286,0.429,0.2,0.714,0.504,0.534,0.277,2.0,7.0,91.5,13.7,1.1,68.37683044237907,7.1215685,74.0,201.1290322580645,30.0,0.375,0.3582089552238806,0.6417910447761194,9.571428571428571
"Kershaw, Clayton",2021,0.286,0.0,0.5,0.286,0.306,0.299,0.265,2.0,7.0,67.6,5.2,-1.1,68.37683044237907,7.1215685,74.0,201.1290322580645,33.0,0.2413793103448276,0.6590909090909091,0.3409090909090909,6.285714285714286
"Alvarez, Armando",2024,0.286,0.0,0.333,0.286,0.252,0.421,0.437,2.0,7.0,77.1,13.5,-0.3,64.139530833,6.589138333,74.0,201.1290322580645,27.0,0.15384615384615385,0.6190476190476191,0.38095238095238093,3.0
"Lindor, Francisco",2022,0.286,0.202,0.298,0.488,0.341,0.344,0.271,48.0,168.0,88.3,13.2,10.1,68.37683044237907,7.1215685,74.0,201.1290322580645,28.0,0.22043010752688172,0.5367965367965368,0.46320346320346323,4.125
"Welker, Colton",2021,0.286,0.143,0.286,0.429,0.352,0.391,0.322,2.0,7.0,88.0,23.9,0.6,68.37683044237907,7.1215685,74.0,201.1290322580645,27.0,0.058823529411764705,0.4722222222222222,0.5277777777777778,5.142857142857143
"Edman, Tommy",2021,0.286,0.134,0.299,0.42,0.307,0.322,0.291,32.0,112.0,84.5,9.5,1.2,68.37683044237907,7.1215685,74.0,201.1290322580645,26.0,0.14977973568281938,0.549636803874092,0.45036319612590797,3.6875
"Moncada, Yoán",2022,0.286,0.255,0.328,0.541,0.386,0.317,0.225,28.0,98.0,88.0,17.4,6.5,68.37683044237907,7.1215685,74.0,201.1290322580645,27.0,0.25118483412322273,0.4895591647331787,0.5104408352668214,4.3979591836734695
"Hernández, Yonny",2023,0.286,0.143,0.4,0.429,0.266,0.216,0.228,2.0,7.0,66.7,27.8,0.5,68.37683044237907,7.1215685,74.0,201.1290322580645,25.0,0.375,0.5,0.5,4.571428571428571
"Gurriel Jr., Lourdes",2022,0.286,0.133,0.326,0.419,0.341,0.335,0.28,30.0,105.0,90.6,8.2,3.5,68.37683044237907,7.1215685,74.0,201.1290322580645,28.0,0.1971153846153846,0.5036319612590799,0.4963680387409201,3.933333333333333
"Bishop, Braden",2020,0.286,0.143,0.4,0.429,0.394,0.34,0.237,2.0,7.0,76.1,0.3,2.0,68.37683044237907,7.1215685,74.0,201.1290322580645,26.0,0.2857142857142857,0.5384615384615384,0.46153846153846156,3.7142857142857144
"Oviedo, Johan",2021,0.286,0.0,0.5,0.286,0.251,0.129,0.143,2.0,7.0,90.1,-19.3,-0.5,68.37683044237907,7.1215685,74.0,201.1290322580645,27.0,0.38461538461538464,0.52,0.48,3.5714285714285716
"Butera, Drew",2021,0.286,0.0,0.333,0.286,0.22,0.389,0.396,2.0,7.0,59.0,-0.9,-0.6,68.37683044237907,7.1215685,74.0,201.1290322580645,27.0,0.24,0.6756756756756757,0.32432432432432434,5.285714285714286
"Kratz, Erik",2020,0.286,0.0,0.4,0.286,0.252,0.27,0.272,2.0,7.0,85.2,-1.6,-0.7,68.37683044237907,7.1215685,74.0,201.1290322580645,40.0,0.2,0.5882352941176471,0.4117647058823529,4.857142857142857
"Alberto, Hanser",2023,0.286,0.214,0.292,0.5,0.345,0.274,0.249,8.0,28.0,75.3,12.7,1.4,68.37683044237907,7.1215685,74.0,201.1290322580645,30.0,0.16666666666666666,0.72,0.28,3.5714285714285716
"Noda, Ryan",2024,0.286,0.071,0.4,0.357,0.33,0.351,0.249,4.0,14.0,76.6,16.3,0.7,65.113980435,6.882562609,74.0,201.1290322580645,28.0,0.3225806451612903,0.4626865671641791,0.5373134328358209,4.785714285714286
"Slater, Austin",2020,0.286,0.143,0.385,0.429,0.354,0.361,0.286,6.0,21.0,88.6,1.5,-0.2,68.37683044237907,7.1215685,74.0,201.1290322580645,27.0,0.24390243902439024,0.44565217391304346,0.5543478260869565,4.380952380952381
"Bae, Ji Hwan",2024,0.286,0.0,0.429,0.286,0.26,0.21,0.194,6.0,21.0,74.4,-18.8,-1.4,66.349472791,6.613639302,74.0,201.1290322580645,24.0,0.36363636363636365,0.5238095238095238,0.47619047619047616,4.0
"Strange-Gordon, Dee",2022,0.286,0.0,0.333,0.286,0.253,0.143,0.154,4.0,14.0,75.4,0.6,-1.9,68.37683044237907,7.1215685,74.0,201.1290322580645,27.0,0.1935483870967742,0.5961538461538461,0.40384615384615385,3.7142857142857144
"Dyson, Jarrod",2020,0.286,0.0,0.364,0.286,0.282,0.207,0.179,4.0,14.0,84.1,4.6,-0.8,68.37683044237907,7.1215685,74.0,201.1290322580645,35.0,0.23333333333333334,0.46875,0.53125,4.571428571428571
"Rutherford, Blake",2023,0.286,0.0,0.4,0.286,0.308,0.223,0.165,2.0,7.0,94.3,-12.0,-0.2,68.37683044237907,7.1215685,74.0,201.1290322580645,26.0,0.2916666666666667,0.5853658536585366,0.4146341463414634,5.857142857142857
"Lester, Josh",2023,0.286,0.0,0.4,0.286,0.252,0.222,0.223,2.0,7.0,89.5,-1.2,0.0,68.37683044237907,7.1215685,74.0,201.1290322580645,27.0,0.16666666666666666,0.42857142857142855,0.5714285714285714,4.0
"Grandal, Yasmani",2020,0.286,0.143,0.45,0.429,0.376,0.339,0.204,10.0,35.0,91.4,12.6,2.0,68.37683044237907,7.1215685,74.0,201.1290322580645,31.0,0.2923076923076923,0.32019704433497537,0.6798029556650246,5.8
"Ozuna, Marcell",2021,0.286,0.214,0.345,0.5,0.369,0.371,0.275,12.0,42.0,89.1,15.1,4.8,68.37683044237907,7.1215685,74.0,201.1290322580645,30.0,0.21794871794871795,0.484472049689441,0.515527950310559,3.8333333333333335
"Encarnacion, Jerar",2024,0.286,0.286,0.316,0.571,0.361,0.386,0.291,8.0,28.0,94.8,11.9,1.0,74.440188,7.895213231,74.0,201.1290322580645,26.0,0.23076923076923078,0.5371900826446281,0.4628099173553719,4.321428571428571
"Delmonico, Nicky",2020,0.286,0.0,0.286,0.286,0.308,0.245,0.183,2.0,7.0,68.7,20.9,0.5,68.37683044237907,7.1215685,74.0,201.1290322580645,27.0,0.1111111111111111,0.47368421052631576,0.5263157894736842,5.428571428571429
"White, Eli",2024,0.286,0.143,0.5,0.429,0.305,0.145,0.119,2.0,7.0,72.6,22.8,-0.8,65.742382222,6.414045556,74.0,201.1290322580645,27.0,0.2,0.5882352941176471,0.4117647058823529,2.4285714285714284
"Fisher, Derek",2020,0.286,0.0,0.4,0.286,0.316,0.327,0.26,2.0,7.0,87.7,-4.6,-1.0,68.37683044237907,7.1215685,74.0,201.1290322580645,26.0,0.5625,0.36363636363636365,0.6363636363636364,6.285714285714286
"Moustakas, Mike",2021,0.286,0.071,0.333,0.357,0.332,0.307,0.214,12.0,42.0,84.9,8.3,0.6,68.37683044237907,7.1215685,74.0,201.1290322580645,32.0,0.3191489361702128,0.49473684210526314,0.5052631578947369,4.523809523809524
"Fuentes, Joshua",2020,0.286,0.179,0.389,0.464,0.296,0.207,0.202,8.0,28.0,78.9,5.5,-1.6,68.37683044237907,7.1215685,74.0,201.1290322580645,27.0,0.26153846153846155,0.5909090909090909,0.4090909090909091,3.9285714285714284
"Abreu, José",2021,0.286,0.271,0.277,0.557,0.383,0.384,0.284,40.0,140.0,92.4,7.8,22.9,68.37683044237907,7.1215685,74.0,201.1290322580645,34.0,0.24233983286908078,0.5195369030390738,0.4804630969609262,4.935714285714286
"Aranda, Jonathan",2022,0.286,0.0,0.429,0.286,0.272,0.151,0.137,6.0,21.0,93.0,-3.3,-0.4,68.37683044237907,7.1215685,74.0,201.1290322580645,24.0,0.2558139534883721,0.5443037974683544,0.45569620253164556,3.761904761904762
"Tucker, Cole",2021,0.286,0.107,0.304,0.393,0.352,0.361,0.275,8.0,28.0,86.7,6.6,3.2,68.37683044237907,7.1215685,74.0,201.1290322580645,24.0,0.2878787878787879,0.4647887323943662,0.5352112676056338,5.071428571428571
"Segura, Jean",2022,0.286,0.065,0.333,0.351,0.327,0.28,0.222,22.0,77.0,85.1,7.7,-2.1,68.37683044237907,7.1215685,74.0,201.1290322580645,32.0,0.20270270270270271,0.4582043343653251,0.541795665634675,4.194805194805195
"Yastrzemski, Mike",2023,0.286,0.26,0.354,0.545,0.38,0.329,0.244,22.0,77.0,88.0,15.5,2.0,68.37683044237907,7.1215685,74.0,201.1290322580645,32.0,0.25,0.4175824175824176,0.5824175824175825,4.7272727272727275
"Kemp, Tony",2022,0.286,0.088,0.309,0.374,0.327,0.29,0.239,26.0,91.0,80.4,11.5,7.2,68.37683044237907,7.1215685,74.0,201.1290322580645,30.0,0.1111111111111111,0.5192307692307693,0.4807692307692308,4.571428571428571
"Turang, Brice",2024,0.286,0.177,0.311,0.463,0.33,0.292,0.268,42.0,147.0,81.0,1.6,-0.3,62.973177456,5.897905575,74.0,201.1290322580645,24.0,0.17177914110429449,0.5460636515912898,0.4539363484087102,4.061224489795919
"Johnson, Bryce",2022,0.286,0.0,0.5,0.286,0.253,0.234,0.249,2.0,7.0,92.7,26.3,-0.3,68.37683044237907,7.1215685,74.0,201.1290322580645,26.0,0.5,0.625,0.375,2.2857142857142856
"Isbel, Kyle",2021,0.286,0.143,0.333,0.429,0.338,0.26,0.204,6.0,21.0,83.2,20.9,0.0,68.37683044237907,7.1215685,74.0,201.1290322580645,24.0,0.20512820512820512,0.5571428571428572,0.44285714285714284,3.3333333333333335
"Vosler, Jason",2024,0.286,0.0,0.333,0.286,0.252,0.438,0.381,2.0,7.0,94.3,20.0,0.1,70.887931,7.687954,74.0,201.1290322580645,30.0,0.25,0.6,0.4,2.857142857142857
"Frazier, Clint",2023,0.286,0.0,0.571,0.286,0.282,0.194,0.16,4.0,14.0,94.7,1.7,-0.8,68.37683044237907,7.1215685,74.0,201.1290322580645,28.0,0.3103448275862069,0.5471698113207547,0.4528301886792453,3.7857142857142856
"Bradley, Bobby",2021,0.286,0.179,0.4,0.464,0.363,0.341,0.243,16.0,56.0,85.9,13.1,0.7,68.37683044237907,7.1215685,74.0,201.1290322580645,25.0,0.42857142857142855,0.4980237154150198,0.5019762845849802,4.517857142857143
"Sabol, Blake",2024,0.286,0.143,0.4,0.429,0.423,0.396,0.223,2.0,7.0,87.0,-5.6,-0.1,69.572872941,7.244237647,74.0,201.1290322580645,26.0,0.29411764705882354,0.4146341463414634,0.5853658536585366,5.857142857142857
"Sánchez, Jesús",2021,0.286,0.214,0.351,0.5,0.36,0.307,0.22,16.0,56.0,86.9,9.6,1.4,68.37683044237907,7.1215685,74.0,201.1290322580645,23.0,0.26356589147286824,0.5286885245901639,0.4713114754098361,4.357142857142857
"Castro, Harold",2020,0.286,0.0,0.333,0.286,0.252,0.162,0.166,2.0,7.0,79.4,13.2,-0.3,68.37683044237907,7.1215685,74.0,201.1290322580645,26.0,0.19047619047619047,0.6363636363636364,0.36363636363636365,4.714285714285714
"Stowers, Kyle",2024,0.286,0.25,0.438,0.536,0.384,0.348,0.24,16.0,56.0,91.3,9.2,6.2,70.626360588,6.710328382,74.0,201.1290322580645,26.0,0.375,0.5714285714285714,0.42857142857142855,4.25
"Devers, José",2021,0.286,0.071,0.364,0.357,0.286,0.28,0.29,4.0,14.0,82.2,-6.2,0.1,68.37683044237907,7.1215685,74.0,201.1290322580645,21.0,0.2926829268292683,0.6507936507936508,0.3492063492063492,4.5
"Sánchez, Yolmer",2022,0.286,0.0,0.286,0.286,0.307,0.283,0.216,2.0,7.0,68.6,28.1,-0.2,68.37683044237907,7.1215685,74.0,201.1290322580645,30.0,0.125,0.45714285714285713,0.5428571428571428,5.0
"Mervis, Matt",2024,0.286,0.0,0.4,0.286,0.252,0.245,0.266,2.0,7.0,86.9,0.4,-0.7,73.0613075,7.90446375,74.0,201.1290322580645,26.0,0.375,0.6153846153846154,0.38461538461538464,3.7142857142857144
"Hill, Derek",2021,0.286,0.143,0.318,0.429,0.354,0.38,0.302,8.0,28.0,87.0,16.1,0.8,68.37683044237907,7.1215685,74.0,201.1290322580645,25.0,0.10909090909090909,0.5188679245283019,0.4811320754716981,3.7857142857142856
"Rondón, José",2021,0.286,0.286,0.3,0.571,0.373,0.321,0.244,4.0,14.0,84.0,24.0,0.8,68.37683044237907,7.1215685,74.0,201.1290322580645,27.0,0.38235294117647056,0.4358974358974359,0.5641025641025641,5.571428571428571
"Duran, Jarren",2024,0.285,0.161,0.392,0.445,0.35,0.324,0.266,39.0,137.0,90.1,8.1,3.3,71.513261912,7.431691801,74.0,201.1290322580645,27.0,0.29692832764505117,0.4764227642276423,0.5235772357723577,4.489051094890511
"Alvarez, Yordan",2021,0.285,0.329,0.294,0.614,0.399,0.403,0.279,45.0,158.0,91.7,13.9,14.0,68.37683044237907,7.1215685,74.0,201.1290322580645,24.0,0.19655172413793104,0.4252199413489736,0.5747800586510264,4.3164556962025316
"Tatis Jr., Fernando",2023,0.285,0.138,0.337,0.423,0.333,0.351,0.285,37.0,130.0,90.8,7.7,5.5,68.37683044237907,7.1215685,74.0,201.1290322580645,24.0,0.3023255813953488,0.5397489539748954,0.4602510460251046,3.6769230769230767
"Bregman, Alex",2023,0.285,0.192,0.293,0.477,0.397,0.376,0.268,43.0,151.0,87.9,16.0,21.6,68.37683044237907,7.1215685,74.0,201.1290322580645,29.0,0.1510791366906475,0.39544807965860596,0.604551920341394,4.655629139072848
"Correa, Carlos",2024,0.284,0.148,0.31,0.432,0.337,0.307,0.241,23.0,81.0,89.3,10.2,6.3,72.119793415,7.185755915,74.0,201.1290322580645,29.0,0.20903954802259886,0.46335078534031415,0.5366492146596858,4.716049382716049
"Wong, Connor",2024,0.284,0.101,0.357,0.385,0.329,0.322,0.257,31.0,109.0,88.1,5.7,1.8,70.535256723,7.206110462,74.0,201.1290322580645,28.0,0.27419354838709675,0.5379609544468547,0.46203904555314534,4.229357798165138
"Schoop, Jonathan",2021,0.284,0.119,0.312,0.403,0.302,0.311,0.272,38.0,134.0,89.3,11.2,0.8,68.37683044237907,7.1215685,74.0,201.1290322580645,29.0,0.24522292993630573,0.5508771929824562,0.44912280701754387,4.253731343283582
"India, Jonathan",2022,0.284,0.164,0.362,0.448,0.355,0.305,0.237,19.0,67.0,87.4,19.2,8.1,68.37683044237907,7.1215685,74.0,201.1290322580645,25.0,0.25196850393700787,0.45195729537366547,0.5480427046263345,4.1940298507462686
"Mullins, Cedric",2022,0.284,0.172,0.303,0.455,0.332,0.33,0.271,38.0,134.0,85.8,22.4,3.6,68.37683044237907,7.1215685,74.0,201.1290322580645,27.0,0.1958041958041958,0.5553398058252427,0.4446601941747573,3.843283582089552
"Grandal, Yasmani",2021,0.284,0.358,0.279,0.642,0.443,0.423,0.255,19.0,67.0,94.4,20.2,13.8,68.37683044237907,7.1215685,74.0,201.1290322580645,32.0,0.2785714285714286,0.330188679245283,0.6698113207547169,6.3283582089552235
"Ohtani, Shohei",2021,0.284,0.402,0.345,0.686,0.442,0.451,0.29,29.0,102.0,94.5,17.6,16.7,68.37683044237907,7.1215685,74.0,201.1290322580645,26.0,0.37547892720306514,0.49619771863117873,0.5038022813688213,5.1568627450980395
"Pederson, Joc",2021,0.284,0.2,0.329,0.484,0.346,0.325,0.234,27.0,95.0,90.4,18.4,6.3,68.37683044237907,7.1215685,74.0,201.1290322580645,29.0,0.2409090909090909,0.497737556561086,0.502262443438914,4.652631578947369
"Kelenic, Jarred",2024,0.284,0.185,0.396,0.469,0.336,0.28,0.2,23.0,81.0,90.0,22.2,0.1,70.290962848,7.171476061,74.0,201.1290322580645,24.0,0.4230769230769231,0.5141242937853108,0.4858757062146893,4.37037037037037
"Ohtani, Shohei",2024,0.283,0.234,0.292,0.517,0.367,0.443,0.322,41.0,145.0,94.7,13.6,12.1,74.101753055,7.654325309,74.0,201.1290322580645,29.0,0.2694805194805195,0.5301204819277109,0.46987951807228917,4.006896551724138
"Lux, Gavin",2024,0.283,0.097,0.419,0.381,0.331,0.342,0.278,32.0,113.0,90.7,11.0,6.2,69.503924146,7.219122049,74.0,201.1290322580645,26.0,0.28444444444444444,0.43352601156069365,0.5664739884393064,4.592920353982301
"Brantley, Michael",2022,0.283,0.174,0.297,0.457,0.36,0.411,0.337,13.0,46.0,88.4,10.1,6.1,68.37683044237907,7.1215685,74.0,201.1290322580645,35.0,0.16853932584269662,0.4472361809045226,0.5527638190954773,4.326086956521739
"Votto, Joey",2023,0.283,0.434,0.25,0.717,0.437,0.364,0.253,15.0,53.0,91.8,15.7,4.2,68.37683044237907,7.1215685,75.0,200.0,39.0,0.25471698113207547,0.4953271028037383,0.5046728971962616,4.037735849056604
"Blackmon, Charlie",2024,0.283,0.172,0.325,0.455,0.339,0.297,0.267,28.0,99.0,83.6,9.6,3.5,65.245183541,7.057474641,74.0,201.1290322580645,37.0,0.182648401826484,0.5855614973262032,0.4144385026737968,3.7777777777777777
"Santana, Carlos",2020,0.283,0.35,0.268,0.633,0.417,0.44,0.305,17.0,60.0,90.8,17.1,5.6,68.37683044237907,7.1215685,74.0,201.1290322580645,34.0,0.22131147540983606,0.4066666666666667,0.5933333333333334,5.0
"Trout, Mike",2020,0.283,0.457,0.226,0.739,0.417,0.474,0.307,13.0,46.0,95.8,22.2,5.5,68.37683044237907,7.1215685,74.0,201.1290322580645,28.0,0.22916666666666666,0.3902439024390244,0.6097560975609756,5.3478260869565215
"Delay, Jason",2023,0.283,0.087,0.342,0.37,0.293,0.216,0.205,13.0,46.0,76.8,5.0,-2.8,68.37683044237907,7.1215685,74.0,201.1290322580645,28.0,0.20202020202020202,0.5561797752808989,0.4438202247191011,3.869565217391304
"Schwarber, Kyle",2024,0.283,0.208,0.338,0.492,0.366,0.379,0.27,34.0,120.0,94.2,15.9,11.5,74.684077657,7.608701297,74.0,201.1290322580645,31.0,0.29545454545454547,0.4292682926829268,0.5707317073170731,5.125
"Frazier, Adam",2024,0.283,0.017,0.321,0.3,0.303,0.313,0.277,17.0,60.0,79.9,15.2,-0.4,64.466238534,6.782050948,74.0,201.1290322580645,32.0,0.17073170731707318,0.537117903930131,0.462882096069869,3.816666666666667
"Margot, Manuel",2022,0.283,0.141,0.312,0.424,0.317,0.315,0.29,26.0,92.0,86.3,8.8,2.3,68.37683044237907,7.1215685,74.0,201.1290322580645,27.0,0.23267326732673269,0.5674157303370787,0.43258426966292135,3.869565217391304
"Lindor, Francisco",2021,0.283,0.261,0.288,0.543,0.392,0.396,0.279,26.0,92.0,88.9,12.3,7.2,68.37683044237907,7.1215685,74.0,201.1290322580645,27.0,0.242152466367713,0.4868995633187773,0.5131004366812227,4.978260869565218
"Voit, Luke",2021,0.283,0.132,0.368,0.415,0.35,0.373,0.288,15.0,53.0,89.3,20.0,2.6,68.37683044237907,7.1215685,74.0,201.1290322580645,30.0,0.3458646616541353,0.5362903225806451,0.4637096774193548,4.679245283018868
"Rivas III, Alfonso",2022,0.283,0.183,0.35,0.467,0.355,0.286,0.202,17.0,60.0,84.1,6.3,4.8,68.37683044237907,7.1215685,74.0,201.1290322580645,25.0,0.2116788321167883,0.48928571428571427,0.5107142857142857,4.666666666666667
"Perdomo, Geraldo",2022,0.283,0.121,0.316,0.404,0.346,0.319,0.259,28.0,99.0,80.5,5.3,2.7,68.37683044237907,7.1215685,74.0,201.1290322580645,22.0,0.16176470588235295,0.43870967741935485,0.5612903225806452,4.696969696969697
"Hoerner, Nico",2022,0.283,0.104,0.315,0.387,0.309,0.327,0.303,30.0,106.0,86.9,6.8,1.9,68.37683044237907,7.1215685,74.0,201.1290322580645,25.0,0.18981481481481483,0.5204819277108433,0.4795180722891566,3.9150943396226414
"Arroyo, Christian",2022,0.282,0.141,0.299,0.423,0.32,0.346,0.312,22.0,78.0,86.6,8.0,1.4,68.37683044237907,7.1215685,74.0,201.1290322580645,27.0,0.17613636363636365,0.5714285714285714,0.42857142857142855,3.948717948717949
"Peralta, David",2022,0.282,0.136,0.317,0.417,0.316,0.342,0.292,29.0,103.0,91.5,14.3,-3.7,68.37683044237907,7.1215685,74.0,201.1290322580645,34.0,0.2914798206278027,0.5360576923076923,0.4639423076923077,4.038834951456311
"Tovar, Ezequiel",2024,0.282,0.145,0.362,0.427,0.313,0.299,0.243,37.0,131.0,85.2,15.6,-0.9,68.086324456,7.291473571,74.0,201.1290322580645,22.0,0.39274924471299094,0.6414728682170543,0.35852713178294576,3.9389312977099236
"Rosario, Eddie",2021,0.282,0.129,0.299,0.412,0.3,0.323,0.28,24.0,85.0,87.2,11.4,2.7,68.37683044237907,7.1215685,74.0,201.1290322580645,29.0,0.20994475138121546,0.5746031746031746,0.4253968253968254,3.7058823529411766
"Plawecki, Kevin",2021,0.282,0.051,0.333,0.333,0.306,0.307,0.254,11.0,39.0,83.6,5.5,-1.7,68.37683044237907,7.1215685,74.0,201.1290322580645,30.0,0.1518987341772152,0.5163398692810458,0.48366013071895425,3.923076923076923
"Duran, Jarren",2022,0.282,0.128,0.478,0.41,0.345,0.266,0.206,11.0,39.0,86.0,0.7,1.8,68.37683044237907,7.1215685,74.0,201.1290322580645,25.0,0.375,0.5116279069767442,0.4883720930232558,4.410256410256411
"Luplow, Jordan",2021,0.282,0.436,0.4,0.718,0.465,0.384,0.217,11.0,39.0,86.2,28.6,6.2,68.37683044237907,7.1215685,74.0,201.1290322580645,27.0,0.3979591836734694,0.45794392523364486,0.5420560747663551,5.487179487179487
"Drury, Brandon",2022,0.282,0.336,0.275,0.618,0.393,0.325,0.247,31.0,110.0,88.6,16.1,14.8,68.37683044237907,7.1215685,74.0,201.1290322580645,29.0,0.21333333333333335,0.47770700636942676,0.5222929936305732,4.281818181818182
"Nido, Tomás",2022,0.282,0.085,0.357,0.366,0.3,0.301,0.263,20.0,71.0,78.6,7.1,-2.5,68.37683044237907,7.1215685,74.0,201.1290322580645,28.0,0.33519553072625696,0.6462093862815884,0.35379061371841153,3.9014084507042255
"Peralta, David",2021,0.282,0.153,0.321,0.435,0.34,0.307,0.244,37.0,131.0,87.0,4.0,8.2,68.37683044237907,7.1215685,74.0,201.1290322580645,33.0,0.23484848484848486,0.47739602169981915,0.5226039783001808,4.221374045801527
"Peña, Jeremy",2022,0.282,0.164,0.306,0.445,0.337,0.367,0.291,31.0,110.0,84.9,10.6,1.5,68.37683044237907,7.1215685,74.0,201.1290322580645,24.0,0.2892561983471074,0.558891454965358,0.44110854503464203,3.9363636363636365
"Lagares, Juan",2021,0.282,0.197,0.345,0.479,0.339,0.306,0.267,20.0,71.0,88.1,7.1,-0.6,68.37683044237907,7.1215685,74.0,201.1290322580645,32.0,0.21232876712328766,0.49158249158249157,0.5084175084175084,4.183098591549296
"Dubón, Mauricio",2020,0.282,0.231,0.273,0.513,0.364,0.364,0.248,11.0,39.0,85.4,15.6,2.0,68.37683044237907,7.1215685,74.0,201.1290322580645,25.0,0.21978021978021978,0.5515151515151515,0.4484848484848485,4.230769230769231
"Senzel, Nick",2023,0.282,0.155,0.321,0.437,0.333,0.308,0.269,20.0,71.0,85.1,20.2,-3.0,68.37683044237907,7.1215685,74.0,201.1290322580645,28.0,0.25,0.4748201438848921,0.5251798561151079,3.915492957746479
"Iglesias, Jose",2021,0.281,0.14,0.313,0.421,0.305,0.298,0.294,32.0,114.0,85.4,9.3,-6.2,68.37683044237907,7.1215685,74.0,201.1290322580645,31.0,0.1875,0.6095238095238096,0.3904761904761905,3.6842105263157894
"Refsnyder, Rob",2023,0.281,0.078,0.367,0.359,0.334,0.309,0.234,18.0,64.0,88.1,12.8,5.4,68.37683044237907,7.1215685,74.0,201.1290322580645,32.0,0.2230769230769231,0.4088050314465409,0.5911949685534591,4.96875
"Westburg, Jordan",2024,0.281,0.292,0.308,0.573,0.389,0.373,0.271,25.0,89.0,87.3,13.6,8.2,67.792441627,6.682755301,74.0,201.1290322580645,25.0,0.2857142857142857,0.5290697674418605,0.47093023255813954,3.865168539325843
"Freeman, Tyler",2024,0.281,0.14,0.286,0.421,0.378,0.342,0.252,16.0,57.0,83.3,10.8,4.8,67.814985825,6.78744,74.0,201.1290322580645,25.0,0.144,0.4612546125461255,0.5387453874538746,4.754385964912281
"Bohm, Alec",2022,0.281,0.111,0.304,0.393,0.298,0.319,0.287,38.0,135.0,90.3,8.9,0.8,68.37683044237907,7.1215685,74.0,201.1290322580645,25.0,0.20618556701030927,0.531021897810219,0.46897810218978103,4.059259259259259
"Castellanos, Nick",2023,0.281,0.216,0.363,0.497,0.331,0.305,0.253,48.0,171.0,89.3,13.3,3.4,68.37683044237907,7.1215685,74.0,201.1290322580645,31.0,0.3767313019390582,0.611864406779661,0.38813559322033897,3.4502923976608186
"Amaya, Miguel",2023,0.281,0.156,0.364,0.438,0.341,0.26,0.2,9.0,32.0,80.1,11.8,1.6,68.37683044237907,7.1215685,74.0,201.1290322580645,24.0,0.25396825396825395,0.45652173913043476,0.5434782608695652,4.3125
"Conforto, Michael",2021,0.281,0.135,0.333,0.417,0.348,0.361,0.271,27.0,96.0,88.5,13.5,1.2,68.37683044237907,7.1215685,74.0,201.1290322580645,28.0,0.21120689655172414,0.46586345381526106,0.5341365461847389,5.1875
"Alfaro, Jorge",2022,0.281,0.25,0.333,0.531,0.361,0.387,0.29,18.0,64.0,90.0,11.1,6.8,68.37683044237907,7.1215685,74.0,201.1290322580645,29.0,0.33540372670807456,0.644,0.356,3.90625
"Drury, Brandon",2023,0.281,0.256,0.329,0.537,0.359,0.319,0.253,34.0,121.0,89.9,9.3,0.6,68.37683044237907,7.1215685,74.0,201.1290322580645,30.0,0.29304029304029305,0.533203125,0.466796875,4.231404958677686
"Piscotty, Stephen",2021,0.281,0.219,0.35,0.5,0.36,0.363,0.286,9.0,32.0,87.1,12.5,1.0,68.37683044237907,7.1215685,74.0,201.1290322580645,27.0,0.3382352941176471,0.5619834710743802,0.4380165289256198,3.78125
"Henderson, Gunnar",2023,0.281,0.306,0.281,0.587,0.385,0.372,0.267,34.0,121.0,92.6,16.3,11.0,68.37683044237907,7.1215685,74.0,201.1290322580645,22.0,0.23828125,0.48484848484848486,0.5151515151515151,4.363636363636363
"Schrock, Max",2021,0.28,0.08,0.333,0.36,0.295,0.266,0.248,7.0,25.0,80.7,18.5,1.2,68.37683044237907,7.1215685,74.0,201.1290322580645,26.0,0.17543859649122806,0.5089285714285714,0.49107142857142855,4.48
"Schneider, Davis",2023,0.28,0.16,0.389,0.44,0.41,0.484,0.294,7.0,25.0,94.3,26.7,1.9,68.37683044237907,7.1215685,74.0,201.1290322580645,24.0,0.3382352941176471,0.4594594594594595,0.5405405405405406,5.92
"Marmolejos, José",2020,0.28,0.36,0.333,0.64,0.402,0.357,0.25,7.0,25.0,88.3,12.2,1.9,68.37683044237907,7.1215685,74.0,201.1290322580645,27.0,0.3333333333333333,0.47368421052631576,0.5263157894736842,4.56
"Daza, Yonathan",2022,0.28,0.159,0.296,0.439,0.317,0.298,0.273,23.0,82.0,87.2,6.4,3.1,68.37683044237907,7.1215685,74.0,201.1290322580645,28.0,0.16374269005847952,0.5245398773006135,0.4754601226993865,3.975609756097561
"Jung, Josh",2022,0.28,0.2,0.429,0.48,0.325,0.335,0.261,7.0,25.0,88.4,6.5,-0.2,68.37683044237907,7.1215685,74.0,201.1290322580645,24.0,0.30952380952380953,0.47191011235955055,0.5280898876404494,3.56
"Wynns, Austin",2023,0.28,0.08,0.389,0.36,0.324,0.291,0.216,7.0,25.0,80.1,10.2,-0.4,68.37683044237907,7.1215685,74.0,201.1290322580645,32.0,0.24242424242424243,0.5116279069767442,0.4883720930232558,5.16
"Toglia, Michael",2022,0.28,0.28,0.375,0.56,0.367,0.277,0.246,7.0,25.0,84.9,9.4,0.1,68.37683044237907,7.1215685,74.0,201.1290322580645,23.0,0.36363636363636365,0.44,0.56,4.0
"Davis, Jonathan",2023,0.28,0.08,0.333,0.36,0.301,0.315,0.301,7.0,25.0,83.4,10.7,-2.9,68.37683044237907,7.1215685,74.0,201.1290322580645,31.0,0.1836734693877551,0.44545454545454544,0.5545454545454546,4.4
"Carroll, Corbin",2023,0.28,0.153,0.322,0.432,0.343,0.328,0.252,33.0,118.0,85.3,9.4,5.1,68.37683044237907,7.1215685,74.0,201.1290322580645,22.0,0.2076271186440678,0.4627450980392157,0.5372549019607843,4.322033898305085
"Gomes, Yan",2023,0.28,0.093,0.319,0.374,0.289,0.321,0.263,30.0,107.0,85.9,8.4,1.2,68.37683044237907,7.1215685,74.0,201.1290322580645,35.0,0.225,0.5668016194331984,0.4331983805668016,4.616822429906542
"Moreno, Gabriel",2023,0.28,0.183,0.286,0.462,0.339,0.318,0.243,26.0,93.0,90.0,5.0,1.5,68.37683044237907,7.1215685,74.0,201.1290322580645,23.0,0.18137254901960784,0.42857142857142855,0.5714285714285714,5.118279569892473
"Burleson, Alec",2024,0.28,0.144,0.274,0.424,0.309,0.327,0.277,37.0,132.0,89.7,14.3,-0.5,69.96505639,7.449903899,74.0,201.1290322580645,25.0,0.18493150684931506,0.5971370143149284,0.40286298568507156,3.7045454545454546
"Drury, Brandon",2021,0.28,0.08,0.368,0.36,0.291,0.253,0.235,7.0,25.0,88.0,1.7,0.3,68.37683044237907,7.1215685,74.0,201.1290322580645,28.0,0.25,0.594059405940594,0.40594059405940597,4.04
"Espinal, Santiago",2024,0.279,0.105,0.289,0.384,0.323,0.326,0.283,24.0,86.0,83.7,19.2,4.1,64.234709032,7.15993543,74.0,201.1290322580645,29.0,0.14,0.48426150121065376,0.5157384987893463,4.8023255813953485
"Monasterio, Andruw",2023,0.279,0.118,0.346,0.397,0.338,0.335,0.259,19.0,68.0,89.1,19.4,3.9,68.37683044237907,7.1215685,74.0,201.1290322580645,26.0,0.2302158273381295,0.42378048780487804,0.5762195121951219,4.823529411764706
"Donovan, Brendan",2024,0.279,0.132,0.292,0.412,0.335,0.353,0.285,38.0,136.0,89.2,10.1,10.1,67.152878465,6.68040126,74.0,201.1290322580645,27.0,0.15770609318996415,0.44285714285714284,0.5571428571428572,4.632352941176471
"Isbel, Kyle",2023,0.279,0.088,0.328,0.368,0.319,0.3,0.233,19.0,68.0,84.5,10.8,-0.3,68.37683044237907,7.1215685,74.0,201.1290322580645,26.0,0.2,0.5263157894736842,0.47368421052631576,4.1911764705882355
"Almora Jr., Albert",2022,0.279,0.164,0.308,0.443,0.327,0.235,0.208,17.0,61.0,80.1,0.6,3.5,68.37683044237907,7.1215685,74.0,201.1290322580645,28.0,0.21774193548387097,0.5688073394495413,0.43119266055045874,3.5737704918032787
"Bryant, Kris",2023,0.279,0.132,0.347,0.412,0.334,0.343,0.278,19.0,68.0,84.3,14.9,0.4,68.37683044237907,7.1215685,74.0,201.1290322580645,31.0,0.25196850393700787,0.4721189591078067,0.5278810408921933,3.9558823529411766
"Stephenson, Tyler",2024,0.279,0.202,0.325,0.481,0.373,0.34,0.249,29.0,104.0,89.1,7.1,6.4,68.810668515,7.335980941,74.0,201.1290322580645,27.0,0.22815533980582525,0.44880174291938996,0.55119825708061,4.413461538461538
"Grichuk, Randal",2021,0.279,0.218,0.304,0.497,0.343,0.329,0.256,41.0,147.0,90.9,15.7,6.6,68.37683044237907,7.1215685,74.0,201.1290322580645,29.0,0.23776223776223776,0.5134649910233393,0.4865350089766607,3.7891156462585034
"Edman, Tommy",2020,0.279,0.093,0.364,0.372,0.303,0.315,0.28,12.0,43.0,87.9,7.7,0.9,68.37683044237907,7.1215685,74.0,201.1290322580645,25.0,0.27380952380952384,0.535031847133758,0.46496815286624205,3.6511627906976742
"O'Hearn, Ryan",2024,0.279,0.125,0.29,0.404,0.323,0.324,0.272,29.0,104.0,88.1,13.5,-0.6,71.279678095,7.132696952,74.0,201.1290322580645,30.0,0.1735159817351598,0.5093023255813953,0.4906976744186046,4.134615384615385
"Seager, Corey",2020,0.279,0.197,0.255,0.475,0.337,0.429,0.348,17.0,61.0,92.1,5.5,0.8,68.37683044237907,7.1215685,74.0,201.1290322580645,26.0,0.22413793103448276,0.6041666666666666,0.3958333333333333,3.1475409836065573
"Gordon, Nick",2022,0.279,0.221,0.318,0.5,0.352,0.305,0.206,24.0,86.0,88.1,12.2,4.3,68.37683044237907,7.1215685,74.0,201.1290322580645,26.0,0.2602739726027397,0.5983606557377049,0.4016393442622951,4.255813953488372
"Larnach, Trevor",2023,0.278,0.278,0.355,0.556,0.371,0.377,0.266,15.0,54.0,95.0,17.5,6.7,68.37683044237907,7.1215685,74.0,201.1290322580645,26.0,0.36507936507936506,0.4666666666666667,0.5333333333333333,5.0
"Marisnick, Jake",2021,0.278,0.083,0.4,0.361,0.336,0.307,0.211,10.0,36.0,86.2,11.8,2.3,68.37683044237907,7.1215685,74.0,201.1290322580645,30.0,0.3373493975903614,0.48255813953488375,0.5174418604651163,4.777777777777778
"Bregman, Alex",2020,0.278,0.194,0.286,0.472,0.363,0.362,0.269,10.0,36.0,89.4,17.5,0.9,68.37683044237907,7.1215685,74.0,201.1290322580645,26.0,0.14705882352941177,0.384180790960452,0.615819209039548,4.916666666666667
"Suárez, Eugenio",2024,0.278,0.192,0.333,0.47,0.337,0.317,0.246,42.0,151.0,86.7,16.9,4.6,69.085676928,7.665168635,74.0,201.1290322580645,32.0,0.3006535947712418,0.4788732394366197,0.5211267605633803,4.231788079470198
"Rizzo, Anthony",2021,0.278,0.13,0.292,0.407,0.326,0.307,0.256,30.0,108.0,89.3,10.1,3.7,68.37683044237907,7.1215685,74.0,201.1290322580645,31.0,0.22624434389140272,0.5011337868480725,0.4988662131519274,4.083333333333333
"Escobar, Eduardo",2021,0.278,0.243,0.275,0.521,0.36,0.368,0.289,40.0,144.0,87.7,19.8,10.3,68.37683044237907,7.1215685,74.0,201.1290322580645,32.0,0.19875776397515527,0.5278688524590164,0.4721311475409836,4.236111111111111
"Stewart, DJ",2020,0.278,0.222,0.5,0.5,0.42,0.374,0.219,5.0,18.0,81.2,9.5,1.2,68.37683044237907,7.1215685,74.0,201.1290322580645,26.0,0.34615384615384615,0.5148514851485149,0.48514851485148514,5.611111111111111
"Alvarez, Yordan",2024,0.278,0.209,0.276,0.487,0.366,0.396,0.279,32.0,115.0,91.8,19.6,9.2,75.241383689,7.418961165,74.0,201.1290322580645,27.0,0.15350877192982457,0.47010309278350515,0.5298969072164949,4.217391304347826
"Steer, Spencer",2022,0.278,0.0,0.357,0.278,0.371,0.346,0.226,5.0,18.0,82.3,-10.9,0.4,68.37683044237907,7.1215685,74.0,201.1290322580645,24.0,0.1111111111111111,0.35294117647058826,0.6470588235294118,5.666666666666667
"Torrens, Luis",2021,0.278,0.177,0.333,0.456,0.342,0.334,0.256,22.0,79.0,89.7,2.9,4.7,68.37683044237907,7.1215685,74.0,201.1290322580645,25.0,0.2807017543859649,0.475,0.525,4.556962025316456
"Davis, Jonathan",2022,0.278,0.0,0.455,0.278,0.382,0.351,0.212,5.0,18.0,82.9,-1.5,1.5,68.37683044237907,7.1215685,74.0,201.1290322580645,30.0,0.22,0.4424778761061947,0.5575221238938053,6.277777777777778
"Stanton, Giancarlo",2024,0.278,0.306,0.293,0.583,0.386,0.422,0.306,30.0,108.0,94.8,15.6,11.5,79.83263009,8.374632287,74.0,201.1290322580645,34.0,0.2777777777777778,0.4936708860759494,0.5063291139240507,4.388888888888889
"Laureano, Ramón",2020,0.278,0.222,0.32,0.5,0.377,0.333,0.191,10.0,36.0,88.6,8.7,3.5,68.37683044237907,7.1215685,74.0,201.1290322580645,25.0,0.20987654320987653,0.42408376963350786,0.5759162303664922,5.305555555555555
"Kirk, Alejandro",2022,0.278,0.183,0.262,0.461,0.375,0.38,0.286,32.0,115.0,91.6,12.3,9.3,68.37683044237907,7.1215685,74.0,201.1290322580645,23.0,0.1339712918660287,0.38992537313432835,0.6100746268656716,4.660869565217391
"Olivares, Edward",2022,0.278,0.028,0.313,0.306,0.282,0.308,0.269,10.0,36.0,87.6,2.8,2.7,68.37683044237907,7.1215685,74.0,201.1290322580645,26.0,0.18072289156626506,0.5460526315789473,0.45394736842105265,4.222222222222222
"Villar, Jonathan",2022,0.278,0.028,0.37,0.306,0.32,0.314,0.241,10.0,36.0,84.4,-5.2,3.8,68.37683044237907,7.1215685,74.0,201.1290322580645,31.0,0.3695652173913043,0.4742268041237113,0.5257731958762887,5.388888888888889
"Wallner, Matt",2023,0.278,0.296,0.314,0.574,0.414,0.392,0.241,15.0,54.0,93.0,23.2,10.1,68.37683044237907,7.1215685,74.0,201.1290322580645,25.0,0.3458646616541353,0.4889705882352941,0.5110294117647058,5.037037037037037
"Toro, Abraham",2022,0.278,0.208,0.293,0.486,0.353,0.327,0.245,20.0,72.0,86.7,23.7,1.6,68.37683044237907,7.1215685,74.0,201.1290322580645,25.0,0.16770186335403728,0.49538461538461537,0.5046153846153846,4.513888888888889
"Smith, Dominic",2022,0.278,0.111,0.333,0.389,0.321,0.282,0.206,10.0,36.0,89.7,9.7,-0.2,68.37683044237907,7.1215685,74.0,201.1290322580645,27.0,0.3142857142857143,0.4605263157894737,0.5394736842105263,4.222222222222222
"Sogard, Nick",2024,0.278,0.0,0.333,0.278,0.263,0.277,0.257,5.0,18.0,80.5,18.9,-1.7,63.758838302,6.79563,74.0,201.1290322580645,26.0,0.18867924528301888,0.6091954022988506,0.39080459770114945,4.833333333333333
"Fortes, Nick",2024,0.278,0.083,0.284,0.361,0.275,0.268,0.261,20.0,72.0,79.1,11.2,-1.4,64.781896405,6.488744706,74.0,201.1290322580645,27.0,0.11320754716981132,0.5482758620689655,0.4517241379310345,4.027777777777778
"Doyle, Brenton",2023,0.277,0.16,0.455,0.436,0.323,0.257,0.195,26.0,94.0,82.5,6.7,2.6,68.37683044237907,7.1215685,74.0,201.1290322580645,25.0,0.3744292237442922,0.5420792079207921,0.45792079207920794,4.297872340425532
"Adell, Jo",2024,0.277,0.208,0.348,0.485,0.36,0.381,0.292,28.0,101.0,90.3,11.5,6.7,74.817247662,7.496149957,74.0,201.1290322580645,25.0,0.3004115226337449,0.5137420718816068,0.48625792811839325,4.683168316831683
"Hilliard, Sam",2021,0.277,0.404,0.375,0.681,0.415,0.326,0.232,13.0,47.0,90.0,9.0,7.6,68.37683044237907,7.1215685,74.0,201.1290322580645,27.0,0.3978494623655914,0.4603960396039604,0.5396039603960396,4.297872340425532
"Daza, Yonathan",2021,0.277,0.06,0.329,0.337,0.282,0.286,0.258,23.0,83.0,77.1,1.4,-3.8,68.37683044237907,7.1215685,74.0,201.1290322580645,27.0,0.2235294117647059,0.5704697986577181,0.42953020134228187,3.5903614457831323
"Crawford, Brandon",2020,0.277,0.255,0.286,0.532,0.345,0.288,0.207,13.0,47.0,85.7,13.8,-0.4,68.37683044237907,7.1215685,74.0,201.1290322580645,33.0,0.3113207547169811,0.585635359116022,0.4143646408839779,3.851063829787234
"Palacios, Joshua",2023,0.277,0.215,0.292,0.492,0.351,0.381,0.3,18.0,65.0,89.5,9.6,0.7,68.37683044237907,7.1215685,74.0,201.1290322580645,27.0,0.2158273381294964,0.5387596899224806,0.46124031007751937,3.9692307692307693
"Conforto, Michael",2020,0.277,0.149,0.343,0.426,0.357,0.34,0.264,13.0,47.0,82.7,11.0,6.6,68.37683044237907,7.1215685,74.0,201.1290322580645,27.0,0.22935779816513763,0.4954545454545455,0.5045454545454545,4.680851063829787
"Correa, Carlos",2022,0.277,0.089,0.333,0.366,0.318,0.321,0.239,28.0,101.0,87.3,11.5,0.1,68.37683044237907,7.1215685,74.0,201.1290322580645,27.0,0.21333333333333335,0.4716981132075472,0.5283018867924528,4.7227722772277225
"Suárez, Eugenio",2023,0.277,0.127,0.353,0.405,0.341,0.34,0.231,48.0,173.0,90.6,15.9,7.1,68.37683044237907,7.1215685,74.0,201.1290322580645,31.0,0.31840796019900497,0.4712778429073857,0.5287221570926143,4.930635838150289
"Merrifield, Whit",2021,0.277,0.149,0.277,0.426,0.3,0.288,0.261,39.0,141.0,86.1,17.4,3.4,68.37683044237907,7.1215685,74.0,201.1290322580645,32.0,0.1891025641025641,0.514003294892916,0.48599670510708404,4.304964539007092
"Duffy, Matt",2021,0.277,0.169,0.313,0.446,0.354,0.35,0.266,18.0,65.0,85.3,3.0,5.1,68.37683044237907,7.1215685,74.0,201.1290322580645,30.0,0.14754098360655737,0.40131578947368424,0.5986842105263158,4.676923076923077
"Nola, Austin",2020,0.277,0.234,0.27,0.511,0.37,0.402,0.299,13.0,47.0,89.4,9.9,3.4,68.37683044237907,7.1215685,74.0,201.1290322580645,30.0,0.22448979591836735,0.43946188340807174,0.5605381165919282,4.74468085106383
"Stott, Bryson",2023,0.277,0.131,0.283,0.409,0.31,0.299,0.25,38.0,137.0,87.3,10.8,1.7,68.37683044237907,7.1215685,74.0,201.1290322580645,25.0,0.15282392026578073,0.48314606741573035,0.5168539325842697,4.547445255474453
"McCormick, Chas",2022,0.276,0.197,0.327,0.474,0.37,0.357,0.249,21.0,76.0,88.2,11.3,5.5,68.37683044237907,7.1215685,74.0,201.1290322580645,27.0,0.3128834355828221,0.4453551912568306,0.5546448087431693,4.815789473684211
"McCutchen, Andrew",2023,0.276,0.218,0.284,0.494,0.391,0.399,0.261,24.0,87.0,89.6,14.9,5.9,68.37683044237907,7.1215685,74.0,201.1290322580645,36.0,0.26540284360189575,0.45085470085470086,0.5491452991452992,5.379310344827586
"Gregorius, Didi",2022,0.276,0.121,0.308,0.397,0.305,0.27,0.242,16.0,58.0,82.2,13.2,0.9,68.37683044237907,7.1215685,74.0,201.1290322580645,32.0,0.1987179487179487,0.6473029045643154,0.35269709543568467,4.155172413793103
"Swanson, Dansby",2021,0.276,0.262,0.286,0.538,0.351,0.356,0.275,40.0,145.0,88.0,15.7,4.5,68.37683044237907,7.1215685,74.0,201.1290322580645,27.0,0.2715654952076677,0.5216666666666666,0.47833333333333333,4.137931034482759
"Polanco, Jorge",2022,0.276,0.153,0.308,0.429,0.342,0.362,0.269,27.0,98.0,88.2,16.6,1.2,68.37683044237907,7.1215685,74.0,201.1290322580645,28.0,0.2608695652173913,0.49145299145299143,0.5085470085470085,4.775510204081633
"Sweeney, Trey",2024,0.276,0.207,0.318,0.483,0.336,0.303,0.204,8.0,29.0,89.2,7.4,0.9,74.142079206,7.881280952,74.0,201.1290322580645,24.0,0.296875,0.5925925925925926,0.4074074074074074,3.7241379310344827
"Stallings, Jacob",2020,0.276,0.103,0.364,0.379,0.37,0.321,0.205,8.0,29.0,83.2,8.9,3.8,68.37683044237907,7.1215685,74.0,201.1290322580645,30.0,0.18518518518518517,0.3312883435582822,0.6687116564417178,5.620689655172414
"Kiner-Falefa, Isiah",2024,0.276,0.051,0.307,0.327,0.289,0.284,0.248,27.0,98.0,82.3,1.7,-0.4,63.456154474,6.498344803,74.0,201.1290322580645,29.0,0.11904761904761904,0.49266862170087977,0.5073313782991202,3.479591836734694
"Díaz, Yandy",2024,0.275,0.127,0.313,0.402,0.33,0.358,0.292,28.0,102.0,92.4,3.7,5.8,71.2162495,7.426650944,74.0,201.1290322580645,32.0,0.14427860696517414,0.4313304721030043,0.5686695278969958,4.568627450980392
"Marte, Ketel",2023,0.275,0.168,0.291,0.443,0.35,0.364,0.272,36.0,131.0,91.4,11.3,4.5,68.37683044237907,7.1215685,74.0,201.1290322580645,29.0,0.23308270676691728,0.4716312056737589,0.5283687943262412,4.305343511450381
"Rendon, Anthony",2022,0.275,0.1,0.294,0.375,0.35,0.401,0.295,11.0,40.0,88.3,18.6,-0.1,68.37683044237907,7.1215685,74.0,201.1290322580645,32.0,0.21428571428571427,0.4375,0.5625,4.8
"Abreu, José",2023,0.275,0.281,0.269,0.556,0.374,0.367,0.271,42.0,153.0,90.2,9.3,13.5,68.37683044237907,7.1215685,74.0,201.1290322580645,36.0,0.260989010989011,0.5126760563380282,0.48732394366197185,4.640522875816994
"Severino, Pedro",2021,0.275,0.132,0.329,0.407,0.296,0.288,0.247,25.0,91.0,86.6,15.8,-1.5,68.37683044237907,7.1215685,74.0,201.1290322580645,27.0,0.29850746268656714,0.5101522842639594,0.48984771573604063,4.329670329670329
"Melendez, MJ",2022,0.275,0.156,0.325,0.431,0.321,0.315,0.244,30.0,109.0,89.0,11.0,0.1,68.37683044237907,7.1215685,74.0,201.1290322580645,23.0,0.27165354330708663,0.522633744855967,0.4773662551440329,4.458715596330276
"Cabrera, Oswaldo",2024,0.275,0.087,0.328,0.362,0.294,0.297,0.257,22.0,80.0,86.4,14.6,0.1,66.15845975,6.920427438,74.0,201.1290322580645,25.0,0.2154696132596685,0.5156695156695157,0.4843304843304843,4.3875
"Madrigal, Nick",2023,0.275,0.058,0.302,0.333,0.277,0.277,0.283,19.0,69.0,80.8,-1.9,-0.5,68.37683044237907,7.1215685,74.0,201.1290322580645,26.0,0.09375,0.5079365079365079,0.49206349206349204,3.652173913043478
"Turner, Trea",2024,0.275,0.059,0.325,0.333,0.289,0.283,0.254,28.0,102.0,89.1,9.3,-4.1,69.983789375,7.506945781,74.0,201.1290322580645,31.0,0.25821596244131456,0.5259259259259259,0.4740740740740741,3.9705882352941178
"Canha, Mark",2022,0.275,0.142,0.33,0.417,0.348,0.308,0.222,33.0,120.0,89.4,11.2,10.2,68.37683044237907,7.1215685,74.0,201.1290322580645,33.0,0.2518248175182482,0.479020979020979,0.5209790209790209,4.766666666666667
"Santander, Anthony",2020,0.275,0.35,0.233,0.625,0.393,0.389,0.308,11.0,40.0,85.1,26.6,2.7,68.37683044237907,7.1215685,74.0,201.1290322580645,25.0,0.2619047619047619,0.5384615384615384,0.46153846153846156,3.9
"Suzuki, Seiya",2023,0.275,0.138,0.343,0.413,0.329,0.351,0.278,38.0,138.0,92.3,10.9,-4.6,68.37683044237907,7.1215685,74.0,201.1290322580645,28.0,0.2114695340501792,0.4108983799705449,0.5891016200294551,4.920289855072464
"Vogelbach, Daniel",2023,0.275,0.246,0.341,0.522,0.4,0.397,0.268,19.0,69.0,93.3,13.2,10.5,68.37683044237907,7.1215685,74.0,201.1290322580645,30.0,0.19148936170212766,0.38005390835579517,0.6199460916442049,5.3768115942028984
"Burger, Jake",2022,0.275,0.157,0.4,0.431,0.306,0.27,0.2,14.0,51.0,87.0,6.1,-1.5,68.37683044237907,7.1215685,74.0,201.1290322580645,26.0,0.3684210526315789,0.6129032258064516,0.3870967741935484,3.6470588235294117
"Herrera, Iván",2024,0.274,0.129,0.34,0.403,0.322,0.37,0.275,17.0,62.0,91.3,10.1,2.1,71.604318056,7.34955,74.0,201.1290322580645,24.0,0.26666666666666666,0.45977011494252873,0.5402298850574713,4.209677419354839
"Rutschman, Adley",2023,0.274,0.119,0.276,0.393,0.343,0.38,0.289,37.0,135.0,88.0,13.1,6.9,68.37683044237907,7.1215685,74.0,201.1290322580645,25.0,0.1413427561837456,0.4217585692995529,0.5782414307004471,4.970370370370371
"Dalbec, Bobby",2021,0.274,0.218,0.377,0.492,0.344,0.289,0.215,34.0,124.0,90.9,13.8,3.7,68.37683044237907,7.1215685,74.0,201.1290322580645,26.0,0.381294964028777,0.5419103313840156,0.4580896686159844,4.137096774193548
"Taylor, Tyrone",2021,0.274,0.145,0.326,0.419,0.336,0.292,0.228,17.0,62.0,86.8,15.3,7.2,68.37683044237907,7.1215685,74.0,201.1290322580645,27.0,0.21481481481481482,0.5172413793103449,0.4827586206896552,4.209677419354839
"McCormick, Chas",2023,0.274,0.236,0.324,0.509,0.348,0.367,0.284,29.0,106.0,86.8,14.1,7.8,68.37683044237907,7.1215685,74.0,201.1290322580645,28.0,0.3,0.5152224824355972,0.4847775175644028,4.028301886792453
"Odor, Rougned",2022,0.274,0.159,0.321,0.434,0.311,0.267,0.219,31.0,113.0,85.8,23.0,1.1,68.37683044237907,7.1215685,74.0,201.1290322580645,28.0,0.31645569620253167,0.5435779816513762,0.45642201834862384,3.8584070796460175
"Peterson, Jace",2023,0.274,0.19,0.313,0.464,0.355,0.316,0.241,23.0,84.0,83.5,13.4,1.2,68.37683044237907,7.1215685,74.0,201.1290322580645,33.0,0.25888324873096447,0.48402948402948404,0.515970515970516,4.845238095238095
"Torres, Gleyber",2021,0.274,0.042,0.325,0.316,0.297,0.323,0.267,26.0,95.0,85.0,13.8,0.9,68.37683044237907,7.1215685,74.0,201.1290322580645,24.0,0.2561576354679803,0.4551569506726457,0.5448430493273543,4.6947368421052635
"Ibáñez, Andy",2023,0.274,0.155,0.303,0.429,0.313,0.317,0.26,23.0,84.0,87.9,9.1,1.6,68.37683044237907,7.1215685,74.0,201.1290322580645,30.0,0.24705882352941178,0.5345911949685535,0.46540880503144655,3.7857142857142856
"Hicks, Aaron",2023,0.274,0.178,0.291,0.452,0.37,0.335,0.236,20.0,73.0,86.1,7.7,7.4,68.37683044237907,7.1215685,74.0,201.1290322580645,33.0,0.2236842105263158,0.390745501285347,0.609254498714653,5.328767123287672
"Flores, Wilmer",2020,0.274,0.258,0.277,0.532,0.357,0.35,0.285,17.0,62.0,85.6,17.8,0.3,68.37683044237907,7.1215685,74.0,201.1290322580645,28.0,0.22388059701492538,0.5193798449612403,0.4806201550387597,4.161290322580645
"Ramírez, Harold",2024,0.274,0.113,0.32,0.387,0.299,0.278,0.255,17.0,62.0,88.2,-6.4,-0.8,70.222203839,7.088933839,74.0,201.1290322580645,29.0,0.31451612903225806,0.5990338164251208,0.40096618357487923,3.338709677419355
"Candelario, Jeimer",2023,0.274,0.236,0.313,0.509,0.378,0.337,0.252,29.0,106.0,88.1,13.2,9.6,68.37683044237907,7.1215685,74.0,201.1290322580645,29.0,0.2793522267206478,0.4891089108910891,0.5108910891089109,4.764150943396227
"Betts, Mookie",2022,0.274,0.239,0.301,0.513,0.363,0.309,0.233,31.0,113.0,90.9,19.8,13.1,68.37683044237907,7.1215685,74.0,201.1290322580645,29.0,0.18695652173913044,0.44834307992202727,0.5516569200779727,4.539823008849558
"Lindor, Francisco",2024,0.274,0.21,0.295,0.484,0.366,0.406,0.295,34.0,124.0,92.2,17.5,8.3,71.096803092,7.55366,74.0,201.1290322580645,30.0,0.2509505703422053,0.4952919020715631,0.504708097928437,4.282258064516129
"Chisholm Jr., Jazz",2021,0.273,0.25,0.283,0.523,0.366,0.383,0.281,24.0,88.0,87.7,9.3,1.8,68.37683044237907,7.1215685,74.0,201.1290322580645,23.0,0.26288659793814434,0.47549019607843135,0.5245098039215687,4.636363636363637
"Delay, Jason",2022,0.273,0.03,0.36,0.303,0.265,0.223,0.223,9.0,33.0,81.1,9.9,-0.5,68.37683044237907,7.1215685,74.0,201.1290322580645,27.0,0.2898550724637681,0.6272727272727273,0.37272727272727274,3.3333333333333335
"Cabrera, Asdrúbal",2020,0.273,0.236,0.277,0.509,0.35,0.335,0.248,15.0,55.0,90.3,9.3,2.0,68.37683044237907,7.1215685,74.0,201.1290322580645,34.0,0.19626168224299065,0.4196078431372549,0.5803921568627451,4.636363636363637
"Grisham, Trent",2021,0.273,0.182,0.299,0.455,0.35,0.315,0.249,30.0,110.0,85.0,11.4,6.4,68.37683044237907,7.1215685,74.0,201.1290322580645,24.0,0.20253164556962025,0.44716981132075473,0.5528301886792453,4.818181818181818
"Campusano, Luis",2022,0.273,0.091,0.3,0.364,0.252,0.182,0.202,3.0,11.0,84.2,-2.3,-1.9,68.37683044237907,7.1215685,74.0,201.1290322580645,27.0,0.25,0.631578947368421,0.3684210526315789,3.4545454545454546
"Smith, Will",2024,0.273,0.121,0.311,0.394,0.328,0.357,0.266,36.0,132.0,89.3,19.8,2.4,65.396440421,7.081244421,74.0,201.1290322580645,29.0,0.19003115264797507,0.481981981981982,0.5180180180180181,5.045454545454546
"Verdugo, Alex",2021,0.273,0.157,0.29,0.43,0.324,0.332,0.265,33.0,121.0,87.3,5.6,2.5,68.37683044237907,7.1215685,74.0,201.1290322580645,25.0,0.17391304347826086,0.4782608695652174,0.5217391304347826,4.371900826446281
"Miller, Brad",2023,0.273,0.091,0.333,0.364,0.251,0.292,0.272,3.0,11.0,91.0,9.6,-1.2,68.37683044237907,7.1215685,74.0,201.1290322580645,27.0,0.3684210526315789,0.4318181818181818,0.5681818181818182,4.0
"Díaz, Lewin",2020,0.273,0.091,0.429,0.364,0.273,0.241,0.217,3.0,11.0,93.3,20.6,-1.4,68.37683044237907,7.1215685,74.0,201.1290322580645,27.0,0.28,0.46296296296296297,0.5370370370370371,4.909090909090909
"Almonte, Abraham",2022,0.273,0.0,0.375,0.273,0.241,0.252,0.261,3.0,11.0,92.7,17.1,-1.0,68.37683044237907,7.1215685,74.0,201.1290322580645,33.0,0.22727272727272727,0.5238095238095238,0.47619047619047616,3.8181818181818183
"Higashioka, Kyle",2020,0.273,0.091,0.375,0.364,0.273,0.219,0.196,3.0,11.0,81.1,25.1,-0.3,68.37683044237907,7.1215685,74.0,201.1290322580645,30.0,0.2962962962962963,0.6,0.4,4.090909090909091
"Julien, Edouard",2023,0.273,0.255,0.375,0.527,0.399,0.395,0.242,15.0,55.0,91.0,12.4,4.2,68.37683044237907,7.1215685,74.0,201.1290322580645,24.0,0.3333333333333333,0.38461538461538464,0.6153846153846154,5.672727272727273
"Choo, Shin-Soo",2020,0.273,0.045,0.316,0.318,0.287,0.29,0.268,6.0,22.0,89.3,9.1,1.7,68.37683044237907,7.1215685,71.0,178.0,37.0,0.30434782608695654,0.4339622641509434,0.5660377358490566,4.818181818181818
"Martínez, José",2020,0.273,0.182,0.313,0.455,0.354,0.369,0.287,6.0,22.0,87.8,1.5,3.0,68.37683044237907,7.1215685,74.0,201.1290322580645,27.0,0.24390243902439024,0.41836734693877553,0.5816326530612245,4.454545454545454
"Kepler, Max",2020,0.273,0.242,0.28,0.515,0.377,0.324,0.231,9.0,33.0,83.9,22.7,3.8,68.37683044237907,7.1215685,74.0,201.1290322580645,27.0,0.25,0.44155844155844154,0.5584415584415584,4.666666666666667
"Toro, Abraham",2024,0.273,0.036,0.288,0.309,0.284,0.343,0.294,15.0,55.0,84.9,10.6,-2.1,68.988132828,7.555407677,74.0,201.1290322580645,27.0,0.1834862385321101,0.5117370892018779,0.48826291079812206,3.8727272727272726
"Zavala, Seby",2021,0.273,0.273,0.333,0.545,0.371,0.235,0.18,6.0,22.0,73.2,5.1,2.8,68.37683044237907,7.1215685,74.0,201.1290322580645,27.0,0.37735849056603776,0.5578947368421052,0.4421052631578947,4.318181818181818
"Engel, Adam",2020,0.273,0.227,0.294,0.5,0.321,0.278,0.278,6.0,22.0,87.1,15.6,0.2,68.37683044237907,7.1215685,74.0,201.1290322580645,28.0,0.23404255319148937,0.5595238095238095,0.44047619047619047,3.8181818181818183
"Ervin, Phillip",2020,0.273,0.182,0.375,0.455,0.46,0.405,0.229,3.0,11.0,84.5,13.3,1.6,68.37683044237907,7.1215685,74.0,201.1290322580645,27.0,0.1875,0.3902439024390244,0.6097560975609756,7.454545454545454
"Semien, Marcus",2022,0.273,0.235,0.257,0.508,0.331,0.284,0.229,36.0,132.0,87.2,20.2,4.9,68.37683044237907,7.1215685,74.0,201.1290322580645,31.0,0.16554054054054054,0.5314183123877917,0.46858168761220825,4.21969696969697
"Stassi, Max",2020,0.273,0.409,0.167,0.682,0.403,0.365,0.206,6.0,22.0,90.7,15.4,1.6,68.37683044237907,7.1215685,74.0,201.1290322580645,29.0,0.2909090909090909,0.514018691588785,0.48598130841121495,4.863636363636363
"Peralta, David",2024,0.273,0.218,0.273,0.491,0.36,0.315,0.245,15.0,55.0,83.5,4.8,2.0,69.785949677,6.938069919,74.0,201.1290322580645,36.0,0.21875,0.5614035087719298,0.43859649122807015,4.1454545454545455
"Slater, Austin",2022,0.273,0.136,0.381,0.409,0.355,0.347,0.259,18.0,66.0,86.1,4.9,4.1,68.37683044237907,7.1215685,74.0,201.1290322580645,29.0,0.325,0.4892966360856269,0.5107033639143731,4.954545454545454
"Frazier, Clint",2022,0.273,0.0,0.429,0.273,0.31,0.262,0.195,3.0,11.0,77.4,19.3,-1.6,68.37683044237907,7.1215685,74.0,201.1290322580645,27.0,0.2727272727272727,0.46808510638297873,0.5319148936170213,4.2727272727272725
"Stanton, Giancarlo",2021,0.273,0.289,0.271,0.562,0.376,0.39,0.276,33.0,121.0,93.0,9.0,9.8,68.37683044237907,7.1215685,74.0,201.1290322580645,31.0,0.29457364341085274,0.48044692737430167,0.5195530726256983,4.43801652892562
"Valaika, Pat",2020,0.273,0.061,0.36,0.333,0.287,0.326,0.302,9.0,33.0,82.0,17.9,-1.9,68.37683044237907,7.1215685,74.0,201.1290322580645,27.0,0.265625,0.5289256198347108,0.47107438016528924,3.6666666666666665
"Arenado, Nolan",2024,0.272,0.128,0.278,0.4,0.301,0.304,0.265,34.0,125.0,86.9,18.7,1.1,68.706096546,8.138924418,74.0,201.1290322580645,33.0,0.1660377358490566,0.5057251908396947,0.49427480916030536,4.192
"Crawford, Brandon",2022,0.272,0.149,0.333,0.421,0.331,0.313,0.226,31.0,114.0,90.0,15.6,5.6,68.37683044237907,7.1215685,74.0,201.1290322580645,35.0,0.288135593220339,0.49166666666666664,0.5083333333333333,4.2105263157894735
"Grossman, Robbie",2021,0.272,0.14,0.3,0.412,0.358,0.345,0.245,31.0,114.0,83.8,18.9,4.4,68.37683044237907,7.1215685,74.0,201.1290322580645,31.0,0.23938223938223938,0.4170692431561997,0.5829307568438004,5.447368421052632
"Arraez, Luis",2021,0.272,0.099,0.273,0.37,0.305,0.349,0.298,22.0,81.0,90.0,13.9,-1.3,68.37683044237907,7.1215685,74.0,201.1290322580645,24.0,0.10759493670886076,0.4401114206128134,0.5598885793871866,4.432098765432099
"Harper, Bryce",2023,0.272,0.117,0.316,0.388,0.342,0.386,0.27,28.0,103.0,89.3,11.3,3.1,68.37683044237907,7.1215685,74.0,201.1290322580645,30.0,0.3629032258064516,0.5145228215767634,0.4854771784232365,4.679611650485437
"Miranda, Jose",2022,0.272,0.144,0.32,0.416,0.326,0.293,0.235,34.0,125.0,91.2,12.4,5.5,68.37683044237907,7.1215685,74.0,201.1290322580645,24.0,0.22761194029850745,0.5317460317460317,0.46825396825396826,4.032
"Smith, Pavin",2021,0.272,0.087,0.346,0.359,0.315,0.317,0.257,28.0,103.0,87.6,4.3,-1.2,68.37683044237907,7.1215685,74.0,201.1290322580645,25.0,0.19069767441860466,0.4725274725274725,0.5274725274725275,4.41747572815534
"Arozarena, Randy",2022,0.272,0.166,0.362,0.438,0.331,0.287,0.231,46.0,169.0,90.5,4.2,1.6,68.37683044237907,7.1215685,74.0,201.1290322580645,27.0,0.30835734870317005,0.4887323943661972,0.5112676056338028,4.201183431952662
"Urías, Luis",2021,0.272,0.184,0.324,0.456,0.379,0.365,0.24,28.0,103.0,86.7,16.0,11.1,68.37683044237907,7.1215685,74.0,201.1290322580645,24.0,0.2794759825327511,0.4731404958677686,0.5268595041322314,4.699029126213592
"Perkins, Blake",2024,0.272,0.078,0.347,0.35,0.295,0.271,0.219,28.0,103.0,86.4,13.8,-5.5,66.103241409,7.026060682,74.0,201.1290322580645,27.0,0.29017857142857145,0.4796573875802998,0.5203426124197003,4.533980582524272
"Polanco, Jorge",2023,0.272,0.21,0.31,0.481,0.332,0.322,0.244,22.0,81.0,85.4,19.6,4.2,68.37683044237907,7.1215685,74.0,201.1290322580645,29.0,0.21468926553672316,0.4903047091412742,0.5096952908587258,4.45679012345679
"Ward, Taylor",2021,0.271,0.271,0.303,0.542,0.383,0.372,0.262,13.0,48.0,80.5,14.8,3.8,68.37683044237907,7.1215685,74.0,201.1290322580645,27.0,0.25806451612903225,0.4626865671641791,0.5373134328358209,4.1875
"Hiura, Keston",2021,0.271,0.188,0.379,0.458,0.364,0.33,0.211,13.0,48.0,86.2,12.0,-0.6,68.37683044237907,7.1215685,74.0,201.1290322580645,24.0,0.42276422764227645,0.5082644628099173,0.49173553719008267,5.041666666666667
"McCutchen, Andrew",2021,0.271,0.243,0.319,0.514,0.38,0.365,0.247,29.0,107.0,87.4,10.9,10.1,68.37683044237907,7.1215685,74.0,201.1290322580645,34.0,0.28936170212765955,0.4137323943661972,0.5862676056338029,5.308411214953271
"Harrison, Josh",2021,0.271,0.155,0.284,0.426,0.318,0.344,0.298,35.0,129.0,86.4,16.7,0.4,68.37683044237907,7.1215685,74.0,201.1290322580645,33.0,0.2125984251968504,0.5644444444444444,0.43555555555555553,3.488372093023256
"Schmitt, Casey",2023,0.271,0.051,0.356,0.322,0.286,0.304,0.283,16.0,59.0,86.5,10.5,-2.5,68.37683044237907,7.1215685,74.0,201.1290322580645,24.0,0.30714285714285716,0.5761316872427984,0.42386831275720166,4.11864406779661
"Mercedes, Yermín",2021,0.271,0.114,0.327,0.386,0.282,0.293,0.274,19.0,70.0,88.2,17.4,1.8,68.37683044237907,7.1215685,74.0,201.1290322580645,28.0,0.19753086419753085,0.5806451612903226,0.41935483870967744,3.9857142857142858
"Hays, Austin",2023,0.271,0.068,0.35,0.338,0.284,0.254,0.223,36.0,133.0,87.3,14.1,-2.2,68.37683044237907,7.1215685,74.0,201.1290322580645,27.0,0.28185328185328185,0.477859778597786,0.522140221402214,4.075187969924812
"Gorman, Nolan",2023,0.271,0.355,0.306,0.626,0.402,0.379,0.244,29.0,107.0,90.5,24.6,9.1,68.37683044237907,7.1215685,74.0,201.1290322580645,23.0,0.3293172690763052,0.5040485829959515,0.4959514170040486,4.616822429906542
"Panik, Joe",2021,0.271,0.188,0.268,0.458,0.324,0.306,0.261,13.0,48.0,87.0,4.9,1.1,68.37683044237907,7.1215685,74.0,201.1290322580645,30.0,0.11627906976744186,0.4574468085106383,0.5425531914893617,3.9166666666666665
"Siri, Jose",2023,0.271,0.235,0.346,0.506,0.336,0.301,0.233,23.0,85.0,86.0,12.9,-2.6,68.37683044237907,7.1215685,74.0,201.1290322580645,27.0,0.39263803680981596,0.5241157556270096,0.4758842443729904,3.6588235294117646
"Thompson, Trayce",2022,0.271,0.305,0.393,0.576,0.404,0.374,0.234,16.0,59.0,93.2,19.8,4.2,68.37683044237907,7.1215685,74.0,201.1290322580645,31.0,0.3624161073825503,0.45151515151515154,0.5484848484848485,5.593220338983051
"Eaton, Adam",2021,0.271,0.22,0.333,0.492,0.349,0.244,0.192,16.0,59.0,80.6,10.9,1.5,68.37683044237907,7.1215685,74.0,196.0,32.0,0.23741007194244604,0.5091575091575091,0.4908424908424908,4.627118644067797
"Ozuna, Marcell",2024,0.271,0.293,0.3,0.564,0.379,0.412,0.281,38.0,140.0,92.5,10.7,13.7,72.237795904,7.290307611,74.0,201.1290322580645,33.0,0.31974921630094044,0.4885145482388974,0.5114854517611026,4.664285714285715
"Votto, Joey",2022,0.27,0.311,0.306,0.581,0.441,0.374,0.216,20.0,74.0,89.6,15.0,12.1,68.37683044237907,7.1215685,75.0,200.0,38.0,0.27472527472527475,0.4396135265700483,0.5603864734299517,5.594594594594595
"Brown, Seth",2024,0.27,0.191,0.37,0.461,0.335,0.292,0.228,24.0,89.0,89.5,11.8,-2.8,71.747686862,7.148826702,74.0,201.1290322580645,31.0,0.33014354066985646,0.5251256281407035,0.4748743718592965,4.47191011235955
"Keith, Colt",2024,0.27,0.135,0.329,0.405,0.327,0.298,0.249,30.0,111.0,85.8,5.6,3.3,68.655500472,6.634146557,74.0,201.1290322580645,22.0,0.28125,0.5056433408577878,0.49435665914221216,3.990990990990991
"Morel, Christopher",2023,0.27,0.24,0.356,0.51,0.36,0.341,0.247,27.0,100.0,93.0,6.6,7.4,68.37683044237907,7.1215685,74.0,201.1290322580645,24.0,0.38839285714285715,0.5056433408577878,0.49435665914221216,4.43
"Peña, Jeremy",2024,0.27,0.101,0.298,0.372,0.307,0.346,0.289,40.0,148.0,87.8,7.4,-2.6,69.565428553,7.220268006,74.0,201.1290322580645,26.0,0.24776119402985075,0.5429497568881686,0.45705024311183146,4.168918918918919
"Torres, Gleyber",2023,0.27,0.148,0.278,0.417,0.327,0.376,0.293,31.0,115.0,90.1,14.2,-2.6,68.37683044237907,7.1215685,74.0,201.1290322580645,26.0,0.21238938053097345,0.4574898785425101,0.5425101214574899,4.2956521739130435
"Vaughn, Andrew",2023,0.27,0.226,0.311,0.496,0.347,0.33,0.269,37.0,137.0,89.6,5.5,-0.1,68.37683044237907,7.1215685,74.0,201.1290322580645,25.0,0.2846715328467153,0.541501976284585,0.45849802371541504,3.6934306569343067
"Lopes, Tim",2020,0.27,0.054,0.345,0.324,0.301,0.285,0.241,10.0,37.0,82.2,6.8,1.6,68.37683044237907,7.1215685,74.0,201.1290322580645,26.0,0.30864197530864196,0.525974025974026,0.474025974025974,4.162162162162162
"Wood, James",2024,0.27,0.189,0.415,0.459,0.371,0.363,0.252,20.0,74.0,95.2,8.6,3.3,71.3338975,7.371850694,74.0,201.1290322580645,21.0,0.3783783783783784,0.38144329896907214,0.6185567010309279,5.243243243243243
"Ruf, Darin",2022,0.27,0.135,0.31,0.405,0.323,0.301,0.234,20.0,74.0,89.1,19.4,2.7,68.37683044237907,7.1215685,74.0,201.1290322580645,35.0,0.25333333333333335,0.44642857142857145,0.5535714285714286,4.54054054054054
"LeMahieu, DJ",2021,0.27,0.09,0.282,0.361,0.303,0.357,0.3,33.0,122.0,90.7,5.1,-0.8,68.37683044237907,7.1215685,74.0,201.1290322580645,32.0,0.1461187214611872,0.44969199178644764,0.5503080082135524,3.9918032786885247
"García, Adolis",2023,0.27,0.264,0.286,0.535,0.371,0.398,0.279,43.0,159.0,92.1,12.6,14.9,68.37683044237907,7.1215685,74.0,201.1290322580645,30.0,0.2830188679245283,0.49466666666666664,0.5053333333333333,4.716981132075472
"Barnes, Austin",2024,0.27,0.081,0.4,0.351,0.28,0.203,0.189,10.0,37.0,83.9,12.6,-2.5,63.76398194,6.155378358,74.0,201.1290322580645,34.0,0.24285714285714285,0.48951048951048953,0.5104895104895105,3.864864864864865
"Mejía, Francisco",2023,0.27,0.189,0.296,0.459,0.303,0.227,0.201,10.0,37.0,87.5,15.7,-0.8,68.37683044237907,7.1215685,74.0,201.1290322580645,27.0,0.22580645161290322,0.6549295774647887,0.34507042253521125,3.8378378378378377
"Reyes, Franmil",2021,0.27,0.197,0.365,0.467,0.33,0.315,0.237,33.0,122.0,89.3,10.6,3.7,68.37683044237907,7.1215685,74.0,201.1290322580645,25.0,0.3188976377952756,0.49034749034749037,0.5096525096525096,4.245901639344262
"Lowe, Brandon",2021,0.27,0.317,0.295,0.587,0.411,0.395,0.256,34.0,126.0,90.5,20.6,17.5,68.37683044237907,7.1215685,74.0,201.1290322580645,26.0,0.3458904109589041,0.48747913188647746,0.5125208681135225,4.753968253968254
"Raleigh, Cal",2024,0.27,0.27,0.281,0.54,0.382,0.422,0.291,37.0,137.0,89.7,20.5,10.6,73.036623968,7.701622355,74.0,201.1290322580645,27.0,0.3343558282208589,0.500768049155146,0.49923195084485406,4.751824817518248
"Cooper, Garrett",2024,0.269,0.192,0.375,0.462,0.361,0.327,0.243,7.0,26.0,87.3,22.6,2.1,71.767878039,7.851399412,74.0,201.1290322580645,33.0,0.3090909090909091,0.4700854700854701,0.5299145299145299,4.5
"Winker, Jesse",2020,0.269,0.385,0.267,0.654,0.457,0.403,0.218,7.0,26.0,88.5,4.6,3.0,68.37683044237907,7.1215685,74.0,201.1290322580645,26.0,0.25862068965517243,0.38666666666666666,0.6133333333333333,5.769230769230769
"Naquin, Tyler",2022,0.269,0.256,0.388,0.526,0.356,0.342,0.249,21.0,78.0,92.8,12.4,6.1,68.37683044237907,7.1215685,74.0,201.1290322580645,31.0,0.3645833333333333,0.5925925925925926,0.4074074074074074,4.153846153846154
"Torres, Gleyber",2024,0.269,0.193,0.276,0.462,0.336,0.309,0.218,32.0,119.0,87.9,15.9,5.9,68.850685092,7.211010074,74.0,201.1290322580645,27.0,0.22837370242214533,0.47611202635914335,0.5238879736408567,5.100840336134453
"Rodgers, Brendan",2022,0.269,0.185,0.28,0.454,0.333,0.336,0.262,35.0,130.0,90.5,2.8,4.2,68.37683044237907,7.1215685,74.0,201.1290322580645,25.0,0.22672064777327935,0.49798387096774194,0.5020161290322581,3.8153846153846156
"Soler, Jorge",2020,0.269,0.5,0.25,0.769,0.441,0.448,0.31,7.0,26.0,98.6,11.2,4.2,68.37683044237907,7.1215685,74.0,201.1290322580645,28.0,0.29545454545454547,0.3793103448275862,0.6206896551724138,4.461538461538462
"Springer, George",2023,0.269,0.055,0.296,0.324,0.308,0.347,0.281,39.0,145.0,86.7,8.3,-4.6,68.37683044237907,7.1215685,74.0,201.1290322580645,33.0,0.20655737704918034,0.5024711696869851,0.4975288303130148,4.186206896551724
"Taylor, Tyrone",2023,0.269,0.164,0.36,0.433,0.314,0.278,0.241,18.0,67.0,85.4,11.5,-4.7,68.37683044237907,7.1215685,74.0,201.1290322580645,29.0,0.2465753424657534,0.5328467153284672,0.46715328467153283,4.08955223880597
"Hernández, Teoscar",2022,0.269,0.252,0.366,0.521,0.366,0.351,0.256,32.0,119.0,92.9,10.6,9.6,68.37683044237907,7.1215685,74.0,201.1290322580645,29.0,0.40601503759398494,0.5095785440613027,0.4904214559386973,4.38655462184874
"Chisholm Jr., Jazz",2024,0.269,0.172,0.347,0.441,0.333,0.295,0.215,39.0,145.0,89.5,14.0,2.7,68.045091703,7.298979819,74.0,201.1290322580645,26.0,0.32802547770700635,0.5097402597402597,0.4902597402597403,4.248275862068965
"India, Jonathan",2021,0.269,0.185,0.357,0.454,0.355,0.294,0.207,29.0,108.0,84.5,11.5,9.4,68.37683044237907,7.1215685,74.0,201.1290322580645,24.0,0.3220338983050847,0.427536231884058,0.572463768115942,5.111111111111111
"Pederson, Joc",2020,0.269,0.269,0.294,0.538,0.406,0.361,0.23,7.0,26.0,90.5,5.7,2.6,68.37683044237907,7.1215685,74.0,201.1290322580645,28.0,0.3055555555555556,0.4897959183673469,0.5102040816326531,5.653846153846154
"Vargas, Ildemaro",2022,0.269,0.096,0.326,0.365,0.291,0.226,0.206,14.0,52.0,83.5,-0.1,-1.5,68.37683044237907,7.1215685,74.0,201.1290322580645,30.0,0.15463917525773196,0.5574712643678161,0.4425287356321839,3.3461538461538463
"Moncada, Yoán",2021,0.269,0.162,0.344,0.431,0.369,0.393,0.283,35.0,130.0,90.8,14.9,3.6,68.37683044237907,7.1215685,74.0,201.1290322580645,26.0,0.29473684210526313,0.4439252336448598,0.5560747663551402,4.938461538461539
"Kjerstad, Heston",2024,0.269,0.269,0.333,0.538,0.39,0.341,0.241,7.0,26.0,87.5,2.2,4.7,69.802968519,7.055299444,74.0,201.1290322580645,25.0,0.4,0.5607476635514018,0.4392523364485981,4.115384615384615
"Kipnis, Jason",2020,0.269,0.192,0.353,0.462,0.348,0.304,0.199,7.0,26.0,87.0,12.0,1.0,68.37683044237907,7.1215685,74.0,201.1290322580645,33.0,0.2753623188405797,0.4859154929577465,0.5140845070422535,5.461538461538462
"Hernández, César",2022,0.269,0.067,0.359,0.337,0.286,0.291,0.254,28.0,104.0,86.9,6.8,-3.8,68.37683044237907,7.1215685,74.0,201.1290322580645,32.0,0.29694323144104806,0.5192743764172335,0.48072562358276644,4.240384615384615
"Barnhart, Tucker",2021,0.269,0.108,0.343,0.376,0.304,0.26,0.211,25.0,93.0,88.1,21.0,-2.3,68.37683044237907,7.1215685,74.0,201.1290322580645,30.0,0.2318840579710145,0.518796992481203,0.48120300751879697,4.290322580645161
"Guerrero Jr., Vladimir",2020,0.269,0.115,0.283,0.385,0.329,0.327,0.256,14.0,52.0,92.2,-4.2,3.2,68.37683044237907,7.1215685,74.0,201.1290322580645,21.0,0.29292929292929293,0.4900990099009901,0.5099009900990099,3.8846153846153846
"Campusano, Luis",2024,0.269,0.167,0.3,0.436,0.321,0.268,0.226,21.0,78.0,86.9,13.7,0.7,67.06487461,7.376731135,74.0,201.1290322580645,25.0,0.2345679012345679,0.5684210526315789,0.43157894736842106,3.6538461538461537
"Kim, Ha-Seong",2022,0.269,0.125,0.3,0.394,0.314,0.301,0.265,28.0,104.0,83.9,14.5,1.0,68.37683044237907,7.1215685,74.0,201.1290322580645,26.0,0.1735159817351598,0.48451327433628316,0.5154867256637168,4.346153846153846
"Rendon, Anthony",2020,0.269,0.154,0.351,0.423,0.364,0.342,0.241,14.0,52.0,87.4,18.4,2.2,68.37683044237907,7.1215685,74.0,201.1290322580645,30.0,0.18095238095238095,0.41338582677165353,0.5866141732283464,4.884615384615385
"Palacios, Richie",2024,0.269,0.096,0.317,0.365,0.336,0.313,0.234,14.0,52.0,86.8,18.1,-0.4,67.392630991,6.993848288,74.0,201.1290322580645,27.0,0.25862068965517243,0.48132780082987553,0.5186721991701245,4.634615384615385
"Frelick, Sal",2024,0.269,0.093,0.301,0.361,0.321,0.306,0.263,29.0,108.0,82.4,14.2,3.8,62.847273386,6.746773228,74.0,201.1290322580645,24.0,0.12807881773399016,0.43283582089552236,0.5671641791044776,4.342592592592593
"Pérez, Wenceel",2024,0.269,0.244,0.288,0.513,0.356,0.293,0.229,21.0,78.0,85.9,18.4,6.1,69.466904359,6.875481795,74.0,201.1290322580645,24.0,0.16770186335403728,0.47352941176470587,0.5264705882352941,4.358974358974359
"Allen, Nick",2023,0.268,0.036,0.326,0.304,0.283,0.313,0.271,15.0,56.0,80.1,-0.9,-6.3,68.37683044237907,7.1215685,74.0,201.1290322580645,24.0,0.14705882352941177,0.4594594594594595,0.5405405405405406,3.9642857142857144
"Cron, C.J.",2023,0.268,0.239,0.311,0.507,0.336,0.332,0.264,19.0,71.0,89.7,9.0,-0.5,68.37683044237907,7.1215685,74.0,201.1290322580645,33.0,0.37037037037037035,0.5644599303135889,0.4355400696864111,4.042253521126761
"Carlson, Dylan",2024,0.268,0.089,0.333,0.357,0.314,0.272,0.214,15.0,56.0,86.5,15.3,-0.9,66.522659213,6.914866929,74.0,201.1290322580645,25.0,0.3053435114503817,0.47985347985347987,0.5201465201465202,4.875
"Vargas, Ildemaro",2023,0.268,0.196,0.275,0.464,0.34,0.329,0.283,15.0,56.0,84.3,-0.4,4.7,68.37683044237907,7.1215685,74.0,201.1290322580645,31.0,0.13274336283185842,0.5022222222222222,0.49777777777777776,4.017857142857143
"Horwitz, Spencer",2024,0.268,0.085,0.316,0.352,0.327,0.299,0.205,19.0,71.0,87.3,16.7,0.4,67.708532866,6.927144512,74.0,201.1290322580645,26.0,0.23121387283236994,0.473972602739726,0.5260273972602739,5.140845070422535
"Miller, Owen",2022,0.268,0.098,0.302,0.366,0.305,0.316,0.261,30.0,112.0,84.2,12.3,-5.8,68.37683044237907,7.1215685,74.0,201.1290322580645,25.0,0.2,0.49079754601226994,0.50920245398773,4.366071428571429
"Báez, Javier",2021,0.268,0.204,0.345,0.472,0.326,0.325,0.238,38.0,142.0,91.2,8.4,7.9,68.37683044237907,7.1215685,74.0,201.1290322580645,28.0,0.3622291021671827,0.6003717472118959,0.3996282527881041,3.788732394366197
"Olson, Matt",2022,0.268,0.242,0.281,0.51,0.363,0.339,0.246,41.0,153.0,91.7,16.1,8.8,68.37683044237907,7.1215685,74.0,201.1290322580645,28.0,0.2703488372093023,0.5134328358208955,0.48656716417910445,4.379084967320262
"Margot, Manuel",2021,0.268,0.063,0.313,0.33,0.29,0.289,0.247,30.0,112.0,87.0,8.0,-1.6,68.37683044237907,7.1215685,74.0,201.1290322580645,26.0,0.21518987341772153,0.5197368421052632,0.48026315789473684,4.071428571428571
"Merrill, Jackson",2024,0.268,0.152,0.309,0.42,0.3,0.346,0.304,37.0,138.0,87.6,11.2,1.8,69.985461448,7.483286793,74.0,201.1290322580645,21.0,0.21981424148606812,0.6048689138576779,0.3951310861423221,3.869565217391304
"Montero, Elehuris",2023,0.268,0.211,0.395,0.479,0.326,0.242,0.192,19.0,71.0,88.4,8.0,2.8,68.37683044237907,7.1215685,74.0,201.1290322580645,24.0,0.4260355029585799,0.5540983606557377,0.4459016393442623,4.295774647887324
"Tauchman, Mike",2024,0.268,0.143,0.295,0.411,0.37,0.421,0.304,15.0,56.0,90.0,9.9,3.7,67.439947293,6.879272932,74.0,201.1290322580645,33.0,0.18620689655172415,0.45454545454545453,0.5454545454545454,5.696428571428571
"Guerrero Jr., Vladimir",2023,0.268,0.128,0.31,0.396,0.31,0.344,0.272,40.0,149.0,92.2,8.1,-0.3,68.37683044237907,7.1215685,74.0,201.1290322580645,24.0,0.2467948717948718,0.5333333333333333,0.4666666666666667,3.9261744966442955
"Nimmo, Brandon",2021,0.268,0.071,0.341,0.339,0.354,0.327,0.23,15.0,56.0,86.1,7.0,5.1,68.37683044237907,7.1215685,74.0,201.1290322580645,28.0,0.2920353982300885,0.4396887159533074,0.5603112840466926,4.589285714285714
"Slater, Austin",2024,0.268,0.024,0.333,0.293,0.295,0.335,0.29,11.0,41.0,87.5,6.5,-1.7,70.175171556,6.597159222,74.0,201.1290322580645,31.0,0.26,0.4784688995215311,0.5215311004784688,5.097560975609756
"Abreu, José",2022,0.268,0.203,0.273,0.471,0.359,0.374,0.28,41.0,153.0,91.8,7.6,4.5,68.37683044237907,7.1215685,74.0,201.1290322580645,35.0,0.19613259668508287,0.5171428571428571,0.4828571428571429,4.57516339869281
"Marcano, Tucupita",2023,0.267,0.156,0.275,0.422,0.312,0.328,0.271,12.0,45.0,84.0,18.2,4.7,68.37683044237907,7.1215685,74.0,201.1290322580645,23.0,0.15625,0.5161290322580645,0.4838709677419355,4.133333333333334
"Swanson, Dansby",2020,0.267,0.217,0.317,0.483,0.359,0.394,0.284,16.0,60.0,89.6,12.4,8.5,68.37683044237907,7.1215685,74.0,201.1290322580645,26.0,0.33070866141732286,0.4828897338403042,0.5171102661596958,4.383333333333334
"Herrera, Iván",2023,0.267,0.133,0.364,0.4,0.352,0.309,0.227,4.0,15.0,84.4,13.5,-1.5,68.37683044237907,7.1215685,74.0,201.1290322580645,23.0,0.21212121212121213,0.4925373134328358,0.5074626865671642,4.466666666666667
"Hicks, Aaron",2020,0.267,0.2,0.28,0.467,0.426,0.438,0.295,8.0,30.0,88.9,7.5,4.8,68.37683044237907,7.1215685,74.0,201.1290322580645,30.0,0.24,0.35714285714285715,0.6428571428571429,7.0
"Vosler, Jason",2021,0.267,0.133,0.333,0.4,0.334,0.341,0.293,4.0,15.0,87.4,16.8,0.4,68.37683044237907,7.1215685,74.0,201.1290322580645,27.0,0.2647058823529412,0.4473684210526316,0.5526315789473685,5.066666666666666
"Lux, Gavin",2021,0.267,0.244,0.302,0.512,0.369,0.399,0.304,23.0,86.0,90.3,10.4,4.6,68.37683044237907,7.1215685,74.0,201.1290322580645,23.0,0.25136612021857924,0.46446700507614214,0.5355329949238579,4.5813953488372094
"Turner, Justin",2024,0.267,0.058,0.304,0.325,0.305,0.334,0.265,32.0,120.0,87.2,11.2,-0.9,63.083049425,6.212156743,74.0,201.1290322580645,39.0,0.16433566433566432,0.5044091710758377,0.49559082892416223,4.725
"Longoria, Evan",2022,0.267,0.333,0.297,0.6,0.404,0.356,0.225,16.0,60.0,91.4,11.3,8.4,68.37683044237907,7.1215685,74.0,201.1290322580645,36.0,0.3333333333333333,0.4076655052264808,0.5923344947735192,4.783333333333333
"Hicks, Aaron",2024,0.267,0.0,0.364,0.267,0.235,0.222,0.231,4.0,15.0,87.1,-15.5,-1.9,60.613146522,6.75982,74.0,201.1290322580645,34.0,0.35714285714285715,0.509090909090909,0.4909090909090909,3.6666666666666665
"MacKinnon, David",2022,0.267,0.0,0.286,0.267,0.221,0.272,0.302,4.0,15.0,85.3,16.1,-1.9,68.37683044237907,7.1215685,74.0,201.1290322580645,27.0,0.14814814814814814,0.4426229508196721,0.5573770491803278,4.066666666666666
"Culberson, Charlie",2021,0.267,0.222,0.333,0.489,0.34,0.318,0.276,12.0,45.0,83.6,14.2,-0.3,68.37683044237907,7.1215685,74.0,201.1290322580645,32.0,0.30392156862745096,0.5513513513513514,0.4486486486486487,4.111111111111111
"Biggio, Cavan",2023,0.267,0.173,0.347,0.44,0.372,0.342,0.235,20.0,75.0,87.0,11.8,6.2,68.37683044237907,7.1215685,74.0,201.1290322580645,28.0,0.2830188679245283,0.38875305623471884,0.6112469437652812,5.453333333333333
"Amaya, Jacob",2024,0.267,0.0,0.444,0.267,0.235,0.184,0.193,4.0,15.0,80.4,11.4,-0.9,60.792541818,6.891719091,74.0,201.1290322580645,27.0,0.18181818181818182,0.4583333333333333,0.5416666666666666,3.2
"Reyes, Victor",2022,0.267,0.067,0.34,0.333,0.271,0.275,0.254,16.0,60.0,86.6,13.9,1.1,68.37683044237907,7.1215685,74.0,201.1290322580645,27.0,0.3157894736842105,0.5541666666666667,0.44583333333333336,4.0
"Mazeika, Patrick",2022,0.267,0.2,0.333,0.467,0.335,0.207,0.174,4.0,15.0,79.8,4.3,0.0,68.37683044237907,7.1215685,74.0,201.1290322580645,28.0,0.15151515151515152,0.4782608695652174,0.5217391304347826,4.6
"Pinder, Chad",2020,0.267,0.2,0.333,0.467,0.391,0.443,0.284,4.0,15.0,89.0,16.5,0.6,68.37683044237907,7.1215685,74.0,201.1290322580645,28.0,0.16666666666666666,0.4931506849315068,0.5068493150684932,4.866666666666666
"García, Avisaíl",2020,0.267,0.133,0.381,0.4,0.321,0.304,0.251,8.0,30.0,86.6,5.9,0.6,68.37683044237907,7.1215685,74.0,201.1290322580645,29.0,0.2786885245901639,0.5350877192982456,0.4649122807017544,3.8
"Molina, Yadier",2020,0.267,0.0,0.364,0.267,0.307,0.29,0.218,8.0,30.0,79.4,6.2,-2.4,68.37683044237907,7.1215685,71.0,225.0,37.0,0.3373493975903614,0.5608108108108109,0.4391891891891892,4.933333333333334
"Swanson, Dansby",2023,0.267,0.193,0.324,0.46,0.366,0.359,0.255,40.0,150.0,88.9,12.3,4.7,68.37683044237907,7.1215685,74.0,201.1290322580645,29.0,0.3221884498480243,0.48240469208211145,0.5175953079178885,4.546666666666667
"Choi, Ji Man",2021,0.267,0.253,0.357,0.52,0.38,0.357,0.243,20.0,75.0,91.0,15.5,7.1,68.37683044237907,7.1215685,74.0,201.1290322580645,30.0,0.34615384615384615,0.4495677233429395,0.5504322766570605,4.626666666666667
"Guerrero Jr., Vladimir",2022,0.267,0.158,0.283,0.425,0.329,0.324,0.26,39.0,146.0,91.7,-1.3,0.1,68.37683044237907,7.1215685,74.0,201.1290322580645,23.0,0.2182410423452769,0.5283993115318416,0.47160068846815834,3.9794520547945207
"Rojas, Miguel",2023,0.267,0.022,0.279,0.289,0.287,0.343,0.302,24.0,90.0,86.0,7.8,-6.2,68.37683044237907,7.1215685,74.0,201.1290322580645,34.0,0.15463917525773196,0.5145888594164456,0.4854111405835544,4.188888888888889
"Fuentes, Joshua",2021,0.266,0.165,0.317,0.43,0.3,0.264,0.242,21.0,79.0,85.6,20.9,-3.2,68.37683044237907,7.1215685,74.0,201.1290322580645,28.0,0.28484848484848485,0.642023346303502,0.35797665369649806,3.2531645569620253
"Goodrum, Niko",2021,0.266,0.188,0.395,0.453,0.337,0.334,0.226,17.0,64.0,89.6,12.0,1.2,68.37683044237907,7.1215685,74.0,201.1290322580645,29.0,0.43884892086330934,0.4911660777385159,0.508833922261484,4.421875
"Yoshida, Masataka",2023,0.266,0.168,0.268,0.434,0.326,0.344,0.288,38.0,143.0,89.1,1.9,-0.5,68.37683044237907,7.1215685,74.0,201.1290322580645,29.0,0.1865079365079365,0.4763705103969754,0.5236294896030246,3.699300699300699
"Kepler, Max",2023,0.266,0.22,0.289,0.486,0.364,0.366,0.265,29.0,109.0,91.5,13.8,7.6,68.37683044237907,7.1215685,74.0,201.1290322580645,30.0,0.18777292576419213,0.48210526315789476,0.5178947368421053,4.3577981651376145
"Pinder, Chad",2022,0.266,0.203,0.378,0.468,0.324,0.292,0.237,21.0,79.0,87.7,5.4,1.7,68.37683044237907,7.1215685,74.0,201.1290322580645,30.0,0.366120218579235,0.5495495495495496,0.45045045045045046,4.215189873417722
"Taylor, Chris",2021,0.266,0.202,0.333,0.468,0.35,0.354,0.264,33.0,124.0,84.6,14.3,8.0,68.37683044237907,7.1215685,74.0,201.1290322580645,30.0,0.29044117647058826,0.4857142857142857,0.5142857142857142,4.516129032258065
"Realmuto, J.T.",2022,0.266,0.169,0.319,0.435,0.335,0.338,0.271,33.0,124.0,88.5,11.3,2.6,68.37683044237907,7.1215685,74.0,201.1290322580645,31.0,0.2656826568265683,0.4847942754919499,0.5152057245080501,4.508064516129032
"Machado, Manny",2023,0.266,0.21,0.27,0.476,0.338,0.315,0.244,38.0,143.0,90.4,16.3,2.7,68.37683044237907,7.1215685,74.0,201.1290322580645,30.0,0.2616822429906542,0.508716323296355,0.49128367670364503,4.4125874125874125
"Contreras, William",2022,0.266,0.177,0.321,0.443,0.332,0.285,0.204,21.0,79.0,87.9,3.5,1.1,68.37683044237907,7.1215685,74.0,201.1290322580645,24.0,0.3202247191011236,0.49171270718232046,0.5082872928176796,4.582278481012659
"Correa, Carlos",2021,0.266,0.222,0.28,0.487,0.352,0.359,0.285,42.0,158.0,89.5,10.1,10.9,68.37683044237907,7.1215685,74.0,201.1290322580645,26.0,0.205607476635514,0.40581542351453853,0.5941845764854614,5.006329113924051
"Gurriel Jr., Lourdes",2023,0.266,0.273,0.265,0.538,0.354,0.3,0.233,38.0,143.0,88.9,8.2,6.0,68.37683044237907,7.1215685,74.0,201.1290322580645,29.0,0.18055555555555555,0.5226860254083484,0.47731397459165154,3.8531468531468533
"Kelenic, Jarred",2023,0.265,0.096,0.415,0.361,0.327,0.338,0.274,22.0,83.0,87.6,8.6,-0.2,68.37683044237907,7.1215685,74.0,201.1290322580645,23.0,0.32989690721649484,0.44803695150115475,0.5519630484988453,5.216867469879518
"Rodgers, Brendan",2021,0.265,0.108,0.318,0.373,0.32,0.309,0.244,22.0,83.0,87.9,11.3,-0.1,68.37683044237907,7.1215685,74.0,201.1290322580645,24.0,0.2193877551020408,0.5568181818181818,0.4431818181818182,4.240963855421687
"Hayes, Ke'Bryan",2023,0.265,0.15,0.322,0.416,0.311,0.327,0.272,30.0,113.0,91.6,10.2,3.1,68.37683044237907,7.1215685,74.0,201.1290322580645,26.0,0.2233502538071066,0.41914893617021276,0.5808510638297872,4.15929203539823
"Madrigal, Nick",2024,0.265,0.059,0.281,0.324,0.291,0.326,0.305,9.0,34.0,84.3,-4.8,-0.9,63.272332542,6.268704746,74.0,201.1290322580645,27.0,0.1232876712328767,0.4899328859060403,0.5100671140939598,4.382352941176471
"Sosa, Edmundo",2021,0.265,0.103,0.316,0.368,0.302,0.288,0.236,18.0,68.0,84.6,7.0,-0.8,68.37683044237907,7.1215685,74.0,201.1290322580645,25.0,0.2611464968152866,0.572992700729927,0.42700729927007297,4.029411764705882
"Canha, Mark",2024,0.265,0.072,0.3,0.337,0.326,0.33,0.241,22.0,83.0,89.6,3.3,3.7,66.414566402,7.010116098,74.0,201.1290322580645,35.0,0.18888888888888888,0.41189931350114417,0.5881006864988558,5.265060240963855
"Taveras, Leody",2022,0.264,0.069,0.358,0.333,0.277,0.261,0.239,19.0,72.0,87.9,16.8,-5.3,68.37683044237907,7.1215685,74.0,201.1290322580645,23.0,0.3237410071942446,0.47766323024054985,0.5223367697594502,4.041666666666667
"LeMahieu, DJ",2024,0.264,0.113,0.277,0.377,0.27,0.27,0.24,14.0,53.0,84.9,8.0,-2.6,64.07920514,6.84851729,74.0,201.1290322580645,35.0,0.1896551724137931,0.5248868778280543,0.4751131221719457,4.169811320754717
"Tellez, Rowdy",2022,0.264,0.309,0.266,0.573,0.392,0.393,0.268,29.0,110.0,91.1,17.1,8.7,68.37683044237907,7.1215685,74.0,201.1290322580645,27.0,0.2555066079295154,0.442495126705653,0.557504873294347,4.663636363636364
"Carlson, Dylan",2021,0.264,0.191,0.309,0.455,0.349,0.341,0.236,29.0,110.0,88.8,17.4,3.5,68.37683044237907,7.1215685,74.0,201.1290322580645,22.0,0.24904214559386972,0.435,0.565,5.454545454545454
"Taylor, Tyrone",2024,0.264,0.154,0.338,0.418,0.316,0.307,0.257,24.0,91.0,87.1,16.0,3.3,69.573019022,7.627774511,74.0,201.1290322580645,30.0,0.2524752475247525,0.5534246575342465,0.4465753424657534,4.010989010989011
"Lowe, Nathaniel",2023,0.264,0.121,0.316,0.385,0.338,0.327,0.247,46.0,174.0,89.6,8.2,3.3,68.37683044237907,7.1215685,74.0,201.1290322580645,27.0,0.19559228650137742,0.4275618374558304,0.5724381625441696,4.879310344827586
"De La Cruz, Elly",2024,0.264,0.24,0.346,0.504,0.374,0.351,0.238,34.0,129.0,90.4,7.4,8.2,72.848733783,7.131939609,74.0,201.1290322580645,22.0,0.3,0.4488330341113106,0.5511669658886894,4.317829457364341
"Díaz, Yandy",2022,0.264,0.132,0.283,0.396,0.352,0.347,0.256,28.0,106.0,89.5,3.3,6.7,68.37683044237907,7.1215685,74.0,201.1290322580645,30.0,0.13020833333333334,0.38866396761133604,0.611336032388664,4.660377358490566
"Rodríguez, Julio",2024,0.264,0.101,0.3,0.364,0.295,0.352,0.299,34.0,129.0,89.9,8.4,2.8,74.098934944,7.742982547,74.0,201.1290322580645,23.0,0.2972027972027972,0.5618860510805501,0.4381139489194499,3.945736434108527
"Smith, Dominic",2021,0.264,0.07,0.333,0.333,0.286,0.299,0.237,34.0,129.0,88.9,18.5,-8.5,68.37683044237907,7.1215685,74.0,201.1290322580645,26.0,0.27906976744186046,0.5647279549718575,0.4352720450281426,4.131782945736434
"McCutchen, Andrew",2022,0.264,0.168,0.296,0.432,0.334,0.359,0.284,33.0,125.0,90.7,11.8,-2.0,68.37683044237907,7.1215685,74.0,201.1290322580645,35.0,0.23247232472324722,0.47795414462081126,0.5220458553791887,4.536
"Robles, Victor",2021,0.264,0.083,0.358,0.347,0.316,0.27,0.203,19.0,72.0,80.6,14.3,-6.4,68.37683044237907,7.1215685,74.0,201.1290322580645,24.0,0.2781456953642384,0.468944099378882,0.531055900621118,4.472222222222222
"Tovar, Ezequiel",2023,0.264,0.118,0.333,0.382,0.29,0.292,0.259,38.0,144.0,87.3,9.4,-2.4,68.37683044237907,7.1215685,74.0,201.1290322580645,21.0,0.2692307692307692,0.6282527881040892,0.37174721189591076,3.736111111111111
"Turner, Justin",2021,0.263,0.219,0.255,0.482,0.354,0.355,0.259,36.0,137.0,90.7,20.7,11.0,68.37683044237907,7.1215685,74.0,201.1290322580645,36.0,0.16501650165016502,0.46831530139103555,0.5316846986089645,4.7226277372262775
"Peralta, David",2023,0.263,0.101,0.309,0.364,0.281,0.258,0.226,26.0,99.0,89.2,10.0,-5.9,68.37683044237907,7.1215685,74.0,201.1290322580645,35.0,0.2663755458515284,0.571072319201995,0.428927680798005,4.05050505050505
"Newman, Kevin",2023,0.263,0.123,0.292,0.386,0.305,0.315,0.256,15.0,57.0,85.1,13.3,-0.1,68.37683044237907,7.1215685,74.0,201.1290322580645,29.0,0.1951219512195122,0.458955223880597,0.5410447761194029,4.701754385964913
"Aguilar, Jesús",2022,0.263,0.105,0.303,0.368,0.303,0.277,0.217,25.0,95.0,87.7,13.4,-1.8,68.37683044237907,7.1215685,74.0,201.1290322580645,32.0,0.2928870292887029,0.5229759299781181,0.47702407002188185,4.810526315789474
"Upton, Justin",2020,0.263,0.184,0.364,0.447,0.355,0.32,0.198,10.0,38.0,94.2,24.3,2.0,68.37683044237907,7.1215685,74.0,201.1290322580645,32.0,0.37349397590361444,0.415,0.585,5.2631578947368425
"Crawford, J.P.",2023,0.263,0.144,0.333,0.407,0.357,0.349,0.259,31.0,118.0,85.0,13.8,11.4,68.37683044237907,7.1215685,74.0,201.1290322580645,28.0,0.19909502262443438,0.3810344827586207,0.6189655172413793,4.915254237288136
"Pederson, Joc",2023,0.263,0.113,0.357,0.375,0.31,0.279,0.214,21.0,80.0,91.4,10.2,1.2,68.37683044237907,7.1215685,74.0,201.1290322580645,31.0,0.2641509433962264,0.4491525423728814,0.5508474576271186,4.425
"France, Ty",2024,0.263,0.105,0.308,0.368,0.312,0.283,0.211,25.0,95.0,86.5,14.1,-2.6,68.409843881,7.325836965,74.0,201.1290322580645,29.0,0.21226415094339623,0.5183374083129584,0.48166259168704156,4.3052631578947365
"Gelof, Zack",2023,0.263,0.263,0.333,0.526,0.353,0.24,0.186,15.0,57.0,88.2,15.4,2.9,68.37683044237907,7.1215685,74.0,201.1290322580645,23.0,0.3252032520325203,0.5442477876106194,0.4557522123893805,3.9649122807017543
"Marte, Starling",2020,0.263,0.088,0.3,0.351,0.288,0.307,0.267,15.0,57.0,85.6,7.3,-1.4,68.37683044237907,7.1215685,74.0,201.1290322580645,31.0,0.232,0.6067961165048543,0.3932038834951456,3.6140350877192984
"Castellanos, Nick",2024,0.263,0.164,0.287,0.428,0.329,0.357,0.294,40.0,152.0,87.3,14.3,0.7,70.33742367,7.471114281,74.0,201.1290322580645,32.0,0.27019498607242337,0.6095076400679117,0.3904923599320883,3.875
"López, Jack",2024,0.263,0.0,0.385,0.263,0.255,0.196,0.184,5.0,19.0,77.1,7.3,0.0,67.16505,7.257073182,74.0,201.1290322580645,31.0,0.3181818181818182,0.6197183098591549,0.38028169014084506,3.736842105263158
"Rendon, Anthony",2023,0.263,0.132,0.257,0.395,0.379,0.43,0.287,10.0,38.0,91.5,14.0,1.4,68.37683044237907,7.1215685,74.0,201.1290322580645,33.0,0.19607843137254902,0.4396551724137931,0.5603448275862069,6.105263157894737
"Ortega, Rafael",2023,0.263,0.0,0.357,0.263,0.33,0.336,0.25,5.0,19.0,76.7,12.8,0.8,68.37683044237907,7.1215685,74.0,201.1290322580645,32.0,0.1568627450980392,0.504950495049505,0.49504950495049505,5.315789473684211
"Márquez, Germán",2021,0.263,0.158,0.357,0.421,0.289,0.273,0.273,5.0,19.0,75.4,-14.3,0.9,68.37683044237907,7.1215685,74.0,201.1290322580645,26.0,0.25,0.8,0.2,2.8947368421052633
"Buxton, Byron",2024,0.263,0.189,0.328,0.453,0.336,0.312,0.24,25.0,95.0,89.2,12.8,4.9,72.010235,8.089945566,74.0,201.1290322580645,30.0,0.3542600896860987,0.554726368159204,0.44527363184079605,4.231578947368421
"Urshela, Gio",2022,0.262,0.175,0.262,0.437,0.31,0.333,0.279,33.0,126.0,89.2,16.6,-1.5,68.37683044237907,7.1215685,74.0,201.1290322580645,30.0,0.22695035460992907,0.5696969696969697,0.4303030303030303,3.9285714285714284
"Mejía, Francisco",2022,0.262,0.062,0.315,0.323,0.27,0.27,0.254,17.0,65.0,85.7,8.4,-3.5,68.37683044237907,7.1215685,74.0,201.1290322580645,26.0,0.21212121212121213,0.631578947368421,0.3684210526315789,3.2153846153846155
"Estrada, Thairo",2022,0.262,0.09,0.286,0.352,0.306,0.288,0.235,32.0,122.0,80.3,3.7,-0.5,68.37683044237907,7.1215685,74.0,201.1290322580645,26.0,0.18631178707224336,0.5239043824701195,0.4760956175298805,4.114754098360656
"Suwinski, Jack",2023,0.262,0.254,0.357,0.516,0.369,0.339,0.215,32.0,122.0,89.9,20.1,-0.2,68.37683044237907,7.1215685,74.0,201.1290322580645,24.0,0.3015267175572519,0.4036979969183359,0.5963020030816641,5.319672131147541
"Ortiz, Joey",2024,0.262,0.136,0.316,0.398,0.335,0.29,0.199,27.0,103.0,83.7,6.1,7.0,69.539245612,7.269711786,74.0,201.1290322580645,25.0,0.17391304347826086,0.404296875,0.595703125,4.970873786407767
"Nootbaar, Lars",2022,0.262,0.18,0.277,0.443,0.333,0.325,0.225,16.0,61.0,90.1,11.3,0.3,68.37683044237907,7.1215685,74.0,201.1290322580645,24.0,0.24812030075187969,0.4554794520547945,0.5445205479452054,4.786885245901639
"Cruz, Nelson",2022,0.262,0.115,0.323,0.377,0.317,0.316,0.234,32.0,122.0,92.4,2.2,3.8,68.37683044237907,7.1215685,75.0,175.0,41.0,0.3296296296296296,0.5182341650671785,0.4817658349328215,4.270491803278689
"Arozarena, Randy",2021,0.262,0.214,0.343,0.476,0.357,0.344,0.225,27.0,103.0,88.7,10.7,5.8,68.37683044237907,7.1215685,74.0,201.1290322580645,26.0,0.329004329004329,0.4375,0.5625,5.12621359223301
"Gonzalez, Oscar",2022,0.262,0.194,0.291,0.456,0.326,0.309,0.257,27.0,103.0,87.9,7.6,-1.9,68.37683044237907,7.1215685,74.0,201.1290322580645,24.0,0.2971887550200803,0.6133004926108374,0.3866995073891626,3.941747572815534
"Vázquez, Christian",2020,0.262,0.238,0.267,0.5,0.385,0.36,0.24,11.0,42.0,88.2,13.2,2.3,68.37683044237907,7.1215685,74.0,201.1290322580645,29.0,0.2222222222222222,0.4669811320754717,0.5330188679245284,5.0476190476190474
"Suárez, Eugenio",2020,0.262,0.405,0.286,0.667,0.411,0.351,0.209,11.0,42.0,94.1,25.8,5.6,68.37683044237907,7.1215685,74.0,201.1290322580645,28.0,0.37349397590361444,0.42346938775510207,0.576530612244898,4.666666666666667
"Fermin, Freddy",2023,0.262,0.123,0.356,0.385,0.282,0.296,0.249,17.0,65.0,88.5,5.8,-5.0,68.37683044237907,7.1215685,74.0,201.1290322580645,28.0,0.28,0.5555555555555556,0.4444444444444444,4.153846153846154
"Stubbs, Garrett",2024,0.262,0.071,0.367,0.333,0.306,0.231,0.174,11.0,42.0,70.4,8.1,-2.3,61.994531,6.784885111,74.0,201.1290322580645,31.0,0.30526315789473685,0.5792682926829268,0.42073170731707316,3.9047619047619047
"Bogaerts, Xander",2024,0.262,0.071,0.276,0.333,0.269,0.329,0.308,22.0,84.0,84.4,13.3,-7.6,69.331506731,7.208260641,74.0,201.1290322580645,31.0,0.19298245614035087,0.4723756906077348,0.5276243093922652,4.309523809523809
"Judge, Aaron",2023,0.262,0.246,0.316,0.508,0.369,0.425,0.3,16.0,61.0,96.6,19.6,10.5,68.37683044237907,7.1215685,74.0,201.1290322580645,31.0,0.3819444444444444,0.46006389776357826,0.5399361022364217,5.131147540983607
"Cain, Lorenzo",2021,0.261,0.159,0.308,0.42,0.322,0.35,0.295,18.0,69.0,90.1,10.3,-0.9,68.37683044237907,7.1215685,74.0,201.1290322580645,35.0,0.24806201550387597,0.4673913043478261,0.532608695652174,4.0
"Mauricio, Ronny",2023,0.261,0.174,0.333,0.435,0.311,0.296,0.247,6.0,23.0,91.8,4.3,-1.1,68.37683044237907,7.1215685,74.0,201.1290322580645,22.0,0.3220338983050847,0.5959595959595959,0.40404040404040403,4.304347826086956
"Cronenworth, Jake",2024,0.261,0.14,0.287,0.401,0.324,0.334,0.275,41.0,157.0,87.5,11.9,4.7,67.109205573,6.907349331,74.0,201.1290322580645,30.0,0.15472779369627507,0.4978601997146933,0.5021398002853067,4.464968152866242
"Rosario, Eddie",2023,0.261,0.193,0.284,0.454,0.313,0.315,0.273,31.0,119.0,88.7,15.0,1.7,68.37683044237907,7.1215685,74.0,201.1290322580645,31.0,0.2697841726618705,0.6495327102803738,0.35046728971962615,3.596638655462185
"Olson, Matt",2021,0.261,0.268,0.254,0.529,0.362,0.387,0.252,40.0,153.0,91.7,19.5,4.9,68.37683044237907,7.1215685,74.0,201.1290322580645,27.0,0.260752688172043,0.4875491480996068,0.5124508519003932,4.9869281045751634
"Kirk, Alejandro",2024,0.261,0.108,0.275,0.369,0.288,0.283,0.215,29.0,111.0,87.8,12.4,-3.3,68.24036996,6.91521232,74.0,201.1290322580645,25.0,0.16236162361623616,0.5313725490196078,0.46862745098039216,4.594594594594595
"Westburg, Jordan",2023,0.261,0.196,0.314,0.457,0.307,0.3,0.241,12.0,46.0,87.7,10.3,0.9,68.37683044237907,7.1215685,74.0,201.1290322580645,24.0,0.26804123711340205,0.5388888888888889,0.46111111111111114,3.9130434782608696
"Brown, Seth",2023,0.261,0.216,0.322,0.477,0.335,0.341,0.256,23.0,88.0,89.1,17.9,1.2,68.37683044237907,7.1215685,74.0,201.1290322580645,30.0,0.3489583333333333,0.5203252032520326,0.4796747967479675,4.193181818181818
"Lee, Brooks",2024,0.261,0.087,0.286,0.348,0.292,0.339,0.306,12.0,46.0,82.7,9.4,0.3,68.599703415,6.867802683,74.0,201.1290322580645,23.0,0.20689655172413793,0.5058139534883721,0.4941860465116279,3.739130434782609
"Steer, Spencer",2023,0.261,0.141,0.321,0.401,0.343,0.34,0.246,37.0,142.0,88.2,14.7,2.7,68.37683044237907,7.1215685,74.0,201.1290322580645,25.0,0.24422442244224424,0.46831530139103555,0.5316846986089645,4.556338028169014
"Lamb, Jake",2020,0.261,0.0,0.316,0.261,0.269,0.329,0.267,6.0,23.0,87.9,13.7,-1.2,68.37683044237907,7.1215685,74.0,201.1290322580645,29.0,0.24489795918367346,0.5051546391752577,0.4948453608247423,4.217391304347826
"Varsho, Daulton",2021,0.261,0.145,0.315,0.406,0.338,0.375,0.301,18.0,69.0,85.8,8.9,3.8,68.37683044237907,7.1215685,74.0,201.1290322580645,24.0,0.22085889570552147,0.5326797385620915,0.4673202614379085,4.434782608695652
"Kiner-Falefa, Isiah",2021,0.261,0.059,0.298,0.319,0.287,0.286,0.253,31.0,119.0,83.7,1.9,1.6,68.37683044237907,7.1215685,74.0,201.1290322580645,26.0,0.15021459227467812,0.512087912087912,0.4879120879120879,3.823529411764706
"Myers, Wil",2021,0.261,0.234,0.315,0.495,0.37,0.314,0.214,29.0,111.0,88.3,14.3,7.1,68.37683044237907,7.1215685,74.0,201.1290322580645,30.0,0.32706766917293234,0.4634146341463415,0.5365853658536586,5.171171171171171
"Bliss, Ryan",2024,0.261,0.217,0.357,0.478,0.357,0.332,0.203,6.0,23.0,86.5,20.9,-2.1,64.644089074,6.261945,74.0,201.1290322580645,24.0,0.3090909090909091,0.5555555555555556,0.4444444444444444,4.304347826086956
"Rivas, Leo",2024,0.261,0.0,0.429,0.261,0.284,0.277,0.228,6.0,23.0,83.3,6.1,-0.7,61.646441087,6.816673478,74.0,201.1290322580645,26.0,0.19148936170212766,0.38524590163934425,0.6147540983606558,5.304347826086956
"Judge, Aaron",2020,0.261,0.391,0.231,0.652,0.421,0.495,0.336,6.0,23.0,94.4,14.1,3.8,68.37683044237907,7.1215685,74.0,201.1290322580645,28.0,0.3333333333333333,0.4368932038834951,0.5631067961165048,4.478260869565218
"Smith, Will",2021,0.261,0.209,0.253,0.47,0.342,0.378,0.265,30.0,115.0,89.8,20.5,3.4,68.37683044237907,7.1215685,74.0,201.1290322580645,26.0,0.18450184501845018,0.4342948717948718,0.5657051282051282,5.426086956521739
"Panik, Joe",2020,0.261,0.043,0.316,0.304,0.351,0.343,0.24,6.0,23.0,83.1,9.9,2.0,68.37683044237907,7.1215685,74.0,201.1290322580645,29.0,0.14634146341463414,0.3416666666666667,0.6583333333333333,5.217391304347826
"Taylor, Chris",2023,0.26,0.177,0.356,0.438,0.333,0.315,0.237,25.0,96.0,84.0,22.5,3.9,68.37683044237907,7.1215685,74.0,201.1290322580645,32.0,0.3431372549019608,0.4892086330935252,0.5107913669064749,4.34375
"Castro, Rodolfo",2022,0.26,0.26,0.31,0.52,0.38,0.319,0.217,13.0,50.0,85.4,8.9,3.5,68.37683044237907,7.1215685,74.0,201.1290322580645,23.0,0.37735849056603776,0.4608695652173913,0.5391304347826087,4.6
"Vázquez, Christian",2023,0.26,0.096,0.367,0.356,0.308,0.284,0.222,19.0,73.0,85.6,6.2,-1.6,68.37683044237907,7.1215685,74.0,201.1290322580645,32.0,0.2578616352201258,0.48773006134969327,0.5122699386503068,4.465753424657534
"Outman, James",2023,0.26,0.165,0.373,0.425,0.337,0.312,0.232,33.0,127.0,85.9,14.3,0.7,68.37683044237907,7.1215685,74.0,201.1290322580645,26.0,0.3819444444444444,0.47603305785123967,0.5239669421487604,4.7637795275590555
"Collins, Zack",2021,0.26,0.14,0.4,0.4,0.354,0.339,0.214,13.0,50.0,90.4,22.1,3.1,68.37683044237907,7.1215685,74.0,201.1290322580645,26.0,0.3305084745762712,0.43866171003717475,0.5613382899628253,5.38
"Meadows, Parker",2024,0.26,0.2,0.333,0.46,0.345,0.25,0.176,13.0,50.0,86.5,25.7,3.5,68.626326667,7.221846176,74.0,201.1290322580645,24.0,0.29523809523809524,0.4666666666666667,0.5333333333333333,4.5
"Hernández, Enrique",2023,0.26,0.089,0.287,0.35,0.282,0.279,0.237,32.0,123.0,88.4,17.8,-3.4,68.37683044237907,7.1215685,74.0,201.1290322580645,31.0,0.21568627450980393,0.504950495049505,0.49504950495049505,4.105691056910569
"Sheets, Gavin",2024,0.26,0.15,0.293,0.41,0.318,0.338,0.275,26.0,100.0,87.5,12.7,4.1,70.686882228,7.50347487,74.0,201.1290322580645,28.0,0.25471698113207547,0.4851258581235698,0.5148741418764302,4.37
"Bohm, Alec",2021,0.26,0.06,0.329,0.32,0.274,0.336,0.309,26.0,100.0,92.9,10.5,-3.5,68.37683044237907,7.1215685,74.0,201.1290322580645,24.0,0.24568965517241378,0.5345622119815668,0.46543778801843316,4.34
"Mercado, Óscar",2021,0.26,0.18,0.297,0.44,0.318,0.259,0.219,13.0,50.0,88.8,20.9,0.0,68.37683044237907,7.1215685,74.0,201.1290322580645,26.0,0.3469387755102041,0.5268817204301075,0.4731182795698925,3.72
"Grandal, Yasmani",2024,0.26,0.1,0.333,0.36,0.326,0.325,0.234,13.0,50.0,85.3,15.0,4.8,65.6852125,7.109039135,74.0,201.1290322580645,35.0,0.24299065420560748,0.45147679324894513,0.5485232067510548,4.74
"Duran, Ezequiel",2022,0.26,0.22,0.282,0.48,0.322,0.307,0.277,13.0,50.0,85.9,1.4,0.6,68.37683044237907,7.1215685,74.0,201.1290322580645,23.0,0.23,0.625,0.375,3.2
"Jansen, Danny",2020,0.259,0.222,0.25,0.481,0.36,0.361,0.247,7.0,27.0,72.9,4.3,2.3,68.37683044237907,7.1215685,74.0,201.1290322580645,25.0,0.2631578947368421,0.4789915966386555,0.5210084033613446,4.407407407407407
"Garcia, Maikel",2024,0.259,0.141,0.274,0.4,0.297,0.315,0.273,35.0,135.0,89.1,5.9,1.3,67.469218996,6.938213347,74.0,201.1290322580645,24.0,0.1511627906976744,0.4657039711191336,0.5342960288808665,4.103703703703704
"García, Avisaíl",2023,0.259,0.148,0.375,0.407,0.326,0.319,0.24,7.0,27.0,89.4,3.2,1.6,68.37683044237907,7.1215685,74.0,201.1290322580645,32.0,0.3392857142857143,0.49122807017543857,0.5087719298245614,4.222222222222222
"Huff, Sam",2022,0.259,0.111,0.4,0.37,0.315,0.281,0.225,7.0,27.0,88.7,10.0,-0.3,68.37683044237907,7.1215685,74.0,201.1290322580645,24.0,0.373134328358209,0.5726495726495726,0.42735042735042733,4.333333333333333
"Barnhart, Tucker",2023,0.259,0.037,0.368,0.296,0.278,0.274,0.233,7.0,27.0,85.4,14.4,-2.0,68.37683044237907,7.1215685,74.0,201.1290322580645,32.0,0.2459016393442623,0.5126050420168067,0.48739495798319327,4.407407407407407
"Rodgers, Brendan",2024,0.259,0.172,0.313,0.431,0.315,0.313,0.259,30.0,116.0,86.3,1.4,-3.5,69.919279561,6.995131886,74.0,201.1290322580645,27.0,0.26506024096385544,0.527542372881356,0.4724576271186441,4.068965517241379
"Biggio, Cavan",2021,0.259,0.074,0.35,0.333,0.292,0.258,0.199,14.0,54.0,86.2,11.3,-1.0,68.37683044237907,7.1215685,74.0,201.1290322580645,26.0,0.28695652173913044,0.4291044776119403,0.5708955223880597,4.962962962962963
"Ward, Taylor",2024,0.259,0.17,0.286,0.429,0.315,0.347,0.255,29.0,112.0,90.1,16.7,-0.2,68.043536232,6.998304638,74.0,201.1290322580645,30.0,0.2555066079295154,0.4373795761078998,0.5626204238921002,4.633928571428571
"Frazier, Adam",2021,0.259,0.148,0.297,0.407,0.327,0.32,0.266,28.0,108.0,85.4,9.1,0.7,68.37683044237907,7.1215685,74.0,201.1290322580645,29.0,0.1643192488262911,0.48853211009174313,0.5114678899082569,4.037037037037037
"Pham, Tommy",2020,0.259,0.222,0.294,0.481,0.382,0.384,0.255,7.0,27.0,90.9,2.8,2.8,68.37683044237907,7.1215685,74.0,201.1290322580645,32.0,0.36,0.3968253968253968,0.6031746031746031,4.666666666666667
"Calhoun, Willie",2023,0.259,0.111,0.304,0.37,0.302,0.267,0.232,7.0,27.0,88.9,3.4,-2.3,68.37683044237907,7.1215685,74.0,201.1290322580645,28.0,0.16363636363636364,0.4700854700854701,0.5299145299145299,4.333333333333333
"Davis, J.D.",2023,0.259,0.217,0.311,0.476,0.344,0.348,0.247,37.0,143.0,90.7,5.0,-2.5,68.37683044237907,7.1215685,74.0,201.1290322580645,30.0,0.3486238532110092,0.5360655737704918,0.4639344262295082,4.265734265734266
"Fowler, Dexter",2020,0.259,0.074,0.389,0.333,0.3,0.27,0.223,7.0,27.0,83.3,9.8,1.0,68.37683044237907,7.1215685,74.0,201.1290322580645,34.0,0.3050847457627119,0.48760330578512395,0.512396694214876,4.481481481481482
"Tucker, Kyle",2021,0.259,0.237,0.25,0.496,0.34,0.387,0.295,35.0,135.0,90.9,13.6,5.2,68.37683044237907,7.1215685,74.0,201.1290322580645,24.0,0.22570532915360503,0.5636042402826855,0.4363957597173145,4.192592592592592
"Blackmon, Charlie",2020,0.258,0.167,0.283,0.424,0.285,0.296,0.236,17.0,66.0,84.9,12.6,-0.7,68.37683044237907,7.1215685,74.0,201.1290322580645,33.0,0.27631578947368424,0.5868725868725869,0.41312741312741313,3.9242424242424243
"Albies, Ozzie",2022,0.258,0.194,0.264,0.452,0.303,0.261,0.221,16.0,62.0,86.8,13.3,1.4,68.37683044237907,7.1215685,74.0,201.1290322580645,25.0,0.22151898734177214,0.5984848484848485,0.4015151515151515,4.258064516129032
"Joyce, Matt",2020,0.258,0.0,0.364,0.258,0.285,0.297,0.202,8.0,31.0,85.2,16.5,0.6,68.37683044237907,7.1215685,74.0,201.1290322580645,35.0,0.36666666666666664,0.4225352112676056,0.5774647887323944,4.580645161290323
"Gardner, Brett",2020,0.258,0.323,0.25,0.581,0.401,0.332,0.2,8.0,31.0,86.8,15.9,-0.5,68.37683044237907,7.1215685,74.0,201.1290322580645,36.0,0.2923076923076923,0.4304635761589404,0.5695364238410596,4.870967741935484
"Haase, Eric",2024,0.258,0.129,0.467,0.387,0.29,0.259,0.213,8.0,31.0,83.0,6.1,-2.1,69.954802923,7.158628462,74.0,201.1290322580645,31.0,0.4393939393939394,0.559322033898305,0.4406779661016949,3.806451612903226
"Rengifo, Luis",2023,0.258,0.124,0.31,0.381,0.312,0.313,0.229,25.0,97.0,88.2,7.2,-0.8,68.37683044237907,7.1215685,74.0,201.1290322580645,26.0,0.2850678733031674,0.4878587196467991,0.5121412803532008,4.670103092783505
"Sánchez, Jesús",2023,0.258,0.301,0.309,0.559,0.382,0.4,0.27,24.0,93.0,88.3,5.7,2.8,68.37683044237907,7.1215685,74.0,201.1290322580645,25.0,0.3,0.5133928571428571,0.48660714285714285,4.817204301075269
"Peña, Jeremy",2023,0.258,0.175,0.308,0.433,0.33,0.315,0.269,31.0,120.0,86.4,7.1,5.9,68.37683044237907,7.1215685,74.0,201.1290322580645,25.0,0.28888888888888886,0.5510204081632653,0.4489795918367347,4.083333333333333
"Henderson, Gunnar",2024,0.258,0.218,0.284,0.476,0.354,0.367,0.267,32.0,124.0,94.0,12.1,3.5,74.331926972,7.090945259,74.0,201.1290322580645,23.0,0.2595419847328244,0.4440677966101695,0.5559322033898305,4.758064516129032
"Franco, Maikel",2022,0.258,0.135,0.296,0.393,0.285,0.269,0.251,23.0,89.0,84.8,15.4,-4.9,68.37683044237907,7.1215685,74.0,201.1290322580645,29.0,0.33507853403141363,0.5787878787878787,0.4212121212121212,3.707865168539326
"Davis, J.D.",2022,0.258,0.167,0.381,0.424,0.36,0.36,0.232,17.0,66.0,92.5,17.3,0.6,68.37683044237907,7.1215685,74.0,201.1290322580645,29.0,0.4069767441860465,0.48179271708683474,0.5182072829131653,5.409090909090909
"Kieboom, Carter",2020,0.258,0.032,0.32,0.29,0.36,0.345,0.21,8.0,31.0,81.1,16.2,1.3,68.37683044237907,7.1215685,74.0,201.1290322580645,22.0,0.21518987341772153,0.42245989304812837,0.5775401069518716,6.032258064516129
"Thomas, Alek",2024,0.258,0.323,0.25,0.581,0.371,0.413,0.301,8.0,31.0,87.7,4.5,2.3,64.631249167,6.573671042,74.0,201.1290322580645,24.0,0.21428571428571427,0.5544554455445545,0.44554455445544555,3.2580645161290325
"Julks, Corey",2024,0.258,0.032,0.333,0.29,0.259,0.292,0.249,8.0,31.0,80.6,6.4,-2.5,66.811725968,6.865605161,74.0,201.1290322580645,28.0,0.3064516129032258,0.5391304347826087,0.4608695652173913,3.7096774193548385
"Arenado, Nolan",2023,0.258,0.238,0.25,0.497,0.324,0.315,0.26,39.0,151.0,88.4,17.0,0.5,68.37683044237907,7.1215685,74.0,201.1290322580645,32.0,0.22530864197530864,0.5225806451612903,0.4774193548387097,4.105960264900662
"Alonso, Pete",2023,0.257,0.284,0.26,0.541,0.377,0.365,0.249,38.0,148.0,88.6,14.6,6.8,68.37683044237907,7.1215685,74.0,201.1290322580645,28.0,0.2768166089965398,0.442572741194487,0.557427258805513,4.412162162162162
"Dickerson, Alex",2020,0.257,0.171,0.292,0.429,0.323,0.281,0.217,9.0,35.0,90.0,19.8,2.4,68.37683044237907,7.1215685,74.0,201.1290322580645,30.0,0.22666666666666666,0.487012987012987,0.512987012987013,4.4
"Vogt, Stephen",2022,0.257,0.171,0.276,0.429,0.312,0.311,0.261,9.0,35.0,88.5,22.0,-1.0,68.37683044237907,7.1215685,74.0,201.1290322580645,37.0,0.3108108108108108,0.48366013071895425,0.5163398692810458,4.371428571428571
"Cronenworth, Jake",2021,0.257,0.193,0.267,0.45,0.336,0.36,0.286,36.0,140.0,88.5,14.6,5.8,68.37683044237907,7.1215685,74.0,201.1290322580645,27.0,0.14559386973180077,0.42857142857142855,0.5714285714285714,4.35
"Kirilloff, Alex",2023,0.257,0.122,0.316,0.378,0.321,0.327,0.253,19.0,74.0,87.1,12.3,-1.8,68.37683044237907,7.1215685,74.0,201.1290322580645,25.0,0.2616279069767442,0.4942528735632184,0.5057471264367817,4.702702702702703
"Paredes, Isaac",2024,0.257,0.136,0.269,0.393,0.326,0.316,0.246,36.0,140.0,84.1,19.5,2.7,65.358038586,7.687813517,74.0,201.1290322580645,25.0,0.1639871382636656,0.4573529411764706,0.5426470588235294,4.857142857142857
"Baddoo, Akil",2023,0.257,0.229,0.313,0.486,0.363,0.317,0.228,18.0,70.0,85.5,5.2,5.6,68.37683044237907,7.1215685,74.0,201.1290322580645,24.0,0.29411764705882354,0.46646341463414637,0.5335365853658537,4.685714285714286
"Murphy, Tom",2021,0.257,0.203,0.294,0.459,0.34,0.325,0.211,19.0,74.0,89.9,19.1,0.5,68.37683044237907,7.1215685,74.0,201.1290322580645,30.0,0.31210191082802546,0.46726190476190477,0.5327380952380952,4.54054054054054
"Kim, Ha-Seong",2024,0.257,0.198,0.268,0.455,0.347,0.337,0.261,26.0,101.0,83.9,13.5,3.5,65.200102573,6.496185088,74.0,201.1290322580645,28.0,0.16666666666666666,0.38671875,0.61328125,5.069306930693069
"Jankowski, Travis",2024,0.257,0.0,0.321,0.257,0.285,0.299,0.259,9.0,35.0,82.2,-0.7,-1.3,67.029984875,6.565626125,74.0,201.1290322580645,33.0,0.17073170731707318,0.4659090909090909,0.5340909090909091,5.0285714285714285
"Park, Hoy",2021,0.257,0.143,0.31,0.4,0.321,0.298,0.25,9.0,35.0,83.2,14.9,2.2,68.37683044237907,7.1215685,74.0,201.1290322580645,25.0,0.24193548387096775,0.38271604938271603,0.6172839506172839,4.628571428571429
"Schanuel, Nolan",2024,0.257,0.044,0.28,0.301,0.314,0.328,0.257,29.0,113.0,81.3,7.4,1.5,62.236079487,6.305536667,74.0,201.1290322580645,22.0,0.136986301369863,0.40630797773654914,0.5936920222634509,4.769911504424779
"Anderson, Brian",2023,0.257,0.114,0.37,0.371,0.291,0.332,0.267,18.0,70.0,86.0,12.4,-2.3,68.37683044237907,7.1215685,74.0,201.1290322580645,30.0,0.3375796178343949,0.5667870036101083,0.4332129963898917,3.9571428571428573
"Perez, Salvador",2021,0.257,0.23,0.267,0.486,0.331,0.361,0.252,38.0,148.0,92.0,18.6,-0.7,68.37683044237907,7.1215685,74.0,201.1290322580645,31.0,0.35772357723577236,0.6451048951048951,0.3548951048951049,3.864864864864865
"Stallings, Jacob",2021,0.257,0.19,0.287,0.448,0.351,0.303,0.219,27.0,105.0,86.9,5.4,11.1,68.37683044237907,7.1215685,74.0,201.1290322580645,31.0,0.20089285714285715,0.4266666666666667,0.5733333333333334,5.0
"Winn, Masyn",2024,0.256,0.112,0.306,0.368,0.286,0.25,0.22,32.0,125.0,82.4,9.5,-7.0,66.307485415,7.036760119,74.0,201.1290322580645,22.0,0.22509225092250923,0.517175572519084,0.48282442748091603,4.192
"Refsnyder, Rob",2021,0.256,0.051,0.303,0.308,0.288,0.381,0.329,10.0,39.0,84.8,6.6,-2.5,68.37683044237907,7.1215685,74.0,201.1290322580645,30.0,0.22388059701492538,0.40119760479041916,0.5988023952095808,4.282051282051282
"Suzuki, Seiya",2024,0.256,0.124,0.345,0.38,0.33,0.321,0.235,31.0,121.0,87.6,12.5,7.4,70.001211941,7.086147046,74.0,201.1290322580645,29.0,0.24193548387096775,0.3987138263665595,0.6012861736334405,5.140495867768595
"Calhoun, Kole",2020,0.256,0.282,0.269,0.538,0.361,0.337,0.214,10.0,39.0,89.6,23.9,-0.8,68.37683044237907,7.1215685,74.0,201.1290322580645,32.0,0.41304347826086957,0.45544554455445546,0.5445544554455446,5.17948717948718
"Chisholm Jr., Jazz",2023,0.256,0.233,0.327,0.488,0.341,0.3,0.208,22.0,86.0,89.0,10.6,1.9,68.37683044237907,7.1215685,74.0,201.1290322580645,25.0,0.4076086956521739,0.48548812664907653,0.5145118733509235,4.406976744186046
"Springer, George",2022,0.256,0.214,0.279,0.47,0.342,0.354,0.266,30.0,117.0,88.3,14.7,9.1,68.37683044237907,7.1215685,74.0,201.1290322580645,32.0,0.3373015873015873,0.5305263157894737,0.4694736842105263,4.05982905982906
"Arroyo, Christian",2021,0.256,0.302,0.28,0.558,0.37,0.304,0.213,11.0,43.0,81.7,6.1,2.8,68.37683044237907,7.1215685,74.0,201.1290322580645,26.0,0.3425925925925926,0.5714285714285714,0.42857142857142855,4.395348837209302
"O'Hearn, Ryan",2022,0.256,0.077,0.4,0.333,0.271,0.241,0.223,10.0,39.0,89.1,12.6,-1.7,68.37683044237907,7.1215685,74.0,201.1290322580645,28.0,0.3125,0.5095541401273885,0.49044585987261147,4.0256410256410255
"Batten, Matthew",2023,0.256,0.051,0.345,0.308,0.277,0.247,0.219,10.0,39.0,81.4,5.0,-3.0,68.37683044237907,7.1215685,74.0,201.1290322580645,28.0,0.2878787878787879,0.4370860927152318,0.5629139072847682,3.871794871794872
"Mountcastle, Ryan",2021,0.256,0.218,0.297,0.474,0.33,0.326,0.239,34.0,133.0,87.6,13.7,-0.5,68.37683044237907,7.1215685,74.0,201.1290322580645,24.0,0.3264705882352941,0.5704697986577181,0.42953020134228187,4.481203007518797
"Naylor, Josh",2024,0.256,0.221,0.254,0.477,0.34,0.312,0.243,44.0,172.0,88.8,8.4,3.4,70.395604109,7.560502931,74.0,201.1290322580645,27.0,0.2222222222222222,0.5358778625954198,0.46412213740458014,3.808139534883721
"Laureano, Ramón",2021,0.256,0.154,0.31,0.41,0.334,0.323,0.238,20.0,78.0,87.3,9.1,2.5,68.37683044237907,7.1215685,74.0,201.1290322580645,26.0,0.21839080459770116,0.49714285714285716,0.5028571428571429,4.487179487179487
"Haniger, Mitch",2022,0.256,0.163,0.3,0.419,0.333,0.368,0.282,11.0,43.0,93.7,18.9,0.8,68.37683044237907,7.1215685,74.0,201.1290322580645,31.0,0.3157894736842105,0.4481132075471698,0.5518867924528302,4.930232558139535
"Moncada, Yoán",2020,0.256,0.256,0.296,0.512,0.388,0.35,0.218,11.0,43.0,86.0,13.7,3.5,68.37683044237907,7.1215685,74.0,201.1290322580645,25.0,0.2830188679245283,0.452991452991453,0.5470085470085471,5.441860465116279
"Chirinos, Robinson",2022,0.256,0.14,0.323,0.395,0.317,0.284,0.214,11.0,43.0,76.6,11.8,2.1,68.37683044237907,7.1215685,74.0,201.1290322580645,38.0,0.3010752688172043,0.5054347826086957,0.4945652173913043,4.27906976744186
"Benson, Will",2024,0.256,0.244,0.432,0.5,0.357,0.272,0.194,20.0,78.0,88.5,11.8,-0.2,69.204793416,7.636649689,74.0,201.1290322580645,26.0,0.37362637362637363,0.5098039215686274,0.49019607843137253,4.576923076923077
"Devers, Rafael",2022,0.256,0.24,0.261,0.496,0.353,0.348,0.242,32.0,125.0,91.5,12.2,10.4,68.37683044237907,7.1215685,74.0,201.1290322580645,25.0,0.2704626334519573,0.5477582846003899,0.4522417153996101,4.104
"Perkins, Blake",2023,0.256,0.14,0.345,0.395,0.313,0.248,0.201,11.0,43.0,79.6,14.2,-0.2,68.37683044237907,7.1215685,74.0,201.1290322580645,26.0,0.19480519480519481,0.4230769230769231,0.5769230769230769,4.232558139534884
"Betts, Mookie",2021,0.256,0.116,0.27,0.372,0.326,0.354,0.246,22.0,86.0,90.6,18.6,3.2,68.37683044237907,7.1215685,74.0,201.1290322580645,28.0,0.20786516853932585,0.4258373205741627,0.5741626794258373,4.8604651162790695
"Plawecki, Kevin",2022,0.256,0.077,0.303,0.333,0.298,0.308,0.269,10.0,39.0,87.3,14.1,-1.2,68.37683044237907,7.1215685,74.0,201.1290322580645,31.0,0.2,0.48295454545454547,0.5170454545454546,4.512820512820513
"Refsnyder, Rob",2024,0.256,0.128,0.345,0.385,0.323,0.345,0.264,20.0,78.0,92.0,16.2,-1.1,70.999508462,7.416769679,74.0,201.1290322580645,33.0,0.2830188679245283,0.4608695652173913,0.5391304347826087,4.423076923076923
"Núñez, Renato",2020,0.255,0.196,0.355,0.451,0.326,0.303,0.23,13.0,51.0,88.8,19.8,0.7,68.37683044237907,7.1215685,74.0,201.1290322580645,26.0,0.2777777777777778,0.5206611570247934,0.4793388429752066,4.745098039215686
"France, Ty",2023,0.255,0.102,0.316,0.357,0.324,0.324,0.241,40.0,157.0,86.5,13.0,-1.2,68.37683044237907,7.1215685,74.0,201.1290322580645,28.0,0.22788203753351208,0.5320970042796006,0.46790299572039945,4.464968152866242
"Rafaela, Ceddanne",2024,0.255,0.199,0.305,0.454,0.316,0.284,0.231,36.0,141.0,85.5,15.9,0.4,66.683511173,7.231282182,74.0,201.1290322580645,23.0,0.3507692307692308,0.6226053639846744,0.3773946360153257,3.702127659574468
"Pache, Cristian",2024,0.255,0.17,0.407,0.426,0.321,0.256,0.203,12.0,47.0,86.2,16.9,1.3,67.482962653,7.051984694,74.0,201.1290322580645,25.0,0.43564356435643564,0.5,0.5,4.297872340425532
"Conforto, Michael",2023,0.255,0.274,0.247,0.528,0.347,0.334,0.237,27.0,106.0,87.3,13.4,2.4,68.37683044237907,7.1215685,74.0,201.1290322580645,30.0,0.24528301886792453,0.47216035634743875,0.5278396436525612,4.235849056603773
"Casas, Triston",2024,0.255,0.216,0.323,0.471,0.33,0.319,0.235,13.0,51.0,87.9,5.9,-1.8,73.594239767,7.629355116,74.0,201.1290322580645,24.0,0.25688073394495414,0.49099099099099097,0.509009009009009,4.352941176470588
"Contreras, Willson",2022,0.255,0.204,0.274,0.459,0.349,0.324,0.246,25.0,98.0,89.0,6.0,-1.9,68.37683044237907,7.1215685,74.0,201.1290322580645,30.0,0.3069306930693069,0.5489130434782609,0.45108695652173914,3.7551020408163267
"González, Erik",2021,0.255,0.118,0.293,0.373,0.286,0.296,0.266,13.0,51.0,87.6,5.4,-2.4,68.37683044237907,7.1215685,74.0,201.1290322580645,29.0,0.2807017543859649,0.5757575757575758,0.42424242424242425,3.8823529411764706
"Vientos, Mark",2024,0.255,0.167,0.348,0.422,0.314,0.281,0.211,26.0,102.0,89.0,9.1,0.8,70.347567059,7.579545686,74.0,201.1290322580645,24.0,0.3767441860465116,0.48423423423423423,0.5157657657657657,4.352941176470588
"Soler, Jorge",2024,0.255,0.2,0.271,0.455,0.345,0.364,0.261,28.0,110.0,91.1,16.0,0.7,73.962694714,7.915863744,74.0,201.1290322580645,32.0,0.2631578947368421,0.4731800766283525,0.5268199233716475,4.745454545454545
"Wells, Austin",2024,0.255,0.202,0.278,0.457,0.325,0.339,0.249,24.0,94.0,88.3,23.9,4.9,70.642253965,7.353574581,74.0,201.1290322580645,24.0,0.2605042016806723,0.5336322869955157,0.4663677130044843,4.74468085106383
"Taylor, Chris",2024,0.255,0.078,0.316,0.333,0.343,0.372,0.275,13.0,51.0,81.1,13.8,1.3,65.56792375,6.849420083,74.0,201.1290322580645,33.0,0.3046875,0.43986254295532645,0.5601374570446735,5.705882352941177
"Goldschmidt, Paul",2023,0.255,0.124,0.32,0.38,0.322,0.331,0.257,35.0,137.0,90.6,13.0,-5.3,68.37683044237907,7.1215685,74.0,201.1290322580645,35.0,0.28104575163398693,0.48264984227129337,0.5173501577287066,4.627737226277373
"Engel, Adam",2022,0.255,0.164,0.382,0.418,0.328,0.27,0.23,14.0,55.0,85.1,16.3,-1.1,68.37683044237907,7.1215685,74.0,201.1290322580645,30.0,0.39285714285714285,0.47058823529411764,0.5294117647058824,4.327272727272727
"García, Adolis",2021,0.255,0.229,0.306,0.484,0.316,0.323,0.236,39.0,153.0,92.1,18.7,2.6,68.37683044237907,7.1215685,74.0,201.1290322580645,28.0,0.31232876712328766,0.5868167202572347,0.41318327974276525,4.065359477124183
"Espinal, Santiago",2023,0.254,0.045,0.327,0.299,0.274,0.253,0.211,17.0,67.0,82.8,4.1,-4.3,68.37683044237907,7.1215685,74.0,201.1290322580645,28.0,0.23880597014925373,0.46853146853146854,0.5314685314685315,4.268656716417911
"Walker, Christian",2024,0.254,0.203,0.292,0.457,0.347,0.39,0.247,35.0,138.0,92.1,14.9,6.4,72.07157612,7.441939653,74.0,201.1290322580645,33.0,0.27793696275071633,0.5007173601147776,0.49928263988522237,5.050724637681159
"Duran, Ezequiel",2024,0.254,0.063,0.296,0.317,0.264,0.258,0.241,16.0,63.0,86.9,6.6,-0.1,69.964464344,7.074321639,74.0,201.1290322580645,25.0,0.2076923076923077,0.6046511627906976,0.3953488372093023,3.4126984126984126
"Hamilton, David",2024,0.254,0.209,0.385,0.463,0.339,0.275,0.218,17.0,67.0,85.3,14.0,1.0,64.956218462,7.097155734,74.0,201.1290322580645,26.0,0.2986111111111111,0.4816053511705686,0.5183946488294314,4.462686567164179
"Moore, Dylan",2024,0.254,0.169,0.291,0.423,0.378,0.37,0.238,18.0,71.0,85.8,22.8,4.6,71.697137756,6.93419141,74.0,201.1290322580645,31.0,0.1875,0.4,0.6,5.633802816901408
"Adames, Willy",2021,0.254,0.263,0.333,0.517,0.372,0.352,0.245,30.0,118.0,89.9,16.4,10.6,68.37683044237907,7.1215685,74.0,201.1290322580645,25.0,0.3208955223880597,0.5056603773584906,0.49433962264150944,4.491525423728813
"Jansen, Danny",2023,0.254,0.211,0.283,0.465,0.334,0.296,0.232,18.0,71.0,89.1,12.8,3.1,68.37683044237907,7.1215685,74.0,201.1290322580645,28.0,0.23404255319148937,0.5035714285714286,0.49642857142857144,3.943661971830986
"Mancini, Trey",2021,0.254,0.101,0.324,0.355,0.306,0.317,0.242,35.0,138.0,86.5,10.6,0.4,68.37683044237907,7.1215685,74.0,201.1290322580645,29.0,0.30851063829787234,0.483704974271012,0.516295025728988,4.22463768115942
"Marsh, Brandon",2024,0.254,0.144,0.366,0.398,0.33,0.312,0.208,30.0,118.0,87.1,13.1,0.8,68.427195066,7.061576157,74.0,201.1290322580645,26.0,0.30833333333333335,0.40609137055837563,0.5939086294416244,5.008474576271187
"Duggar, Steven",2021,0.254,0.224,0.341,0.478,0.346,0.337,0.256,17.0,67.0,89.4,19.6,1.4,68.37683044237907,7.1215685,74.0,201.1290322580645,27.0,0.24193548387096775,0.41333333333333333,0.5866666666666667,4.477611940298507
"Abrams, CJ",2024,0.254,0.172,0.329,0.426,0.317,0.304,0.224,31.0,122.0,86.5,18.5,0.5,69.141899643,7.380137286,74.0,201.1290322580645,23.0,0.2956810631229236,0.5452898550724637,0.45471014492753625,4.524590163934426
"Vázquez, Christian",2021,0.254,0.041,0.292,0.295,0.258,0.255,0.236,31.0,122.0,81.1,12.8,-7.8,68.37683044237907,7.1215685,74.0,201.1290322580645,30.0,0.17391304347826086,0.5070140280561122,0.49298597194388777,4.090163934426229
"Suzuki, Seiya",2022,0.253,0.218,0.29,0.471,0.351,0.322,0.236,22.0,87.0,87.6,9.8,1.1,68.37683044237907,7.1215685,74.0,201.1290322580645,27.0,0.22872340425531915,0.41318681318681316,0.5868131868131868,5.2298850574712645
"Rizzo, Anthony",2024,0.253,0.139,0.27,0.392,0.295,0.28,0.231,20.0,79.0,85.9,11.7,0.4,67.081077652,6.682469015,74.0,201.1290322580645,34.0,0.1625,0.54421768707483,0.4557823129251701,3.721518987341772
"Bell, Josh",2021,0.253,0.165,0.272,0.418,0.324,0.354,0.273,40.0,158.0,91.1,5.1,-1.0,68.37683044237907,7.1215685,74.0,201.1290322580645,28.0,0.228125,0.4976671850699845,0.5023328149300156,4.069620253164557
"Verdugo, Alex",2022,0.253,0.108,0.268,0.361,0.28,0.321,0.283,42.0,166.0,89.4,7.1,-2.8,68.37683044237907,7.1215685,74.0,201.1290322580645,26.0,0.15755627009646303,0.4806800618238022,0.5193199381761978,3.897590361445783
"Fry, David",2024,0.253,0.242,0.277,0.495,0.358,0.324,0.228,23.0,91.0,87.0,15.7,9.6,68.029542775,7.67036341,74.0,201.1290322580645,28.0,0.25263157894736843,0.4691358024691358,0.5308641975308642,4.450549450549451
"García Jr., Luis",2023,0.253,0.061,0.258,0.313,0.269,0.282,0.232,25.0,99.0,87.7,0.8,-4.6,68.37683044237907,7.1215685,74.0,201.1290322580645,23.0,0.16080402010050251,0.5363881401617251,0.4636118598382749,3.7474747474747474
"Heim, Jonah",2022,0.253,0.132,0.304,0.385,0.317,0.298,0.23,23.0,91.0,87.7,16.2,-2.1,68.37683044237907,7.1215685,74.0,201.1290322580645,27.0,0.2708333333333333,0.5318559556786704,0.46814404432132967,3.967032967032967
"Contreras, Willson",2021,0.253,0.169,0.305,0.422,0.339,0.362,0.248,21.0,83.0,91.0,12.1,0.1,68.37683044237907,7.1215685,74.0,201.1290322580645,29.0,0.2802197802197802,0.4607594936708861,0.5392405063291139,4.759036144578313
"Donaldson, Josh",2021,0.253,0.198,0.268,0.451,0.33,0.392,0.293,23.0,91.0,94.9,22.6,-0.4,68.37683044237907,7.1215685,74.0,201.1290322580645,35.0,0.2688679245283019,0.4711111111111111,0.5288888888888889,4.945054945054945
"Rizzo, Anthony",2023,0.253,0.072,0.339,0.325,0.299,0.344,0.288,21.0,83.0,90.6,16.4,-2.1,68.37683044237907,7.1215685,74.0,201.1290322580645,33.0,0.24848484848484848,0.4583333333333333,0.5416666666666666,4.337349397590361
"Stephenson, Tyler",2021,0.253,0.138,0.274,0.391,0.313,0.333,0.269,22.0,87.0,86.7,8.9,0.3,68.37683044237907,7.1215685,74.0,201.1290322580645,24.0,0.15730337078651685,0.4352078239608802,0.5647921760391198,4.7011494252873565
"Alonso, Pete",2021,0.252,0.217,0.277,0.469,0.34,0.403,0.296,36.0,143.0,90.7,13.8,2.0,68.37683044237907,7.1215685,74.0,201.1290322580645,26.0,0.2636363636363636,0.5536912751677853,0.4463087248322148,4.1678321678321675
"Bichette, Bo",2022,0.252,0.214,0.27,0.465,0.336,0.336,0.257,40.0,159.0,90.1,13.2,2.0,68.37683044237907,7.1215685,74.0,201.1290322580645,24.0,0.23224043715846995,0.5828025477707006,0.4171974522292994,3.949685534591195
"Jung, Josh",2023,0.252,0.126,0.337,0.378,0.315,0.347,0.268,34.0,135.0,91.0,14.1,-5.7,68.37683044237907,7.1215685,74.0,201.1290322580645,25.0,0.3221884498480243,0.5323624595469255,0.46763754045307443,4.5777777777777775
"Hays, Austin",2022,0.252,0.134,0.302,0.386,0.31,0.291,0.228,32.0,127.0,86.6,9.0,-1.3,68.37683044237907,7.1215685,74.0,201.1290322580645,26.0,0.24150943396226415,0.5018939393939394,0.4981060606060606,4.15748031496063
"Díaz, Elias",2022,0.252,0.146,0.275,0.398,0.295,0.265,0.22,26.0,103.0,85.5,13.8,-0.3,68.37683044237907,7.1215685,74.0,201.1290322580645,31.0,0.22784810126582278,0.5576470588235294,0.4423529411764706,4.12621359223301
"Rojas, Josh",2021,0.252,0.056,0.338,0.308,0.3,0.285,0.222,27.0,107.0,86.4,4.6,-3.7,68.37683044237907,7.1215685,74.0,201.1290322580645,27.0,0.24413145539906103,0.4243027888446215,0.5756972111553785,4.691588785046729
"Profar, Jurickson",2022,0.252,0.205,0.268,0.457,0.365,0.33,0.23,32.0,127.0,85.8,11.3,3.5,68.37683044237907,7.1215685,74.0,201.1290322580645,29.0,0.17985611510791366,0.42572741194486985,0.5742725880551302,5.141732283464567
"Solak, Nick",2021,0.252,0.078,0.31,0.33,0.285,0.274,0.232,29.0,115.0,82.9,1.2,-7.8,68.37683044237907,7.1215685,74.0,201.1290322580645,26.0,0.26556016597510373,0.4688715953307393,0.5311284046692607,4.469565217391304
"Hermosillo, Michael",2021,0.25,0.125,0.4,0.375,0.265,0.204,0.172,2.0,8.0,91.1,42.8,-0.5,68.37683044237907,7.1215685,74.0,201.1290322580645,26.0,0.3076923076923077,0.4482758620689655,0.5517241379310345,3.625
"Singleton, Jon",2023,0.25,0.167,0.263,0.417,0.342,0.324,0.225,6.0,24.0,86.7,15.6,-0.5,68.37683044237907,7.1215685,74.0,201.1290322580645,31.0,0.2549019607843137,0.4358974358974359,0.5641025641025641,4.875
"Wilson, Weston",2024,0.25,0.05,0.385,0.3,0.25,0.181,0.148,5.0,20.0,78.9,14.8,-1.4,69.889027297,7.366845405,74.0,201.1290322580645,29.0,0.34210526315789475,0.4810126582278481,0.5189873417721519,3.95
"Arcia, Orlando",2020,0.25,0.167,0.256,0.417,0.308,0.37,0.3,12.0,48.0,85.4,16.9,-1.7,68.37683044237907,7.1215685,74.0,201.1290322580645,25.0,0.26666666666666666,0.5027932960893855,0.4972067039106145,3.7291666666666665
"Martin, Richie",2022,0.25,0.25,0.4,0.5,0.353,0.29,0.185,2.0,8.0,87.0,10.4,1.2,68.37683044237907,7.1215685,74.0,201.1290322580645,27.0,0.38461538461538464,0.3939393939393939,0.6060606060606061,4.125
"Grossman, Robbie",2022,0.25,0.125,0.317,0.375,0.319,0.31,0.245,22.0,88.0,86.8,16.7,2.7,68.37683044237907,7.1215685,74.0,201.1290322580645,32.0,0.2849462365591398,0.4439140811455847,0.5560859188544153,4.761363636363637
"Gonzalez, Romy",2021,0.25,0.125,0.286,0.375,0.265,0.241,0.241,2.0,8.0,79.1,-13.2,-0.8,68.37683044237907,7.1215685,74.0,201.1290322580645,27.0,0.16666666666666666,0.5454545454545454,0.45454545454545453,2.75
"Newman, Kevin",2020,0.25,0.031,0.242,0.281,0.232,0.262,0.253,8.0,32.0,85.1,0.3,-2.1,68.37683044237907,7.1215685,74.0,201.1290322580645,26.0,0.08771929824561403,0.5,0.5,3.5625
"Pereira, Everson",2023,0.25,0.042,0.375,0.292,0.303,0.324,0.268,6.0,24.0,94.0,0.7,0.9,68.37683044237907,7.1215685,74.0,201.1290322580645,22.0,0.36363636363636365,0.5057471264367817,0.4942528735632184,3.625
"Rivas III, Alfonso",2023,0.25,0.208,0.357,0.458,0.316,0.286,0.218,6.0,24.0,83.9,8.7,-0.5,68.37683044237907,7.1215685,74.0,201.1290322580645,26.0,0.3548387096774194,0.5040650406504065,0.4959349593495935,5.125
"González, Erik",2022,0.25,0.0,0.333,0.25,0.288,0.297,0.237,3.0,12.0,77.1,-5.8,-1.3,68.37683044237907,7.1215685,74.0,201.1290322580645,30.0,0.2962962962962963,0.47368421052631576,0.5263157894736842,4.75
"León, Sandy",2023,0.25,0.083,0.429,0.333,0.251,0.188,0.193,3.0,12.0,85.5,12.4,-1.7,68.37683044237907,7.1215685,74.0,201.1290322580645,34.0,0.22727272727272727,0.4583333333333333,0.5416666666666666,4.0
"Casas, Triston",2023,0.25,0.258,0.268,0.508,0.368,0.392,0.252,30.0,120.0,91.8,13.6,7.2,68.37683044237907,7.1215685,74.0,201.1290322580645,23.0,0.2792452830188679,0.4673721340388007,0.5326278659611993,4.725
"Hicks, John",2021,0.25,0.375,0.5,0.625,0.361,0.212,0.146,2.0,8.0,97.8,32.7,-0.7,68.37683044237907,7.1215685,74.0,201.1290322580645,31.0,0.45,0.7142857142857143,0.2857142857142857,3.5
"Suzuki, Kurt",2022,0.25,0.063,0.276,0.313,0.278,0.288,0.244,8.0,32.0,86.2,30.5,-0.9,68.37683044237907,7.1215685,74.0,201.1290322580645,38.0,0.21311475409836064,0.49193548387096775,0.5080645161290323,3.875
"Schoop, Jonathan",2020,0.25,0.219,0.231,0.469,0.295,0.224,0.192,8.0,32.0,83.7,9.4,0.2,68.37683044237907,7.1215685,74.0,201.1290322580645,28.0,0.2191780821917808,0.6134453781512605,0.3865546218487395,3.71875
"Hinds, Rece",2024,0.25,0.417,0.286,0.667,0.424,0.296,0.157,3.0,12.0,89.7,22.0,1.8,75.11566625,7.549914167,74.0,201.1290322580645,23.0,0.36,0.5555555555555556,0.4444444444444444,3.75
"Higgins, P.J.",2022,0.25,0.208,0.355,0.458,0.366,0.291,0.2,12.0,48.0,76.4,6.1,5.3,68.37683044237907,7.1215685,74.0,201.1290322580645,29.0,0.32432432432432434,0.42528735632183906,0.5747126436781609,5.4375
"Miller, Brad",2021,0.25,0.33,0.265,0.58,0.391,0.387,0.258,22.0,88.0,91.1,9.1,5.5,68.37683044237907,7.1215685,74.0,201.1290322580645,31.0,0.32065217391304346,0.4577114427860697,0.5422885572139303,4.568181818181818
"Cave, Jake",2023,0.25,0.077,0.302,0.327,0.278,0.275,0.208,13.0,52.0,84.4,12.2,-6.3,68.37683044237907,7.1215685,74.0,201.1290322580645,30.0,0.24074074074074073,0.5373134328358209,0.4626865671641791,3.8653846153846154
"Díaz, Elias",2024,0.25,0.131,0.305,0.381,0.297,0.285,0.232,21.0,84.0,84.3,7.0,-3.0,72.031413916,6.951915964,74.0,201.1290322580645,33.0,0.32222222222222224,0.5232558139534884,0.47674418604651164,4.095238095238095
"Reddick, Josh",2020,0.25,0.135,0.293,0.385,0.308,0.309,0.259,13.0,52.0,82.6,16.7,1.4,68.37683044237907,7.1215685,74.0,201.1290322580645,33.0,0.23214285714285715,0.5022421524663677,0.4977578475336323,4.288461538461538
"Verdugo, Alex",2023,0.25,0.105,0.276,0.355,0.296,0.288,0.237,31.0,124.0,87.2,11.2,-6.9,68.37683044237907,7.1215685,74.0,201.1290322580645,27.0,0.16593886462882096,0.4232902033271719,0.5767097966728281,4.362903225806452
"Lowe, Brandon",2020,0.25,0.2,0.31,0.45,0.339,0.34,0.224,10.0,40.0,89.3,21.4,2.9,68.37683044237907,7.1215685,74.0,201.1290322580645,25.0,0.3116883116883117,0.4782608695652174,0.5217391304347826,4.025
"Pham, Tommy",2024,0.25,0.095,0.311,0.345,0.304,0.32,0.265,21.0,84.0,87.9,7.6,2.5,71.092826605,6.813492901,74.0,201.1290322580645,36.0,0.21818181818181817,0.4024390243902439,0.5975609756097561,4.880952380952381
"Stallings, Jacob",2022,0.25,0.08,0.27,0.33,0.295,0.285,0.237,22.0,88.0,84.8,9.9,-5.1,68.37683044237907,7.1215685,74.0,201.1290322580645,32.0,0.1643835616438356,0.41359773371104813,0.5864022662889519,4.011363636363637
"Torres, Gleyber",2020,0.25,0.075,0.313,0.325,0.33,0.344,0.259,10.0,40.0,92.4,16.3,-1.5,68.37683044237907,7.1215685,74.0,201.1290322580645,23.0,0.24050632911392406,0.38349514563106796,0.616504854368932,5.15
"Thompson, Bubba",2023,0.25,0.125,0.364,0.375,0.319,0.206,0.121,4.0,16.0,67.4,3.4,-0.5,68.37683044237907,7.1215685,74.0,201.1290322580645,27.0,0.4,0.4861111111111111,0.5138888888888888,4.5
"Bolt, Skye",2022,0.25,0.292,0.267,0.542,0.338,0.273,0.206,6.0,24.0,89.1,4.6,-0.7,68.37683044237907,7.1215685,74.0,201.1290322580645,28.0,0.29508196721311475,0.5700934579439252,0.42990654205607476,4.458333333333333
"Greene, Riley",2023,0.25,0.066,0.333,0.316,0.303,0.384,0.307,19.0,76.0,91.2,7.2,-2.8,68.37683044237907,7.1215685,74.0,201.1290322580645,22.0,0.20994475138121546,0.5112994350282486,0.4887005649717514,4.657894736842105
"Santana, Danny",2020,0.25,0.125,0.286,0.375,0.32,0.441,0.27,2.0,8.0,91.0,13.4,0.2,68.37683044237907,7.1215685,74.0,201.1290322580645,29.0,0.2608695652173913,0.46938775510204084,0.5306122448979592,6.125
"Brennan, Will",2023,0.25,0.08,0.283,0.33,0.261,0.313,0.3,28.0,112.0,85.0,9.8,-6.0,68.37683044237907,7.1215685,74.0,201.1290322580645,25.0,0.2261904761904762,0.586046511627907,0.413953488372093,3.8392857142857144
"Nimmo, Brandon",2020,0.25,0.125,0.303,0.375,0.346,0.309,0.204,10.0,40.0,89.9,4.1,0.1,68.37683044237907,7.1215685,74.0,201.1290322580645,27.0,0.2553191489361702,0.48704663212435234,0.5129533678756477,4.825
"Cabbage, Trey",2024,0.25,0.15,0.5,0.4,0.346,0.285,0.177,5.0,20.0,88.6,3.9,-0.1,74.837574318,7.503690455,74.0,201.1290322580645,27.0,0.391304347826087,0.575,0.425,4.0
"Wong, Connor",2022,0.25,0.25,0.286,0.5,0.369,0.336,0.194,3.0,12.0,88.6,-0.1,3.6,68.37683044237907,7.1215685,74.0,201.1290322580645,26.0,0.3448275862068966,0.4084507042253521,0.5915492957746479,5.916666666666667
"Miller, Owen",2024,0.25,0.0,0.333,0.25,0.22,0.241,0.257,2.0,8.0,93.4,9.7,-0.8,68.684794444,6.868146111,74.0,201.1290322580645,27.0,0.3888888888888889,0.5,0.5,4.5
"Happ, Ian",2022,0.25,0.164,0.33,0.414,0.328,0.258,0.185,38.0,152.0,88.7,13.2,-2.7,68.37683044237907,7.1215685,74.0,201.1290322580645,27.0,0.28532608695652173,0.4946236559139785,0.5053763440860215,4.894736842105263
"Sosa, Edmundo",2024,0.25,0.125,0.302,0.375,0.288,0.271,0.219,18.0,72.0,84.4,8.6,-1.1,69.646433654,8.00896141,74.0,201.1290322580645,28.0,0.2781065088757396,0.6123188405797102,0.38768115942028986,3.8333333333333335
"Rodriguez, Johnathan",2024,0.25,0.125,0.4,0.375,0.429,0.341,0.123,2.0,8.0,90.8,0.4,2.6,71.859388421,7.922248421,74.0,201.1290322580645,24.0,0.30434782608695654,0.3898305084745763,0.6101694915254238,7.375
"Barnhart, Tucker",2020,0.25,0.05,0.313,0.3,0.33,0.393,0.323,5.0,20.0,83.9,19.1,0.5,68.37683044237907,7.1215685,74.0,201.1290322580645,29.0,0.2558139534883721,0.4574468085106383,0.5425531914893617,4.7
"Espinal, Santiago",2020,0.25,0.083,0.375,0.333,0.264,0.267,0.226,3.0,12.0,80.8,22.6,-0.3,68.37683044237907,7.1215685,74.0,201.1290322580645,25.0,0.3103448275862069,0.5087719298245614,0.49122807017543857,4.75
"Belt, Brandon",2020,0.25,0.275,0.241,0.525,0.396,0.422,0.258,10.0,40.0,86.7,21.3,2.3,68.37683044237907,7.1215685,74.0,201.1290322580645,32.0,0.20512820512820512,0.4126984126984127,0.5873015873015873,4.725
"Alvarez, Eddy",2020,0.25,0.0,0.333,0.25,0.354,0.274,0.122,2.0,8.0,84.8,12.7,1.6,68.37683044237907,7.1215685,74.0,201.1290322580645,30.0,0.23529411764705882,0.425,0.575,5.0
"Knizner, Andrew",2024,0.25,0.188,0.231,0.438,0.299,0.256,0.205,4.0,16.0,78.7,22.2,1.1,68.208039333,6.601715,74.0,201.1290322580645,29.0,0.26666666666666666,0.44776119402985076,0.5522388059701493,4.1875
"Miranda, Jose",2023,0.25,0.094,0.286,0.344,0.292,0.258,0.228,8.0,32.0,86.8,4.6,-0.8,68.37683044237907,7.1215685,74.0,201.1290322580645,25.0,0.21739130434782608,0.5433070866141733,0.4566929133858268,3.96875
"Chirinos, Robinson",2021,0.25,0.208,0.417,0.458,0.327,0.221,0.159,6.0,24.0,84.2,13.6,-2.3,68.37683044237907,7.1215685,74.0,201.1290322580645,37.0,0.38333333333333336,0.5504587155963303,0.44954128440366975,4.541666666666667
"Holt, Brock",2020,0.25,0.05,0.278,0.3,0.268,0.22,0.188,5.0,20.0,85.8,19.8,-1.5,68.37683044237907,7.1215685,74.0,201.1290322580645,32.0,0.14,0.4716981132075472,0.5283018867924528,5.3
"Quinn, Roman",2022,0.25,0.25,0.571,0.5,0.355,0.255,0.18,4.0,16.0,95.0,14.7,1.5,68.37683044237907,7.1215685,74.0,201.1290322580645,29.0,0.4,0.43478260869565216,0.5652173913043478,4.3125
"Long Jr., Shed",2021,0.25,0.219,0.35,0.469,0.333,0.218,0.169,8.0,32.0,86.5,-4.3,-1.4,68.37683044237907,7.1215685,74.0,201.1290322580645,25.0,0.3333333333333333,0.4897959183673469,0.5102040816326531,4.59375
"Trejo, Alan",2024,0.25,0.0,0.286,0.25,0.22,0.286,0.296,2.0,8.0,91.0,0.4,-0.7,63.749994286,7.003283571,74.0,201.1290322580645,28.0,0.06666666666666667,0.5769230769230769,0.4230769230769231,3.25
"Urshela, Gio",2021,0.25,0.13,0.308,0.38,0.287,0.315,0.268,23.0,92.0,90.1,8.6,-2.6,68.37683044237907,7.1215685,74.0,201.1290322580645,29.0,0.24352331606217617,0.543661971830986,0.4563380281690141,3.858695652173913
"Donaldson, Josh",2020,0.25,0.333,0.2,0.583,0.422,0.365,0.205,3.0,12.0,91.5,-1.2,2.3,68.37683044237907,7.1215685,74.0,201.1290322580645,34.0,0.29411764705882354,0.4146341463414634,0.5853658536585366,6.833333333333333
"Walsh, Jared",2024,0.25,0.0,0.364,0.25,0.248,0.28,0.274,4.0,16.0,86.5,23.1,-1.4,75.43602,7.876803636,74.0,201.1290322580645,30.0,0.3548387096774194,0.3780487804878049,0.6219512195121951,5.125
"Lindor, Francisco",2023,0.25,0.176,0.264,0.426,0.333,0.331,0.24,34.0,136.0,90.1,19.0,5.9,68.37683044237907,7.1215685,74.0,201.1290322580645,29.0,0.2235294117647059,0.5190839694656488,0.48091603053435117,4.8161764705882355
"Lipcius, Andre",2023,0.25,0.125,0.5,0.375,0.383,0.248,0.087,2.0,8.0,86.4,5.5,0.1,68.37683044237907,7.1215685,74.0,201.1290322580645,25.0,0.3181818181818182,0.4,0.6,6.875
"DeLoach, Zach",2024,0.25,0.083,0.429,0.333,0.314,0.231,0.154,3.0,12.0,76.6,4.0,-0.5,65.382572333,6.513464,74.0,201.1290322580645,25.0,0.3,0.5769230769230769,0.4230769230769231,4.333333333333333
"Ruiz, Keibert",2021,0.25,0.071,0.269,0.321,0.276,0.265,0.235,7.0,28.0,87.0,25.1,-0.8,68.37683044237907,7.1215685,74.0,201.1290322580645,22.0,0.10204081632653061,0.6049382716049383,0.3950617283950617,2.892857142857143
"Basabe, Osleivis",2023,0.25,0.25,0.313,0.5,0.328,0.241,0.2,6.0,24.0,92.0,-2.4,2.4,68.37683044237907,7.1215685,74.0,201.1290322580645,22.0,0.25806451612903225,0.6262626262626263,0.37373737373737376,4.125
"Bleday, JJ",2022,0.25,0.182,0.313,0.432,0.351,0.305,0.208,11.0,44.0,84.4,31.2,1.6,68.37683044237907,7.1215685,74.0,201.1290322580645,24.0,0.2605042016806723,0.4817813765182186,0.5182186234817814,5.613636363636363
"Jones, Nolan",2024,0.25,0.097,0.36,0.347,0.279,0.265,0.214,18.0,72.0,88.8,12.9,-6.9,68.467444397,6.625652766,74.0,201.1290322580645,26.0,0.2754491017964072,0.4812680115273775,0.5187319884726225,4.819444444444445
"Riley, Austin",2020,0.25,0.231,0.294,0.481,0.326,0.359,0.291,13.0,52.0,92.4,16.0,-0.7,68.37683044237907,7.1215685,74.0,201.1290322580645,23.0,0.2803738317757009,0.5144230769230769,0.4855769230769231,4.0
"Haggerty, Sam",2023,0.25,0.05,0.294,0.3,0.28,0.373,0.354,5.0,20.0,83.3,17.3,-0.3,68.37683044237907,7.1215685,74.0,201.1290322580645,27.0,0.13953488372093023,0.5512820512820513,0.44871794871794873,3.9
"Trevino, Jose",2023,0.25,0.028,0.281,0.278,0.244,0.259,0.254,9.0,36.0,81.5,1.9,-1.1,68.37683044237907,7.1215685,74.0,201.1290322580645,30.0,0.15873015873015872,0.5121951219512195,0.4878048780487805,3.4166666666666665
"Ríos, Edwin",2022,0.25,0.417,0.333,0.667,0.385,0.288,0.209,6.0,24.0,94.6,16.8,1.4,68.37683044237907,7.1215685,74.0,201.1290322580645,28.0,0.42,0.5376344086021505,0.46236559139784944,3.875
"Heredia, Guillermo",2020,0.25,0.0,0.5,0.25,0.221,0.225,0.228,2.0,8.0,81.4,39.8,-2.2,68.37683044237907,7.1215685,74.0,201.1290322580645,27.0,0.3333333333333333,0.42857142857142855,0.5714285714285714,3.5
"Chavis, Michael",2023,0.25,0.0,0.455,0.25,0.243,0.251,0.241,5.0,20.0,87.6,4.5,-3.2,68.37683044237907,7.1215685,74.0,201.1290322580645,27.0,0.3181818181818182,0.5301204819277109,0.46987951807228917,4.15
"Rogers, Jake",2024,0.25,0.25,0.292,0.5,0.327,0.283,0.22,17.0,68.0,86.2,12.1,1.5,68.583390379,7.246470606,74.0,201.1290322580645,29.0,0.29850746268656714,0.48028673835125446,0.5197132616487455,4.102941176470588
"Maton, Nick",2022,0.25,0.0,0.286,0.25,0.222,0.251,0.235,4.0,16.0,82.5,9.5,-4.3,68.37683044237907,7.1215685,74.0,201.1290322580645,25.0,0.3076923076923077,0.6190476190476191,0.38095238095238093,3.9375
"Taylor, Samad",2023,0.25,0.0,0.333,0.25,0.287,0.32,0.224,2.0,8.0,82.7,4.9,0.6,68.37683044237907,7.1215685,74.0,201.1290322580645,24.0,0.34782608695652173,0.5111111111111111,0.4888888888888889,5.625
"Wendle, Joey",2024,0.25,0.125,0.5,0.375,0.267,0.165,0.158,2.0,8.0,77.0,32.0,-0.5,59.775549231,6.43915,74.0,201.1290322580645,34.0,0.29411764705882354,0.5,0.5,4.25
"Harris, Brett",2024,0.25,0.042,0.353,0.292,0.291,0.193,0.127,6.0,24.0,83.8,11.9,3.1,65.276253704,6.752784444,74.0,201.1290322580645,26.0,0.32727272727272727,0.514018691588785,0.48598130841121495,4.458333333333333
"Chapman, Matt",2020,0.25,0.275,0.375,0.525,0.336,0.349,0.254,10.0,40.0,97.7,20.3,-3.9,68.37683044237907,7.1215685,74.0,201.1290322580645,27.0,0.3838383838383838,0.4714285714285714,0.5285714285714286,5.25
"Culberson, Charlie",2022,0.25,0.071,0.318,0.321,0.277,0.242,0.213,7.0,28.0,75.5,-2.3,-3.1,68.37683044237907,7.1215685,74.0,201.1290322580645,33.0,0.21875,0.5614035087719298,0.43859649122807015,4.071428571428571
"McKenna, Ryan",2023,0.25,0.125,0.318,0.375,0.309,0.332,0.27,8.0,32.0,86.6,9.1,-0.7,68.37683044237907,7.1215685,74.0,201.1290322580645,26.0,0.3375,0.5673758865248227,0.4326241134751773,4.40625
"McMahon, Ryan",2021,0.25,0.215,0.276,0.465,0.331,0.324,0.242,36.0,144.0,89.6,14.9,2.9,68.37683044237907,7.1215685,74.0,201.1290322580645,26.0,0.2625,0.5351170568561873,0.46488294314381273,4.152777777777778
"Maile, Luke",2021,0.25,0.125,0.286,0.375,0.384,0.306,0.158,2.0,8.0,75.9,8.6,-0.2,68.37683044237907,7.1215685,74.0,201.1290322580645,30.0,0.375,0.3902439024390244,0.6097560975609756,5.125
"Ross, Joe",2021,0.25,0.0,0.429,0.25,0.22,0.153,0.161,3.0,12.0,70.2,-12.0,-2.4,68.37683044237907,7.1215685,74.0,201.1290322580645,27.0,0.19047619047619047,0.4883720930232558,0.5116279069767442,3.5833333333333335
"Lux, Gavin",2020,0.25,0.5,0.167,0.75,0.426,0.363,0.22,3.0,12.0,92.3,7.9,0.6,68.37683044237907,7.1215685,74.0,201.1290322580645,22.0,0.36363636363636365,0.4489795918367347,0.5510204081632653,4.083333333333333
"Gamel, Ben",2024,0.25,0.0,0.333,0.25,0.377,0.445,0.314,4.0,16.0,88.1,15.8,1.3,70.020665926,7.191411111,74.0,201.1290322580645,32.0,0.2222222222222222,0.2967032967032967,0.7032967032967034,5.6875
"Alberto, Hanser",2021,0.25,0.133,0.259,0.383,0.258,0.267,0.234,15.0,60.0,80.6,10.6,-2.8,68.37683044237907,7.1215685,74.0,201.1290322580645,28.0,0.1323529411764706,0.68,0.32,3.3333333333333335
"Santana, Domingo",2020,0.25,0.25,0.267,0.5,0.363,0.314,0.246,5.0,20.0,88.0,0.0,2.5,68.37683044237907,7.1215685,74.0,201.1290322580645,27.0,0.23684210526315788,0.5066666666666667,0.49333333333333335,3.75
"Gutiérrez, Kelvin",2022,0.25,0.125,0.333,0.375,0.352,0.305,0.225,2.0,8.0,86.3,9.2,1.5,68.37683044237907,7.1215685,74.0,201.1290322580645,27.0,0.3,0.5263157894736842,0.47368421052631576,4.75
"Brown, Seth",2022,0.25,0.179,0.277,0.429,0.356,0.373,0.27,28.0,112.0,87.9,12.9,6.6,68.37683044237907,7.1215685,74.0,201.1290322580645,29.0,0.2821576763485477,0.46257197696737046,0.5374280230326296,4.651785714285714
"Ruiz, Keibert",2024,0.25,0.133,0.243,0.383,0.284,0.315,0.286,30.0,120.0,82.9,18.5,-4.0,64.658738438,6.98573375,74.0,201.1290322580645,25.0,0.1087866108786611,0.5571095571095571,0.4428904428904429,3.575
"Calhoun, Willie",2020,0.25,0.188,0.233,0.438,0.282,0.238,0.199,8.0,32.0,87.3,11.9,-0.8,68.37683044237907,7.1215685,74.0,201.1290322580645,25.0,0.13636363636363635,0.46808510638297873,0.5319148936170213,4.40625
"Downs, Jeter",2022,0.25,0.0,0.5,0.25,0.196,0.15,0.148,2.0,8.0,77.6,15.3,-1.7,68.37683044237907,7.1215685,74.0,201.1290322580645,23.0,0.5217391304347826,0.696969696969697,0.30303030303030304,4.125
"Vosler, Jason",2023,0.25,0.417,0.4,0.667,0.418,0.289,0.189,3.0,12.0,84.4,21.8,1.4,68.37683044237907,7.1215685,74.0,201.1290322580645,29.0,0.45454545454545453,0.4520547945205479,0.547945205479452,6.083333333333333
"Matijevic, J.J.",2022,0.25,0.063,0.4,0.313,0.245,0.179,0.187,4.0,16.0,81.4,8.8,-1.7,68.37683044237907,7.1215685,74.0,201.1290322580645,26.0,0.2857142857142857,0.4827586206896552,0.5172413793103449,3.625
"Massey, Michael",2024,0.25,0.156,0.255,0.406,0.294,0.305,0.243,16.0,64.0,89.3,8.1,-1.4,69.684198212,7.087125894,74.0,201.1290322580645,26.0,0.19607843137254902,0.5666666666666667,0.43333333333333335,4.21875
"Driscoll, Logan",2024,0.25,0.25,0.222,0.5,0.293,0.335,0.254,3.0,12.0,91.4,8.7,-1.0,68.525517826,7.465785217,74.0,201.1290322580645,26.0,0.391304347826087,0.4791666666666667,0.5208333333333334,4.0
"Alvarez, Eddy",2022,0.25,0.0,0.4,0.25,0.196,0.181,0.198,2.0,8.0,78.1,5.0,-1.6,68.37683044237907,7.1215685,74.0,201.1290322580645,32.0,0.42105263157894735,0.59375,0.40625,4.0
"Solano, Donovan",2021,0.25,0.044,0.279,0.294,0.254,0.283,0.267,17.0,68.0,86.9,9.2,-1.9,68.37683044237907,7.1215685,74.0,201.1290322580645,33.0,0.21428571428571427,0.5460992907801419,0.45390070921985815,4.147058823529412
"Schanuel, Nolan",2023,0.25,0.0,0.286,0.25,0.303,0.347,0.291,6.0,24.0,80.1,2.5,2.5,68.37683044237907,7.1215685,74.0,201.1290322580645,21.0,0.13513513513513514,0.36633663366336633,0.6336633663366337,4.208333333333333
"Cameron, Daz",2021,0.25,0.083,0.353,0.333,0.327,0.327,0.221,6.0,24.0,89.4,0.5,-0.4,68.37683044237907,7.1215685,74.0,201.1290322580645,24.0,0.27450980392156865,0.4112903225806452,0.5887096774193549,5.166666666666667
"Ruiz, Esteury",2022,0.25,0.0,0.333,0.25,0.273,0.337,0.309,2.0,8.0,74.0,12.7,-1.2,68.37683044237907,7.1215685,74.0,201.1290322580645,23.0,0.15789473684210525,0.5277777777777778,0.4722222222222222,4.5
"Happ, Ian",2023,0.25,0.153,0.306,0.403,0.339,0.361,0.261,36.0,144.0,88.9,11.6,5.1,68.37683044237907,7.1215685,74.0,201.1290322580645,28.0,0.23839009287925697,0.45492957746478874,0.5450704225352113,4.930555555555555
"McKinstry, Zach",2021,0.25,0.182,0.29,0.432,0.292,0.246,0.214,11.0,44.0,85.7,9.0,2.2,68.37683044237907,7.1215685,74.0,201.1290322580645,26.0,0.26136363636363635,0.5057471264367817,0.4942528735632184,3.9545454545454546
"Diaz, Jordan",2022,0.25,0.0,0.333,0.25,0.221,0.236,0.244,2.0,8.0,84.8,5.8,-0.9,68.37683044237907,7.1215685,74.0,201.1290322580645,21.0,0.18181818181818182,0.6285714285714286,0.37142857142857144,4.375
"Benson, Will",2022,0.25,0.063,0.364,0.313,0.296,0.263,0.217,4.0,16.0,84.8,4.4,0.1,68.37683044237907,7.1215685,74.0,201.1290322580645,24.0,0.3333333333333333,0.4411764705882353,0.5588235294117647,4.25
"Bader, Harrison",2023,0.25,0.155,0.254,0.405,0.288,0.318,0.266,21.0,84.0,83.7,14.3,2.2,68.37683044237907,7.1215685,74.0,201.1290322580645,29.0,0.2822085889570552,0.5046439628482973,0.4953560371517028,3.8452380952380953
"Merrifield, Whit",2022,0.25,0.13,0.273,0.38,0.298,0.292,0.226,25.0,100.0,89.3,15.7,-2.7,68.37683044237907,7.1215685,74.0,201.1290322580645,33.0,0.22966507177033493,0.5060532687651331,0.4939467312348668,4.13
"Walker, Jordan",2023,0.248,0.152,0.324,0.4,0.309,0.305,0.245,26.0,105.0,89.2,15.2,-5.9,68.37683044237907,7.1215685,74.0,201.1290322580645,21.0,0.351931330472103,0.5574162679425837,0.44258373205741625,3.980952380952381
"Frazier, Adam",2022,0.248,0.094,0.271,0.342,0.284,0.3,0.258,29.0,117.0,82.6,15.6,-2.5,68.37683044237907,7.1215685,74.0,201.1290322580645,30.0,0.1728395061728395,0.5073068893528184,0.49269311064718163,4.094017094017094
"Thomas, Lane",2023,0.248,0.18,0.321,0.429,0.311,0.278,0.217,40.0,161.0,86.0,8.7,-8.2,68.37683044237907,7.1215685,74.0,201.1290322580645,27.0,0.2435064935064935,0.46038863976083705,0.5396113602391629,4.15527950310559
"Young, Jacob",2024,0.248,0.069,0.316,0.317,0.284,0.305,0.28,25.0,101.0,80.9,1.7,-3.2,62.3100185,6.50931465,74.0,201.1290322580645,24.0,0.1941747572815534,0.5049019607843137,0.4950980392156863,4.03960396039604
"Carlson, Dylan",2022,0.248,0.171,0.282,0.419,0.299,0.292,0.243,26.0,105.0,82.8,9.9,-3.8,68.37683044237907,7.1215685,74.0,201.1290322580645,23.0,0.2831050228310502,0.5046082949308756,0.49539170506912444,4.133333333333334
"Díaz, Yandy",2021,0.248,0.128,0.258,0.376,0.298,0.304,0.242,27.0,109.0,88.1,6.6,-0.4,68.37683044237907,7.1215685,74.0,201.1290322580645,29.0,0.18556701030927836,0.46080760095011875,0.5391923990498813,3.8623853211009176
"Velazquez, Andrew",2022,0.247,0.11,0.321,0.356,0.25,0.221,0.208,18.0,73.0,79.3,1.1,-5.6,68.37683044237907,7.1215685,74.0,201.1290322580645,27.0,0.3496932515337423,0.6317829457364341,0.3682170542635659,3.5342465753424657
"Bride, Jonah",2024,0.247,0.192,0.259,0.438,0.291,0.215,0.161,18.0,73.0,86.4,13.0,-2.2,64.850365462,7.057141923,74.0,201.1290322580645,28.0,0.21232876712328766,0.4207492795389049,0.579250720461095,4.7534246575342465
"Riley, Austin",2022,0.247,0.24,0.279,0.487,0.347,0.365,0.261,37.0,150.0,90.4,13.5,-2.1,68.37683044237907,7.1215685,74.0,201.1290322580645,25.0,0.2877094972067039,0.551617873651772,0.44838212634822805,4.326666666666667
"Julks, Corey",2023,0.247,0.091,0.29,0.338,0.277,0.311,0.273,19.0,77.0,89.0,17.0,-2.9,68.37683044237907,7.1215685,74.0,201.1290322580645,27.0,0.24183006535947713,0.5083056478405316,0.49169435215946844,3.909090909090909
"Santander, Anthony",2022,0.247,0.185,0.259,0.432,0.334,0.332,0.242,36.0,146.0,89.9,22.9,4.9,68.37683044237907,7.1215685,74.0,201.1290322580645,27.0,0.21629213483146068,0.5007032348804501,0.49929676511954996,4.86986301369863
"Calhoun, Kole",2022,0.247,0.196,0.292,0.443,0.331,0.295,0.201,24.0,97.0,90.4,18.8,0.3,68.37683044237907,7.1215685,74.0,201.1290322580645,34.0,0.36444444444444446,0.5148741418764302,0.4851258581235698,4.505154639175258
"Swanson, Dansby",2024,0.246,0.198,0.283,0.444,0.309,0.325,0.256,31.0,126.0,88.8,8.9,-0.4,70.348022923,7.310442385,74.0,201.1290322580645,30.0,0.27037037037037037,0.5222437137330754,0.47775628626692457,4.103174603174603
"Higashioka, Kyle",2023,0.246,0.049,0.319,0.295,0.276,0.281,0.219,15.0,61.0,87.9,10.0,-4.1,68.37683044237907,7.1215685,74.0,201.1290322580645,33.0,0.24193548387096775,0.45588235294117646,0.5441176470588235,4.459016393442623
"Heim, Jonah",2024,0.246,0.153,0.258,0.398,0.3,0.302,0.25,29.0,118.0,87.8,15.8,-5.2,68.377451792,7.317060917,74.0,201.1290322580645,29.0,0.22900763358778625,0.5822222222222222,0.4177777777777778,3.8135593220338984
"Peters, DJ",2021,0.246,0.311,0.29,0.557,0.334,0.351,0.234,15.0,61.0,85.5,16.7,-1.6,68.37683044237907,7.1215685,74.0,201.1290322580645,25.0,0.4375,0.582995951417004,0.41700404858299595,4.049180327868853
"Maton, Nick",2023,0.246,0.386,0.258,0.632,0.415,0.313,0.163,14.0,57.0,86.3,23.4,9.7,68.37683044237907,7.1215685,74.0,201.1290322580645,26.0,0.3611111111111111,0.46006389776357826,0.5399361022364217,5.491228070175438
"Mancini, Trey",2022,0.246,0.246,0.253,0.492,0.345,0.344,0.246,30.0,122.0,88.2,13.2,4.9,68.37683044237907,7.1215685,74.0,201.1290322580645,30.0,0.27017543859649124,0.4973821989528796,0.5026178010471204,4.69672131147541
"Sánchez, Gary",2024,0.246,0.246,0.289,0.491,0.342,0.352,0.263,14.0,57.0,91.8,19.5,1.3,70.773492308,7.38596,74.0,201.1290322580645,31.0,0.33636363636363636,0.43478260869565216,0.5652173913043478,4.43859649122807
"Segura, Jean",2023,0.246,0.029,0.321,0.275,0.277,0.286,0.242,17.0,69.0,82.8,1.1,-6.9,68.37683044237907,7.1215685,74.0,201.1290322580645,33.0,0.21794871794871795,0.5,0.5,4.521739130434782
"Adames, Willy",2023,0.246,0.21,0.283,0.457,0.342,0.35,0.236,34.0,138.0,87.1,18.1,-1.8,68.37683044237907,7.1215685,74.0,201.1290322580645,27.0,0.3009118541033435,0.5,0.5,4.768115942028985
"Jeffers, Ryan",2024,0.246,0.211,0.25,0.456,0.323,0.305,0.249,28.0,114.0,86.2,13.8,1.0,69.045422167,7.299977667,74.0,201.1290322580645,27.0,0.24313725490196078,0.4932301740812379,0.5067698259187621,4.535087719298246
"Hernández, César",2021,0.246,0.202,0.274,0.447,0.338,0.323,0.238,28.0,114.0,84.7,8.8,5.2,68.37683044237907,7.1215685,74.0,201.1290322580645,31.0,0.21484375,0.5069306930693069,0.49306930693069306,4.4298245614035086
"Pollock, AJ",2022,0.246,0.151,0.277,0.397,0.301,0.295,0.229,31.0,126.0,88.0,8.9,-4.8,68.37683044237907,7.1215685,74.0,201.1290322580645,34.0,0.32269503546099293,0.5651302605210421,0.4348697394789579,3.9603174603174605
"Fairchild, Stuart",2023,0.246,0.092,0.333,0.338,0.28,0.267,0.227,16.0,65.0,84.0,12.3,-3.6,68.37683044237907,7.1215685,74.0,201.1290322580645,27.0,0.3157894736842105,0.5298804780876494,0.4701195219123506,3.8615384615384616
"Thaiss, Matt",2023,0.246,0.098,0.35,0.344,0.303,0.359,0.25,15.0,61.0,90.3,10.1,-2.1,68.37683044237907,7.1215685,74.0,201.1290322580645,28.0,0.3782051282051282,0.4968152866242038,0.5031847133757962,5.147540983606557
"Hoerner, Nico",2024,0.246,0.119,0.25,0.364,0.295,0.311,0.271,29.0,118.0,84.4,8.3,1.0,66.253298493,6.973399589,74.0,201.1290322580645,27.0,0.10964912280701754,0.4945770065075922,0.5054229934924078,3.906779661016949
"Pham, Tommy",2022,0.246,0.131,0.315,0.377,0.302,0.296,0.213,32.0,130.0,90.6,7.2,-2.6,68.37683044237907,7.1215685,74.0,201.1290322580645,34.0,0.26515151515151514,0.4217252396166134,0.5782747603833865,4.815384615384615
"Alvarez, Francisco",2023,0.245,0.255,0.262,0.5,0.344,0.331,0.234,24.0,98.0,90.8,10.3,1.5,68.37683044237907,7.1215685,74.0,201.1290322580645,21.0,0.3401015228426396,0.48883374689826303,0.511166253101737,4.112244897959184
"McCann, James",2024,0.245,0.113,0.3,0.358,0.271,0.298,0.236,13.0,53.0,84.8,16.5,-4.6,67.636493333,6.719623083,74.0,201.1290322580645,34.0,0.2734375,0.5818181818181818,0.41818181818181815,4.150943396226415
"Herrera, Odúbel",2021,0.245,0.186,0.226,0.431,0.301,0.322,0.271,25.0,102.0,88.9,5.5,0.7,68.37683044237907,7.1215685,74.0,201.1290322580645,29.0,0.17446808510638298,0.5662650602409639,0.43373493975903615,4.068627450980392
"Hiura, Keston",2020,0.245,0.327,0.28,0.571,0.375,0.39,0.225,12.0,49.0,89.7,9.3,5.9,68.37683044237907,7.1215685,74.0,201.1290322580645,23.0,0.46153846153846156,0.5021459227467812,0.4978540772532189,4.755102040816326
"Wade Jr., LaMonte",2022,0.245,0.184,0.286,0.429,0.326,0.315,0.218,12.0,49.0,85.9,16.8,-0.3,68.37683044237907,7.1215685,74.0,201.1290322580645,28.0,0.19090909090909092,0.4954954954954955,0.5045045045045045,4.530612244897959
"Ahmed, Nick",2024,0.245,0.061,0.293,0.306,0.241,0.259,0.248,12.0,49.0,82.2,13.5,-5.7,63.584012,7.033924842,74.0,201.1290322580645,34.0,0.27350427350427353,0.585,0.415,4.081632653061225
"Nimmo, Brandon",2023,0.245,0.173,0.294,0.418,0.334,0.308,0.219,27.0,110.0,90.7,14.0,1.0,68.37683044237907,7.1215685,74.0,201.1290322580645,30.0,0.24568965517241378,0.45579567779960706,0.5442043222003929,4.627272727272727
"Vaughn, Andrew",2024,0.245,0.072,0.289,0.317,0.267,0.3,0.244,34.0,139.0,89.3,16.3,-6.8,69.454254813,7.418540187,74.0,201.1290322580645,26.0,0.19298245614035087,0.525830258302583,0.474169741697417,3.8992805755395685
"Pillar, Kevin",2020,0.245,0.184,0.282,0.429,0.307,0.368,0.299,12.0,49.0,82.5,7.0,0.9,68.37683044237907,7.1215685,74.0,201.1290322580645,31.0,0.28431372549019607,0.6,0.4,3.4693877551020407
"Kiermaier, Kevin",2020,0.245,0.184,0.294,0.429,0.353,0.366,0.271,12.0,49.0,89.0,3.1,0.0,68.37683044237907,7.1215685,74.0,201.1290322580645,30.0,0.3125,0.45714285714285713,0.5428571428571428,5.0
"Bradley Jr., Jackie",2022,0.245,0.213,0.274,0.457,0.339,0.321,0.24,23.0,94.0,88.1,4.7,5.4,68.37683044237907,7.1215685,74.0,201.1290322580645,32.0,0.29473684210526313,0.49222797927461137,0.5077720207253886,4.1063829787234045
"Stott, Bryson",2022,0.245,0.155,0.3,0.4,0.302,0.253,0.214,27.0,110.0,83.5,12.5,-3.7,68.37683044237907,7.1215685,74.0,201.1290322580645,24.0,0.2073732718894009,0.4666666666666667,0.5333333333333333,4.2272727272727275
"Kepler, Max",2024,0.245,0.094,0.304,0.34,0.269,0.277,0.231,26.0,106.0,90.4,16.3,-5.6,68.584294304,7.282549565,74.0,201.1290322580645,31.0,0.24696356275303644,0.5501113585746102,0.44988864142538976,4.235849056603773
"Seager, Kyle",2020,0.245,0.226,0.204,0.472,0.337,0.356,0.233,13.0,53.0,90.0,23.7,1.3,68.37683044237907,7.1215685,74.0,201.1290322580645,32.0,0.2,0.4,0.6,4.716981132075472
"McCann, James",2023,0.244,0.133,0.303,0.378,0.289,0.327,0.277,11.0,45.0,85.5,13.0,0.0,68.37683044237907,7.1215685,74.0,201.1290322580645,33.0,0.3090909090909091,0.5759162303664922,0.42408376963350786,4.2444444444444445
"Miller, Brad",2020,0.244,0.171,0.3,0.415,0.324,0.302,0.21,10.0,41.0,89.2,4.2,1.7,68.37683044237907,7.1215685,74.0,201.1290322580645,30.0,0.27058823529411763,0.39906103286384975,0.6009389671361502,5.195121951219512
"Nola, Austin",2022,0.244,0.077,0.237,0.321,0.285,0.303,0.24,19.0,78.0,87.8,7.9,-6.3,68.37683044237907,7.1215685,74.0,201.1290322580645,32.0,0.12048192771084337,0.46111111111111114,0.5388888888888889,4.615384615384615
"Goldschmidt, Paul",2020,0.244,0.098,0.333,0.341,0.339,0.343,0.218,10.0,41.0,88.0,10.2,-1.2,68.37683044237907,7.1215685,74.0,201.1290322580645,32.0,0.38271604938271603,0.3894230769230769,0.6105769230769231,5.073170731707317
"Tsutsugo, Yoshi",2020,0.244,0.195,0.258,0.439,0.36,0.373,0.254,10.0,41.0,88.6,16.8,2.3,68.37683044237907,7.1215685,74.0,201.1290322580645,28.0,0.21518987341772153,0.3872549019607843,0.6127450980392157,4.975609756097561
"Walls, Taylor",2023,0.244,0.154,0.333,0.397,0.324,0.293,0.228,19.0,78.0,84.3,14.9,1.7,68.37683044237907,7.1215685,74.0,201.1290322580645,26.0,0.2546583850931677,0.4586894586894587,0.5413105413105413,4.5
"Bauers, Jake",2024,0.244,0.233,0.34,0.478,0.33,0.299,0.224,22.0,90.0,86.7,18.1,-0.3,71.155937092,7.339420051,74.0,201.1290322580645,28.0,0.3284313725490196,0.5284974093264249,0.47150259067357514,4.288888888888889
"Tellez, Rowdy",2023,0.244,0.198,0.243,0.442,0.322,0.348,0.243,21.0,86.0,92.2,12.7,2.7,68.37683044237907,7.1215685,74.0,201.1290322580645,28.0,0.18497109826589594,0.4080188679245283,0.5919811320754716,4.930232558139535
"Candelario, Jeimer",2022,0.244,0.178,0.286,0.422,0.31,0.285,0.212,22.0,90.0,85.3,13.9,0.0,68.37683044237907,7.1215685,74.0,201.1290322580645,28.0,0.29508196721311475,0.4945945945945946,0.5054054054054054,4.111111111111111
"Tatis Jr., Fernando",2024,0.244,0.134,0.286,0.378,0.297,0.365,0.292,20.0,82.0,91.9,4.4,-2.8,71.124507067,7.192682533,74.0,201.1290322580645,25.0,0.25925925925925924,0.5276872964169381,0.4723127035830619,3.7439024390243905
"d'Arnaud, Travis",2024,0.244,0.198,0.274,0.442,0.301,0.344,0.254,21.0,86.0,93.3,14.4,-2.6,68.969924821,7.553623393,74.0,201.1290322580645,35.0,0.3592233009708738,0.5643835616438356,0.43561643835616437,4.244186046511628
"Matos, Luis",2024,0.244,0.178,0.257,0.422,0.278,0.279,0.257,11.0,45.0,84.3,11.7,0.5,69.860018642,7.284936173,74.0,201.1290322580645,22.0,0.1839080459770115,0.5403726708074534,0.45962732919254656,3.577777777777778
"Alu, Jake",2023,0.244,0.024,0.345,0.268,0.246,0.212,0.178,10.0,41.0,87.3,3.6,-5.2,68.37683044237907,7.1215685,74.0,201.1290322580645,26.0,0.3132530120481928,0.5060975609756098,0.49390243902439024,4.0
"Rojas, Josh",2024,0.244,0.073,0.302,0.317,0.272,0.292,0.242,20.0,82.0,86.4,11.0,-5.1,63.077411267,6.898031533,74.0,201.1290322580645,30.0,0.2654320987654321,0.50625,0.49375,3.902439024390244
"Camargo, Johan",2022,0.244,0.171,0.286,0.415,0.327,0.294,0.222,10.0,41.0,82.3,6.7,1.5,68.37683044237907,7.1215685,74.0,201.1290322580645,28.0,0.3020833333333333,0.5106382978723404,0.48936170212765956,4.585365853658536
"Trout, Mike",2022,0.243,0.311,0.283,0.554,0.374,0.355,0.242,18.0,74.0,89.0,20.1,6.9,68.37683044237907,7.1215685,74.0,201.1290322580645,30.0,0.28313253012048195,0.46368715083798884,0.5363128491620112,4.837837837837838
"Valdez, Enmanuel",2023,0.243,0.216,0.304,0.459,0.295,0.232,0.183,9.0,37.0,89.0,12.5,-0.2,68.37683044237907,7.1215685,74.0,201.1290322580645,24.0,0.27380952380952384,0.5675675675675675,0.43243243243243246,4.0
"Mountcastle, Ryan",2022,0.243,0.114,0.295,0.357,0.272,0.294,0.246,34.0,140.0,90.0,13.9,-10.7,68.37683044237907,7.1215685,74.0,201.1290322580645,25.0,0.30383480825958703,0.5885416666666666,0.4114583333333333,4.114285714285714
"Walls, Taylor",2021,0.243,0.081,0.333,0.324,0.323,0.342,0.253,9.0,37.0,86.2,12.3,1.8,68.37683044237907,7.1215685,74.0,201.1290322580645,24.0,0.25,0.4666666666666667,0.5333333333333333,4.864864864864865
"Kiner-Falefa, Isiah",2020,0.242,0.0,0.276,0.242,0.282,0.262,0.19,8.0,33.0,85.0,3.1,-0.5,68.37683044237907,7.1215685,74.0,201.1290322580645,25.0,0.13513513513513514,0.5103448275862069,0.4896551724137931,4.393939393939394
"Walker, Christian",2021,0.242,0.091,0.307,0.333,0.293,0.308,0.247,24.0,99.0,85.2,14.4,-0.6,68.37683044237907,7.1215685,74.0,201.1290322580645,30.0,0.2891566265060241,0.5790697674418605,0.42093023255813955,4.343434343434343
"Thomas, Lane",2024,0.242,0.161,0.297,0.403,0.309,0.293,0.236,30.0,124.0,85.7,13.4,-4.1,69.261248761,6.594277521,74.0,201.1290322580645,28.0,0.21774193548387097,0.47509578544061304,0.524904214559387,4.209677419354839
"Hilliard, Sam",2024,0.242,0.333,0.238,0.576,0.36,0.351,0.263,8.0,33.0,87.3,12.2,0.7,70.799568933,6.958373867,74.0,201.1290322580645,30.0,0.3974358974358974,0.5131578947368421,0.4868421052631579,4.606060606060606
"Montero, Elehuris",2022,0.242,0.182,0.333,0.424,0.308,0.298,0.25,8.0,33.0,91.0,6.0,1.9,68.37683044237907,7.1215685,74.0,201.1290322580645,23.0,0.35,0.5555555555555556,0.4444444444444444,3.272727272727273
"Montero, Elehuris",2024,0.242,0.121,0.259,0.364,0.3,0.348,0.263,16.0,66.0,91.2,18.1,-1.6,74.244767786,7.477423893,74.0,201.1290322580645,25.0,0.24666666666666667,0.5474452554744526,0.45255474452554745,4.151515151515151
"De La Cruz, Bryan",2023,0.242,0.094,0.3,0.336,0.278,0.299,0.244,36.0,149.0,90.3,12.3,-8.5,68.37683044237907,7.1215685,74.0,201.1290322580645,26.0,0.30409356725146197,0.504424778761062,0.49557522123893805,4.550335570469799
"Cooper, Garrett",2022,0.242,0.189,0.294,0.432,0.328,0.361,0.271,23.0,95.0,90.5,12.5,4.4,68.37683044237907,7.1215685,74.0,201.1290322580645,31.0,0.2564102564102564,0.4665071770334928,0.5334928229665071,4.4
"Bethancourt, Christian",2023,0.242,0.167,0.271,0.409,0.282,0.268,0.227,16.0,66.0,89.3,11.5,-3.5,68.37683044237907,7.1215685,74.0,201.1290322580645,31.0,0.3137254901960784,0.5884615384615385,0.4115384615384615,3.9393939393939394
"Blanco, Dairon",2024,0.242,0.182,0.3,0.424,0.31,0.311,0.226,8.0,33.0,84.6,1.9,-1.2,71.599049394,7.392871818,74.0,201.1290322580645,31.0,0.32857142857142857,0.5035971223021583,0.49640287769784175,4.212121212121212
"Hedges, Austin",2021,0.242,0.045,0.32,0.288,0.233,0.216,0.21,16.0,66.0,81.2,26.8,-6.8,68.37683044237907,7.1215685,74.0,201.1290322580645,28.0,0.3333333333333333,0.5652173913043478,0.43478260869565216,4.181818181818182
"Rodgers, Brendan",2023,0.241,0.111,0.3,0.352,0.268,0.298,0.247,13.0,54.0,87.9,5.6,-1.4,68.37683044237907,7.1215685,74.0,201.1290322580645,26.0,0.2828282828282828,0.5238095238095238,0.47619047619047616,3.5
"Lux, Gavin",2022,0.241,0.098,0.295,0.339,0.292,0.303,0.225,27.0,112.0,87.7,6.5,-5.0,68.37683044237907,7.1215685,74.0,201.1290322580645,24.0,0.21844660194174756,0.42650103519668736,0.5734989648033126,4.3125
"Verdugo, Alex",2024,0.241,0.146,0.23,0.387,0.278,0.312,0.272,33.0,137.0,87.9,9.0,-11.0,66.73304017,6.266514,74.0,201.1290322580645,28.0,0.15384615384615385,0.4744525547445255,0.5255474452554745,4.0
"Grisham, Trent",2022,0.241,0.176,0.304,0.417,0.335,0.301,0.211,26.0,108.0,79.8,9.7,-2.2,68.37683044237907,7.1215685,74.0,201.1290322580645,25.0,0.26576576576576577,0.42366412213740456,0.5763358778625954,4.851851851851852
"Ozuna, Marcell",2023,0.241,0.233,0.247,0.474,0.327,0.364,0.261,32.0,133.0,89.3,15.2,3.7,68.37683044237907,7.1215685,74.0,201.1290322580645,32.0,0.24812030075187969,0.51953125,0.48046875,3.8496240601503757
"Hampson, Garrett",2023,0.241,0.148,0.324,0.389,0.335,0.339,0.252,13.0,54.0,82.8,9.2,-2.3,68.37683044237907,7.1215685,74.0,201.1290322580645,28.0,0.3333333333333333,0.3984375,0.6015625,4.7407407407407405
"Kiermaier, Kevin",2021,0.241,0.101,0.31,0.342,0.282,0.277,0.214,19.0,79.0,89.2,-0.5,-0.1,68.37683044237907,7.1215685,74.0,201.1290322580645,31.0,0.3403141361256545,0.5247252747252747,0.47527472527472525,4.6075949367088604
"Yepez, Juan",2024,0.241,0.224,0.208,0.466,0.331,0.317,0.252,14.0,58.0,83.7,3.7,-2.0,68.852967946,7.018916786,74.0,201.1290322580645,26.0,0.15789473684210525,0.4578313253012048,0.5421686746987951,4.293103448275862
"Yelich, Christian",2022,0.241,0.222,0.26,0.463,0.383,0.409,0.287,26.0,108.0,92.7,4.1,14.1,68.37683044237907,7.1215685,74.0,201.1290322580645,30.0,0.27391304347826084,0.41894353369763204,0.581056466302368,5.083333333333333
"Fortes, Nick",2023,0.241,0.051,0.292,0.291,0.273,0.251,0.205,19.0,79.0,83.2,3.1,-6.8,68.37683044237907,7.1215685,74.0,201.1290322580645,26.0,0.14383561643835616,0.4634920634920635,0.5365079365079365,3.9873417721518987
"Naquin, Tyler",2020,0.241,0.414,0.238,0.655,0.36,0.304,0.261,7.0,29.0,93.0,12.3,1.7,68.37683044237907,7.1215685,74.0,201.1290322580645,29.0,0.2571428571428571,0.5882352941176471,0.4117647058823529,4.103448275862069
"Moore, Dylan",2021,0.241,0.304,0.325,0.544,0.375,0.334,0.219,19.0,79.0,81.7,23.1,4.8,68.37683044237907,7.1215685,74.0,201.1290322580645,28.0,0.31875,0.4383561643835616,0.5616438356164384,4.620253164556962
"Cruz, Oneil",2024,0.241,0.102,0.366,0.343,0.277,0.317,0.259,33.0,137.0,97.5,7.4,-12.1,76.364432542,7.504396542,74.0,201.1290322580645,25.0,0.3741258741258741,0.4750830564784053,0.5249169435215947,4.394160583941606
"Turner, Trea",2023,0.241,0.131,0.323,0.372,0.297,0.297,0.249,35.0,145.0,88.4,9.0,-3.6,68.37683044237907,7.1215685,74.0,201.1290322580645,30.0,0.3433734939759036,0.5533333333333333,0.44666666666666666,4.137931034482759
"Renfroe, Hunter",2021,0.241,0.213,0.265,0.454,0.313,0.297,0.209,34.0,141.0,88.8,12.5,-1.5,68.37683044237907,7.1215685,74.0,201.1290322580645,29.0,0.25496688741721857,0.4926590538336052,0.5073409461663948,4.347517730496454
"Robert Jr., Luis",2020,0.241,0.333,0.258,0.574,0.335,0.35,0.246,13.0,54.0,86.9,19.6,-0.2,68.37683044237907,7.1215685,74.0,201.1290322580645,22.0,0.48333333333333334,0.5970149253731343,0.40298507462686567,3.7222222222222223
"Gorman, Nolan",2022,0.24,0.147,0.333,0.387,0.323,0.326,0.236,18.0,75.0,88.0,16.3,-0.3,68.37683044237907,7.1215685,74.0,201.1290322580645,22.0,0.3435897435897436,0.5587392550143266,0.44126074498567336,4.653333333333333
"Bellinger, Cody",2020,0.24,0.12,0.268,0.36,0.316,0.362,0.291,12.0,50.0,89.9,10.6,-1.6,68.37683044237907,7.1215685,74.0,201.1290322580645,24.0,0.25862068965517243,0.5296803652968036,0.4703196347031963,4.38
"Pham, Tommy",2023,0.24,0.173,0.282,0.413,0.339,0.351,0.24,25.0,104.0,89.8,2.3,4.4,68.37683044237907,7.1215685,74.0,201.1290322580645,35.0,0.21153846153846154,0.3880597014925373,0.6119402985074627,5.153846153846154
"O'Hoppe, Logan",2024,0.24,0.21,0.3,0.45,0.345,0.382,0.276,24.0,100.0,90.7,10.7,4.7,67.814610089,7.151501384,74.0,201.1290322580645,24.0,0.37448559670781895,0.527114967462039,0.47288503253796094,4.61
"Engel, Adam",2021,0.24,0.24,0.235,0.48,0.345,0.309,0.178,6.0,25.0,88.1,12.7,1.0,68.37683044237907,7.1215685,74.0,201.1290322580645,29.0,0.25,0.5217391304347826,0.4782608695652174,5.52
"Bader, Harrison",2024,0.24,0.144,0.262,0.385,0.287,0.299,0.244,25.0,104.0,87.3,13.1,-2.7,68.91039875,6.84725855,74.0,201.1290322580645,30.0,0.22439024390243903,0.5049261083743842,0.49507389162561577,3.9038461538461537
"Zunino, Mike",2022,0.24,0.36,0.188,0.6,0.378,0.394,0.253,6.0,25.0,95.0,24.7,1.3,68.37683044237907,7.1215685,74.0,201.1290322580645,31.0,0.32142857142857145,0.5137614678899083,0.48623853211009177,4.36
"Bell, Josh",2022,0.24,0.113,0.267,0.353,0.305,0.319,0.254,36.0,150.0,88.2,7.2,-2.2,68.37683044237907,7.1215685,74.0,201.1290322580645,29.0,0.21656050955414013,0.4577259475218659,0.5422740524781341,4.573333333333333
"Pérez, Michael",2020,0.24,0.04,0.316,0.28,0.217,0.366,0.315,6.0,25.0,88.0,19.8,-0.7,68.37683044237907,7.1215685,74.0,201.1290322580645,27.0,0.27450980392156865,0.5666666666666667,0.43333333333333335,3.6
"Ahmed, Nick",2021,0.24,0.135,0.295,0.375,0.306,0.274,0.214,25.0,104.0,85.1,15.7,-5.6,68.37683044237907,7.1215685,74.0,201.1290322580645,31.0,0.26222222222222225,0.497787610619469,0.5022123893805309,4.346153846153846
"Urshela, Gio",2024,0.24,0.135,0.259,0.375,0.278,0.289,0.254,25.0,104.0,84.7,8.5,-2.7,65.215554458,6.895195625,74.0,201.1290322580645,32.0,0.19838056680161945,0.5951807228915663,0.40481927710843374,3.9903846153846154
"Vierling, Matt",2024,0.24,0.202,0.263,0.442,0.31,0.303,0.252,25.0,104.0,87.9,8.8,-2.9,68.997100249,7.299673582,74.0,201.1290322580645,27.0,0.22274881516587677,0.4432773109243697,0.5567226890756303,4.576923076923077
"Cronenworth, Jake",2023,0.239,0.11,0.275,0.349,0.299,0.294,0.227,26.0,109.0,85.5,17.6,-4.3,68.37683044237907,7.1215685,74.0,201.1290322580645,29.0,0.14285714285714285,0.4883720930232558,0.5116279069767442,4.339449541284404
"Buxton, Byron",2021,0.239,0.261,0.242,0.5,0.339,0.417,0.307,11.0,46.0,90.5,15.9,-1.7,68.37683044237907,7.1215685,74.0,201.1290322580645,27.0,0.25842696629213485,0.5493827160493827,0.4506172839506173,3.5217391304347827
"Happ, Ian",2024,0.239,0.275,0.296,0.514,0.369,0.354,0.237,33.0,138.0,91.7,15.8,7.9,70.075745318,6.857987994,74.0,201.1290322580645,29.0,0.303951367781155,0.48525073746312686,0.5147492625368731,4.913043478260869
"Semien, Marcus",2021,0.239,0.336,0.227,0.575,0.364,0.337,0.239,32.0,134.0,88.6,19.0,4.4,68.37683044237907,7.1215685,74.0,201.1290322580645,30.0,0.29430379746835444,0.4688427299703264,0.5311572700296736,5.029850746268656
"Donaldson, Josh",2022,0.239,0.204,0.284,0.442,0.321,0.322,0.223,27.0,113.0,91.7,10.8,4.9,68.37683044237907,7.1215685,74.0,201.1290322580645,36.0,0.3359073359073359,0.49616858237547895,0.5038314176245211,4.619469026548672
"Laureano, Ramón",2024,0.239,0.141,0.333,0.38,0.304,0.305,0.222,17.0,71.0,89.0,13.4,1.6,69.810533614,7.088806627,74.0,201.1290322580645,29.0,0.2994350282485876,0.5236686390532544,0.47633136094674555,4.76056338028169
"Hampson, Garrett",2024,0.239,0.087,0.314,0.326,0.276,0.267,0.21,11.0,46.0,85.6,19.9,-4.2,66.335359808,6.708265192,74.0,201.1290322580645,29.0,0.2571428571428571,0.4883720930232558,0.5116279069767442,4.673913043478261
"Sánchez, Gary",2021,0.239,0.227,0.291,0.466,0.335,0.308,0.212,21.0,88.0,89.4,16.5,-0.1,68.37683044237907,7.1215685,74.0,201.1290322580645,28.0,0.3010204081632653,0.49370277078085645,0.5062972292191436,4.511363636363637
"Sheets, Gavin",2023,0.239,0.224,0.214,0.463,0.334,0.301,0.221,16.0,67.0,87.8,13.9,4.2,68.37683044237907,7.1215685,74.0,201.1290322580645,27.0,0.20134228187919462,0.45987654320987653,0.5401234567901234,4.835820895522388
"Moran, Colin",2021,0.238,0.139,0.282,0.376,0.305,0.292,0.216,24.0,101.0,89.1,6.4,-1.6,68.37683044237907,7.1215685,74.0,201.1290322580645,28.0,0.27232142857142855,0.49777777777777776,0.5022222222222222,4.455445544554456
"Story, Trevor",2021,0.238,0.27,0.303,0.508,0.34,0.348,0.245,30.0,126.0,90.4,20.3,4.5,68.37683044237907,7.1215685,74.0,201.1290322580645,28.0,0.33687943262411346,0.4853700516351119,0.5146299483648882,4.611111111111111
"Contreras, William",2021,0.238,0.167,0.258,0.405,0.326,0.377,0.295,10.0,42.0,90.0,11.8,3.4,68.37683044237907,7.1215685,74.0,201.1290322580645,23.0,0.34782608695652173,0.4919786096256685,0.5080213903743316,4.4523809523809526
"Reyes, Pablo",2023,0.238,0.143,0.237,0.381,0.279,0.268,0.223,10.0,42.0,88.6,6.2,1.8,68.37683044237907,7.1215685,74.0,201.1290322580645,29.0,0.12195121951219512,0.41624365482233505,0.583756345177665,4.690476190476191
"Riley, Austin",2024,0.238,0.19,0.323,0.429,0.307,0.321,0.236,25.0,105.0,90.2,10.4,-1.7,72.591606773,7.452210091,74.0,201.1290322580645,27.0,0.32786885245901637,0.5350877192982456,0.4649122807017544,4.3428571428571425
"Reyes, Victor",2021,0.238,0.119,0.25,0.357,0.276,0.393,0.346,10.0,42.0,90.9,4.2,-0.4,68.37683044237907,7.1215685,74.0,201.1290322580645,26.0,0.16666666666666666,0.5962732919254659,0.40372670807453415,3.8333333333333335
"Flores, Wilmer",2021,0.238,0.149,0.238,0.386,0.291,0.276,0.228,24.0,101.0,88.6,20.3,-4.8,68.37683044237907,7.1215685,74.0,201.1290322580645,29.0,0.19158878504672897,0.5107398568019093,0.4892601431980907,4.148514851485149
"Baty, Brett",2024,0.238,0.19,0.333,0.429,0.319,0.297,0.223,10.0,42.0,88.3,12.8,-1.5,67.837545625,7.256339688,74.0,201.1290322580645,24.0,0.36792452830188677,0.5824175824175825,0.4175824175824176,4.333333333333333
"Bryant, Kris",2024,0.238,0.167,0.32,0.405,0.335,0.322,0.22,10.0,42.0,87.0,17.3,-2.5,69.164121111,7.939962111,74.0,201.1290322580645,32.0,0.3465346534653465,0.47641509433962265,0.5235849056603774,5.0476190476190474
"Sánchez, Jesús",2024,0.238,0.169,0.292,0.408,0.293,0.345,0.281,31.0,130.0,93.0,9.1,-4.4,72.203591388,6.962090142,74.0,201.1290322580645,26.0,0.3311036789297659,0.5828460038986355,0.4171539961013645,3.9461538461538463
"Martínez, Angel",2024,0.238,0.048,0.278,0.286,0.228,0.313,0.279,5.0,21.0,86.8,12.8,-2.2,67.576444211,7.127816053,74.0,201.1290322580645,22.0,0.14634146341463414,0.6029411764705882,0.39705882352941174,3.238095238095238
"Mervis, Matt",2023,0.238,0.048,0.385,0.286,0.269,0.26,0.217,5.0,21.0,95.0,10.1,-2.6,68.37683044237907,7.1215685,74.0,201.1290322580645,25.0,0.4,0.5494505494505495,0.45054945054945056,4.333333333333333
"DeJong, Paul",2023,0.238,0.19,0.276,0.429,0.297,0.315,0.262,20.0,84.0,85.0,14.5,-7.1,68.37683044237907,7.1215685,74.0,201.1290322580645,29.0,0.30857142857142855,0.5813953488372093,0.4186046511627907,3.5833333333333335
"Bellinger, Cody",2022,0.238,0.221,0.291,0.459,0.308,0.292,0.224,29.0,122.0,90.2,24.5,-1.6,68.37683044237907,7.1215685,74.0,201.1290322580645,26.0,0.3074074074074074,0.531496062992126,0.468503937007874,4.163934426229508
"Odor, Rougned",2020,0.238,0.357,0.222,0.595,0.348,0.279,0.189,10.0,42.0,86.4,25.2,0.3,68.37683044237907,7.1215685,74.0,201.1290322580645,26.0,0.24752475247524752,0.505,0.495,4.761904761904762
"García, Adolis",2024,0.238,0.126,0.303,0.364,0.305,0.317,0.24,36.0,151.0,90.5,9.8,-3.8,70.681074768,7.784103127,74.0,201.1290322580645,31.0,0.3409090909090909,0.5057471264367817,0.4942528735632184,4.6092715231788075
"Hernández, Teoscar",2020,0.238,0.214,0.292,0.452,0.325,0.315,0.218,10.0,42.0,93.1,14.8,-1.5,68.37683044237907,7.1215685,74.0,201.1290322580645,27.0,0.45,0.45714285714285713,0.5428571428571428,4.166666666666667
"Bruján, Vidal",2023,0.238,0.0,0.313,0.238,0.232,0.274,0.267,5.0,21.0,75.5,4.8,-3.2,68.37683044237907,7.1215685,74.0,201.1290322580645,25.0,0.25,0.6060606060606061,0.3939393939393939,3.142857142857143
"Reyes, Franmil",2020,0.238,0.167,0.258,0.405,0.301,0.364,0.22,10.0,42.0,90.4,15.7,-4.2,68.37683044237907,7.1215685,74.0,201.1290322580645,24.0,0.4056603773584906,0.49074074074074076,0.5092592592592593,5.142857142857143
"Giménez, Andrés",2023,0.238,0.123,0.316,0.362,0.295,0.292,0.241,31.0,130.0,82.7,10.8,-14.4,68.37683044237907,7.1215685,74.0,201.1290322580645,24.0,0.28023598820059,0.5745762711864407,0.42542372881355933,4.538461538461538
"McMahon, Ryan",2024,0.238,0.138,0.315,0.377,0.299,0.311,0.236,31.0,130.0,91.9,8.0,-4.4,70.660235987,7.094649638,74.0,201.1290322580645,29.0,0.29874213836477986,0.5501730103806228,0.44982698961937717,4.446153846153846
"Solano, Donovan",2024,0.237,0.068,0.304,0.305,0.302,0.338,0.261,14.0,59.0,89.3,13.9,1.5,65.444575108,6.863451295,74.0,201.1290322580645,36.0,0.22916666666666666,0.488135593220339,0.511864406779661,5.0
"Farmer, Kyle",2024,0.237,0.203,0.267,0.441,0.315,0.29,0.225,14.0,59.0,85.1,13.7,-1.9,64.488691731,6.7452575,74.0,201.1290322580645,33.0,0.23684210526315788,0.4978165938864629,0.5021834061135371,3.8813559322033897
"Biggio, Cavan",2022,0.237,0.079,0.346,0.316,0.293,0.268,0.195,18.0,76.0,85.6,15.5,-2.9,68.37683044237907,7.1215685,74.0,201.1290322580645,27.0,0.27741935483870966,0.4144385026737968,0.5855614973262032,4.921052631578948
"Wendle, Joey",2021,0.237,0.137,0.3,0.374,0.26,0.226,0.208,31.0,131.0,88.1,6.0,-9.2,68.37683044237907,7.1215685,74.0,201.1290322580645,31.0,0.3035019455252918,0.5320910973084886,0.46790890269151136,3.687022900763359
"Narváez, Omar",2022,0.237,0.068,0.286,0.305,0.308,0.297,0.208,14.0,59.0,83.8,22.9,-1.4,68.37683044237907,7.1215685,74.0,201.1290322580645,30.0,0.26666666666666666,0.4787234042553192,0.5212765957446809,4.779661016949152
"Alvarez, Francisco",2024,0.237,0.226,0.257,0.462,0.334,0.318,0.234,22.0,93.0,88.8,11.7,0.9,72.280789889,7.17805,74.0,201.1290322580645,22.0,0.2663316582914573,0.4738095238095238,0.5261904761904762,4.516129032258065
"Grisham, Trent",2023,0.237,0.161,0.317,0.398,0.311,0.303,0.227,28.0,118.0,86.3,13.0,-4.8,68.37683044237907,7.1215685,74.0,201.1290322580645,26.0,0.28270042194092826,0.4637964774951076,0.5362035225048923,4.330508474576271
"Fraley, Jake",2022,0.237,0.105,0.258,0.342,0.306,0.364,0.273,9.0,38.0,82.7,13.9,0.7,68.37683044237907,7.1215685,74.0,201.1290322580645,27.0,0.2236842105263158,0.4393063583815029,0.5606936416184971,4.552631578947368
"Burger, Jake",2023,0.237,0.254,0.276,0.492,0.325,0.309,0.242,28.0,118.0,89.7,8.1,1.5,68.37683044237907,7.1215685,74.0,201.1290322580645,27.0,0.30566037735849055,0.5386178861788617,0.4613821138211382,4.169491525423729
"Simmons, Andrelton",2021,0.237,0.065,0.259,0.301,0.27,0.271,0.235,22.0,93.0,78.8,4.1,-8.6,68.37683044237907,7.1215685,74.0,201.1290322580645,31.0,0.1787709497206704,0.5173410404624278,0.48265895953757226,3.7204301075268815
"Margot, Manuel",2020,0.237,0.053,0.273,0.289,0.266,0.338,0.301,9.0,38.0,85.4,8.7,-4.8,68.37683044237907,7.1215685,74.0,201.1290322580645,25.0,0.2222222222222222,0.4897959183673469,0.5102040816326531,3.8684210526315788
"Taveras, Leody",2023,0.237,0.074,0.304,0.311,0.261,0.305,0.254,32.0,135.0,87.1,6.9,-11.3,68.37683044237907,7.1215685,74.0,201.1290322580645,24.0,0.2525597269624573,0.5241502683363148,0.47584973166368516,4.140740740740741
"Carpenter, Matt",2020,0.237,0.132,0.32,0.368,0.37,0.389,0.226,9.0,38.0,85.2,20.0,6.0,68.37683044237907,7.1215685,74.0,201.1290322580645,34.0,0.3163265306122449,0.4224137931034483,0.5775862068965517,6.105263157894737
"Olivares, Edward",2023,0.236,0.139,0.25,0.375,0.302,0.307,0.225,17.0,72.0,81.8,16.9,-6.8,68.37683044237907,7.1215685,74.0,201.1290322580645,27.0,0.19463087248322147,0.4983277591973244,0.5016722408026756,4.152777777777778
"Molina, Yadier",2022,0.236,0.091,0.24,0.327,0.256,0.251,0.232,13.0,55.0,84.5,12.2,-1.8,68.37683044237907,7.1215685,71.0,225.0,39.0,0.20689655172413793,0.703030303030303,0.296969696969697,3.0
"Renfroe, Hunter",2022,0.236,0.282,0.237,0.518,0.35,0.343,0.233,26.0,110.0,88.5,16.1,-1.1,68.37683044237907,7.1215685,74.0,201.1290322580645,30.0,0.2597402597402597,0.4935897435897436,0.5064102564102564,4.254545454545455
"Soler, Jorge",2023,0.236,0.252,0.25,0.488,0.345,0.385,0.269,29.0,123.0,90.7,16.7,-2.6,68.37683044237907,7.1215685,74.0,201.1290322580645,31.0,0.277992277992278,0.4592198581560284,0.5407801418439716,4.585365853658536
"Celestino, Gilberto",2022,0.236,0.056,0.298,0.292,0.308,0.334,0.247,17.0,72.0,85.1,-6.1,-1.3,68.37683044237907,7.1215685,74.0,201.1290322580645,23.0,0.19463087248322147,0.42450142450142453,0.5754985754985755,4.875
"Lewis, Royce",2024,0.236,0.236,0.236,0.472,0.309,0.301,0.244,17.0,72.0,88.5,13.6,-2.2,70.883169245,7.697872579,74.0,201.1290322580645,25.0,0.275,0.5423728813559322,0.4576271186440678,4.097222222222222
"Torres, Gleyber",2022,0.236,0.16,0.286,0.396,0.299,0.297,0.22,34.0,144.0,89.4,21.6,-5.9,68.37683044237907,7.1215685,74.0,201.1290322580645,25.0,0.2913907284768212,0.49508196721311476,0.5049180327868853,4.236111111111111
"Hampson, Garrett",2022,0.235,0.157,0.297,0.392,0.308,0.254,0.159,12.0,51.0,80.8,9.7,-4.3,68.37683044237907,7.1215685,74.0,201.1290322580645,27.0,0.25,0.48,0.52,4.411764705882353
"Jones, Jahmai",2021,0.235,0.059,0.364,0.294,0.277,0.284,0.219,4.0,17.0,83.7,28.4,-1.9,68.37683044237907,7.1215685,74.0,201.1290322580645,23.0,0.18518518518518517,0.36,0.64,4.411764705882353
"Busch, Michael",2023,0.235,0.059,0.308,0.294,0.264,0.307,0.227,4.0,17.0,91.8,1.7,-1.9,68.37683044237907,7.1215685,74.0,201.1290322580645,25.0,0.21951219512195122,0.4939759036144578,0.5060240963855421,4.882352941176471
"Haase, Eric",2021,0.235,0.206,0.295,0.441,0.311,0.308,0.231,24.0,102.0,89.9,19.0,-4.1,68.37683044237907,7.1215685,74.0,201.1290322580645,28.0,0.37872340425531914,0.5452436194895591,0.4547563805104408,4.2254901960784315
"Guillorme, Luis",2023,0.235,0.059,0.296,0.294,0.236,0.246,0.223,8.0,34.0,87.7,11.2,-4.6,68.37683044237907,7.1215685,74.0,201.1290322580645,28.0,0.22857142857142856,0.49645390070921985,0.5035460992907801,4.147058823529412
"Strange-Gordon, Dee",2020,0.235,0.0,0.333,0.235,0.235,0.186,0.163,4.0,17.0,72.8,30.0,-2.6,68.37683044237907,7.1215685,74.0,201.1290322580645,32.0,0.2903225806451613,0.5081967213114754,0.4918032786885246,3.588235294117647
"Hernández, Enrique",2021,0.235,0.153,0.263,0.388,0.298,0.312,0.23,23.0,98.0,89.5,20.8,-9.1,68.37683044237907,7.1215685,74.0,201.1290322580645,29.0,0.24878048780487805,0.47235023041474655,0.5276497695852534,4.428571428571429
"Daza, Yonathan",2023,0.235,0.0,0.25,0.235,0.248,0.216,0.171,4.0,17.0,79.8,15.8,-1.0,68.37683044237907,7.1215685,74.0,201.1290322580645,29.0,0.125,0.5714285714285714,0.42857142857142855,4.117647058823529
"Davis, Khris",2021,0.235,0.118,0.286,0.353,0.287,0.353,0.216,4.0,17.0,96.2,17.5,-0.6,68.37683044237907,7.1215685,74.0,201.1290322580645,33.0,0.38461538461538464,0.5,0.5,4.588235294117647
"Langeliers, Shea",2023,0.235,0.255,0.286,0.49,0.337,0.333,0.225,24.0,102.0,88.9,10.8,0.4,68.37683044237907,7.1215685,74.0,201.1290322580645,25.0,0.3153153153153153,0.49887640449438203,0.501123595505618,4.362745098039215
"Muncy, Max",2022,0.235,0.226,0.247,0.461,0.379,0.381,0.22,27.0,115.0,91.3,23.4,11.6,68.37683044237907,7.1215685,74.0,201.1290322580645,31.0,0.2807017543859649,0.39804469273743015,0.6019553072625698,6.226086956521739
"Luplow, Jordan",2020,0.235,0.118,0.267,0.353,0.3,0.286,0.189,4.0,17.0,83.6,25.3,-1.2,68.37683044237907,7.1215685,74.0,201.1290322580645,26.0,0.275,0.4444444444444444,0.5555555555555556,5.294117647058823
"Romo, Drew",2024,0.235,0.118,0.364,0.353,0.251,0.27,0.251,4.0,17.0,81.1,10.5,-1.2,67.648116875,7.174030313,74.0,201.1290322580645,27.0,0.30303030303030304,0.6,0.4,3.235294117647059
"Chang, Yu",2022,0.235,0.029,0.348,0.265,0.267,0.234,0.18,8.0,34.0,86.0,20.6,-4.0,68.37683044237907,7.1215685,74.0,201.1290322580645,26.0,0.32608695652173914,0.5257142857142857,0.4742857142857143,5.147058823529412
"Sánchez, Gary",2022,0.235,0.314,0.246,0.549,0.368,0.396,0.245,24.0,102.0,91.1,22.3,5.8,68.37683044237907,7.1215685,74.0,201.1290322580645,29.0,0.28061224489795916,0.41702127659574467,0.5829787234042553,4.607843137254902
"Wade, Tyler",2020,0.235,0.059,0.267,0.294,0.322,0.404,0.339,4.0,17.0,84.1,19.9,-1.2,68.37683044237907,7.1215685,74.0,201.1290322580645,27.0,0.11904761904761904,0.45161290322580644,0.5483870967741935,5.470588235294118
"Cordero, Franchy",2023,0.235,0.588,0.125,0.824,0.427,0.313,0.205,4.0,17.0,91.8,19.6,2.4,68.37683044237907,7.1215685,74.0,201.1290322580645,28.0,0.2916666666666667,0.4444444444444444,0.5555555555555556,3.176470588235294
"Straw, Myles",2021,0.235,0.053,0.279,0.288,0.271,0.313,0.28,31.0,132.0,82.4,8.5,-10.0,68.37683044237907,7.1215685,74.0,201.1290322580645,26.0,0.12359550561797752,0.4251592356687898,0.5748407643312102,4.757575757575758
"Moustakas, Mike",2022,0.235,0.0,0.293,0.235,0.254,0.273,0.202,12.0,51.0,87.4,12.3,-5.2,68.37683044237907,7.1215685,74.0,201.1290322580645,33.0,0.25925925925925924,0.569620253164557,0.43037974683544306,4.647058823529412
"Heyward, Jason",2020,0.235,0.206,0.24,0.441,0.368,0.345,0.216,8.0,34.0,84.7,13.4,1.7,68.37683044237907,7.1215685,74.0,201.1290322580645,30.0,0.2714285714285714,0.33980582524271846,0.6601941747572816,6.0588235294117645
"Choi, Ji Man",2020,0.235,0.176,0.259,0.412,0.337,0.283,0.165,8.0,34.0,85.8,19.7,-1.5,68.37683044237907,7.1215685,74.0,201.1290322580645,29.0,0.25316455696202533,0.41798941798941797,0.582010582010582,5.5588235294117645
"Longoria, Evan",2021,0.235,0.111,0.283,0.346,0.294,0.337,0.257,19.0,81.0,92.9,14.6,-1.2,68.37683044237907,7.1215685,74.0,201.1290322580645,35.0,0.267515923566879,0.4325068870523416,0.5674931129476584,4.481481481481482
"Realmuto, J.T.",2020,0.235,0.265,0.238,0.5,0.331,0.284,0.209,16.0,68.0,89.7,17.5,0.6,68.37683044237907,7.1215685,74.0,201.1290322580645,29.0,0.32592592592592595,0.4945054945054945,0.5054945054945055,4.014705882352941
"Lowe, Nathaniel",2020,0.235,0.176,0.429,0.412,0.353,0.321,0.212,4.0,17.0,88.7,-2.3,0.6,68.37683044237907,7.1215685,74.0,201.1290322580645,24.0,0.3888888888888889,0.4235294117647059,0.5764705882352941,5.0
"Difo, Wilmer",2021,0.235,0.157,0.286,0.392,0.335,0.307,0.205,12.0,51.0,80.9,14.8,0.9,68.37683044237907,7.1215685,74.0,201.1290322580645,29.0,0.3114754098360656,0.5062240663900415,0.49377593360995853,4.7254901960784315
"Voit, Luke",2023,0.235,0.059,0.333,0.294,0.28,0.328,0.29,4.0,17.0,92.8,15.6,-1.7,68.37683044237907,7.1215685,74.0,201.1290322580645,32.0,0.325,0.5,0.5,4.705882352941177
"Castro, Willi",2023,0.234,0.094,0.286,0.328,0.312,0.338,0.258,15.0,64.0,81.1,12.6,-2.1,68.37683044237907,7.1215685,74.0,201.1290322580645,26.0,0.2545454545454545,0.5030487804878049,0.4969512195121951,5.125
"Alonso, Pete",2020,0.234,0.281,0.22,0.516,0.362,0.363,0.235,15.0,64.0,88.2,17.4,0.2,68.37683044237907,7.1215685,74.0,201.1290322580645,25.0,0.33557046979865773,0.4950166112956811,0.5049833887043189,4.703125
"Schwarber, Kyle",2022,0.234,0.252,0.273,0.486,0.357,0.374,0.231,26.0,111.0,92.9,16.4,2.6,68.37683044237907,7.1215685,74.0,201.1290322580645,29.0,0.2775330396475771,0.40974729241877256,0.5902527075812274,4.990990990990991
"Murphy, Sean",2022,0.234,0.171,0.253,0.405,0.315,0.315,0.204,26.0,111.0,85.0,12.3,-1.0,68.37683044237907,7.1215685,74.0,201.1290322580645,27.0,0.2440944881889764,0.5090180360721442,0.4909819639278557,4.495495495495495
"Taylor, Michael A.",2022,0.234,0.053,0.344,0.287,0.264,0.266,0.194,22.0,94.0,83.8,14.7,-5.7,68.37683044237907,7.1215685,74.0,201.1290322580645,31.0,0.3669724770642202,0.48878923766816146,0.5112107623318386,4.74468085106383
"Mullins, Cedric",2024,0.234,0.149,0.29,0.383,0.309,0.27,0.205,22.0,94.0,85.6,15.7,1.4,66.832830918,7.306779903,74.0,201.1290322580645,29.0,0.21076233183856502,0.5247058823529411,0.4752941176470588,4.5212765957446805
"Rosario, Eddie",2022,0.234,0.128,0.286,0.362,0.258,0.21,0.174,11.0,47.0,88.3,13.1,-2.0,68.37683044237907,7.1215685,74.0,201.1290322580645,30.0,0.3333333333333333,0.5842105263157895,0.41578947368421054,4.042553191489362
"Franco, Wander",2023,0.234,0.075,0.258,0.308,0.268,0.282,0.245,25.0,107.0,86.9,8.7,-6.1,68.37683044237907,7.1215685,74.0,201.1290322580645,22.0,0.14864864864864866,0.48156182212581344,0.5184381778741866,4.308411214953271
"Wade Jr., LaMonte",2023,0.234,0.065,0.266,0.299,0.31,0.367,0.28,18.0,77.0,84.9,13.5,-1.1,68.37683044237907,7.1215685,74.0,201.1290322580645,29.0,0.26174496644295303,0.3900523560209424,0.6099476439790575,4.961038961038961
"Chapman, Matt",2022,0.234,0.182,0.286,0.416,0.336,0.353,0.233,32.0,137.0,90.3,19.0,0.6,68.37683044237907,7.1215685,74.0,201.1290322580645,29.0,0.3090277777777778,0.4096728307254623,0.5903271692745377,5.131386861313868
"Santander, Anthony",2024,0.234,0.201,0.226,0.435,0.309,0.333,0.251,36.0,154.0,89.2,20.3,-3.5,71.547131734,7.067120983,74.0,201.1290322580645,29.0,0.1837837837837838,0.5377906976744186,0.4622093023255814,4.467532467532467
"Arias, Gabriel",2024,0.233,0.07,0.385,0.302,0.264,0.229,0.179,10.0,43.0,83.1,6.5,-4.3,72.165704632,7.42265,74.0,201.1290322580645,24.0,0.4732142857142857,0.6256983240223464,0.3743016759776536,4.162790697674419
"O'Neill, Tyler",2021,0.233,0.275,0.282,0.508,0.33,0.347,0.253,28.0,120.0,91.0,20.2,-4.5,68.37683044237907,7.1215685,74.0,201.1290322580645,26.0,0.3861003861003861,0.534020618556701,0.465979381443299,4.041666666666667
"Edman, Tommy",2024,0.233,0.133,0.273,0.367,0.302,0.262,0.183,7.0,30.0,84.5,17.0,0.7,66.035237833,6.645606833,74.0,201.1290322580645,29.0,0.3,0.4918032786885246,0.5081967213114754,4.066666666666666
"Kendrick, Howie",2020,0.233,0.067,0.241,0.3,0.244,0.264,0.23,7.0,30.0,84.7,2.4,-4.1,68.37683044237907,7.1215685,70.0,180.0,36.0,0.22857142857142856,0.5691056910569106,0.43089430894308944,4.1
"McKenna, Ryan",2022,0.233,0.133,0.412,0.367,0.276,0.251,0.195,7.0,30.0,81.3,11.4,-2.1,68.37683044237907,7.1215685,74.0,201.1290322580645,25.0,0.38235294117647056,0.5354330708661418,0.4645669291338583,4.233333333333333
"Harper, Bryce",2020,0.233,0.256,0.269,0.488,0.389,0.45,0.268,10.0,43.0,94.3,25.1,3.2,68.37683044237907,7.1215685,74.0,201.1290322580645,27.0,0.33636363636363636,0.43824701195219123,0.5617529880478087,5.837209302325581
"Smith, Pavin",2024,0.233,0.419,0.147,0.651,0.371,0.422,0.306,10.0,43.0,87.6,12.9,5.6,71.779579367,7.213639873,74.0,201.1290322580645,28.0,0.1566265060240964,0.44385026737967914,0.5561497326203209,4.348837209302325
"Caratini, Victor",2021,0.233,0.047,0.275,0.279,0.265,0.298,0.232,20.0,86.0,89.3,9.0,-6.2,68.37683044237907,7.1215685,74.0,201.1290322580645,27.0,0.2392638036809816,0.41794871794871796,0.5820512820512821,4.534883720930233
"Sánchez, Gary",2023,0.232,0.29,0.227,0.522,0.339,0.303,0.199,16.0,69.0,89.8,10.5,2.0,68.37683044237907,7.1215685,74.0,201.1290322580645,30.0,0.256198347107438,0.42160278745644597,0.578397212543554,4.159420289855072
"Hosmer, Eric",2022,0.232,0.095,0.26,0.326,0.286,0.285,0.224,22.0,95.0,87.3,4.0,-0.7,68.37683044237907,7.1215685,74.0,201.1290322580645,32.0,0.2032967032967033,0.46547314578005117,0.5345268542199488,4.11578947368421
"Velázquez, Nelson",2024,0.232,0.179,0.262,0.411,0.315,0.381,0.261,13.0,56.0,90.1,15.7,-1.5,71.207857131,7.479525,74.0,201.1290322580645,25.0,0.4076923076923077,0.4676258992805755,0.5323741007194245,4.964285714285714
"Moore, Dylan",2022,0.232,0.143,0.289,0.375,0.345,0.332,0.213,13.0,56.0,84.0,18.7,1.4,68.37683044237907,7.1215685,74.0,201.1290322580645,29.0,0.24603174603174602,0.42567567567567566,0.5743243243243243,5.285714285714286
"Hiura, Keston",2022,0.232,0.143,0.333,0.375,0.323,0.322,0.213,13.0,56.0,90.4,18.6,-1.4,68.37683044237907,7.1215685,74.0,201.1290322580645,25.0,0.37857142857142856,0.5303030303030303,0.4696969696969697,4.714285714285714
"Realmuto, J.T.",2024,0.232,0.105,0.297,0.337,0.285,0.363,0.291,22.0,95.0,92.0,11.7,-5.1,71.647162155,7.563531105,74.0,201.1290322580645,33.0,0.2736318407960199,0.5088607594936709,0.4911392405063291,4.157894736842105
"Frelick, Sal",2023,0.232,0.179,0.239,0.411,0.304,0.291,0.236,13.0,56.0,83.0,11.1,-3.0,68.37683044237907,7.1215685,74.0,201.1290322580645,23.0,0.11764705882352941,0.46484375,0.53515625,4.571428571428571
"Pasquantino, Vinnie",2022,0.232,0.125,0.234,0.357,0.322,0.396,0.282,13.0,56.0,92.1,16.6,0.6,68.37683044237907,7.1215685,74.0,201.1290322580645,24.0,0.15789473684210525,0.4578313253012048,0.5421686746987951,4.446428571428571
"García, Leury",2022,0.232,0.029,0.262,0.261,0.233,0.314,0.286,16.0,69.0,83.0,4.3,-9.7,68.37683044237907,7.1215685,74.0,201.1290322580645,31.0,0.24210526315789474,0.5828220858895705,0.4171779141104294,4.72463768115942
"Alonso, Pete",2024,0.232,0.185,0.275,0.417,0.325,0.316,0.217,35.0,151.0,86.9,13.1,-1.4,73.03339446,7.303294928,74.0,201.1290322580645,29.0,0.2745762711864407,0.4331864904552129,0.566813509544787,4.509933774834437
"Mondesi, Adalberto",2020,0.232,0.125,0.375,0.357,0.265,0.246,0.223,13.0,56.0,81.3,15.0,-8.2,68.37683044237907,7.1215685,74.0,201.1290322580645,24.0,0.4645669291338583,0.5746606334841629,0.4253393665158371,3.9464285714285716
"Triolo, Jared",2024,0.232,0.071,0.292,0.303,0.274,0.286,0.223,23.0,99.0,88.7,10.8,-5.9,68.112138802,7.738457552,74.0,201.1290322580645,26.0,0.2895927601809955,0.5115740740740741,0.48842592592592593,4.363636363636363
"Pérez, Carlos",2023,0.231,0.128,0.235,0.359,0.265,0.298,0.256,9.0,39.0,90.8,12.7,-2.8,68.37683044237907,7.1215685,74.0,201.1290322580645,26.0,0.1625,0.5031446540880503,0.4968553459119497,4.076923076923077
"Pérez, Carlos",2023,0.231,0.128,0.235,0.359,0.265,0.298,0.256,9.0,39.0,90.8,12.7,-2.8,68.37683044237907,7.1215685,74.0,201.1290322580645,32.0,0.1625,0.5031446540880503,0.4968553459119497,4.076923076923077
"Ramos, Bryan",2024,0.231,0.038,0.273,0.269,0.227,0.307,0.27,6.0,26.0,92.9,17.4,-2.9,71.435118913,8.308687174,74.0,201.1290322580645,22.0,0.3333333333333333,0.4752475247524752,0.5247524752475248,3.8846153846153846
"Heim, Jonah",2021,0.231,0.269,0.231,0.5,0.314,0.335,0.237,12.0,52.0,87.5,17.8,-2.3,68.37683044237907,7.1215685,74.0,201.1290322580645,26.0,0.21739130434782608,0.5693069306930693,0.4306930693069307,3.8846153846153846
"Wade, Tyler",2023,0.231,0.0,0.273,0.231,0.269,0.298,0.239,3.0,13.0,80.7,11.0,-1.2,68.37683044237907,7.1215685,74.0,201.1290322580645,28.0,0.23809523809523808,0.38181818181818183,0.6181818181818182,4.230769230769231
"Palacios, Joshua",2021,0.231,0.0,0.333,0.231,0.222,0.288,0.202,3.0,13.0,89.6,3.1,-3.1,68.37683044237907,7.1215685,74.0,201.1290322580645,25.0,0.39285714285714285,0.509090909090909,0.4909090909090909,4.230769230769231
"Baddoo, Akil",2024,0.231,0.308,0.167,0.538,0.386,0.54,0.366,3.0,13.0,95.7,17.0,0.8,72.455979615,7.536850385,74.0,201.1290322580645,25.0,0.3076923076923077,0.45614035087719296,0.543859649122807,4.384615384615385
"Kim, Ha-Seong",2023,0.231,0.116,0.273,0.347,0.289,0.277,0.223,28.0,121.0,86.0,16.2,-3.4,68.37683044237907,7.1215685,74.0,201.1290322580645,27.0,0.17228464419475656,0.426517571884984,0.5734824281150159,5.1735537190082646
"Garcia, Aramis",2021,0.231,0.0,0.5,0.231,0.203,0.163,0.173,3.0,13.0,86.3,14.3,-2.1,68.37683044237907,7.1215685,74.0,201.1290322580645,28.0,0.4230769230769231,0.5909090909090909,0.4090909090909091,3.3846153846153846
"Davis, J.D.",2021,0.231,0.154,0.381,0.385,0.336,0.316,0.197,9.0,39.0,89.2,8.3,-4.0,68.37683044237907,7.1215685,74.0,201.1290322580645,28.0,0.4392523364485981,0.49767441860465117,0.5023255813953489,5.512820512820513
"Cruz, Nelson",2021,0.231,0.231,0.227,0.462,0.314,0.368,0.243,27.0,117.0,92.0,13.4,3.1,68.37683044237907,7.1215685,75.0,175.0,40.0,0.30597014925373134,0.5163776493256262,0.4836223506743738,4.435897435897436
"O'Neill, Tyler",2024,0.231,0.308,0.271,0.538,0.349,0.321,0.201,21.0,91.0,88.0,14.7,-4.1,73.062823125,7.537010104,74.0,201.1290322580645,29.0,0.35784313725490197,0.5190839694656488,0.48091603053435117,4.318681318681318
"Horwitz, Spencer",2023,0.231,0.077,0.3,0.308,0.293,0.242,0.18,3.0,13.0,83.7,-3.7,-0.2,68.37683044237907,7.1215685,74.0,201.1290322580645,25.0,0.20833333333333334,0.42105263157894735,0.5789473684210527,4.384615384615385
"García, Leury",2020,0.231,0.231,0.182,0.462,0.317,0.357,0.261,3.0,13.0,87.0,4.1,0.6,68.37683044237907,7.1215685,74.0,201.1290322580645,29.0,0.30434782608695654,0.5,0.5,3.5384615384615383
"Taylor, Tyrone",2020,0.231,0.154,0.25,0.385,0.29,0.284,0.236,3.0,13.0,86.4,23.8,-1.4,68.37683044237907,7.1215685,74.0,201.1290322580645,26.0,0.3125,0.5423728813559322,0.4576271186440678,4.538461538461538
"De La Cruz, Elly",2023,0.231,0.198,0.34,0.429,0.307,0.294,0.232,21.0,91.0,89.7,6.1,3.2,68.37683044237907,7.1215685,74.0,201.1290322580645,21.0,0.2935323383084577,0.47743467933491684,0.5225653206650831,4.626373626373627
"Sosa, Edmundo",2022,0.231,0.154,0.297,0.385,0.304,0.288,0.238,12.0,52.0,89.7,4.9,-1.4,68.37683044237907,7.1215685,74.0,201.1290322580645,26.0,0.2920353982300885,0.601063829787234,0.39893617021276595,3.6153846153846154
"Grisham, Trent",2024,0.231,0.359,0.167,0.59,0.366,0.379,0.254,9.0,39.0,89.1,19.6,1.6,66.652384722,7.436998472,74.0,201.1290322580645,27.0,0.15584415584415584,0.4207650273224044,0.5792349726775956,4.6923076923076925
"Hoskins, Rhys",2021,0.231,0.185,0.286,0.417,0.306,0.316,0.212,25.0,108.0,89.8,23.8,-3.4,68.37683044237907,7.1215685,74.0,201.1290322580645,28.0,0.2577777777777778,0.47468354430379744,0.5253164556962026,4.388888888888889
"Espinal, Santiago",2022,0.231,0.077,0.255,0.308,0.27,0.268,0.225,27.0,117.0,84.3,11.8,-7.3,68.37683044237907,7.1215685,74.0,201.1290322580645,27.0,0.13095238095238096,0.47368421052631576,0.5263157894736842,4.547008547008547
"Mathias, Mark",2020,0.231,0.077,0.273,0.308,0.231,0.283,0.264,3.0,13.0,85.6,20.0,0.1,68.37683044237907,7.1215685,74.0,201.1290322580645,27.0,0.21739130434782608,0.42592592592592593,0.5740740740740741,4.153846153846154
"Alfaro, Jorge",2023,0.231,0.308,0.286,0.538,0.318,0.3,0.24,3.0,13.0,92.6,-4.9,-0.6,68.37683044237907,7.1215685,74.0,201.1290322580645,27.0,0.3,0.6818181818181818,0.3181818181818182,3.3846153846153846
"Pache, Cristian",2023,0.231,0.192,0.263,0.423,0.305,0.311,0.24,6.0,26.0,78.7,14.3,-1.3,68.37683044237907,7.1215685,74.0,201.1290322580645,24.0,0.3191489361702128,0.5,0.5,3.6153846153846154
"Casali, Curt",2020,0.231,0.0,0.375,0.231,0.27,0.253,0.188,3.0,13.0,88.5,13.5,-0.4,68.37683044237907,7.1215685,74.0,201.1290322580645,27.0,0.25,0.46153846153846156,0.5384615384615384,6.0
"Meyers, Jake",2021,0.231,0.173,0.323,0.404,0.299,0.306,0.24,12.0,52.0,85.3,8.6,-1.1,68.37683044237907,7.1215685,74.0,201.1290322580645,25.0,0.2777777777777778,0.47368421052631576,0.5263157894736842,4.384615384615385
"Bryant, Kris",2020,0.231,0.154,0.278,0.385,0.305,0.28,0.229,6.0,26.0,82.8,13.4,0.9,68.37683044237907,7.1215685,74.0,201.1290322580645,28.0,0.28888888888888886,0.46875,0.53125,3.6923076923076925
"Mathis, Jeff",2020,0.231,0.231,0.333,0.462,0.321,0.353,0.229,3.0,13.0,89.8,18.3,0.4,68.37683044237907,7.1215685,72.0,180.0,37.0,0.40625,0.4507042253521127,0.5492957746478874,5.461538461538462
"Barrero, Jose",2021,0.231,0.154,0.333,0.385,0.314,0.282,0.186,3.0,13.0,87.0,30.1,-1.3,68.37683044237907,7.1215685,74.0,201.1290322580645,23.0,0.2692307692307692,0.4642857142857143,0.5357142857142857,4.3076923076923075
"Lee, Jung Hoo",2024,0.231,0.077,0.214,0.308,0.216,0.258,0.268,6.0,26.0,85.5,17.0,-1.7,68.487557907,7.51108907,74.0,201.1290322580645,25.0,0.07407407407407407,0.4864864864864865,0.5135135135135135,4.269230769230769
"Colás, Oscar",2024,0.231,0.0,0.375,0.231,0.203,0.169,0.182,3.0,13.0,81.7,8.4,-1.5,70.6788525,7.039195417,74.0,201.1290322580645,25.0,0.3333333333333333,0.5,0.5,3.6923076923076925
"McCoy, Mason",2024,0.231,0.0,0.333,0.231,0.203,0.28,0.305,3.0,13.0,68.5,-12.0,-2.8,56.351240833,6.223813333,74.0,201.1290322580645,29.0,0.3333333333333333,0.5454545454545454,0.45454545454545453,4.230769230769231
"Freeman, Mike",2020,0.231,0.0,0.25,0.231,0.189,0.228,0.246,3.0,13.0,80.0,12.2,-1.8,68.37683044237907,7.1215685,74.0,201.1290322580645,32.0,0.18518518518518517,0.7297297297297297,0.2702702702702703,2.8461538461538463
"Andrus, Elvis",2022,0.231,0.163,0.241,0.394,0.305,0.284,0.241,24.0,104.0,88.5,8.9,0.6,68.37683044237907,7.1215685,74.0,201.1290322580645,33.0,0.21256038647342995,0.4683257918552036,0.5316742081447964,4.25
"Taylor, Michael A.",2021,0.231,0.058,0.314,0.289,0.267,0.315,0.261,28.0,121.0,91.4,13.3,-6.3,68.37683044237907,7.1215685,74.0,201.1290322580645,30.0,0.33980582524271846,0.5040783034257749,0.49592169657422513,5.066115702479339
"Lowe, Josh",2022,0.231,0.179,0.364,0.41,0.311,0.28,0.205,9.0,39.0,89.4,7.3,-0.3,68.37683044237907,7.1215685,74.0,201.1290322580645,24.0,0.4175824175824176,0.4642857142857143,0.5357142857142857,5.0256410256410255
"Anderson, Tim",2022,0.231,0.077,0.246,0.308,0.273,0.278,0.242,15.0,65.0,85.0,-3.8,-1.7,68.37683044237907,7.1215685,74.0,201.1290322580645,29.0,0.22297297297297297,0.6065573770491803,0.39344262295081966,3.753846153846154
"Narváez, Omar",2024,0.231,0.0,0.273,0.231,0.238,0.27,0.232,3.0,13.0,87.4,19.0,-1.0,62.358282813,6.508591563,74.0,201.1290322580645,27.0,0.21212121212121213,0.5689655172413793,0.43103448275862066,4.461538461538462
"Senzel, Nick",2022,0.23,0.014,0.279,0.243,0.252,0.306,0.267,17.0,74.0,83.1,9.3,-4.8,68.37683044237907,7.1215685,74.0,201.1290322580645,27.0,0.20408163265306123,0.4788273615635179,0.5211726384364821,4.148648648648648
"Hoskins, Rhys",2024,0.23,0.207,0.258,0.437,0.321,0.296,0.201,31.0,135.0,88.0,18.5,1.6,68.897110536,8.063463464,74.0,201.1290322580645,31.0,0.25249169435215946,0.46236559139784944,0.5376344086021505,4.822222222222222
"Chapman, Matt",2024,0.23,0.23,0.278,0.46,0.333,0.315,0.213,32.0,139.0,91.0,15.2,-0.1,73.961289617,7.236611045,74.0,201.1290322580645,31.0,0.2848101265822785,0.46814814814814815,0.5318518518518518,4.856115107913669
"Pratto, Nick",2023,0.23,0.054,0.405,0.284,0.28,0.264,0.195,17.0,74.0,87.2,18.0,-8.3,68.37683044237907,7.1215685,74.0,201.1290322580645,24.0,0.35185185185185186,0.42857142857142855,0.5714285714285714,5.108108108108108
"Duvall, Adam",2023,0.23,0.287,0.224,0.517,0.337,0.344,0.233,20.0,87.0,87.8,26.3,2.1,68.37683044237907,7.1215685,74.0,201.1290322580645,34.0,0.2879581151832461,0.4897435897435897,0.5102564102564102,4.482758620689655
"Wong, Kolten",2023,0.23,0.082,0.26,0.311,0.263,0.3,0.26,14.0,61.0,83.8,11.6,-2.5,68.37683044237907,7.1215685,74.0,201.1290322580645,32.0,0.20279720279720279,0.5375939849624061,0.462406015037594,4.360655737704918
"Trevino, Jose",2021,0.23,0.18,0.24,0.41,0.269,0.267,0.216,14.0,61.0,84.6,4.2,-3.8,68.37683044237907,7.1215685,74.0,201.1290322580645,28.0,0.2831858407079646,0.5280373831775701,0.4719626168224299,3.5081967213114753
"Smith, Pavin",2023,0.23,0.148,0.273,0.377,0.339,0.37,0.259,14.0,61.0,89.0,11.3,1.3,68.37683044237907,7.1215685,74.0,201.1290322580645,27.0,0.2047244094488189,0.4163934426229508,0.5836065573770491,5.0
"Bregman, Alex",2024,0.23,0.18,0.234,0.41,0.295,0.281,0.226,32.0,139.0,87.1,19.9,-3.0,70.090939881,6.996452937,74.0,201.1290322580645,30.0,0.14909090909090908,0.492831541218638,0.507168458781362,4.014388489208633
"Cabrera, Miguel",2023,0.229,0.071,0.273,0.3,0.286,0.307,0.224,16.0,70.0,89.4,9.5,-4.0,68.37683044237907,7.1215685,74.0,210.0,40.0,0.2125,0.5144694533762058,0.4855305466237942,4.442857142857143
"Bethancourt, Christian",2024,0.229,0.188,0.25,0.417,0.291,0.283,0.248,11.0,48.0,79.6,4.1,-2.7,66.133486292,7.080291011,74.0,201.1290322580645,32.0,0.2828282828282828,0.6346153846153846,0.36538461538461536,3.25
"Caballero, José",2024,0.229,0.076,0.329,0.305,0.264,0.251,0.202,27.0,118.0,81.0,11.7,-11.8,66.362366109,6.814197783,74.0,201.1290322580645,27.0,0.3224489795918367,0.49,0.51,4.237288135593221
"Stott, Bryson",2024,0.229,0.092,0.247,0.321,0.249,0.282,0.262,25.0,109.0,85.3,13.2,-11.0,65.188894831,6.936577161,74.0,201.1290322580645,26.0,0.1825726141078838,0.49793388429752067,0.5020661157024794,4.440366972477064
"Wendle, Joey",2020,0.229,0.086,0.276,0.314,0.285,0.283,0.222,8.0,35.0,84.8,4.6,-2.2,68.37683044237907,7.1215685,74.0,201.1290322580645,30.0,0.18571428571428572,0.5109489051094891,0.48905109489051096,3.914285714285714
"Odor, Rougned",2023,0.229,0.171,0.292,0.4,0.319,0.341,0.258,8.0,35.0,90.0,17.1,4.8,68.37683044237907,7.1215685,74.0,201.1290322580645,29.0,0.2972972972972973,0.5285714285714286,0.4714285714285714,4.0
"Alexander, Blaze",2024,0.229,0.083,0.294,0.313,0.293,0.25,0.193,11.0,48.0,89.4,5.2,-2.1,71.799101753,7.320692887,74.0,201.1290322580645,25.0,0.26956521739130435,0.5275229357798165,0.4724770642201835,4.541666666666667
"Reynolds, Bryan",2022,0.229,0.115,0.286,0.344,0.302,0.312,0.233,22.0,96.0,92.5,17.5,-6.2,68.37683044237907,7.1215685,74.0,201.1290322580645,27.0,0.23529411764705882,0.5175644028103045,0.48243559718969553,4.447916666666667
"Thomas, Alek",2023,0.229,0.108,0.27,0.337,0.277,0.289,0.231,19.0,83.0,87.2,1.1,-1.3,68.37683044237907,7.1215685,74.0,201.1290322580645,23.0,0.26857142857142857,0.48342541436464087,0.5165745856353591,4.36144578313253
"Stanton, Giancarlo",2022,0.229,0.305,0.215,0.533,0.359,0.413,0.282,24.0,105.0,98.1,12.0,4.7,68.37683044237907,7.1215685,74.0,201.1290322580645,32.0,0.34893617021276596,0.4571984435797665,0.5428015564202334,4.895238095238096
"Cabrera, Oswaldo",2023,0.229,0.1,0.273,0.329,0.273,0.287,0.233,16.0,70.0,86.8,18.1,-5.2,68.37683044237907,7.1215685,74.0,201.1290322580645,24.0,0.2348993288590604,0.5068027210884354,0.4931972789115646,4.2
"Bart, Joey",2022,0.229,0.143,0.333,0.371,0.323,0.323,0.209,16.0,70.0,85.3,12.5,-3.8,68.37683044237907,7.1215685,74.0,201.1290322580645,25.0,0.37735849056603776,0.47604790419161674,0.5239520958083832,4.771428571428571
"Bart, Joey",2024,0.229,0.3,0.233,0.529,0.365,0.382,0.275,16.0,70.0,86.8,7.2,7.6,71.329051753,7.21248513,74.0,201.1290322580645,27.0,0.2229299363057325,0.4658753709198813,0.5341246290801187,4.814285714285714
"Holliday, Jackson",2024,0.229,0.229,0.29,0.458,0.32,0.319,0.237,11.0,48.0,86.1,7.2,1.6,67.493100968,6.904070968,74.0,201.1290322580645,20.0,0.29473684210526313,0.46116504854368934,0.5388349514563107,4.291666666666667
"Soler, Jorge",2021,0.229,0.193,0.244,0.422,0.32,0.377,0.265,25.0,109.0,91.2,19.0,3.8,68.37683044237907,7.1215685,74.0,201.1290322580645,29.0,0.2826086956521739,0.46464646464646464,0.5353535353535354,4.541284403669724
"Urshela, Gio",2023,0.229,0.083,0.238,0.313,0.246,0.313,0.268,11.0,48.0,87.7,7.3,-3.3,68.37683044237907,7.1215685,74.0,201.1290322580645,31.0,0.1650485436893204,0.5508021390374331,0.44919786096256686,3.8958333333333335
"Higashioka, Kyle",2021,0.229,0.229,0.3,0.458,0.318,0.391,0.252,11.0,48.0,90.4,24.8,-0.8,68.37683044237907,7.1215685,74.0,201.1290322580645,31.0,0.3333333333333333,0.5121951219512195,0.4878048780487805,4.270833333333333
"Fletcher, Dominic",2024,0.229,0.063,0.289,0.292,0.248,0.253,0.228,11.0,48.0,81.0,3.5,-3.9,64.170967865,6.443409101,74.0,201.1290322580645,26.0,0.28125,0.5052631578947369,0.49473684210526314,3.9583333333333335
"Calhoun, Willie",2021,0.229,0.104,0.256,0.333,0.267,0.305,0.278,11.0,48.0,89.8,13.2,-2.4,68.37683044237907,7.1215685,74.0,201.1290322580645,26.0,0.1927710843373494,0.48823529411764705,0.5117647058823529,3.5416666666666665
"Diaz, Yainer",2023,0.228,0.163,0.243,0.391,0.264,0.29,0.245,21.0,92.0,89.3,12.6,-10.0,68.37683044237907,7.1215685,74.0,201.1290322580645,24.0,0.2824074074074074,0.6260869565217392,0.3739130434782609,3.75
"Margot, Manuel",2024,0.228,0.127,0.27,0.354,0.275,0.297,0.24,18.0,79.0,87.1,9.8,-2.9,68.181421391,6.975303907,74.0,201.1290322580645,29.0,0.1875,0.48338368580060426,0.5166163141993958,4.189873417721519
"Cave, Jake",2024,0.228,0.114,0.281,0.342,0.276,0.265,0.224,18.0,79.0,85.9,7.4,-4.3,66.319945642,6.800632458,74.0,201.1290322580645,31.0,0.30851063829787234,0.5595238095238095,0.44047619047619047,4.253164556962025
"Ruiz, Keibert",2022,0.228,0.079,0.24,0.307,0.269,0.347,0.294,26.0,114.0,87.2,14.8,-11.6,68.37683044237907,7.1215685,74.0,201.1290322580645,23.0,0.09523809523809523,0.5298165137614679,0.4701834862385321,3.824561403508772
"Isbel, Kyle",2024,0.228,0.076,0.276,0.304,0.282,0.302,0.25,21.0,92.0,82.8,8.8,-0.8,67.54493883,6.890311345,74.0,201.1290322580645,27.0,0.13186813186813187,0.4666666666666667,0.5333333333333333,4.239130434782608
"Chapman, Matt",2021,0.228,0.114,0.317,0.341,0.294,0.292,0.197,28.0,123.0,89.8,15.0,-5.1,68.37683044237907,7.1215685,74.0,201.1290322580645,28.0,0.36333333333333334,0.4484304932735426,0.5515695067264574,5.439024390243903
"Fortes, Nick",2022,0.228,0.175,0.25,0.404,0.311,0.269,0.2,13.0,57.0,87.9,15.3,-3.5,68.37683044237907,7.1215685,74.0,201.1290322580645,25.0,0.24299065420560748,0.4692982456140351,0.5307017543859649,4.0
"Rosario, Amed",2024,0.228,0.12,0.282,0.348,0.267,0.261,0.226,21.0,92.0,89.0,7.4,-1.1,69.193027727,7.290714148,74.0,201.1290322580645,28.0,0.2712765957446808,0.5802469135802469,0.41975308641975306,3.5217391304347827
"Harris II, Michael",2023,0.228,0.122,0.255,0.35,0.267,0.326,0.271,28.0,123.0,89.7,10.2,-10.7,68.37683044237907,7.1215685,74.0,201.1290322580645,22.0,0.25,0.5379609544468547,0.46203904555314534,3.747967479674797
"Correa, Carlos",2020,0.228,0.053,0.325,0.281,0.276,0.303,0.238,13.0,57.0,90.6,10.4,-3.8,68.37683044237907,7.1215685,74.0,201.1290322580645,25.0,0.2786885245901639,0.45185185185185184,0.5481481481481482,4.7368421052631575
"Jeffers, Ryan",2021,0.228,0.246,0.265,0.474,0.357,0.398,0.276,13.0,57.0,91.8,6.7,5.5,68.37683044237907,7.1215685,74.0,201.1290322580645,24.0,0.31496062992125984,0.4721189591078067,0.5278810408921933,4.719298245614035
"Barrera, Luis",2022,0.227,0.182,0.25,0.409,0.295,0.276,0.218,5.0,22.0,86.7,1.8,-2.2,68.37683044237907,7.1215685,74.0,201.1290322580645,26.0,0.22916666666666666,0.5052631578947369,0.49473684210526314,4.318181818181818
"Wisdom, Patrick",2022,0.227,0.262,0.265,0.489,0.348,0.302,0.183,32.0,141.0,88.4,18.0,-2.5,68.37683044237907,7.1215685,74.0,201.1290322580645,30.0,0.34615384615384615,0.49271137026239065,0.5072886297376094,4.865248226950355
"Acuña Jr., Ronald",2024,0.227,0.091,0.31,0.318,0.314,0.299,0.212,10.0,44.0,93.1,5.4,-0.9,75.324607558,7.489817674,74.0,201.1290322580645,26.0,0.2871287128712871,0.452914798206278,0.547085201793722,5.068181818181818
"Harrison, Josh",2023,0.227,0.0,0.25,0.227,0.243,0.273,0.202,5.0,22.0,81.3,16.1,-2.9,68.37683044237907,7.1215685,74.0,201.1290322580645,35.0,0.2222222222222222,0.5172413793103449,0.4827586206896552,3.9545454545454546
"Azocar, José",2023,0.227,0.136,0.308,0.364,0.29,0.282,0.206,5.0,22.0,72.3,14.1,-2.4,68.37683044237907,7.1215685,74.0,201.1290322580645,27.0,0.24,0.5555555555555556,0.4444444444444444,4.090909090909091
"Crawford, J.P.",2022,0.227,0.082,0.247,0.309,0.306,0.308,0.225,25.0,110.0,83.6,7.0,-7.2,68.37683044237907,7.1215685,74.0,201.1290322580645,27.0,0.10931174089068826,0.4172297297297297,0.5827702702702703,5.381818181818182
"Mayfield, Jack",2021,0.227,0.187,0.255,0.413,0.31,0.237,0.165,17.0,75.0,80.6,15.3,-1.1,68.37683044237907,7.1215685,74.0,201.1290322580645,30.0,0.19883040935672514,0.5213414634146342,0.47865853658536583,4.373333333333333
"Duran, Jarren",2021,0.227,0.182,0.235,0.409,0.291,0.285,0.241,5.0,22.0,90.0,5.6,-2.2,68.37683044237907,7.1215685,74.0,201.1290322580645,24.0,0.2608695652173913,0.48936170212765956,0.5106382978723404,4.2727272727272725
"Marisnick, Jake",2022,0.227,0.182,0.364,0.409,0.272,0.302,0.254,5.0,22.0,81.0,12.9,-3.1,68.37683044237907,7.1215685,74.0,201.1290322580645,31.0,0.3392857142857143,0.5490196078431373,0.45098039215686275,4.636363636363637
"Escobar, Eduardo",2023,0.227,0.093,0.271,0.32,0.256,0.264,0.225,17.0,75.0,83.0,5.0,-12.5,68.37683044237907,7.1215685,74.0,201.1290322580645,34.0,0.2727272727272727,0.5116279069767442,0.4883720930232558,4.013333333333334
"Taylor, Michael A.",2023,0.227,0.253,0.286,0.48,0.342,0.311,0.201,17.0,75.0,82.8,9.8,-2.2,68.37683044237907,7.1215685,74.0,201.1290322580645,32.0,0.3291139240506329,0.45664739884393063,0.5433526011560693,4.613333333333333
"Sullivan, Brett",2023,0.227,0.045,0.357,0.273,0.208,0.186,0.203,5.0,22.0,84.4,7.5,-4.2,68.37683044237907,7.1215685,74.0,201.1290322580645,29.0,0.24390243902439024,0.47674418604651164,0.5232558139534884,3.909090909090909
"Meyers, Jake",2024,0.227,0.121,0.276,0.348,0.287,0.319,0.255,30.0,132.0,83.9,6.2,-13.6,63.020512469,6.58369144,74.0,201.1290322580645,28.0,0.2536764705882353,0.5112781954887218,0.48872180451127817,4.03030303030303
"Piña, Manny",2021,0.227,0.364,0.147,0.591,0.407,0.381,0.225,10.0,44.0,81.5,19.1,4.6,68.37683044237907,7.1215685,74.0,201.1290322580645,34.0,0.16853932584269662,0.4218009478672986,0.5781990521327014,4.795454545454546
"Rosario, Amed",2020,0.227,0.136,0.29,0.364,0.259,0.22,0.201,10.0,44.0,85.1,4.8,-5.1,68.37683044237907,7.1215685,74.0,201.1290322580645,24.0,0.27956989247311825,0.5849056603773585,0.41509433962264153,3.6136363636363638
"Young, Andrew",2021,0.227,0.318,0.333,0.545,0.337,0.233,0.176,5.0,22.0,86.6,10.3,-2.0,68.37683044237907,7.1215685,74.0,201.1290322580645,27.0,0.4782608695652174,0.5168539325842697,0.48314606741573035,4.045454545454546
"Muncy, Max",2024,0.227,0.173,0.286,0.4,0.308,0.315,0.218,17.0,75.0,91.9,27.3,-4.2,69.224323937,7.116786378,74.0,201.1290322580645,33.0,0.33532934131736525,0.4417989417989418,0.5582010582010583,5.04
"Bleday, JJ",2024,0.227,0.202,0.272,0.429,0.32,0.299,0.219,27.0,119.0,86.4,13.6,-2.6,69.160798512,7.19840124,74.0,201.1290322580645,26.0,0.26877470355731226,0.4685185185185185,0.5314814814814814,4.53781512605042
"Nootbaar, Lars",2024,0.227,0.17,0.273,0.398,0.32,0.335,0.238,20.0,88.0,89.2,7.4,1.6,71.012565337,6.731855153,74.0,201.1290322580645,26.0,0.19411764705882353,0.40963855421686746,0.5903614457831325,4.715909090909091
"Canzone, Dominic",2023,0.227,0.114,0.257,0.341,0.289,0.309,0.241,10.0,44.0,87.5,15.5,-4.6,68.37683044237907,7.1215685,74.0,201.1290322580645,25.0,0.23863636363636365,0.5432098765432098,0.4567901234567901,3.6818181818181817
"Rocchio, Brayan",2023,0.227,0.136,0.294,0.364,0.239,0.203,0.217,5.0,22.0,88.0,2.4,-1.7,68.37683044237907,7.1215685,74.0,201.1290322580645,22.0,0.34782608695652173,0.6216216216216216,0.3783783783783784,3.3636363636363638
"Kieboom, Carter",2023,0.227,0.182,0.286,0.409,0.287,0.227,0.197,5.0,22.0,81.4,14.1,-1.2,68.37683044237907,7.1215685,74.0,201.1290322580645,25.0,0.4186046511627907,0.5375,0.4625,3.6363636363636362
"Hayes, Ke'Bryan",2022,0.227,0.091,0.274,0.318,0.283,0.33,0.273,25.0,110.0,92.4,3.1,-9.1,68.37683044237907,7.1215685,74.0,201.1290322580645,25.0,0.2131979695431472,0.432967032967033,0.567032967032967,4.136363636363637
"Goodwin, Brian",2021,0.227,0.136,0.255,0.364,0.299,0.312,0.242,15.0,66.0,87.0,18.6,-4.8,68.37683044237907,7.1215685,74.0,201.1290322580645,30.0,0.23404255319148937,0.4392523364485981,0.5607476635514018,4.863636363636363
"Raleigh, Cal",2022,0.227,0.25,0.238,0.477,0.329,0.36,0.248,20.0,88.0,88.9,20.6,-0.5,68.37683044237907,7.1215685,74.0,201.1290322580645,25.0,0.29064039408866993,0.5456989247311828,0.4543010752688172,4.2272727272727275
"Estrada, Thairo",2023,0.227,0.092,0.266,0.319,0.257,0.276,0.239,27.0,119.0,81.2,6.8,-11.8,68.37683044237907,7.1215685,74.0,201.1290322580645,27.0,0.21212121212121213,0.5486935866983373,0.4513064133016627,3.53781512605042
"Devers, Rafael",2024,0.226,0.218,0.25,0.444,0.308,0.303,0.228,28.0,124.0,92.5,10.1,-6.8,70.664783238,7.350370071,74.0,201.1290322580645,27.0,0.2964169381107492,0.5283993115318416,0.47160068846815834,4.685483870967742
"Haase, Eric",2023,0.226,0.048,0.286,0.274,0.251,0.296,0.245,19.0,84.0,86.8,15.3,-6.0,68.37683044237907,7.1215685,74.0,201.1290322580645,30.0,0.295,0.5714285714285714,0.42857142857142855,4.166666666666667
"Garver, Mitch",2021,0.226,0.283,0.258,0.509,0.375,0.428,0.275,12.0,53.0,93.9,13.3,3.1,68.37683044237907,7.1215685,74.0,201.1290322580645,30.0,0.3548387096774194,0.43356643356643354,0.5664335664335665,5.39622641509434
"Ruiz, Rio",2020,0.226,0.151,0.268,0.377,0.258,0.214,0.187,12.0,53.0,84.8,4.3,-1.3,68.37683044237907,7.1215685,74.0,201.1290322580645,26.0,0.28448275862068967,0.6010362694300518,0.39896373056994816,3.641509433962264
"McCann, Kyle",2024,0.226,0.0,0.467,0.226,0.267,0.218,0.137,7.0,31.0,86.4,11.7,-0.9,70.32327,7.572913,74.0,201.1290322580645,26.0,0.4918032786885246,0.4326241134751773,0.5673758865248227,4.548387096774194
"Martin, Jason",2021,0.226,0.29,0.222,0.516,0.321,0.262,0.193,7.0,31.0,88.4,13.0,-0.6,68.37683044237907,7.1215685,74.0,201.1290322580645,25.0,0.3492063492063492,0.4701492537313433,0.5298507462686567,4.32258064516129
"Hays, Austin",2024,0.226,0.17,0.286,0.396,0.271,0.279,0.237,12.0,53.0,89.4,16.1,-6.3,70.222642233,6.993159223,74.0,201.1290322580645,28.0,0.35135135135135137,0.5873015873015873,0.4126984126984127,3.5660377358490565
"Grossman, Robbie",2023,0.226,0.19,0.246,0.417,0.306,0.284,0.199,19.0,84.0,87.9,21.2,-4.6,68.37683044237907,7.1215685,74.0,201.1290322580645,33.0,0.19254658385093168,0.3946078431372549,0.6053921568627451,4.857142857142857
"Bryant, Kris",2021,0.226,0.209,0.28,0.435,0.346,0.33,0.217,26.0,115.0,89.9,16.4,3.4,68.37683044237907,7.1215685,74.0,201.1290322580645,29.0,0.29098360655737704,0.4674329501915709,0.5325670498084292,4.539130434782609
"Yastrzemski, Mike",2022,0.226,0.157,0.271,0.383,0.287,0.297,0.219,26.0,115.0,88.0,22.4,-4.5,68.37683044237907,7.1215685,74.0,201.1290322580645,31.0,0.21030042918454936,0.43796992481203006,0.5620300751879699,4.626086956521739
"McCutchen, Andrew",2024,0.226,0.172,0.281,0.398,0.339,0.323,0.202,21.0,93.0,87.7,17.3,-0.2,70.557053526,7.482578,74.0,201.1290322580645,37.0,0.319047619047619,0.4384133611691023,0.5615866388308977,5.150537634408602
"Wynns, Austin",2021,0.226,0.194,0.238,0.419,0.297,0.306,0.28,7.0,31.0,80.3,3.0,-0.7,68.37683044237907,7.1215685,74.0,201.1290322580645,30.0,0.2638888888888889,0.5454545454545454,0.45454545454545453,4.258064516129032
"Chavis, Michael",2022,0.226,0.151,0.286,0.376,0.26,0.265,0.221,21.0,93.0,83.9,12.7,-5.7,68.37683044237907,7.1215685,74.0,201.1290322580645,26.0,0.3140096618357488,0.5671232876712329,0.4328767123287671,3.924731182795699
"Rogers, Jake",2021,0.226,0.258,0.375,0.484,0.326,0.35,0.249,7.0,31.0,86.5,16.4,-0.7,68.37683044237907,7.1215685,74.0,201.1290322580645,26.0,0.4714285714285714,0.5035971223021583,0.49640287769784175,4.483870967741935
"Wade, Tyler",2024,0.226,0.032,0.333,0.258,0.267,0.301,0.259,7.0,31.0,80.6,12.5,-2.6,60.158378837,6.22263093,74.0,201.1290322580645,29.0,0.2711864406779661,0.43703703703703706,0.562962962962963,4.354838709677419
"d'Arnaud, Travis",2021,0.226,0.132,0.297,0.358,0.274,0.278,0.235,12.0,53.0,87.9,0.3,-2.4,68.37683044237907,7.1215685,74.0,201.1290322580645,32.0,0.24561403508771928,0.49137931034482757,0.5086206896551724,4.377358490566038
"Hampson, Garrett",2021,0.226,0.075,0.294,0.301,0.258,0.245,0.205,21.0,93.0,83.1,12.0,-9.0,68.37683044237907,7.1215685,74.0,201.1290322580645,26.0,0.26666666666666666,0.49872122762148335,0.5012787723785166,4.204301075268817
"Duvall, Adam",2022,0.226,0.21,0.262,0.435,0.319,0.313,0.219,14.0,62.0,87.7,24.5,0.9,68.37683044237907,7.1215685,74.0,201.1290322580645,33.0,0.2265625,0.49230769230769234,0.5076923076923077,4.193548387096774
"Meadows, Austin",2022,0.226,0.097,0.233,0.323,0.32,0.375,0.291,7.0,31.0,86.8,20.7,1.2,68.37683044237907,7.1215685,74.0,201.1290322580645,27.0,0.1076923076923077,0.4276315789473684,0.5723684210526315,4.903225806451613
"Taylor, Michael A.",2020,0.226,0.065,0.35,0.29,0.251,0.265,0.22,7.0,31.0,84.5,10.6,-3.0,68.37683044237907,7.1215685,74.0,201.1290322580645,29.0,0.2898550724637681,0.48936170212765956,0.5106382978723404,4.548387096774194
"Rocchio, Brayan",2024,0.226,0.065,0.263,0.29,0.29,0.273,0.205,21.0,93.0,78.2,6.3,-6.4,65.888309171,6.889983481,74.0,201.1290322580645,23.0,0.25252525252525254,0.48175182481751827,0.5182481751824818,4.419354838709677
"Acuña Jr., Ronald",2020,0.226,0.323,0.313,0.548,0.416,0.414,0.223,7.0,31.0,97.8,14.1,2.7,68.37683044237907,7.1215685,74.0,201.1290322580645,22.0,0.3275862068965517,0.34523809523809523,0.6547619047619048,5.419354838709677
"Sheets, Gavin",2022,0.225,0.202,0.208,0.427,0.314,0.304,0.223,20.0,89.0,89.1,11.8,1.1,68.37683044237907,7.1215685,74.0,201.1290322580645,26.0,0.18571428571428572,0.48498845265588914,0.5150115473441108,4.865168539325842
"Noel, Jhonkensy",2024,0.225,0.25,0.273,0.475,0.324,0.357,0.226,9.0,40.0,90.9,17.5,-0.1,75.398501875,7.92889325,74.0,201.1290322580645,22.0,0.4146341463414634,0.5503355704697986,0.44966442953020136,3.725
"Kelly, Carson",2021,0.225,0.212,0.233,0.438,0.343,0.354,0.231,18.0,80.0,87.7,21.5,1.5,68.37683044237907,7.1215685,74.0,201.1290322580645,26.0,0.24043715846994534,0.44525547445255476,0.5547445255474452,5.1375
"Cameron, Daz",2024,0.225,0.125,0.258,0.35,0.274,0.306,0.231,9.0,40.0,88.5,11.2,-5.0,69.189374625,6.485642625,74.0,201.1290322580645,27.0,0.20238095238095238,0.4540540540540541,0.5459459459459459,4.625
"Markakis, Nick",2020,0.225,0.15,0.273,0.375,0.302,0.331,0.293,9.0,40.0,86.9,4.7,-1.2,68.37683044237907,7.1215685,74.0,185.0,36.0,0.16883116883116883,0.43258426966292135,0.5674157303370787,4.45
"Rojas, Jose",2021,0.225,0.175,0.269,0.4,0.319,0.349,0.239,9.0,40.0,88.9,19.0,-1.0,68.37683044237907,7.1215685,74.0,201.1290322580645,28.0,0.27848101265822783,0.45664739884393063,0.5433526011560693,4.325
"Jiménez, Leo",2024,0.225,0.05,0.31,0.275,0.273,0.281,0.208,9.0,40.0,86.2,15.0,-2.3,66.780611667,7.208057889,74.0,201.1290322580645,23.0,0.32608695652173914,0.4919786096256685,0.5080213903743316,4.675
"Marte, Starling",2023,0.225,0.085,0.3,0.31,0.283,0.306,0.232,16.0,71.0,85.4,0.3,-3.9,68.37683044237907,7.1215685,74.0,201.1290322580645,34.0,0.30864197530864196,0.5225806451612903,0.4774193548387097,4.366197183098592
"Stewart, DJ",2024,0.225,0.325,0.167,0.55,0.384,0.428,0.283,9.0,40.0,91.9,20.7,3.9,69.782361579,7.066295921,74.0,201.1290322580645,30.0,0.2619047619047619,0.45901639344262296,0.5409836065573771,4.575
"Severino, Pedro",2020,0.224,0.138,0.282,0.362,0.27,0.297,0.236,13.0,58.0,83.6,2.5,-2.2,68.37683044237907,7.1215685,74.0,201.1290322580645,26.0,0.2803738317757009,0.47555555555555556,0.5244444444444445,3.8793103448275863
"Walker, Christian",2022,0.224,0.178,0.225,0.401,0.319,0.353,0.256,34.0,152.0,87.7,11.4,0.0,68.37683044237907,7.1215685,74.0,201.1290322580645,31.0,0.24342105263157895,0.4342857142857143,0.5657142857142857,4.605263157894737
"Cordero, Franchy",2022,0.224,0.163,0.243,0.388,0.312,0.345,0.26,11.0,49.0,82.3,12.5,0.1,68.37683044237907,7.1215685,74.0,201.1290322580645,27.0,0.3008849557522124,0.5022222222222222,0.49777777777777776,4.591836734693878
"Moniak, Mickey",2024,0.224,0.2,0.263,0.424,0.315,0.315,0.237,19.0,85.0,84.3,17.4,0.4,70.307353681,7.519573901,74.0,201.1290322580645,26.0,0.28191489361702127,0.5856697819314641,0.4143302180685358,3.776470588235294
"Colás, Oscar",2023,0.224,0.061,0.289,0.286,0.23,0.233,0.212,11.0,49.0,86.1,5.7,-5.5,68.37683044237907,7.1215685,74.0,201.1290322580645,24.0,0.2717391304347826,0.5348837209302325,0.46511627906976744,3.510204081632653
"O'Hearn, Ryan",2021,0.224,0.207,0.25,0.431,0.275,0.266,0.203,13.0,58.0,91.5,19.6,-6.4,68.37683044237907,7.1215685,74.0,201.1290322580645,27.0,0.3203125,0.5355648535564853,0.46443514644351463,4.120689655172414
"Bell, Josh",2023,0.224,0.119,0.273,0.343,0.301,0.331,0.24,32.0,143.0,88.3,7.7,-6.4,68.37683044237907,7.1215685,74.0,201.1290322580645,30.0,0.2435064935064935,0.4723926380368098,0.5276073619631901,4.559440559440559
"Mateo, Jorge",2021,0.224,0.061,0.289,0.286,0.275,0.302,0.244,11.0,49.0,82.8,11.8,-7.1,68.37683044237907,7.1215685,74.0,201.1290322580645,26.0,0.30434782608695654,0.5348837209302325,0.46511627906976744,4.387755102040816
"Caratini, Victor",2022,0.224,0.284,0.217,0.507,0.363,0.339,0.234,15.0,67.0,89.8,9.1,6.9,68.37683044237907,7.1215685,74.0,201.1290322580645,28.0,0.2222222222222222,0.4115853658536585,0.5884146341463414,4.895522388059701
"Laureano, Ramón",2022,0.224,0.194,0.273,0.418,0.314,0.306,0.218,15.0,67.0,87.1,14.3,-2.5,68.37683044237907,7.1215685,74.0,201.1290322580645,27.0,0.2916666666666667,0.5106382978723404,0.48936170212765956,4.208955223880597
"Lowe, Brandon",2022,0.224,0.184,0.243,0.408,0.348,0.328,0.212,11.0,49.0,86.8,25.5,-0.9,68.37683044237907,7.1215685,74.0,201.1290322580645,27.0,0.30327868852459017,0.48031496062992124,0.5196850393700787,5.183673469387755
"LeMahieu, DJ",2023,0.224,0.071,0.275,0.296,0.282,0.352,0.291,22.0,98.0,89.1,4.3,-4.9,68.37683044237907,7.1215685,74.0,201.1290322580645,34.0,0.18181818181818182,0.4251207729468599,0.5748792270531401,4.224489795918367
"Pagés, Pedro",2024,0.224,0.102,0.303,0.327,0.253,0.256,0.195,11.0,49.0,86.3,8.7,-4.0,69.258190673,6.673243654,74.0,201.1290322580645,25.0,0.28703703703703703,0.5294117647058824,0.47058823529411764,4.163265306122449
"Call, Alex",2023,0.223,0.064,0.3,0.287,0.312,0.287,0.188,21.0,94.0,79.3,12.8,-0.9,68.37683044237907,7.1215685,74.0,201.1290322580645,28.0,0.20103092783505155,0.38188976377952755,0.6181102362204725,5.404255319148936
"Bailey, Patrick",2024,0.223,0.117,0.244,0.34,0.261,0.291,0.235,23.0,103.0,87.0,11.8,-10.5,69.288105346,7.157049309,74.0,201.1290322580645,25.0,0.20087336244541484,0.5157657657657657,0.48423423423423423,4.310679611650485
"Pages, Andy",2024,0.223,0.16,0.295,0.383,0.289,0.319,0.228,21.0,94.0,90.4,21.4,-7.2,71.557149952,7.585025167,74.0,201.1290322580645,23.0,0.29767441860465116,0.5058823529411764,0.49411764705882355,4.5212765957446805
"Grichuk, Randal",2023,0.223,0.058,0.277,0.282,0.249,0.277,0.24,23.0,103.0,86.7,10.4,-8.8,68.37683044237907,7.1215685,74.0,201.1290322580645,31.0,0.2602739726027397,0.5264423076923077,0.4735576923076923,4.038834951456311
"Thames, Eric",2020,0.222,0.056,0.364,0.278,0.253,0.218,0.177,8.0,36.0,86.8,9.1,-4.7,68.37683044237907,7.1215685,74.0,201.1290322580645,33.0,0.35555555555555557,0.5202312138728323,0.4797687861271676,4.805555555555555
"Rivera, René",2021,0.222,0.056,0.4,0.278,0.215,0.127,0.118,4.0,18.0,78.3,6.2,-1.7,68.37683044237907,7.1215685,74.0,201.1290322580645,27.0,0.45,0.5633802816901409,0.43661971830985913,3.9444444444444446
"Walker, Taijuan",2021,0.222,0.0,0.5,0.222,0.245,0.203,0.154,2.0,9.0,85.6,-15.6,-2.7,68.37683044237907,7.1215685,74.0,201.1290322580645,27.0,0.45,0.5,0.5,4.444444444444445
"Rivera, Emmanuel",2021,0.222,0.111,0.286,0.333,0.236,0.281,0.272,4.0,18.0,92.8,14.8,-1.9,68.37683044237907,7.1215685,74.0,201.1290322580645,27.0,0.3225806451612903,0.5081967213114754,0.4918032786885246,3.388888888888889
"Henry, Payton",2022,0.222,0.0,0.286,0.222,0.246,0.294,0.267,2.0,9.0,76.0,-12.9,-1.6,68.37683044237907,7.1215685,74.0,201.1290322580645,25.0,0.3076923076923077,0.6190476190476191,0.38095238095238093,4.666666666666667
"Pache, Cristian",2022,0.222,0.019,0.293,0.241,0.229,0.286,0.273,12.0,54.0,87.2,-6.2,-3.9,68.37683044237907,7.1215685,74.0,201.1290322580645,23.0,0.28846153846153844,0.5416666666666666,0.4583333333333333,3.5555555555555554
"Turang, Brice",2023,0.222,0.141,0.273,0.364,0.261,0.262,0.225,22.0,99.0,79.2,11.1,-7.8,68.37683044237907,7.1215685,74.0,201.1290322580645,23.0,0.23766816143497757,0.5399515738498789,0.4600484261501211,4.171717171717172
"Vierling, Matt",2021,0.222,0.0,0.25,0.222,0.223,0.168,0.133,2.0,9.0,80.9,8.6,-1.7,68.37683044237907,7.1215685,74.0,201.1290322580645,24.0,0.2222222222222222,0.4186046511627907,0.5813953488372093,4.777777777777778
"Motter, Taylor",2023,0.222,0.056,0.333,0.278,0.264,0.254,0.205,4.0,18.0,83.1,13.4,-2.0,68.37683044237907,7.1215685,74.0,201.1290322580645,33.0,0.2,0.43478260869565216,0.5652173913043478,3.8333333333333335
"Parra, Gerardo",2021,0.222,0.148,0.313,0.37,0.299,0.265,0.199,6.0,27.0,82.5,15.1,-2.8,68.37683044237907,7.1215685,74.0,201.1290322580645,34.0,0.3064516129032258,0.5166666666666667,0.48333333333333334,4.444444444444445
"Romine, Andrew",2021,0.222,0.222,0.25,0.444,0.278,0.217,0.222,4.0,18.0,79.2,-0.4,-1.6,68.37683044237907,7.1215685,74.0,201.1290322580645,35.0,0.15151515151515152,0.5409836065573771,0.45901639344262296,3.388888888888889
"Mathisen, Wyatt",2020,0.222,0.333,0.25,0.556,0.413,0.334,0.175,2.0,9.0,94.3,30.4,1.2,68.37683044237907,7.1215685,74.0,201.1290322580645,26.0,0.28,0.46296296296296297,0.5370370370370371,6.0
"Torrens, Luis",2022,0.222,0.028,0.348,0.25,0.273,0.322,0.228,8.0,36.0,90.5,3.3,-0.8,68.37683044237907,7.1215685,74.0,201.1290322580645,26.0,0.25609756097560976,0.4685714285714286,0.5314285714285715,4.861111111111111
"Colón, Christian",2020,0.222,0.0,0.25,0.222,0.196,0.152,0.162,2.0,9.0,75.7,-8.5,-1.8,68.37683044237907,7.1215685,74.0,201.1290322580645,31.0,0.0,0.6,0.4,3.3333333333333335
"Moniak, Mickey",2022,0.222,0.037,0.353,0.259,0.227,0.168,0.141,6.0,27.0,81.4,20.9,-4.5,68.37683044237907,7.1215685,74.0,201.1290322580645,24.0,0.29850746268656714,0.6036036036036037,0.3963963963963964,4.111111111111111
"Souza Jr., Steven",2020,0.222,0.222,0.4,0.444,0.318,0.319,0.218,2.0,9.0,91.9,22.6,-0.6,68.37683044237907,7.1215685,74.0,201.1290322580645,27.0,0.43478260869565216,0.46938775510204084,0.5306122448979592,5.444444444444445
"McMahon, Ryan",2020,0.222,0.25,0.25,0.472,0.347,0.329,0.196,8.0,36.0,92.6,17.8,2.0,68.37683044237907,7.1215685,74.0,201.1290322580645,25.0,0.32941176470588235,0.45698924731182794,0.543010752688172,5.166666666666667
"Stassi, Max",2021,0.222,0.206,0.25,0.429,0.332,0.353,0.237,14.0,63.0,87.8,13.3,-2.9,68.37683044237907,7.1215685,74.0,201.1290322580645,30.0,0.29770992366412213,0.447098976109215,0.552901023890785,4.650793650793651
"Blandino, Alex",2021,0.222,0.111,0.333,0.333,0.283,0.23,0.177,4.0,18.0,81.3,2.8,-1.2,68.37683044237907,7.1215685,74.0,201.1290322580645,28.0,0.20833333333333334,0.3157894736842105,0.6842105263157895,4.222222222222222
"Kiermaier, Kevin",2023,0.222,0.144,0.254,0.367,0.29,0.306,0.252,20.0,90.0,84.6,9.0,-7.5,68.37683044237907,7.1215685,74.0,201.1290322580645,33.0,0.2914572864321608,0.5115681233933161,0.4884318766066838,4.322222222222222
"Greiner, Grayson",2020,0.222,0.111,0.5,0.333,0.32,0.269,0.164,2.0,9.0,85.3,23.3,0.0,68.37683044237907,7.1215685,74.0,201.1290322580645,27.0,0.3,0.425531914893617,0.574468085106383,5.222222222222222
"Gosselin, Phil",2020,0.222,0.056,0.308,0.278,0.285,0.27,0.199,4.0,18.0,84.7,11.1,-0.7,68.37683044237907,7.1215685,74.0,201.1290322580645,31.0,0.2857142857142857,0.42424242424242425,0.5757575757575758,5.5
"Martínez, J.P.",2023,0.222,0.0,0.286,0.222,0.205,0.211,0.154,2.0,9.0,83.4,11.0,-2.7,68.37683044237907,7.1215685,74.0,201.1290322580645,27.0,0.36,0.4807692307692308,0.5192307692307693,5.777777777777778
"Nogowski, John",2021,0.222,0.083,0.25,0.306,0.266,0.253,0.22,8.0,36.0,87.7,15.0,-1.4,68.37683044237907,7.1215685,74.0,201.1290322580645,28.0,0.08064516129032258,0.38271604938271603,0.6172839506172839,4.5
"Fermín, José",2023,0.222,0.111,0.286,0.333,0.378,0.345,0.189,2.0,9.0,76.9,14.3,1.1,68.37683044237907,7.1215685,74.0,201.1290322580645,24.0,0.17647058823529413,0.3617021276595745,0.6382978723404256,5.222222222222222
"Gomes, Yan",2022,0.222,0.153,0.233,0.375,0.259,0.239,0.216,16.0,72.0,84.5,7.0,-7.5,68.37683044237907,7.1215685,74.0,201.1290322580645,34.0,0.19047619047619047,0.5212765957446809,0.4787234042553192,3.9166666666666665
"Akiyama, Shogo",2021,0.222,0.083,0.296,0.306,0.277,0.311,0.247,8.0,36.0,84.7,0.9,-2.4,68.37683044237907,7.1215685,74.0,201.1290322580645,33.0,0.2441860465116279,0.4777777777777778,0.5222222222222223,5.0
"Nido, Tomás",2020,0.222,0.667,0.0,0.889,0.466,0.446,0.278,2.0,9.0,89.6,-4.7,1.2,68.37683044237907,7.1215685,74.0,201.1290322580645,27.0,0.375,0.5517241379310345,0.4482758620689655,3.2222222222222223
"Muñoz, Yairo",2020,0.222,0.444,0.143,0.667,0.357,0.279,0.226,2.0,9.0,87.0,7.5,0.6,68.37683044237907,7.1215685,74.0,201.1290322580645,25.0,0.2857142857142857,0.6666666666666666,0.3333333333333333,2.3333333333333335
"Stefanic, Michael",2024,0.222,0.074,0.3,0.296,0.256,0.205,0.162,6.0,27.0,80.2,14.7,-1.2,57.967656522,6.048591739,74.0,201.1290322580645,28.0,0.14583333333333334,0.45714285714285713,0.5428571428571428,3.888888888888889
"Newman, Kevin",2024,0.222,0.062,0.258,0.284,0.251,0.258,0.23,18.0,81.0,82.4,14.5,-5.9,65.105490132,6.526035232,74.0,201.1290322580645,30.0,0.1895424836601307,0.47962382445141066,0.5203761755485894,3.9382716049382718
"Garcia, Maikel",2022,0.222,0.111,0.286,0.333,0.238,0.256,0.268,2.0,9.0,88.3,5.6,-1.1,68.37683044237907,7.1215685,74.0,201.1290322580645,27.0,0.15384615384615385,0.41935483870967744,0.5806451612903226,3.4444444444444446
"Williams, Luke",2021,0.222,0.037,0.353,0.259,0.271,0.225,0.164,6.0,27.0,83.4,5.9,-3.6,68.37683044237907,7.1215685,74.0,201.1290322580645,24.0,0.21428571428571427,0.4148148148148148,0.5851851851851851,5.0
"Rutschman, Adley",2022,0.222,0.198,0.242,0.42,0.352,0.362,0.23,18.0,81.0,88.4,16.3,-1.1,68.37683044237907,7.1215685,74.0,201.1290322580645,24.0,0.1875,0.41217798594847777,0.5878220140515222,5.271604938271605
"Trevino, Jose",2024,0.222,0.089,0.265,0.311,0.289,0.287,0.21,10.0,45.0,84.6,5.8,-2.8,66.210891807,6.834535181,74.0,201.1290322580645,31.0,0.21978021978021978,0.4252336448598131,0.5747663551401869,4.7555555555555555
"Moreland, Mitch",2021,0.222,0.074,0.256,0.296,0.25,0.281,0.241,12.0,54.0,91.6,13.1,-6.4,68.37683044237907,7.1215685,74.0,201.1290322580645,35.0,0.275,0.46153846153846156,0.5384615384615384,4.814814814814815
"Westbrook, Jamie",2024,0.222,0.444,0.125,0.667,0.36,0.454,0.263,2.0,9.0,94.8,32.9,2.4,67.840318235,7.444069412,74.0,201.1290322580645,29.0,0.21052631578947367,0.41304347826086957,0.5869565217391305,5.111111111111111
"Alberto, Hanser",2020,0.222,0.111,0.25,0.333,0.245,0.281,0.284,10.0,45.0,81.6,17.0,-4.2,68.37683044237907,7.1215685,74.0,201.1290322580645,27.0,0.21212121212121213,0.6428571428571429,0.35714285714285715,3.422222222222222
"Caratini, Victor",2023,0.222,0.083,0.233,0.306,0.284,0.318,0.274,8.0,36.0,89.3,12.8,0.3,68.37683044237907,7.1215685,74.0,201.1290322580645,29.0,0.21875,0.4155844155844156,0.5844155844155844,4.277777777777778
"Mateo, Jorge",2024,0.222,0.2,0.216,0.422,0.297,0.317,0.238,10.0,45.0,79.6,8.1,-0.1,67.879897458,7.464266271,74.0,201.1290322580645,29.0,0.22764227642276422,0.5774647887323944,0.4225352112676056,4.733333333333333
"Edman, Tommy",2023,0.222,0.202,0.228,0.424,0.283,0.288,0.253,22.0,99.0,88.1,9.1,-1.7,68.37683044237907,7.1215685,74.0,201.1290322580645,28.0,0.20224719101123595,0.489010989010989,0.510989010989011,3.676767676767677
"Gurriel, Yuli",2022,0.221,0.061,0.25,0.282,0.247,0.231,0.205,29.0,131.0,86.4,12.3,-15.1,68.37683044237907,7.1215685,74.0,201.1290322580645,38.0,0.14015151515151514,0.4870848708487085,0.5129151291512916,4.137404580152672
"Rortvedt, Ben",2024,0.221,0.14,0.286,0.36,0.299,0.276,0.2,19.0,86.0,89.0,14.6,-2.5,67.100346933,6.801015767,74.0,201.1290322580645,26.0,0.28901734104046245,0.4516971279373368,0.5483028720626631,4.453488372093023
"Rendon, Anthony",2021,0.221,0.147,0.25,0.368,0.287,0.28,0.221,15.0,68.0,89.4,24.5,-1.7,68.37683044237907,7.1215685,74.0,201.1290322580645,31.0,0.18705035971223022,0.5129151291512916,0.4870848708487085,3.985294117647059
"Hernandez, Yadiel",2021,0.221,0.059,0.286,0.279,0.248,0.254,0.202,15.0,68.0,90.6,6.7,-10.6,68.37683044237907,7.1215685,74.0,201.1290322580645,33.0,0.3253012048192771,0.5253164556962026,0.47468354430379744,4.647058823529412
"Andrus, Elvis",2021,0.221,0.035,0.248,0.257,0.236,0.329,0.295,25.0,113.0,86.3,9.2,-10.4,68.37683044237907,7.1215685,74.0,201.1290322580645,32.0,0.19367588932806323,0.5382978723404256,0.46170212765957447,4.15929203539823
"Heredia, Guillermo",2021,0.221,0.132,0.275,0.353,0.322,0.295,0.19,15.0,68.0,86.9,8.7,2.9,68.37683044237907,7.1215685,74.0,201.1290322580645,30.0,0.2679738562091503,0.4751552795031056,0.5248447204968945,4.735294117647059
"Benintendi, Andrew",2024,0.221,0.195,0.23,0.416,0.287,0.292,0.236,25.0,113.0,87.3,15.6,-6.6,64.724941948,6.482874589,74.0,201.1290322580645,29.0,0.24152542372881355,0.5327313769751693,0.4672686230248307,3.920353982300885
"Anderson, Tim",2020,0.22,0.073,0.3,0.293,0.267,0.29,0.228,9.0,41.0,81.5,4.6,-5.1,68.37683044237907,7.1215685,74.0,201.1290322580645,27.0,0.3870967741935484,0.5636363636363636,0.43636363636363634,4.024390243902439
"Smith, Dominic",2024,0.22,0.134,0.279,0.354,0.297,0.308,0.219,18.0,82.0,89.7,15.1,-5.2,66.850423464,6.92438,74.0,201.1290322580645,29.0,0.24050632911392406,0.4463276836158192,0.5536723163841808,4.317073170731708
"Springer, George",2021,0.22,0.203,0.227,0.424,0.337,0.328,0.197,13.0,59.0,85.5,23.5,1.9,68.37683044237907,7.1215685,74.0,201.1290322580645,31.0,0.2857142857142857,0.4765957446808511,0.5234042553191489,3.983050847457627
"Schwindel, Frank",2022,0.22,0.061,0.273,0.28,0.271,0.296,0.223,18.0,82.0,87.8,9.5,-4.7,68.37683044237907,7.1215685,74.0,201.1290322580645,30.0,0.23853211009174313,0.5561224489795918,0.44387755102040816,4.780487804878049
"Meneses, Joey",2022,0.22,0.153,0.275,0.373,0.274,0.246,0.191,13.0,59.0,89.6,2.7,-5.6,68.37683044237907,7.1215685,74.0,201.1290322580645,30.0,0.29770992366412213,0.4962121212121212,0.5037878787878788,4.47457627118644
"Semien, Marcus",2020,0.22,0.3,0.184,0.52,0.345,0.31,0.213,11.0,50.0,88.3,21.3,-0.9,68.37683044237907,7.1215685,74.0,201.1290322580645,29.0,0.20833333333333334,0.4266666666666667,0.5733333333333334,4.5
"Baty, Brett",2023,0.22,0.024,0.316,0.244,0.228,0.239,0.205,18.0,82.0,85.8,7.5,-8.5,68.37683044237907,7.1215685,74.0,201.1290322580645,23.0,0.3146853146853147,0.46579804560260585,0.5342019543973942,3.7439024390243905
"Smith, Josh",2022,0.22,0.098,0.222,0.317,0.247,0.303,0.267,9.0,41.0,85.6,19.4,-3.6,68.37683044237907,7.1215685,74.0,201.1290322580645,24.0,0.2597402597402597,0.46107784431137727,0.5389221556886228,4.073170731707317
"Ford, Mike",2023,0.22,0.119,0.297,0.339,0.308,0.289,0.189,13.0,59.0,85.2,22.2,-3.4,68.37683044237907,7.1215685,74.0,201.1290322580645,30.0,0.35772357723577236,0.44086021505376344,0.5591397849462365,4.728813559322034
"Castro, Willi",2024,0.22,0.159,0.267,0.379,0.313,0.335,0.233,29.0,132.0,83.9,10.6,1.4,68.22344931,6.969023345,74.0,201.1290322580645,27.0,0.2806451612903226,0.5081967213114754,0.4918032786885246,4.621212121212121
"McMahon, Ryan",2022,0.22,0.157,0.275,0.378,0.315,0.342,0.246,28.0,127.0,91.7,11.5,0.0,68.37683044237907,7.1215685,74.0,201.1290322580645,27.0,0.30033003300330036,0.4855769230769231,0.5144230769230769,4.913385826771654
"Reynolds, Bryan",2020,0.22,0.146,0.32,0.366,0.286,0.264,0.187,9.0,41.0,84.4,0.7,-2.7,68.37683044237907,7.1215685,74.0,201.1290322580645,25.0,0.2976190476190476,0.44919786096256686,0.5508021390374331,4.560975609756097
"Ruf, Darin",2021,0.22,0.159,0.294,0.378,0.283,0.298,0.232,18.0,82.0,91.5,11.6,-2.3,68.37683044237907,7.1215685,74.0,201.1290322580645,34.0,0.32679738562091504,0.4297752808988764,0.5702247191011236,4.341463414634147
"Rengifo, Luis",2022,0.22,0.093,0.238,0.314,0.253,0.276,0.238,26.0,118.0,83.3,6.9,-9.8,68.37683044237907,7.1215685,74.0,201.1290322580645,25.0,0.21304347826086956,0.583756345177665,0.41624365482233505,3.3389830508474576
"Busch, Michael",2024,0.22,0.102,0.296,0.322,0.288,0.307,0.207,26.0,118.0,86.9,15.9,-6.7,67.54223004,7.097589639,74.0,201.1290322580645,26.0,0.2713178294573643,0.45989304812834225,0.5401069518716578,4.754237288135593
"Wade, Tyler",2022,0.219,0.031,0.28,0.25,0.22,0.246,0.216,7.0,32.0,75.8,2.4,-5.6,68.37683044237907,7.1215685,74.0,201.1290322580645,27.0,0.13636363636363635,0.5739130434782609,0.4260869565217391,3.59375
"McCann, James",2021,0.219,0.135,0.288,0.354,0.281,0.301,0.212,21.0,96.0,85.3,7.1,-8.6,68.37683044237907,7.1215685,74.0,201.1290322580645,31.0,0.29910714285714285,0.5149425287356322,0.4850574712643678,4.53125
"Loperfido, Joey",2024,0.219,0.172,0.308,0.391,0.281,0.234,0.189,14.0,64.0,87.1,11.4,-6.5,70.95300015,7.64520797,74.0,201.1290322580645,25.0,0.42962962962962964,0.5578512396694215,0.44214876033057854,3.78125
"Verdugo, Alex",2020,0.219,0.063,0.25,0.281,0.273,0.302,0.215,7.0,32.0,85.6,7.3,-0.1,68.37683044237907,7.1215685,74.0,201.1290322580645,24.0,0.19642857142857142,0.4057971014492754,0.5942028985507246,4.3125
"Gamel, Ben",2021,0.219,0.055,0.273,0.274,0.254,0.301,0.238,16.0,73.0,84.2,7.4,-4.4,68.37683044237907,7.1215685,74.0,201.1290322580645,29.0,0.2974683544303797,0.512987012987013,0.487012987012987,4.219178082191781
"Valdez, Enmanuel",2024,0.219,0.234,0.239,0.453,0.305,0.264,0.177,14.0,64.0,88.6,22.1,-1.8,68.426135,7.428517734,74.0,201.1290322580645,25.0,0.2413793103448276,0.46474358974358976,0.5352564102564102,4.875
"Buxton, Byron",2020,0.219,0.188,0.185,0.406,0.259,0.315,0.276,7.0,32.0,89.8,22.6,-0.8,68.37683044237907,7.1215685,74.0,201.1290322580645,26.0,0.25,0.6181818181818182,0.38181818181818183,3.4375
"India, Jonathan",2023,0.219,0.079,0.242,0.298,0.286,0.345,0.251,25.0,114.0,89.6,13.1,-10.3,68.37683044237907,7.1215685,74.0,201.1290322580645,26.0,0.21171171171171171,0.39361702127659576,0.6063829787234043,4.947368421052632
"Larnach, Trevor",2022,0.219,0.125,0.412,0.344,0.286,0.319,0.2,7.0,32.0,85.8,12.0,-3.5,68.37683044237907,7.1215685,74.0,201.1290322580645,25.0,0.4461538461538462,0.3939393939393939,0.6060606060606061,5.15625
"Dyson, Jarrod",2021,0.219,0.063,0.28,0.281,0.249,0.238,0.205,7.0,32.0,75.0,5.4,-1.7,68.37683044237907,7.1215685,74.0,201.1290322580645,36.0,0.26666666666666666,0.5319148936170213,0.46808510638297873,4.40625
"Sanó, Miguel",2020,0.219,0.344,0.286,0.563,0.351,0.335,0.227,7.0,32.0,98.7,7.9,-2.1,68.37683044237907,7.1215685,74.0,201.1290322580645,27.0,0.4084507042253521,0.4896551724137931,0.5103448275862069,4.53125
"Odor, Rougned",2021,0.219,0.068,0.313,0.288,0.266,0.224,0.163,16.0,73.0,84.9,21.3,-5.8,68.37683044237907,7.1215685,74.0,201.1290322580645,27.0,0.2874251497005988,0.5641891891891891,0.4358108108108108,4.054794520547945
"Mondesi, Adalberto",2021,0.219,0.313,0.235,0.531,0.321,0.301,0.221,7.0,32.0,79.3,2.1,-2.4,68.37683044237907,7.1215685,74.0,201.1290322580645,25.0,0.2891566265060241,0.6194029850746269,0.3805970149253731,4.1875
"Thomas, Lane",2022,0.218,0.092,0.275,0.311,0.251,0.278,0.226,26.0,119.0,85.4,10.5,-11.5,68.37683044237907,7.1215685,74.0,201.1290322580645,26.0,0.22510822510822512,0.4852941176470588,0.5147058823529411,4.0
"Springer, George",2024,0.218,0.21,0.211,0.429,0.329,0.351,0.252,26.0,119.0,86.6,14.5,-2.6,68.730741316,7.333616316,74.0,201.1290322580645,34.0,0.26229508196721313,0.49897750511247446,0.5010224948875256,4.109243697478991
"Varsho, Daulton",2023,0.218,0.136,0.277,0.354,0.282,0.291,0.224,32.0,147.0,86.0,15.3,-9.7,68.37683044237907,7.1215685,74.0,201.1290322580645,26.0,0.26506024096385544,0.5236593059936908,0.47634069400630913,4.312925170068027
"Sánchez, Jesús",2022,0.218,0.115,0.302,0.333,0.275,0.243,0.194,17.0,78.0,89.3,12.7,-8.6,68.37683044237907,7.1215685,74.0,201.1290322580645,24.0,0.3081761006289308,0.48036253776435045,0.5196374622356495,4.243589743589744
"Martinez, J.D.",2022,0.218,0.135,0.273,0.353,0.29,0.31,0.221,34.0,156.0,86.2,11.1,-11.4,68.37683044237907,7.1215685,74.0,201.1290322580645,34.0,0.3386243386243386,0.5115020297699594,0.4884979702300406,4.737179487179487
"Jiménez, Eloy",2021,0.218,0.273,0.222,0.491,0.315,0.283,0.212,12.0,55.0,90.9,7.9,3.3,68.37683044237907,7.1215685,74.0,201.1290322580645,24.0,0.37168141592920356,0.5621890547263682,0.43781094527363185,3.6545454545454548
"Encarnacion, Jerar",2022,0.217,0.261,0.267,0.478,0.281,0.288,0.237,5.0,23.0,90.9,5.9,-0.8,68.37683044237907,7.1215685,74.0,201.1290322580645,24.0,0.4339622641509434,0.5196078431372549,0.4803921568627451,4.434782608695652
"Olivares, Edward",2021,0.217,0.13,0.235,0.348,0.283,0.243,0.199,5.0,23.0,85.2,-0.3,-2.8,68.37683044237907,7.1215685,74.0,201.1290322580645,25.0,0.34545454545454546,0.4661016949152542,0.5338983050847458,5.130434782608695
"Inciarte, Ender",2021,0.217,0.174,0.235,0.391,0.28,0.175,0.132,5.0,23.0,82.2,21.2,-3.6,68.37683044237907,7.1215685,74.0,201.1290322580645,30.0,0.24074074074074073,0.5567010309278351,0.44329896907216493,4.217391304347826
"Chapman, Matt",2023,0.217,0.084,0.312,0.301,0.283,0.319,0.214,31.0,143.0,89.7,14.2,-11.9,68.37683044237907,7.1215685,74.0,201.1290322580645,30.0,0.3268608414239482,0.447178002894356,0.552821997105644,4.8321678321678325
"Long Jr., Shed",2020,0.217,0.087,0.357,0.304,0.261,0.237,0.171,5.0,23.0,86.5,6.3,-2.7,68.37683044237907,7.1215685,74.0,201.1290322580645,24.0,0.40384615384615385,0.49056603773584906,0.5094339622641509,4.608695652173913
"DeShields, Delino",2020,0.217,0.043,0.333,0.261,0.247,0.247,0.203,5.0,23.0,76.1,-5.2,-2.4,68.37683044237907,7.1215685,74.0,201.1290322580645,27.0,0.3902439024390244,0.4880952380952381,0.5119047619047619,3.652173913043478
"Moncada, Yoán",2023,0.217,0.133,0.314,0.349,0.278,0.267,0.203,18.0,83.0,88.8,10.5,-4.3,68.37683044237907,7.1215685,74.0,201.1290322580645,28.0,0.3107344632768362,0.4732620320855615,0.5267379679144385,4.506024096385542
"Meyers, Jake",2023,0.217,0.217,0.245,0.434,0.31,0.254,0.173,18.0,83.0,83.1,13.9,-4.9,68.37683044237907,7.1215685,74.0,201.1290322580645,27.0,0.29608938547486036,0.468586387434555,0.5314136125654451,4.602409638554217
"Friedl, TJ",2022,0.217,0.217,0.205,0.435,0.289,0.236,0.179,10.0,46.0,82.4,18.4,-3.7,68.37683044237907,7.1215685,74.0,201.1290322580645,26.0,0.24074074074074073,0.4909090909090909,0.5045454545454545,4.782608695652174
"Baker, Luken",2023,0.217,0.261,0.333,0.478,0.305,0.261,0.218,5.0,23.0,93.0,23.6,-1.4,68.37683044237907,7.1215685,74.0,201.1290322580645,26.0,0.38636363636363635,0.4489795918367347,0.5510204081632653,4.260869565217392
"Wong, Connor",2023,0.217,0.13,0.327,0.348,0.266,0.225,0.173,20.0,92.0,86.3,12.9,-9.0,68.37683044237907,7.1215685,74.0,201.1290322580645,27.0,0.3694581280788177,0.5456989247311828,0.4543010752688172,4.043478260869565
"Galvis, Freddy",2020,0.217,0.0,0.294,0.217,0.325,0.358,0.232,5.0,23.0,84.6,6.8,-0.3,68.37683044237907,7.1215685,74.0,201.1290322580645,30.0,0.325,0.38095238095238093,0.6190476190476191,4.565217391304348
"Naylor, Josh",2020,0.217,0.0,0.25,0.217,0.213,0.277,0.271,5.0,23.0,80.2,20.2,-3.8,68.37683044237907,7.1215685,74.0,201.1290322580645,23.0,0.125,0.4819277108433735,0.5180722891566265,3.608695652173913
"McCann, James",2020,0.217,0.087,0.385,0.304,0.224,0.253,0.21,5.0,23.0,95.2,15.2,-3.6,68.37683044237907,7.1215685,74.0,201.1290322580645,30.0,0.34615384615384615,0.5416666666666666,0.4583333333333333,4.173913043478261
"Ibáñez, Andy",2021,0.217,0.174,0.211,0.391,0.3,0.3,0.205,10.0,46.0,85.8,14.4,-1.4,68.37683044237907,7.1215685,74.0,201.1290322580645,28.0,0.1595744680851064,0.5193370165745856,0.48066298342541436,3.9347826086956523
"Hernaiz, Darell",2024,0.217,0.043,0.25,0.261,0.289,0.332,0.227,5.0,23.0,87.4,-0.6,3.3,66.26198075,7.00712475,74.0,201.1290322580645,22.0,0.23255813953488372,0.3805309734513274,0.6194690265486725,4.913043478260869
"Conforto, Michael",2024,0.217,0.141,0.246,0.359,0.292,0.324,0.236,20.0,92.0,89.9,14.1,1.5,71.531039477,7.227606628,74.0,201.1290322580645,31.0,0.22164948453608246,0.43891402714932126,0.5610859728506787,4.804347826086956
"Santana, Carlos",2021,0.217,0.119,0.243,0.336,0.287,0.301,0.216,31.0,143.0,89.4,11.5,-8.9,68.37683044237907,7.1215685,74.0,201.1290322580645,35.0,0.22697368421052633,0.4342857142857143,0.5657142857142857,4.895104895104895
"Gallo, Joey",2020,0.216,0.243,0.261,0.459,0.347,0.342,0.21,8.0,37.0,88.9,27.3,1.3,68.37683044237907,7.1215685,74.0,201.1290322580645,26.0,0.36363636363636365,0.4583333333333333,0.5416666666666666,5.1891891891891895
"Cave, Jake",2021,0.216,0.108,0.292,0.324,0.275,0.317,0.264,8.0,37.0,85.3,9.1,0.2,68.37683044237907,7.1215685,74.0,201.1290322580645,28.0,0.28378378378378377,0.47435897435897434,0.5256410256410257,4.216216216216216
"McCann, James",2022,0.216,0.189,0.24,0.405,0.312,0.354,0.245,8.0,37.0,89.3,16.9,-0.9,68.37683044237907,7.1215685,74.0,201.1290322580645,32.0,0.36904761904761907,0.5185185185185185,0.48148148148148145,4.378378378378378
"Kim, Ha-Seong",2021,0.216,0.122,0.273,0.338,0.249,0.257,0.22,16.0,74.0,83.6,9.8,-5.6,68.37683044237907,7.1215685,74.0,201.1290322580645,25.0,0.21084337349397592,0.5203761755485894,0.47962382445141066,4.3108108108108105
"Haniger, Mitch",2023,0.216,0.176,0.303,0.392,0.303,0.314,0.232,11.0,51.0,89.4,18.5,-3.9,68.37683044237907,7.1215685,74.0,201.1290322580645,32.0,0.288135593220339,0.4701195219123506,0.5298804780876494,4.921568627450981
"Dozier, Hunter",2021,0.216,0.189,0.241,0.405,0.315,0.337,0.224,24.0,111.0,89.4,19.7,-8.6,68.37683044237907,7.1215685,74.0,201.1290322580645,29.0,0.296,0.4911591355599214,0.5088408644400786,4.585585585585585
"Schwarber, Kyle",2023,0.216,0.338,0.2,0.554,0.377,0.367,0.213,30.0,139.0,93.4,19.6,8.9,68.37683044237907,7.1215685,74.0,201.1290322580645,30.0,0.3041958041958042,0.3907103825136612,0.6092896174863388,5.266187050359712
"Singleton, Jon",2024,0.216,0.189,0.231,0.405,0.308,0.342,0.253,16.0,74.0,87.7,11.0,-4.6,70.2746,7.137179424,74.0,201.1290322580645,32.0,0.33098591549295775,0.42011834319526625,0.5798816568047337,4.5675675675675675
"Reyes, Victor",2020,0.216,0.027,0.276,0.243,0.238,0.397,0.35,8.0,37.0,91.3,13.9,-0.2,68.37683044237907,7.1215685,74.0,201.1290322580645,25.0,0.24719101123595505,0.6267605633802817,0.3732394366197183,3.8378378378378377
"Sosa, Edmundo",2023,0.216,0.095,0.288,0.311,0.265,0.271,0.214,16.0,74.0,83.3,11.1,-7.4,68.37683044237907,7.1215685,74.0,201.1290322580645,27.0,0.29,0.625,0.375,4.324324324324325
"Rivera, Emmanuel",2022,0.215,0.19,0.313,0.405,0.308,0.285,0.199,17.0,79.0,92.3,3.7,-0.3,68.37683044237907,7.1215685,74.0,201.1290322580645,26.0,0.3076923076923077,0.49415204678362573,0.5058479532163743,4.329113924050633
"Neto, Zach",2023,0.215,0.123,0.289,0.338,0.282,0.278,0.204,14.0,65.0,85.4,14.4,-6.8,68.37683044237907,7.1215685,74.0,201.1290322580645,22.0,0.296969696969697,0.5463576158940397,0.45364238410596025,4.6461538461538465
"Urías, Ramón",2022,0.215,0.075,0.25,0.29,0.239,0.234,0.192,20.0,93.0,83.8,8.9,-12.1,68.37683044237907,7.1215685,74.0,201.1290322580645,28.0,0.2923076923076923,0.5327868852459017,0.4672131147540984,3.935483870967742
"Taveras, Leody",2024,0.214,0.116,0.239,0.33,0.269,0.283,0.21,24.0,112.0,86.5,19.4,-6.7,68.130153272,7.317783318,74.0,201.1290322580645,25.0,0.2603305785123967,0.51931330472103,0.48068669527896996,4.160714285714286
"Stubbs, Garrett",2021,0.214,0.143,0.25,0.357,0.27,0.235,0.203,3.0,14.0,76.0,2.4,-2.2,68.37683044237907,7.1215685,74.0,201.1290322580645,28.0,0.15384615384615385,0.5652173913043478,0.43478260869565216,3.2857142857142856
"Olson, Matt",2020,0.214,0.3,0.25,0.514,0.348,0.342,0.207,15.0,70.0,92.5,19.0,4.0,68.37683044237907,7.1215685,74.0,201.1290322580645,26.0,0.37681159420289856,0.4495114006514658,0.5504885993485342,4.385714285714286
"Odom, Joseph",2020,0.214,0.0,0.429,0.214,0.223,0.162,0.123,3.0,14.0,81.2,19.3,-1.9,68.37683044237907,7.1215685,74.0,201.1290322580645,28.0,0.3333333333333333,0.4166666666666667,0.5833333333333334,5.142857142857143
"Dalbec, Bobby",2020,0.214,0.179,0.417,0.393,0.332,0.207,0.098,6.0,28.0,84.7,12.1,-1.0,68.37683044237907,7.1215685,74.0,201.1290322580645,25.0,0.45588235294117646,0.49635036496350365,0.5036496350364964,4.892857142857143
"Dezenzo, Zach",2024,0.214,0.071,0.333,0.286,0.247,0.302,0.227,3.0,14.0,84.7,16.0,1.9,72.06364,7.055165357,74.0,201.1290322580645,24.0,0.42857142857142855,0.49122807017543857,0.5087719298245614,4.071428571428571
"Gonzales, Nick",2023,0.214,0.286,0.217,0.5,0.301,0.285,0.205,6.0,28.0,83.7,3.8,-1.8,68.37683044237907,7.1215685,74.0,201.1290322580645,24.0,0.35384615384615387,0.5855855855855856,0.4144144144144144,3.9642857142857144
"Frazier, Adam",2020,0.214,0.119,0.242,0.333,0.273,0.28,0.226,9.0,42.0,85.1,14.2,-1.7,68.37683044237907,7.1215685,74.0,201.1290322580645,28.0,0.16901408450704225,0.46710526315789475,0.5328947368421053,3.619047619047619
"Brosseau, Mike",2023,0.214,0.071,0.375,0.286,0.247,0.197,0.166,3.0,14.0,75.6,5.7,-1.2,68.37683044237907,7.1215685,74.0,201.1290322580645,29.0,0.3548387096774194,0.5166666666666667,0.48333333333333334,4.285714285714286
"Pujols, Albert",2020,0.214,0.19,0.219,0.405,0.262,0.278,0.224,9.0,42.0,85.9,19.5,-0.8,68.37683044237907,7.1215685,75.0,225.0,40.0,0.24096385542168675,0.538961038961039,0.461038961038961,3.6666666666666665
"Mondesi, Adalberto",2022,0.214,0.0,0.333,0.214,0.252,0.235,0.181,3.0,14.0,68.8,-13.2,-2.7,68.37683044237907,7.1215685,74.0,201.1290322580645,26.0,0.4074074074074074,0.48214285714285715,0.5178571428571429,4.0
"Romine, Austin",2021,0.214,0.143,0.3,0.357,0.24,0.141,0.139,3.0,14.0,81.4,19.2,-0.8,68.37683044237907,7.1215685,74.0,201.1290322580645,32.0,0.3333333333333333,0.5454545454545454,0.45454545454545453,3.142857142857143
"Adrianza, Ehire",2022,0.214,0.036,0.231,0.25,0.242,0.321,0.292,6.0,28.0,82.7,11.6,-5.1,68.37683044237907,7.1215685,74.0,201.1290322580645,32.0,0.16363636363636364,0.5188679245283019,0.4811320754716981,3.7857142857142856
"McMahon, Ryan",2023,0.214,0.198,0.262,0.412,0.305,0.325,0.236,28.0,131.0,87.7,8.7,-4.7,68.37683044237907,7.1215685,74.0,201.1290322580645,28.0,0.3288135593220339,0.4697452229299363,0.5302547770700637,4.793893129770993
"Story, Trevor",2024,0.214,0.071,0.375,0.286,0.287,0.255,0.173,6.0,28.0,83.0,10.4,-3.3,66.959135652,7.09583913,74.0,201.1290322580645,31.0,0.3582089552238806,0.536,0.464,4.464285714285714
"Volpe, Anthony",2024,0.214,0.135,0.247,0.349,0.277,0.289,0.225,27.0,126.0,85.7,11.5,-4.4,66.835919245,7.032971259,74.0,201.1290322580645,23.0,0.23183391003460208,0.507908611599297,0.492091388400703,4.515873015873016
"Stephenson, Tyler",2023,0.214,0.124,0.265,0.338,0.284,0.315,0.241,31.0,145.0,85.9,10.1,-11.6,68.37683044237907,7.1215685,74.0,201.1290322580645,26.0,0.2786259541984733,0.4246353322528363,0.5753646677471637,4.255172413793104
"Voit, Luke",2022,0.214,0.222,0.241,0.437,0.307,0.345,0.245,27.0,126.0,89.3,19.1,-5.2,68.37683044237907,7.1215685,74.0,201.1290322580645,31.0,0.39805825242718446,0.5638686131386861,0.43613138686131386,4.349206349206349
"Santana, Carlos",2024,0.214,0.236,0.216,0.45,0.332,0.329,0.221,30.0,140.0,87.9,19.2,-2.4,69.28301515,7.519655316,74.0,201.1290322580645,38.0,0.2866043613707165,0.4527503526093089,0.5472496473906912,5.064285714285714
"Farmer, Kyle",2020,0.214,0.143,0.273,0.357,0.297,0.347,0.218,3.0,14.0,94.5,26.6,0.1,68.37683044237907,7.1215685,74.0,201.1290322580645,27.0,0.13793103448275862,0.453125,0.546875,4.571428571428571
"Trout, Mike",2023,0.214,0.157,0.279,0.371,0.311,0.369,0.253,15.0,70.0,88.8,14.0,-3.5,68.37683044237907,7.1215685,74.0,201.1290322580645,31.0,0.29375,0.46920821114369504,0.530791788856305,4.871428571428571
"Mathisen, Wyatt",2021,0.214,0.0,0.3,0.214,0.288,0.319,0.242,3.0,14.0,92.9,18.4,-0.6,68.37683044237907,7.1215685,74.0,201.1290322580645,27.0,0.3939393939393939,0.4852941176470588,0.5147058823529411,4.857142857142857
"Walton, Donovan",2021,0.214,0.357,0.25,0.571,0.365,0.308,0.234,3.0,14.0,77.1,3.3,2.3,68.37683044237907,7.1215685,74.0,201.1290322580645,27.0,0.25,0.5,0.5,4.571428571428571
"Massey, Michael",2023,0.214,0.165,0.231,0.379,0.272,0.28,0.222,22.0,103.0,84.7,18.3,-5.8,68.37683044237907,7.1215685,74.0,201.1290322580645,25.0,0.2261904761904762,0.5373134328358209,0.4626865671641791,4.553398058252427
"Cave, Jake",2022,0.214,0.071,0.29,0.286,0.237,0.318,0.261,9.0,42.0,90.9,14.0,-3.7,68.37683044237907,7.1215685,74.0,201.1290322580645,29.0,0.3364485981308411,0.5661375661375662,0.43386243386243384,4.5
"Hermosillo, Michael",2022,0.214,0.143,0.429,0.357,0.364,0.362,0.216,3.0,14.0,81.2,4.4,0.1,68.37683044237907,7.1215685,74.0,201.1290322580645,27.0,0.4594594594594595,0.44047619047619047,0.5595238095238095,6.0
"Barnes, Austin",2020,0.214,0.143,0.217,0.357,0.263,0.25,0.188,6.0,28.0,81.6,17.4,-3.7,68.37683044237907,7.1215685,74.0,201.1290322580645,30.0,0.21875,0.5203252032520326,0.4796747967479675,4.392857142857143
"Guzmán, Ronald",2020,0.214,0.0,0.3,0.214,0.281,0.321,0.246,3.0,14.0,86.6,18.6,1.4,68.37683044237907,7.1215685,74.0,201.1290322580645,27.0,0.21875,0.5079365079365079,0.49206349206349204,4.5
"Walker, Jordan",2024,0.214,0.071,0.346,0.286,0.264,0.23,0.154,9.0,42.0,90.0,7.2,-4.3,75.220750816,8.222788878,74.0,201.1290322580645,22.0,0.3942307692307692,0.5,0.5,4.9523809523809526
"Wheeler, Zack",2021,0.214,0.071,0.429,0.286,0.214,0.137,0.144,3.0,14.0,70.2,-15.6,-2.1,68.37683044237907,7.1215685,74.0,201.1290322580645,27.0,0.3333333333333333,0.5625,0.4375,3.4285714285714284
"Castro, Jason",2021,0.214,0.119,0.381,0.333,0.328,0.336,0.221,9.0,42.0,84.6,4.9,0.3,68.37683044237907,7.1215685,74.0,201.1290322580645,34.0,0.3258426966292135,0.3852813852813853,0.6147186147186147,5.5
"Trevino, Jose",2020,0.214,0.071,0.214,0.286,0.218,0.303,0.192,3.0,14.0,85.7,12.5,-4.0,68.37683044237907,7.1215685,74.0,201.1290322580645,27.0,0.20689655172413793,0.46774193548387094,0.532258064516129,4.428571428571429
"Robles, Victor",2023,0.214,0.071,0.3,0.286,0.289,0.258,0.176,6.0,28.0,80.3,-3.7,-4.1,68.37683044237907,7.1215685,74.0,201.1290322580645,26.0,0.3026315789473684,0.5467625899280576,0.45323741007194246,4.964285714285714
"Goodman, Hunter",2024,0.214,0.25,0.211,0.464,0.296,0.348,0.277,12.0,56.0,87.0,9.5,-2.9,73.138068257,7.102353211,74.0,201.1290322580645,24.0,0.3548387096774194,0.6048780487804878,0.3951219512195122,3.6607142857142856
"De La Cruz, Bryan",2024,0.214,0.103,0.28,0.317,0.253,0.28,0.225,27.0,126.0,90.6,13.5,-9.2,70.866273033,7.65614959,74.0,201.1290322580645,27.0,0.28308823529411764,0.5220729366602687,0.4779270633397313,4.134920634920635
"Mateo, Jorge",2022,0.214,0.154,0.273,0.368,0.289,0.305,0.227,25.0,117.0,85.3,14.1,-6.7,68.37683044237907,7.1215685,74.0,201.1290322580645,27.0,0.33707865168539325,0.5482546201232033,0.4517453798767967,4.162393162393163
"Mullins, Cedric",2021,0.213,0.128,0.247,0.34,0.273,0.292,0.227,20.0,94.0,87.5,11.6,-2.2,68.37683044237907,7.1215685,74.0,201.1290322580645,26.0,0.25252525252525254,0.48058252427184467,0.5194174757281553,4.382978723404255
"Heyward, Jason",2023,0.213,0.107,0.238,0.32,0.273,0.284,0.215,16.0,75.0,85.9,13.7,-1.8,68.37683044237907,7.1215685,74.0,201.1290322580645,33.0,0.22077922077922077,0.4827586206896552,0.5172413793103449,4.253333333333333
"Escobar, Eduardo",2020,0.213,0.115,0.224,0.328,0.258,0.329,0.274,13.0,61.0,87.0,19.3,-6.3,68.37683044237907,7.1215685,74.0,201.1290322580645,31.0,0.20567375886524822,0.5617529880478087,0.43824701195219123,4.114754098360656
"Stevenson, Andrew",2021,0.213,0.149,0.258,0.362,0.289,0.314,0.232,10.0,47.0,89.6,6.3,-3.4,68.37683044237907,7.1215685,74.0,201.1290322580645,27.0,0.36633663366336633,0.505,0.495,4.25531914893617
"Candelario, Jeimer",2024,0.213,0.222,0.234,0.435,0.307,0.279,0.214,23.0,108.0,86.1,16.2,-2.4,66.643378791,7.70259414,74.0,201.1290322580645,30.0,0.2597402597402597,0.4967741935483871,0.5032258064516129,4.305555555555555
"Phillips, Brett",2021,0.213,0.333,0.323,0.547,0.335,0.263,0.148,16.0,75.0,89.1,21.9,2.2,68.37683044237907,7.1215685,74.0,201.1290322580645,27.0,0.40372670807453415,0.4680232558139535,0.5319767441860465,4.586666666666667
"Slater, Austin",2021,0.213,0.18,0.238,0.393,0.301,0.365,0.282,13.0,61.0,86.7,8.5,-3.9,68.37683044237907,7.1215685,74.0,201.1290322580645,28.0,0.2887323943661972,0.5144927536231884,0.4855072463768116,4.524590163934426
"Harrison, Josh",2022,0.213,0.124,0.25,0.337,0.278,0.256,0.196,19.0,89.0,84.6,13.5,-10.4,68.37683044237907,7.1215685,74.0,201.1290322580645,34.0,0.2706422018348624,0.5618556701030928,0.4381443298969072,4.359550561797753
"Berti, Jon",2021,0.213,0.128,0.25,0.34,0.311,0.305,0.208,10.0,47.0,79.2,-0.2,-0.1,68.37683044237907,7.1215685,74.0,201.1290322580645,31.0,0.22522522522522523,0.43700787401574803,0.562992125984252,5.404255319148936
"Berti, Jon",2023,0.213,0.083,0.262,0.296,0.252,0.303,0.262,23.0,108.0,85.6,0.2,-14.3,68.37683044237907,7.1215685,74.0,201.1290322580645,33.0,0.20093457943925233,0.49537037037037035,0.5046296296296297,4.0
"Upton, Justin",2021,0.213,0.147,0.241,0.36,0.311,0.34,0.234,16.0,75.0,90.5,19.0,-4.3,68.37683044237907,7.1215685,74.0,201.1290322580645,33.0,0.3181818181818182,0.4595300261096606,0.5404699738903395,5.1066666666666665
"Polanco, Jorge",2024,0.213,0.064,0.275,0.277,0.269,0.294,0.218,20.0,94.0,88.5,21.2,-6.3,67.386984098,7.045740437,74.0,201.1290322580645,30.0,0.2617801047120419,0.46472019464720193,0.5352798053527981,4.372340425531915
"Aquino, Aristides",2022,0.213,0.197,0.294,0.41,0.303,0.25,0.181,13.0,61.0,84.8,9.7,-2.5,68.37683044237907,7.1215685,74.0,201.1290322580645,28.0,0.44025157232704404,0.5760869565217391,0.42391304347826086,4.524590163934426
"Burleson, Alec",2023,0.213,0.093,0.238,0.307,0.24,0.276,0.223,16.0,75.0,86.8,11.7,-13.6,68.37683044237907,7.1215685,74.0,201.1290322580645,24.0,0.20689655172413793,0.506993006993007,0.493006993006993,3.8133333333333335
"Schneemann, Daniel",2024,0.213,0.149,0.281,0.362,0.279,0.263,0.183,10.0,47.0,88.2,9.8,-5.4,69.812777851,6.966712645,74.0,201.1290322580645,27.0,0.32786885245901637,0.5281385281385281,0.47186147186147187,4.914893617021277
"Suwinski, Jack",2024,0.212,0.197,0.256,0.409,0.295,0.298,0.224,14.0,66.0,87.2,11.9,-3.9,69.916271698,7.066036321,74.0,201.1290322580645,25.0,0.26618705035971224,0.5054545454545455,0.49454545454545457,4.166666666666667
"Renfroe, Hunter",2020,0.212,0.212,0.261,0.424,0.302,0.31,0.216,7.0,33.0,91.5,21.6,0.0,68.37683044237907,7.1215685,74.0,201.1290322580645,28.0,0.2903225806451613,0.41333333333333333,0.5866666666666667,4.545454545454546
"Smith, Pavin",2022,0.212,0.152,0.216,0.364,0.255,0.278,0.197,14.0,66.0,83.5,14.9,-1.1,68.37683044237907,7.1215685,74.0,201.1290322580645,26.0,0.20610687022900764,0.5303643724696356,0.46963562753036436,3.742424242424242
"Thaiss, Matt",2024,0.212,0.121,0.35,0.333,0.331,0.342,0.216,7.0,33.0,85.0,10.7,-0.2,69.884365341,7.720582045,74.0,201.1290322580645,29.0,0.43478260869565216,0.4842105263157895,0.5157894736842106,5.757575757575758
"Gonzalez, Romy",2024,0.212,0.288,0.175,0.5,0.29,0.354,0.277,11.0,52.0,91.1,6.0,-0.6,72.605700374,6.921125421,74.0,201.1290322580645,27.0,0.22935779816513763,0.5396039603960396,0.4603960396039604,3.8846153846153846
"Manzardo, Kyle",2024,0.212,0.152,0.24,0.364,0.238,0.229,0.192,7.0,33.0,86.7,16.3,-3.9,68.767222034,7.432077797,74.0,201.1290322580645,23.0,0.3050847457627119,0.5363636363636364,0.4636363636363636,3.3333333333333335
"Cordero, Franchy",2021,0.212,0.121,0.333,0.333,0.28,0.291,0.231,7.0,33.0,89.5,9.0,2.3,68.37683044237907,7.1215685,74.0,201.1290322580645,26.0,0.3875,0.5194805194805194,0.4805194805194805,4.666666666666667
"Caratini, Victor",2024,0.212,0.138,0.255,0.35,0.258,0.269,0.218,17.0,80.0,91.0,9.5,-7.5,70.512389527,6.943743373,74.0,201.1290322580645,30.0,0.2655367231638418,0.4957983193277311,0.5042016806722689,4.4625
"Martinez, J.D.",2020,0.212,0.212,0.29,0.423,0.284,0.289,0.204,11.0,52.0,89.1,24.3,-6.0,68.37683044237907,7.1215685,74.0,201.1290322580645,32.0,0.3333333333333333,0.5633187772925764,0.4366812227074236,4.403846153846154
"Heyward, Jason",2021,0.212,0.091,0.271,0.303,0.277,0.313,0.244,14.0,66.0,88.0,2.2,-7.3,68.37683044237907,7.1215685,74.0,201.1290322580645,31.0,0.319672131147541,0.45018450184501846,0.5498154981549815,4.106060606060606
"Calhoun, Willie",2024,0.212,0.115,0.214,0.327,0.281,0.311,0.245,11.0,52.0,91.3,7.3,-3.1,68.128982556,6.423170333,74.0,201.1290322580645,29.0,0.1326530612244898,0.43946188340807174,0.5605381165919282,4.288461538461538
"Biggio, Cavan",2024,0.212,0.058,0.345,0.269,0.259,0.251,0.198,11.0,52.0,78.6,22.4,-6.8,62.691212235,6.655448,74.0,201.1290322580645,29.0,0.27722772277227725,0.4190871369294606,0.5809128630705395,4.634615384615385
"Refsnyder, Rob",2022,0.212,0.242,0.25,0.455,0.338,0.352,0.213,7.0,33.0,92.3,21.0,0.6,68.37683044237907,7.1215685,74.0,201.1290322580645,31.0,0.27906976744186046,0.45989304812834225,0.5401069518716578,5.666666666666667
"Palacios, Richie",2022,0.212,0.121,0.259,0.333,0.276,0.303,0.236,7.0,33.0,80.2,14.1,-3.9,68.37683044237907,7.1215685,74.0,201.1290322580645,25.0,0.14473684210526316,0.4444444444444444,0.5555555555555556,5.181818181818182
"Naylor, Bo",2023,0.212,0.231,0.216,0.442,0.352,0.331,0.202,11.0,52.0,86.9,25.8,-1.2,68.37683044237907,7.1215685,74.0,201.1290322580645,23.0,0.24615384615384617,0.44368600682593856,0.5563139931740614,5.634615384615385
"Ramírez, José",2023,0.212,0.141,0.212,0.353,0.272,0.348,0.285,33.0,156.0,89.3,17.3,-14.1,68.37683044237907,7.1215685,74.0,201.1290322580645,30.0,0.17973856209150327,0.4714946070878274,0.5285053929121726,4.160256410256411
"Robert Jr., Luis",2023,0.212,0.195,0.263,0.407,0.289,0.289,0.221,25.0,118.0,86.1,14.2,1.9,68.37683044237907,7.1215685,74.0,201.1290322580645,25.0,0.3767123287671233,0.5875251509054326,0.4124748490945674,4.211864406779661
"Pinder, Chad",2021,0.212,0.154,0.273,0.365,0.271,0.346,0.249,11.0,52.0,93.4,9.3,-2.5,68.37683044237907,7.1215685,74.0,201.1290322580645,29.0,0.28703703703703703,0.5320197044334976,0.46798029556650245,3.9038461538461537
"Knapp, Andrew",2021,0.212,0.0,0.333,0.212,0.235,0.24,0.184,7.0,33.0,80.0,7.0,-5.9,68.37683044237907,7.1215685,74.0,201.1290322580645,29.0,0.2916666666666667,0.588957055214724,0.4110429447852761,4.9393939393939394
"Kepler, Max",2021,0.212,0.135,0.241,0.346,0.297,0.329,0.227,22.0,104.0,86.2,17.8,-4.6,68.37683044237907,7.1215685,74.0,201.1290322580645,28.0,0.25365853658536586,0.43897216274089934,0.5610278372591007,4.490384615384615
"Grandal, Yasmani",2022,0.212,0.013,0.27,0.225,0.27,0.297,0.216,17.0,80.0,86.2,13.2,-5.8,68.37683044237907,7.1215685,74.0,201.1290322580645,33.0,0.24074074074074073,0.3707093821510298,0.6292906178489702,5.4625
"Ward, Taylor",2023,0.211,0.127,0.228,0.338,0.261,0.277,0.21,15.0,71.0,87.4,14.6,-9.0,68.37683044237907,7.1215685,74.0,201.1290322580645,29.0,0.22077922077922077,0.47384615384615386,0.5261538461538462,4.577464788732394
"McBroom, Ryan",2020,0.211,0.0,0.4,0.211,0.211,0.182,0.163,4.0,19.0,80.6,13.1,-2.8,68.37683044237907,7.1215685,74.0,201.1290322580645,27.0,0.4473684210526316,0.4810126582278481,0.5189873417721519,4.157894736842105
"Diaz, Jordan",2023,0.211,0.053,0.286,0.263,0.248,0.286,0.239,12.0,57.0,87.4,5.0,-4.3,68.37683044237907,7.1215685,74.0,201.1290322580645,22.0,0.2962962962962963,0.5578512396694215,0.44214876033057854,4.245614035087719
"Vierling, Matt",2023,0.211,0.083,0.263,0.294,0.276,0.302,0.235,23.0,109.0,88.1,1.9,-7.4,68.37683044237907,7.1215685,74.0,201.1290322580645,26.0,0.20454545454545456,0.43912175648702595,0.5608782435129741,4.5963302752293576
"Marisnick, Jake",2023,0.211,0.211,0.25,0.421,0.311,0.327,0.211,4.0,19.0,85.8,31.4,-1.3,68.37683044237907,7.1215685,74.0,201.1290322580645,32.0,0.26666666666666666,0.5309734513274337,0.4690265486725664,5.947368421052632
"Schwarber, Kyle",2020,0.211,0.368,0.211,0.579,0.373,0.391,0.243,8.0,38.0,92.5,16.0,-2.0,68.37683044237907,7.1215685,74.0,201.1290322580645,27.0,0.30337078651685395,0.4517766497461929,0.5482233502538071,5.184210526315789
"La Stella, Tommy",2022,0.211,0.132,0.233,0.342,0.28,0.289,0.224,8.0,38.0,86.2,14.2,-3.3,68.37683044237907,7.1215685,74.0,201.1290322580645,33.0,0.2191780821917808,0.3967391304347826,0.6032608695652174,4.842105263157895
"Heredia, Guillermo",2022,0.211,0.105,0.333,0.316,0.27,0.224,0.153,4.0,19.0,81.2,29.9,-1.6,68.37683044237907,7.1215685,74.0,201.1290322580645,27.0,0.34,0.5617977528089888,0.43820224719101125,4.684210526315789
"Vogt, Stephen",2020,0.211,0.105,0.267,0.316,0.235,0.304,0.229,4.0,19.0,88.9,21.4,-3.2,68.37683044237907,7.1215685,74.0,201.1290322580645,35.0,0.17647058823529413,0.5151515151515151,0.48484848484848486,3.473684210526316
"Estrada, Thairo",2024,0.211,0.147,0.222,0.358,0.254,0.254,0.223,20.0,95.0,84.7,9.0,-7.6,67.97340245,7.018192781,74.0,201.1290322580645,28.0,0.17159763313609466,0.5540983606557377,0.4459016393442623,3.210526315789474
"Cowser, Colton",2024,0.211,0.164,0.28,0.375,0.271,0.302,0.215,27.0,128.0,90.2,13.1,-11.5,72.226438498,6.9655283,74.0,201.1290322580645,24.0,0.34962406015037595,0.48717948717948717,0.5128205128205128,4.265625
"Maybin, Cameron",2020,0.211,0.105,0.308,0.316,0.288,0.296,0.244,4.0,19.0,83.2,-2.8,-2.2,68.37683044237907,7.1215685,74.0,201.1290322580645,33.0,0.3157894736842105,0.5135135135135135,0.4864864864864865,3.8947368421052633
"Rivera, Emmanuel",2024,0.211,0.141,0.241,0.352,0.274,0.304,0.205,15.0,71.0,90.2,9.6,-7.8,67.781567037,6.72350463,74.0,201.1290322580645,28.0,0.29518072289156627,0.5076452599388379,0.4923547400611621,4.605633802816901
"Vogelbach, Daniel",2024,0.211,0.105,0.25,0.316,0.306,0.386,0.284,4.0,19.0,86.4,12.0,0.9,72.353091739,7.612329565,74.0,201.1290322580645,31.0,0.1111111111111111,0.30337078651685395,0.6966292134831461,4.684210526315789
"Dickerson, Corey",2023,0.211,0.105,0.233,0.316,0.253,0.229,0.188,8.0,38.0,88.3,7.6,-4.3,68.37683044237907,7.1215685,74.0,201.1290322580645,34.0,0.23255813953488372,0.6142857142857143,0.38571428571428573,3.6842105263157894
"García, Avisaíl",2022,0.211,0.156,0.227,0.367,0.282,0.327,0.244,19.0,90.0,88.2,6.6,-8.8,68.37683044237907,7.1215685,74.0,201.1290322580645,31.0,0.33816425120772947,0.5864022662889519,0.41359773371104813,3.922222222222222
"Garcia, Aramis",2022,0.211,0.0,0.286,0.211,0.211,0.172,0.151,4.0,19.0,79.2,16.6,-3.4,68.37683044237907,7.1215685,74.0,201.1290322580645,29.0,0.35135135135135137,0.5138888888888888,0.4861111111111111,3.789473684210526
"Jansen, Danny",2024,0.211,0.193,0.217,0.404,0.34,0.306,0.168,12.0,57.0,88.0,22.4,-0.8,65.60636,6.816302124,74.0,201.1290322580645,29.0,0.21551724137931033,0.37662337662337664,0.6233766233766234,5.4035087719298245
"Mateo, Jorge",2023,0.211,0.169,0.232,0.38,0.283,0.276,0.23,15.0,71.0,82.6,10.6,-2.8,68.37683044237907,7.1215685,74.0,201.1290322580645,28.0,0.21875,0.5536332179930796,0.4463667820069204,4.070422535211268
"Cabrera, Asdrúbal",2021,0.211,0.133,0.258,0.344,0.286,0.291,0.211,19.0,90.0,87.2,21.1,-3.4,68.37683044237907,7.1215685,74.0,201.1290322580645,35.0,0.27358490566037735,0.5023696682464455,0.4976303317535545,4.688888888888889
"Peterson, Jace",2022,0.211,0.158,0.262,0.368,0.281,0.287,0.222,12.0,57.0,88.2,11.2,-5.7,68.37683044237907,7.1215685,74.0,201.1290322580645,32.0,0.2824427480916031,0.42810457516339867,0.5718954248366013,5.368421052631579
"McCormick, Chas",2024,0.211,0.07,0.311,0.282,0.235,0.264,0.214,15.0,71.0,83.3,16.4,-7.0,68.197458986,7.339520405,74.0,201.1290322580645,29.0,0.3878787878787879,0.5536912751677853,0.4463087248322148,4.197183098591549
"Edwards, Xavier",2023,0.211,0.0,0.235,0.211,0.257,0.31,0.251,4.0,19.0,79.4,12.0,-2.1,68.37683044237907,7.1215685,74.0,201.1290322580645,23.0,0.14634146341463414,0.5189873417721519,0.4810126582278481,4.157894736842105
"Nevin, Tyler",2022,0.211,0.132,0.269,0.342,0.305,0.311,0.213,8.0,38.0,89.5,17.0,-1.8,68.37683044237907,7.1215685,74.0,201.1290322580645,25.0,0.3020833333333333,0.4304932735426009,0.5695067264573991,5.868421052631579
"Pinto, René",2022,0.211,0.0,0.364,0.211,0.211,0.235,0.218,4.0,19.0,84.3,8.5,-2.7,68.37683044237907,7.1215685,74.0,201.1290322580645,25.0,0.4090909090909091,0.6376811594202898,0.36231884057971014,3.6315789473684212
"Melendez, MJ",2023,0.211,0.128,0.276,0.339,0.299,0.305,0.199,23.0,109.0,91.9,17.0,-7.5,68.37683044237907,7.1215685,74.0,201.1290322580645,24.0,0.3629032258064516,0.47692307692307695,0.5230769230769231,4.770642201834862
"Marte, Ketel",2022,0.21,0.14,0.241,0.35,0.305,0.324,0.222,21.0,100.0,91.2,17.4,-1.0,68.37683044237907,7.1215685,74.0,201.1290322580645,28.0,0.2398190045248869,0.46041666666666664,0.5395833333333333,4.8
"Heyward, Jason",2024,0.21,0.323,0.178,0.532,0.313,0.273,0.235,13.0,62.0,88.9,12.4,1.2,72.360995556,8.177144593,74.0,201.1290322580645,34.0,0.2152777777777778,0.5901639344262295,0.4098360655737705,3.935483870967742
"Contreras, Willson",2024,0.21,0.081,0.267,0.29,0.324,0.326,0.207,13.0,62.0,85.5,8.0,-3.0,73.499895984,7.717357087,74.0,201.1290322580645,32.0,0.35036496350364965,0.44336569579288027,0.5566343042071198,4.983870967741935
"Varsho, Daulton",2024,0.21,0.286,0.241,0.495,0.333,0.268,0.178,22.0,105.0,85.1,21.8,-1.5,71.146142655,7.474269115,74.0,201.1290322580645,27.0,0.31275720164609055,0.504149377593361,0.495850622406639,4.59047619047619
"Lee, Korey",2024,0.21,0.148,0.269,0.358,0.253,0.219,0.199,17.0,81.0,86.0,9.0,-7.2,67.86575858,6.926743889,74.0,201.1290322580645,25.0,0.3583815028901734,0.6178571428571429,0.3821428571428571,3.45679012345679
"Escobar, Eduardo",2022,0.21,0.167,0.24,0.377,0.277,0.292,0.226,29.0,138.0,87.6,22.8,-10.8,68.37683044237907,7.1215685,74.0,201.1290322580645,33.0,0.2634920634920635,0.5189456342668863,0.48105436573311366,4.398550724637682
"Isbel, Kyle",2022,0.21,0.113,0.293,0.323,0.274,0.256,0.204,13.0,62.0,84.6,8.8,-6.6,68.37683044237907,7.1215685,74.0,201.1290322580645,25.0,0.26495726495726496,0.4642857142857143,0.5317460317460317,4.064516129032258
"Pollock, AJ",2020,0.209,0.186,0.212,0.395,0.278,0.297,0.213,9.0,43.0,91.5,11.8,-4.0,68.37683044237907,7.1215685,74.0,201.1290322580645,32.0,0.21686746987951808,0.4853801169590643,0.5146198830409356,3.9767441860465116
"Santana, Carlos",2022,0.209,0.151,0.227,0.36,0.359,0.396,0.251,18.0,86.0,91.2,14.9,6.8,68.37683044237907,7.1215685,74.0,201.1290322580645,36.0,0.24858757062146894,0.35470941883767537,0.6452905811623246,5.8023255813953485
"Gonzalez, Oscar",2023,0.209,0.116,0.235,0.326,0.222,0.237,0.21,9.0,43.0,85.7,4.0,-5.9,68.37683044237907,7.1215685,74.0,201.1290322580645,25.0,0.2815533980582524,0.6280487804878049,0.3719512195121951,3.813953488372093
"Moore, Dylan",2023,0.209,0.14,0.333,0.349,0.294,0.305,0.204,9.0,43.0,91.1,21.0,-3.1,68.37683044237907,7.1215685,74.0,201.1290322580645,30.0,0.29896907216494845,0.4801980198019802,0.5198019801980198,4.6976744186046515
"Hernández, Enrique",2024,0.209,0.174,0.221,0.384,0.292,0.279,0.201,18.0,86.0,86.3,26.1,-4.5,67.603157011,7.065745109,74.0,201.1290322580645,32.0,0.27918781725888325,0.5090439276485789,0.4909560723514212,4.5
"Rodríguez, Endy",2023,0.209,0.07,0.3,0.279,0.263,0.276,0.215,9.0,43.0,88.0,12.9,-4.9,68.37683044237907,7.1215685,74.0,201.1290322580645,23.0,0.25555555555555554,0.47619047619047616,0.5238095238095238,4.395348837209302
"Dahl, David",2021,0.209,0.116,0.281,0.326,0.211,0.294,0.262,9.0,43.0,88.9,21.2,-7.1,68.37683044237907,7.1215685,74.0,201.1290322580645,27.0,0.29545454545454547,0.5641025641025641,0.4358974358974359,3.627906976744186
"Kiermaier, Kevin",2024,0.209,0.104,0.293,0.313,0.248,0.225,0.19,14.0,67.0,83.6,3.1,-8.2,65.882925954,6.790694733,74.0,201.1290322580645,34.0,0.391025641025641,0.5693430656934306,0.4306569343065693,4.08955223880597
"Raley, Luke",2023,0.209,0.151,0.302,0.36,0.3,0.254,0.171,18.0,86.0,88.5,14.6,-6.3,68.37683044237907,7.1215685,74.0,201.1290322580645,28.0,0.4075829383886256,0.5355329949238579,0.46446700507614214,4.5813953488372094
"Ramos, Henry",2023,0.208,0.125,0.294,0.333,0.28,0.224,0.154,5.0,24.0,81.5,13.5,-2.8,68.37683044237907,7.1215685,74.0,201.1290322580645,31.0,0.3137254901960784,0.6,0.4,3.5416666666666665
"Fraley, Jake",2024,0.208,0.125,0.25,0.333,0.257,0.255,0.2,15.0,72.0,87.2,12.3,-4.1,70.106267632,7.169893487,74.0,201.1290322580645,29.0,0.25153374233128833,0.5863309352517986,0.4136690647482014,3.861111111111111
"Valaika, Pat",2021,0.208,0.057,0.256,0.264,0.234,0.274,0.22,11.0,53.0,86.3,19.9,-3.9,68.37683044237907,7.1215685,74.0,201.1290322580645,28.0,0.23008849557522124,0.518348623853211,0.481651376146789,4.113207547169812
"Beer, Seth",2022,0.208,0.208,0.222,0.417,0.301,0.295,0.218,5.0,24.0,87.7,10.4,-0.6,68.37683044237907,7.1215685,74.0,201.1290322580645,25.0,0.32653061224489793,0.5,0.5,4.083333333333333
"Grisham, Trent",2020,0.208,0.229,0.241,0.438,0.323,0.359,0.25,10.0,48.0,82.2,3.6,-1.4,68.37683044237907,7.1215685,74.0,201.1290322580645,23.0,0.28431372549019607,0.44933920704845814,0.5506607929515418,4.729166666666667
"Torkelson, Spencer",2023,0.208,0.164,0.237,0.371,0.286,0.321,0.236,33.0,159.0,91.3,16.3,-10.9,68.37683044237907,7.1215685,74.0,201.1290322580645,23.0,0.2644628099173554,0.5048678720445062,0.4951321279554937,4.522012578616352
"McKinstry, Zach",2024,0.208,0.104,0.225,0.313,0.273,0.328,0.266,10.0,48.0,85.3,11.5,-4.6,63.415784074,6.489488765,74.0,201.1290322580645,29.0,0.18604651162790697,0.4321608040201005,0.5678391959798995,4.145833333333333
"Bradley Jr., Jackie",2020,0.208,0.063,0.286,0.271,0.248,0.233,0.172,10.0,48.0,88.5,6.5,-3.8,68.37683044237907,7.1215685,74.0,201.1290322580645,30.0,0.2736842105263158,0.46116504854368934,0.5388349514563107,4.291666666666667
"Soler, Jorge",2022,0.208,0.264,0.206,0.472,0.366,0.384,0.228,11.0,53.0,91.9,11.6,0.3,68.37683044237907,7.1215685,74.0,201.1290322580645,30.0,0.32075471698113206,0.3940520446096654,0.6059479553903345,5.0754716981132075
"McCarthy, Jake",2023,0.208,0.038,0.275,0.245,0.265,0.277,0.195,11.0,53.0,81.2,5.4,-5.5,68.37683044237907,7.1215685,74.0,201.1290322580645,25.0,0.25688073394495414,0.48660714285714285,0.5133928571428571,4.226415094339623
"Mullins, Cedric",2020,0.208,0.208,0.278,0.417,0.274,0.243,0.233,5.0,24.0,74.9,11.3,-1.9,68.37683044237907,7.1215685,74.0,201.1290322580645,25.0,0.1935483870967742,0.5486725663716814,0.45132743362831856,4.708333333333333
"Inciarte, Ender",2020,0.208,0.042,0.25,0.25,0.267,0.243,0.146,5.0,24.0,73.8,6.4,-4.2,68.37683044237907,7.1215685,74.0,201.1290322580645,29.0,0.2631578947368421,0.4634146341463415,0.5365853658536586,5.125
"Dalbec, Bobby",2024,0.208,0.042,0.333,0.25,0.237,0.252,0.21,5.0,24.0,83.1,3.9,-1.9,71.81275925,7.094608,74.0,201.1290322580645,29.0,0.3333333333333333,0.45918367346938777,0.5408163265306123,4.083333333333333
"Hedges, Austin",2023,0.208,0.042,0.238,0.25,0.249,0.307,0.235,10.0,48.0,81.2,8.5,-3.6,68.37683044237907,7.1215685,74.0,201.1290322580645,30.0,0.22641509433962265,0.5408163265306123,0.45918367346938777,4.083333333333333
"Casali, Curt",2021,0.208,0.146,0.308,0.354,0.323,0.33,0.219,10.0,48.0,79.8,23.8,2.4,68.37683044237907,7.1215685,74.0,201.1290322580645,32.0,0.328,0.4562043795620438,0.5437956204379562,5.708333333333333
"Kirk, Alejandro",2023,0.208,0.109,0.229,0.317,0.273,0.319,0.25,21.0,101.0,86.2,5.7,-8.2,68.37683044237907,7.1215685,74.0,201.1290322580645,24.0,0.17777777777777778,0.37267080745341613,0.6273291925465838,4.782178217821782
"McNeil, Jeff",2024,0.208,0.188,0.213,0.396,0.314,0.285,0.207,20.0,96.0,85.5,18.0,-3.6,65.681195913,7.06334187,74.0,201.1290322580645,32.0,0.2345679012345679,0.5586206896551724,0.4413793103448276,4.53125
"Belt, Brandon",2023,0.208,0.182,0.353,0.39,0.304,0.262,0.165,16.0,77.0,90.5,16.3,-7.3,68.37683044237907,7.1215685,74.0,201.1290322580645,35.0,0.40853658536585363,0.41309823677581864,0.5869017632241813,5.1558441558441555
"Simmons, Andrelton",2022,0.208,0.0,0.217,0.208,0.24,0.195,0.143,5.0,24.0,76.9,-0.4,-3.7,68.37683044237907,7.1215685,74.0,201.1290322580645,32.0,0.022727272727272728,0.4835164835164835,0.5164835164835165,3.7916666666666665
"Jansen, Danny",2021,0.208,0.113,0.27,0.321,0.3,0.307,0.22,11.0,53.0,91.0,21.5,-0.7,68.37683044237907,7.1215685,74.0,201.1290322580645,26.0,0.3114754098360656,0.5,0.5,4.60377358490566
"Flores, Wilmer",2024,0.207,0.155,0.192,0.362,0.257,0.231,0.165,12.0,58.0,82.3,23.3,-4.8,63.593706161,6.683052232,74.0,201.1290322580645,32.0,0.17424242424242425,0.5096525096525096,0.49034749034749037,4.4655172413793105
"Jeffers, Ryan",2023,0.207,0.171,0.25,0.378,0.303,0.288,0.186,17.0,82.0,84.2,13.4,-6.3,68.37683044237907,7.1215685,74.0,201.1290322580645,26.0,0.3036649214659686,0.503957783641161,0.49604221635883905,4.621951219512195
"Zunino, Mike",2023,0.207,0.241,0.333,0.448,0.324,0.257,0.163,6.0,29.0,92.8,21.3,-0.2,68.37683044237907,7.1215685,74.0,201.1290322580645,32.0,0.4177215189873418,0.47878787878787876,0.5212121212121212,5.689655172413793
"Chaparro, Andrés",2024,0.207,0.276,0.19,0.483,0.36,0.351,0.213,6.0,29.0,85.8,9.3,0.0,69.691768955,7.156143284,74.0,201.1290322580645,25.0,0.35294117647058826,0.5271317829457365,0.4728682170542636,4.448275862068965
"Barnhart, Tucker",2022,0.207,0.034,0.308,0.241,0.235,0.247,0.204,12.0,58.0,85.3,11.8,-8.2,68.37683044237907,7.1215685,74.0,201.1290322580645,31.0,0.1826086956521739,0.4791666666666667,0.5208333333333334,4.137931034482759
"Moustakas, Mike",2023,0.207,0.174,0.214,0.38,0.262,0.267,0.214,19.0,92.0,89.0,17.4,-6.8,68.37683044237907,7.1215685,74.0,201.1290322580645,34.0,0.2638888888888889,0.5386533665835411,0.4613466334164589,4.358695652173913
"Jones, JaCoby",2020,0.207,0.276,0.235,0.483,0.287,0.235,0.186,6.0,29.0,90.7,17.3,-1.6,68.37683044237907,7.1215685,74.0,201.1290322580645,28.0,0.390625,0.45714285714285713,0.5428571428571428,4.827586206896552
"Correa, Carlos",2023,0.207,0.14,0.256,0.347,0.299,0.312,0.224,25.0,121.0,90.9,11.3,-9.3,68.37683044237907,7.1215685,74.0,201.1290322580645,28.0,0.27091633466135456,0.4135090609555189,0.586490939044481,5.016528925619835
"Story, Trevor",2020,0.207,0.034,0.333,0.241,0.235,0.254,0.207,12.0,58.0,88.2,14.4,-7.6,68.37683044237907,7.1215685,74.0,201.1290322580645,27.0,0.3252032520325203,0.492,0.508,4.310344827586207
"Nido, Tomás",2021,0.207,0.103,0.313,0.31,0.267,0.284,0.215,6.0,29.0,86.4,5.5,-1.2,68.37683044237907,7.1215685,74.0,201.1290322580645,27.0,0.4126984126984127,0.5943396226415094,0.4056603773584906,3.6551724137931036
"Chavis, Michael",2021,0.207,0.034,0.286,0.241,0.188,0.187,0.201,6.0,29.0,87.0,7.6,-3.4,68.37683044237907,7.1215685,74.0,201.1290322580645,25.0,0.42105263157894735,0.6404494382022472,0.3595505617977528,3.0689655172413794
"Smith, Kevin",2022,0.206,0.265,0.208,0.471,0.269,0.256,0.215,7.0,34.0,87.6,19.3,-0.4,68.37683044237907,7.1215685,74.0,201.1290322580645,25.0,0.25,0.5714285714285714,0.42857142857142855,4.117647058823529
"Andujar, Miguel",2022,0.206,0.147,0.2,0.353,0.255,0.265,0.199,7.0,34.0,83.1,8.5,-3.6,68.37683044237907,7.1215685,74.0,201.1290322580645,27.0,0.2835820895522388,0.5,0.5,3.9411764705882355
"VanMeter, Josh",2022,0.206,0.147,0.231,0.353,0.282,0.3,0.224,7.0,34.0,91.0,25.3,-1.1,68.37683044237907,7.1215685,74.0,201.1290322580645,27.0,0.2222222222222222,0.32335329341317365,0.6766467065868264,4.911764705882353
"Hoskins, Rhys",2020,0.206,0.324,0.19,0.529,0.384,0.425,0.254,7.0,34.0,89.6,25.5,0.9,68.37683044237907,7.1215685,74.0,201.1290322580645,27.0,0.2463768115942029,0.43125,0.56875,4.705882352941177
"Thompson, Bubba",2022,0.206,0.029,0.35,0.235,0.221,0.145,0.116,7.0,34.0,74.7,-2.7,-5.1,68.37683044237907,7.1215685,74.0,201.1290322580645,24.0,0.4,0.5514705882352942,0.4485294117647059,4.0
"Barrero, Jose",2023,0.206,0.206,0.278,0.412,0.316,0.35,0.232,7.0,34.0,93.2,28.1,-1.0,68.37683044237907,7.1215685,74.0,201.1290322580645,25.0,0.3918918918918919,0.48366013071895425,0.5163398692810458,4.5
"Shaw, Travis",2020,0.206,0.088,0.25,0.294,0.317,0.394,0.262,7.0,34.0,88.7,22.1,-3.9,68.37683044237907,7.1215685,74.0,201.1290322580645,30.0,0.3108108108108108,0.40217391304347827,0.5978260869565217,5.411764705882353
"Castellanos, Nick",2020,0.205,0.295,0.179,0.5,0.339,0.366,0.259,9.0,44.0,87.8,14.6,-0.1,68.37683044237907,7.1215685,74.0,201.1290322580645,28.0,0.38738738738738737,0.555,0.445,4.545454545454546
"Casali, Curt",2022,0.205,0.227,0.261,0.432,0.315,0.302,0.191,9.0,44.0,87.6,28.8,-2.3,68.37683044237907,7.1215685,74.0,201.1290322580645,33.0,0.3392857142857143,0.48068669527896996,0.51931330472103,5.295454545454546
"Jackson, Alex",2021,0.205,0.205,0.316,0.41,0.34,0.292,0.169,8.0,39.0,87.1,21.7,1.8,68.37683044237907,7.1215685,74.0,201.1290322580645,25.0,0.47572815533980584,0.553763440860215,0.44623655913978494,4.769230769230769
"Grossman, Robbie",2020,0.205,0.154,0.212,0.359,0.308,0.325,0.24,8.0,39.0,88.9,11.3,-1.2,68.37683044237907,7.1215685,74.0,201.1290322580645,30.0,0.13253012048192772,0.46629213483146065,0.5337078651685393,4.564102564102564
"Realmuto, J.T.",2023,0.205,0.118,0.258,0.323,0.262,0.294,0.218,26.0,127.0,87.8,16.1,-12.4,68.37683044237907,7.1215685,74.0,201.1290322580645,32.0,0.2625482625482625,0.5029126213592233,0.4970873786407767,4.05511811023622
"Chavis, Michael",2020,0.205,0.159,0.259,0.364,0.248,0.25,0.195,9.0,44.0,88.2,4.6,-7.9,68.37683044237907,7.1215685,74.0,201.1290322580645,24.0,0.37373737373737376,0.5025380710659898,0.49746192893401014,4.4772727272727275
"Straw, Myles",2023,0.205,0.051,0.261,0.256,0.224,0.24,0.217,24.0,117.0,83.3,7.2,-19.7,68.37683044237907,7.1215685,74.0,201.1290322580645,28.0,0.17903930131004367,0.4361904761904762,0.5638095238095238,4.487179487179487
"Happ, Ian",2020,0.205,0.051,0.333,0.256,0.325,0.345,0.21,8.0,39.0,86.9,6.2,-2.2,68.37683044237907,7.1215685,74.0,201.1290322580645,25.0,0.4431818181818182,0.4230769230769231,0.5769230769230769,5.333333333333333
"Alberto, Hanser",2022,0.205,0.136,0.243,0.341,0.242,0.184,0.164,9.0,44.0,79.9,20.3,-3.1,68.37683044237907,7.1215685,74.0,201.1290322580645,29.0,0.27058823529411763,0.6071428571428571,0.39285714285714285,3.1818181818181817
"Berti, Jon",2022,0.205,0.09,0.281,0.295,0.288,0.324,0.235,16.0,78.0,90.4,8.9,-4.3,68.37683044237907,7.1215685,74.0,201.1290322580645,32.0,0.28125,0.44692737430167595,0.553072625698324,4.589743589743589
"Carroll, Corbin",2024,0.205,0.174,0.196,0.379,0.29,0.313,0.231,27.0,132.0,88.2,6.7,-4.5,71.332029375,6.859255433,74.0,201.1290322580645,23.0,0.17333333333333334,0.39473684210526316,0.6052631578947368,4.318181818181818
"De La Cruz, Bryan",2021,0.205,0.068,0.276,0.273,0.275,0.354,0.287,9.0,44.0,88.4,12.5,-4.0,68.37683044237907,7.1215685,74.0,201.1290322580645,24.0,0.24509803921568626,0.4788732394366197,0.5211267605633803,4.840909090909091
"Yastrzemski, Mike",2021,0.204,0.204,0.227,0.407,0.291,0.294,0.213,22.0,108.0,87.1,15.9,-4.0,68.37683044237907,7.1215685,74.0,201.1290322580645,30.0,0.2288135593220339,0.49372384937238495,0.5062761506276151,4.425925925925926
"Barnes, Austin",2021,0.204,0.122,0.29,0.327,0.305,0.282,0.197,10.0,49.0,80.9,5.1,-1.3,68.37683044237907,7.1215685,74.0,201.1290322580645,31.0,0.2897196261682243,0.4385245901639344,0.5614754098360656,4.979591836734694
"Volpe, Anthony",2023,0.204,0.221,0.211,0.425,0.302,0.306,0.211,23.0,113.0,86.1,16.1,-6.3,68.37683044237907,7.1215685,74.0,201.1290322580645,22.0,0.3246753246753247,0.5110619469026548,0.4889380530973451,4.0
"Martin, Austin",2024,0.204,0.082,0.263,0.286,0.263,0.26,0.198,10.0,49.0,79.0,7.3,-4.6,59.985746628,6.398246395,74.0,201.1290322580645,25.0,0.24175824175824176,0.4354066985645933,0.5645933014354066,4.26530612244898
"Bogaerts, Xander",2020,0.204,0.167,0.231,0.37,0.281,0.252,0.184,11.0,54.0,87.1,11.3,-4.4,68.37683044237907,7.1215685,74.0,201.1290322580645,27.0,0.256,0.4789272030651341,0.5210727969348659,4.833333333333333
"Longoria, Evan",2020,0.204,0.056,0.244,0.259,0.206,0.262,0.215,11.0,54.0,90.1,9.8,-11.5,68.37683044237907,7.1215685,74.0,201.1290322580645,34.0,0.20952380952380953,0.49528301886792453,0.5047169811320755,3.925925925925926
"Winker, Jesse",2022,0.204,0.143,0.216,0.347,0.309,0.345,0.238,20.0,98.0,85.3,20.5,0.1,68.37683044237907,7.1215685,74.0,201.1290322580645,28.0,0.20600858369098712,0.47551020408163264,0.5244897959183673,5.0
"Maile, Luke",2023,0.204,0.122,0.257,0.327,0.285,0.301,0.212,10.0,49.0,84.8,10.9,-3.1,68.37683044237907,7.1215685,74.0,201.1290322580645,32.0,0.27722772277227725,0.505,0.495,4.081632653061225
"Soto, Juan",2022,0.204,0.136,0.225,0.34,0.319,0.37,0.253,21.0,103.0,87.6,8.7,-0.2,68.37683044237907,7.1215685,74.0,201.1290322580645,23.0,0.19457013574660634,0.42015209125475284,0.5798479087452472,5.106796116504855
"Zimmer, Bradley",2021,0.203,0.041,0.304,0.243,0.247,0.299,0.215,15.0,74.0,86.3,3.8,-10.2,68.37683044237907,7.1215685,74.0,201.1290322580645,28.0,0.36046511627906974,0.46612466124661245,0.5338753387533876,4.986486486486487
"Ortega, Rafael",2022,0.203,0.101,0.238,0.304,0.255,0.281,0.223,16.0,79.0,84.8,14.9,-9.2,68.37683044237907,7.1215685,74.0,201.1290322580645,31.0,0.22388059701492538,0.4975247524752475,0.5024752475247525,5.113924050632911
"Goldschmidt, Paul",2024,0.203,0.077,0.281,0.28,0.251,0.311,0.238,29.0,143.0,90.9,6.0,-15.8,70.681930772,7.650054116,74.0,201.1290322580645,36.0,0.28353658536585363,0.4917541229385307,0.5082458770614693,4.664335664335664
"Straw, Myles",2022,0.202,0.047,0.234,0.248,0.25,0.288,0.241,26.0,129.0,86.8,9.7,-17.9,68.37683044237907,7.1215685,74.0,201.1290322580645,27.0,0.13306451612903225,0.40589198036006546,0.5941080196399345,4.736434108527132
"Wong, Kolten",2022,0.202,0.119,0.217,0.321,0.265,0.281,0.23,17.0,84.0,84.1,12.9,-7.2,68.37683044237907,7.1215685,74.0,201.1290322580645,31.0,0.19696969696969696,0.4864864864864865,0.5135135135135135,4.845238095238095
"Haniger, Mitch",2024,0.202,0.101,0.291,0.303,0.275,0.289,0.209,18.0,89.0,90.6,14.5,-4.8,71.523732079,7.006385787,74.0,201.1290322580645,33.0,0.3177083333333333,0.4549763033175355,0.5450236966824644,4.741573033707865
"Profar, Jurickson",2021,0.202,0.079,0.234,0.281,0.302,0.323,0.229,18.0,89.0,85.7,17.3,-3.7,68.37683044237907,7.1215685,74.0,201.1290322580645,28.0,0.14516129032258066,0.42081447963800905,0.579185520361991,4.966292134831461
"McKinstry, Zach",2023,0.202,0.09,0.25,0.292,0.254,0.256,0.193,18.0,89.0,86.2,20.8,-10.9,68.37683044237907,7.1215685,74.0,201.1290322580645,28.0,0.23529411764705882,0.480719794344473,0.519280205655527,4.370786516853933
"Rivero, Sebastián",2022,0.2,0.0,0.333,0.2,0.262,0.169,0.071,1.0,5.0,67.9,-10.0,-0.6,68.37683044237907,7.1215685,74.0,201.1290322580645,23.0,0.42857142857142855,0.5833333333333334,0.4166666666666667,4.8
"Stokes Jr., Troy",2021,0.2,0.0,0.25,0.2,0.176,0.315,0.317,1.0,5.0,81.3,11.5,0.4,68.37683044237907,7.1215685,74.0,201.1290322580645,27.0,0.3333333333333333,0.5294117647058824,0.47058823529411764,3.4
"Wieters, Matt",2020,0.2,0.0,0.231,0.2,0.238,0.365,0.298,3.0,15.0,83.7,17.5,-3.5,68.37683044237907,7.1215685,74.0,201.1290322580645,34.0,0.11627906976744186,0.5308641975308642,0.4691358024691358,5.4
"Murphy, Tom",2022,0.2,0.1,0.4,0.3,0.294,0.381,0.267,2.0,10.0,89.5,5.0,0.4,68.37683044237907,7.1215685,74.0,201.1290322580645,31.0,0.43478260869565216,0.45098039215686275,0.5490196078431373,5.1
"McGuire, Reese",2023,0.2,0.044,0.273,0.244,0.246,0.273,0.213,9.0,45.0,79.7,10.1,-1.3,68.37683044237907,7.1215685,74.0,201.1290322580645,28.0,0.2169811320754717,0.527363184079602,0.472636815920398,4.466666666666667
"Burdick, Peyton",2022,0.2,0.1,0.364,0.3,0.326,0.301,0.165,4.0,20.0,81.0,24.6,-0.7,68.37683044237907,7.1215685,74.0,201.1290322580645,25.0,0.4,0.4824561403508772,0.5175438596491229,5.7
"Hernandez, Elier",2022,0.2,0.1,0.333,0.3,0.195,0.19,0.214,2.0,10.0,86.1,26.3,-1.5,68.37683044237907,7.1215685,74.0,201.1290322580645,27.0,0.47368421052631576,0.5588235294117647,0.4411764705882353,3.4
"Johnson, Bryce",2024,0.2,0.0,0.214,0.2,0.237,0.359,0.33,3.0,15.0,66.3,-18.3,-2.1,61.500880385,6.814489615,74.0,201.1290322580645,28.0,0.0967741935483871,0.5849056603773585,0.41509433962264153,3.533333333333333
"Gurriel, Yuli",2020,0.2,0.062,0.194,0.262,0.219,0.302,0.232,13.0,65.0,90.2,11.4,-10.3,68.37683044237907,7.1215685,74.0,201.1290322580645,36.0,0.11475409836065574,0.48031496062992124,0.5196850393700787,3.9076923076923076
"Heineman, Tyler",2022,0.2,0.029,0.206,0.229,0.201,0.26,0.262,7.0,35.0,76.3,19.3,-5.6,68.37683044237907,7.1215685,74.0,201.1290322580645,31.0,0.12,0.6756756756756757,0.32432432432432434,4.228571428571429
"Leblanc, Charles",2024,0.2,0.3,0.2,0.5,0.359,0.36,0.183,2.0,10.0,85.0,27.2,-0.4,70.053033158,6.821856316,74.0,201.1290322580645,28.0,0.21052631578947367,0.41304347826086957,0.5869565217391305,4.6
"Peraza, José",2020,0.2,0.08,0.227,0.28,0.235,0.276,0.23,5.0,25.0,81.4,21.6,-2.7,68.37683044237907,7.1215685,74.0,201.1290322580645,26.0,0.22950819672131148,0.6559139784946236,0.34408602150537637,3.72
"Piña, Manny",2020,0.2,0.0,0.25,0.2,0.33,0.369,0.231,1.0,5.0,94.6,27.5,0.5,68.37683044237907,7.1215685,74.0,201.1290322580645,27.0,0.2727272727272727,0.4782608695652174,0.5217391304347826,4.6
"Thomas, Cody",2022,0.2,0.0,0.333,0.2,0.177,0.165,0.152,1.0,5.0,90.7,5.0,-0.8,68.37683044237907,7.1215685,74.0,201.1290322580645,27.0,0.46153846153846156,0.8666666666666667,0.13333333333333333,3.0
"Brantley, Michael",2023,0.2,0.0,0.182,0.2,0.16,0.31,0.354,2.0,10.0,93.8,8.2,-0.7,68.37683044237907,7.1215685,74.0,201.1290322580645,36.0,0.16666666666666666,0.46153846153846156,0.5384615384615384,3.9
"Caminero, Junior",2024,0.2,0.1,0.238,0.3,0.272,0.266,0.189,6.0,30.0,85.5,0.7,-1.3,73.7890792,8.1230562,74.0,201.1290322580645,20.0,0.3076923076923077,0.4369747899159664,0.5630252100840336,3.966666666666667
"Smyly, Drew",2021,0.2,0.0,0.286,0.2,0.176,0.195,0.204,2.0,10.0,69.9,6.1,-2.2,68.37683044237907,7.1215685,74.0,201.1290322580645,27.0,0.16,0.5952380952380952,0.40476190476190477,4.2
"Burleson, Alec",2022,0.2,0.1,0.25,0.3,0.294,0.344,0.246,2.0,10.0,87.1,-11.0,2.9,68.37683044237907,7.1215685,74.0,201.1290322580645,23.0,0.3125,0.37209302325581395,0.627906976744186,4.3
"Jay, Jon",2021,0.2,0.0,0.25,0.2,0.176,0.133,0.148,1.0,5.0,81.5,3.5,-1.1,68.37683044237907,7.1215685,74.0,201.1290322580645,36.0,0.07142857142857142,0.6666666666666666,0.3333333333333333,4.2
"Hermosillo, Michael",2020,0.2,0.0,0.2,0.2,0.226,0.245,0.131,1.0,5.0,88.5,15.0,-1.0,68.37683044237907,7.1215685,74.0,201.1290322580645,25.0,0.2,0.47619047619047616,0.5238095238095238,4.2
"Peacock, Matt",2021,0.2,0.0,0.2,0.2,0.176,0.267,0.269,1.0,5.0,83.7,-28.2,-1.4,68.37683044237907,7.1215685,74.0,201.1290322580645,27.0,0.2222222222222222,0.6428571428571429,0.35714285714285715,2.8
"Carlson, Dylan",2020,0.2,0.2,0.227,0.4,0.281,0.369,0.278,6.0,30.0,88.2,9.7,-4.6,68.37683044237907,7.1215685,74.0,201.1290322580645,21.0,0.29310344827586204,0.41134751773049644,0.5886524822695035,4.7
"Mitchell, Garrett",2022,0.2,0.0,0.6,0.2,0.237,0.143,0.071,3.0,15.0,81.0,2.7,-0.9,68.37683044237907,7.1215685,74.0,201.1290322580645,23.0,0.46938775510204084,0.5268817204301075,0.4731182795698925,6.2
"Gardner, Brett",2021,0.2,0.1,0.215,0.3,0.245,0.269,0.222,16.0,80.0,83.6,15.1,-9.4,68.37683044237907,7.1215685,74.0,201.1290322580645,37.0,0.16,0.4278728606356968,0.5721271393643031,5.1125
"Williams, Justin",2021,0.2,0.24,0.188,0.44,0.337,0.398,0.293,5.0,25.0,87.0,1.8,0.4,68.37683044237907,7.1215685,74.0,201.1290322580645,25.0,0.3488372093023256,0.43,0.57,4.0
"White, Evan",2021,0.2,0.05,0.333,0.25,0.278,0.311,0.239,4.0,20.0,81.5,10.8,-3.5,68.37683044237907,7.1215685,74.0,201.1290322580645,25.0,0.391304347826087,0.4380952380952381,0.5619047619047619,5.25
"Jeffers, Ryan",2020,0.2,0.0,0.25,0.2,0.266,0.3,0.205,2.0,10.0,83.6,1.8,-1.1,68.37683044237907,7.1215685,74.0,201.1290322580645,23.0,0.25,0.41025641025641024,0.5897435897435898,3.9
"Cervelli, Francisco",2020,0.2,0.6,0.0,0.8,0.466,0.314,0.162,2.0,10.0,90.2,19.7,0.9,68.37683044237907,7.1215685,74.0,201.1290322580645,34.0,0.3181818181818182,0.4489795918367347,0.5510204081632653,4.9
"Freeland, Kyle",2021,0.2,0.0,0.25,0.2,0.147,0.212,0.249,1.0,5.0,83.1,34.0,-1.6,68.37683044237907,7.1215685,74.0,201.1290322580645,28.0,0.46153846153846156,0.7222222222222222,0.2777777777777778,3.6
"Cook, Billy",2024,0.2,0.4,0.25,0.6,0.33,0.284,0.216,2.0,10.0,94.5,34.8,0.2,70.0946025,7.577842,74.0,201.1290322580645,27.0,0.55,0.6451612903225806,0.3548387096774194,3.1
"Lamb, Jake",2023,0.2,0.0,0.333,0.2,0.177,0.23,0.22,2.0,10.0,91.9,24.5,-1.0,68.37683044237907,7.1215685,74.0,201.1290322580645,32.0,0.43478260869565216,0.5227272727272727,0.4772727272727273,4.4
"Clemens, Kody",2022,0.2,0.28,0.188,0.48,0.295,0.248,0.191,5.0,25.0,87.1,23.7,-0.3,68.37683044237907,7.1215685,74.0,201.1290322580645,26.0,0.29508196721311475,0.5648148148148148,0.4351851851851852,4.32
"Velazquez, Andrew",2021,0.2,0.0,0.333,0.2,0.208,0.29,0.257,3.0,15.0,87.2,6.3,-1.0,68.37683044237907,7.1215685,74.0,201.1290322580645,26.0,0.3793103448275862,0.5370370370370371,0.46296296296296297,3.6
"Carroll, Corbin",2022,0.2,0.1,0.316,0.3,0.283,0.306,0.214,6.0,30.0,88.1,6.3,-0.6,68.37683044237907,7.1215685,74.0,201.1290322580645,21.0,0.30158730158730157,0.44680851063829785,0.5531914893617021,4.7
"Williams, Alika",2023,0.2,0.033,0.24,0.233,0.235,0.299,0.26,6.0,30.0,74.4,7.7,-5.4,68.37683044237907,7.1215685,74.0,201.1290322580645,24.0,0.24561403508771928,0.4789915966386555,0.5210084033613446,3.966666666666667
"Tsutsugo, Yoshi",2022,0.2,0.1,0.225,0.3,0.225,0.245,0.223,10.0,50.0,89.0,10.0,-8.1,68.37683044237907,7.1215685,74.0,201.1290322580645,30.0,0.17094017094017094,0.46613545816733065,0.5338645418326693,5.02
"Outman, James",2022,0.2,0.2,1.0,0.4,0.325,0.216,0.102,1.0,5.0,104.3,17.0,-0.8,68.37683044237907,7.1215685,74.0,201.1290322580645,25.0,0.5,0.5185185185185185,0.48148148148148145,5.4
"Stanton, Giancarlo",2023,0.2,0.211,0.22,0.411,0.288,0.336,0.24,18.0,90.0,94.2,7.5,-4.1,68.37683044237907,7.1215685,74.0,201.1290322580645,33.0,0.3028571428571429,0.423728813559322,0.576271186440678,4.588888888888889
"Walton, Donovan",2022,0.2,0.25,0.214,0.45,0.313,0.335,0.228,4.0,20.0,82.0,0.1,0.5,68.37683044237907,7.1215685,74.0,201.1290322580645,28.0,0.21428571428571427,0.5,0.5,4.2
"Duvall, Adam",2024,0.2,0.129,0.255,0.329,0.27,0.28,0.187,14.0,70.0,89.5,16.6,-6.0,71.319772377,7.655300246,74.0,201.1290322580645,35.0,0.31343283582089554,0.48727272727272725,0.5127272727272727,3.9285714285714284
"Bote, David",2022,0.2,0.28,0.25,0.48,0.32,0.239,0.147,5.0,25.0,91.4,16.6,0.3,68.37683044237907,7.1215685,74.0,201.1290322580645,29.0,0.3269230769230769,0.4262295081967213,0.5737704918032787,4.88
"Bruce, Jay",2020,0.2,0.24,0.2,0.44,0.264,0.302,0.246,5.0,25.0,82.1,9.9,-3.0,68.37683044237907,7.1215685,74.0,201.1290322580645,27.0,0.36,0.5882352941176471,0.4117647058823529,3.4
"Reyes, Franmil",2022,0.2,0.1,0.29,0.3,0.245,0.262,0.189,22.0,110.0,91.6,6.2,-12.9,68.37683044237907,7.1215685,74.0,201.1290322580645,26.0,0.39662447257383965,0.5107758620689655,0.4892241379310345,4.218181818181818
"Rizzo, Anthony",2022,0.2,0.264,0.169,0.464,0.329,0.361,0.251,22.0,110.0,88.1,16.7,-1.8,68.37683044237907,7.1215685,74.0,201.1290322580645,32.0,0.24434389140271492,0.4692144373673036,0.5307855626326964,4.281818181818182
"Goodrum, Niko",2022,0.2,0.2,0.5,0.4,0.325,0.303,0.131,1.0,5.0,100.3,10.5,-0.3,68.37683044237907,7.1215685,74.0,201.1290322580645,30.0,0.45454545454545453,0.4583333333333333,0.5416666666666666,4.8
"Stewart, DJ",2023,0.2,0.2,0.222,0.4,0.317,0.287,0.192,5.0,25.0,82.4,8.1,-1.3,68.37683044237907,7.1215685,74.0,201.1290322580645,29.0,0.35294117647058826,0.5112781954887218,0.48872180451127817,5.32
"Yepez, Juan",2022,0.2,0.2,0.167,0.4,0.273,0.274,0.196,12.0,60.0,86.0,20.7,-5.7,68.37683044237907,7.1215685,74.0,201.1290322580645,24.0,0.22627737226277372,0.5780590717299579,0.4219409282700422,3.95
"Caballero, José",2023,0.2,0.123,0.231,0.323,0.278,0.277,0.177,13.0,65.0,84.6,26.8,-6.7,68.37683044237907,7.1215685,74.0,201.1290322580645,26.0,0.20588235294117646,0.4874551971326165,0.5125448028673835,4.292307692307692
"Hicks, Aaron",2021,0.2,0.0,0.235,0.2,0.275,0.358,0.275,4.0,20.0,87.1,19.8,-2.6,68.37683044237907,7.1215685,74.0,201.1290322580645,31.0,0.25,0.34951456310679613,0.6504854368932039,5.15
"Poteet, Cody",2021,0.2,0.0,0.25,0.2,0.176,0.087,0.083,1.0,5.0,53.6,-52.8,-1.0,68.37683044237907,7.1215685,74.0,201.1290322580645,27.0,0.3,0.7142857142857143,0.2857142857142857,2.8
"Wisdom, Patrick",2023,0.2,0.278,0.244,0.478,0.318,0.318,0.207,18.0,90.0,91.2,23.2,-4.4,68.37683044237907,7.1215685,74.0,201.1290322580645,31.0,0.33796296296296297,0.4976958525345622,0.5023041474654378,4.822222222222222
"Dean, Austin",2021,0.2,0.4,0.167,0.6,0.331,0.308,0.164,2.0,10.0,87.8,20.4,0.6,68.37683044237907,7.1215685,74.0,201.1290322580645,27.0,0.4,0.5172413793103449,0.4827586206896552,5.8
"Alvarez Jr., Nacho",2024,0.2,0.0,0.5,0.2,0.176,0.179,0.19,1.0,5.0,89.8,33.0,-1.3,69.80243,7.308103636,74.0,201.1290322580645,21.0,0.36363636363636365,0.4583333333333333,0.5416666666666666,4.8
"Moroff, Max",2021,0.2,0.0,0.5,0.2,0.176,0.139,0.147,1.0,5.0,80.7,39.5,-1.7,68.37683044237907,7.1215685,74.0,201.1290322580645,28.0,0.6,0.5555555555555556,0.4444444444444444,3.6
"Cabbage, Trey",2023,0.2,0.067,0.375,0.267,0.188,0.125,0.115,3.0,15.0,87.3,2.5,-3.4,68.37683044237907,7.1215685,74.0,201.1290322580645,26.0,0.5454545454545454,0.7096774193548387,0.2903225806451613,4.133333333333334
"Pinto, René",2024,0.2,0.6,0.0,0.8,0.428,0.775,0.424,1.0,5.0,89.0,14.2,1.3,63.245780714,6.222136429,74.0,201.1290322580645,27.0,0.5333333333333333,0.4166666666666667,0.5833333333333334,7.2
"Tucker, Cole",2020,0.2,0.0,0.273,0.2,0.203,0.183,0.16,6.0,30.0,79.1,12.7,-5.1,68.37683044237907,7.1215685,74.0,201.1290322580645,23.0,0.25862068965517243,0.4496124031007752,0.5503875968992248,4.3
"Lin, Tzu-Wei",2020,0.2,0.1,0.286,0.3,0.193,0.25,0.249,2.0,10.0,85.8,3.7,-1.8,68.37683044237907,7.1215685,74.0,201.1290322580645,27.0,0.2903225806451613,0.6326530612244898,0.3673469387755102,4.9
"Dietrich, Derek",2020,0.2,0.4,0.111,0.6,0.389,0.382,0.232,3.0,15.0,86.0,-1.2,0.8,68.37683044237907,7.1215685,74.0,201.1290322580645,30.0,0.3333333333333333,0.4925373134328358,0.5074626865671642,4.466666666666667
"Leblanc, Charles",2022,0.2,0.143,0.273,0.343,0.268,0.248,0.174,7.0,35.0,86.6,20.3,-4.0,68.37683044237907,7.1215685,74.0,201.1290322580645,26.0,0.2602739726027397,0.4269005847953216,0.5730994152046783,4.885714285714286
"Jones, Taylor",2020,0.2,0.0,0.4,0.2,0.224,0.242,0.199,2.0,10.0,87.7,12.2,-3.0,68.37683044237907,7.1215685,74.0,201.1290322580645,26.0,0.43478260869565216,0.5,0.5,4.6
"Aguilar, Ryan",2022,0.2,0.0,0.333,0.2,0.147,0.193,0.224,1.0,5.0,88.9,-8.0,-1.9,68.37683044237907,7.1215685,74.0,201.1290322580645,27.0,0.4,0.6521739130434783,0.34782608695652173,4.6
"Hager, Jake",2021,0.2,0.0,0.333,0.2,0.369,0.335,0.13,1.0,5.0,88.4,-5.0,1.9,68.37683044237907,7.1215685,74.0,201.1290322580645,27.0,0.5,0.25806451612903225,0.7419354838709677,6.2
"Lopez, Alejo",2022,0.2,0.04,0.238,0.24,0.245,0.244,0.198,5.0,25.0,80.4,6.7,-2.3,68.37683044237907,7.1215685,74.0,201.1290322580645,26.0,0.2,0.4807692307692308,0.5192307692307693,4.16
"Hill, Derek",2024,0.2,0.133,0.242,0.333,0.221,0.32,0.288,9.0,45.0,82.7,9.4,-5.4,67.99416939,7.194028049,74.0,201.1290322580645,28.0,0.26506024096385544,0.5570469798657718,0.4429530201342282,3.311111111111111
"Baddoo, Akil",2022,0.2,0.0,0.257,0.2,0.219,0.234,0.198,9.0,45.0,82.7,8.5,-7.4,68.37683044237907,7.1215685,74.0,201.1290322580645,23.0,0.25,0.5181347150259067,0.48186528497409326,4.288888888888889
"Núñez, Renato",2021,0.2,0.3,0.143,0.5,0.289,0.227,0.21,2.0,10.0,80.9,3.5,-1.5,68.37683044237907,7.1215685,74.0,201.1290322580645,27.0,0.14285714285714285,0.4666666666666667,0.5333333333333333,3.0
"Papierski, Michael",2022,0.2,0.0,0.333,0.2,0.237,0.261,0.22,3.0,15.0,67.9,8.4,-1.1,68.37683044237907,7.1215685,74.0,201.1290322580645,26.0,0.1891891891891892,0.47435897435897434,0.5256410256410257,5.2
"Jones, Nolan",2022,0.2,0.233,0.286,0.433,0.269,0.279,0.225,6.0,30.0,86.0,17.4,0.3,68.37683044237907,7.1215685,74.0,201.1290322580645,24.0,0.43333333333333335,0.48,0.52,4.166666666666667
"Cron, C.J.",2020,0.2,0.2,0.2,0.4,0.421,0.387,0.191,1.0,5.0,83.2,-0.2,1.0,68.37683044237907,7.1215685,74.0,201.1290322580645,27.0,0.0,0.30434782608695654,0.6956521739130435,4.6
"Collins, Zack",2022,0.2,0.2,0.231,0.4,0.282,0.27,0.218,4.0,20.0,92.0,15.7,-0.1,68.37683044237907,7.1215685,74.0,201.1290322580645,27.0,0.36585365853658536,0.39805825242718446,0.6019417475728155,5.15
"Gray, Jon",2021,0.2,0.0,1.0,0.2,0.176,0.106,0.11,3.0,15.0,79.3,-15.5,-3.3,68.37683044237907,7.1215685,74.0,201.1290322580645,29.0,0.5555555555555556,0.5192307692307693,0.4807692307692308,3.466666666666667
"Suárez, Ranger",2021,0.2,0.2,0.333,0.4,0.248,0.276,0.288,1.0,5.0,62.0,-10.4,-0.2,68.37683044237907,7.1215685,74.0,201.1290322580645,27.0,0.23076923076923078,0.65,0.35,4.0
"Phillips, Brett",2023,0.2,0.0,0.429,0.2,0.263,0.298,0.232,3.0,15.0,75.7,-6.1,-0.6,68.37683044237907,7.1215685,74.0,201.1290322580645,29.0,0.5517241379310345,0.3918918918918919,0.6081081081081081,4.933333333333334
"Amaya, Miguel",2024,0.2,0.11,0.217,0.31,0.273,0.294,0.224,20.0,100.0,84.4,8.2,-3.9,70.322618905,6.949631642,74.0,201.1290322580645,25.0,0.21524663677130046,0.5399515738498789,0.4600484261501211,4.13
"Robles, Victor",2020,0.2,0.025,0.267,0.225,0.261,0.275,0.173,8.0,40.0,78.0,13.8,-4.1,68.37683044237907,7.1215685,74.0,201.1290322580645,23.0,0.22580645161290322,0.5166666666666667,0.48333333333333334,4.5
"Hill, Derek",2022,0.2,0.0,0.333,0.2,0.205,0.324,0.21,2.0,10.0,87.0,2.5,-1.3,68.37683044237907,7.1215685,74.0,201.1290322580645,26.0,0.2857142857142857,0.4375,0.5625,4.8
"Grissom, Vaughn",2022,0.2,0.1,0.208,0.3,0.253,0.348,0.229,6.0,30.0,84.8,6.7,-4.8,68.37683044237907,7.1215685,74.0,201.1290322580645,21.0,0.2,0.5371900826446281,0.4628099173553719,4.033333333333333
"Loftin, Nick",2024,0.2,0.0,0.222,0.2,0.236,0.279,0.231,6.0,30.0,81.5,1.9,-3.5,67.127333469,7.347056122,74.0,201.1290322580645,25.0,0.15789473684210525,0.4418604651162791,0.5581395348837209,4.3
"Rivas III, Alfonso",2021,0.2,0.0,0.286,0.2,0.176,0.2,0.213,2.0,10.0,82.9,4.9,-2.8,68.37683044237907,7.1215685,74.0,201.1290322580645,27.0,0.3,0.45454545454545453,0.5454545454545454,4.4
"Kreidler, Ryan",2022,0.2,0.0,0.333,0.2,0.225,0.18,0.098,2.0,10.0,75.9,-11.9,-1.0,68.37683044237907,7.1215685,74.0,201.1290322580645,24.0,0.28205128205128205,0.5652173913043478,0.43478260869565216,6.9
"Riley, Austin",2023,0.199,0.224,0.189,0.423,0.31,0.362,0.233,31.0,156.0,93.2,17.1,-11.0,68.37683044237907,7.1215685,74.0,201.1290322580645,26.0,0.2805194805194805,0.4885786802030457,0.5114213197969543,5.051282051282051
"Muncy, Max",2023,0.199,0.192,0.213,0.391,0.317,0.369,0.246,30.0,151.0,90.4,18.9,1.6,68.37683044237907,7.1215685,74.0,201.1290322580645,32.0,0.2912621359223301,0.403921568627451,0.596078431372549,5.066225165562914
"Maldonado, Martín",2022,0.198,0.209,0.231,0.407,0.284,0.294,0.211,17.0,86.0,83.6,14.0,-4.5,68.37683044237907,7.1215685,74.0,201.1290322580645,35.0,0.35678391959798994,0.5437158469945356,0.4562841530054645,4.255813953488372
"Schuemann, Max",2024,0.198,0.143,0.273,0.341,0.276,0.252,0.171,18.0,91.0,83.6,15.7,-7.5,63.848034731,6.349852097,74.0,201.1290322580645,27.0,0.3005181347150259,0.4406392694063927,0.5593607305936074,4.813186813186813
"Joe, Connor",2024,0.198,0.143,0.254,0.341,0.296,0.286,0.195,18.0,91.0,85.3,10.4,-4.0,68.87296303,7.256943455,74.0,201.1290322580645,31.0,0.24043715846994534,0.44634146341463415,0.5536585365853659,4.5054945054945055
"Vierling, Matt",2022,0.198,0.074,0.221,0.272,0.226,0.283,0.238,16.0,81.0,90.9,9.8,-11.7,68.37683044237907,7.1215685,74.0,201.1290322580645,25.0,0.22580645161290322,0.5040650406504065,0.4959349593495935,4.555555555555555
"Laureano, Ramón",2023,0.198,0.115,0.262,0.313,0.265,0.288,0.22,19.0,96.0,90.3,11.7,-9.3,68.37683044237907,7.1215685,74.0,201.1290322580645,28.0,0.34134615384615385,0.5110565110565111,0.48894348894348894,4.239583333333333
"Dozier, Hunter",2022,0.197,0.074,0.265,0.27,0.238,0.266,0.216,24.0,122.0,87.4,13.9,-14.6,68.37683044237907,7.1215685,74.0,201.1290322580645,30.0,0.3253012048192771,0.515527950310559,0.484472049689441,3.959016393442623
"Walker, Christian",2023,0.197,0.229,0.185,0.427,0.316,0.334,0.224,31.0,157.0,88.5,18.1,-4.5,68.37683044237907,7.1215685,74.0,201.1290322580645,32.0,0.25773195876288657,0.5012919896640827,0.49870801033591733,4.929936305732484
"Naylor, Bo",2024,0.197,0.25,0.238,0.447,0.289,0.242,0.177,15.0,76.0,86.2,17.3,-0.5,68.076935434,7.325891561,74.0,201.1290322580645,24.0,0.2786885245901639,0.5069252077562327,0.4930747922437673,4.75
"Adell, Jo",2022,0.197,0.076,0.316,0.273,0.222,0.212,0.164,13.0,66.0,85.5,13.0,-9.6,68.37683044237907,7.1215685,74.0,201.1290322580645,23.0,0.38,0.5244755244755245,0.4755244755244755,4.333333333333333
"Kepler, Max",2022,0.196,0.056,0.22,0.252,0.244,0.308,0.247,21.0,107.0,85.3,12.3,-11.7,68.37683044237907,7.1215685,74.0,201.1290322580645,29.0,0.22119815668202766,0.4737991266375546,0.5262008733624454,4.280373831775701
"Vaughn, Andrew",2021,0.196,0.071,0.235,0.268,0.238,0.296,0.221,22.0,112.0,89.6,15.0,-18.3,68.37683044237907,7.1215685,74.0,201.1290322580645,23.0,0.25196850393700787,0.5009861932938856,0.4990138067061144,4.526785714285714
"Story, Trevor",2023,0.196,0.174,0.25,0.37,0.247,0.274,0.207,9.0,46.0,90.6,17.6,-0.9,68.37683044237907,7.1215685,74.0,201.1290322580645,30.0,0.3333333333333333,0.518324607329843,0.4816753926701571,4.1521739130434785
"Yastrzemski, Mike",2024,0.196,0.155,0.246,0.351,0.26,0.268,0.206,19.0,97.0,85.7,15.4,-6.0,68.093903134,7.382695622,74.0,201.1290322580645,33.0,0.2679425837320574,0.49292452830188677,0.5070754716981132,4.371134020618556
"Knizner, Andrew",2023,0.196,0.161,0.237,0.357,0.267,0.279,0.219,11.0,56.0,80.6,15.8,-5.4,68.37683044237907,7.1215685,74.0,201.1290322580645,28.0,0.26666666666666666,0.5357142857142857,0.4642857142857143,4.0
"Sanó, Miguel",2021,0.196,0.217,0.264,0.413,0.294,0.276,0.189,27.0,138.0,93.1,13.4,-11.0,68.37683044237907,7.1215685,74.0,201.1290322580645,28.0,0.3904761904761905,0.47297297297297297,0.527027027027027,4.826086956521739
"Grossman, Robbie",2024,0.196,0.022,0.257,0.217,0.23,0.272,0.212,9.0,46.0,88.6,14.7,-3.6,65.529662927,6.303540244,74.0,201.1290322580645,34.0,0.23529411764705882,0.391705069124424,0.6082949308755761,4.717391304347826
"Benson, Will",2023,0.196,0.232,0.31,0.429,0.324,0.277,0.148,11.0,56.0,88.0,13.1,-3.8,68.37683044237907,7.1215685,74.0,201.1290322580645,25.0,0.3076923076923077,0.468,0.532,4.464285714285714
"Franco, Maikel",2021,0.196,0.13,0.208,0.326,0.255,0.266,0.206,18.0,92.0,86.0,10.9,-5.6,68.37683044237907,7.1215685,74.0,201.1290322580645,28.0,0.2712765957446808,0.4895833333333333,0.5104166666666666,4.173913043478261
"Vogt, Stephen",2021,0.196,0.089,0.217,0.286,0.255,0.287,0.205,11.0,56.0,85.6,16.4,-2.5,68.37683044237907,7.1215685,74.0,201.1290322580645,36.0,0.24561403508771928,0.4730290456431535,0.5269709543568465,4.303571428571429
"Wisdom, Patrick",2021,0.196,0.239,0.3,0.435,0.312,0.316,0.209,18.0,92.0,90.1,15.2,-2.0,68.37683044237907,7.1215685,74.0,201.1290322580645,29.0,0.47413793103448276,0.5237020316027088,0.4762979683972912,4.815217391304348
"Moran, Colin",2020,0.195,0.073,0.241,0.268,0.267,0.271,0.179,8.0,41.0,90.5,2.7,-2.4,68.37683044237907,7.1215685,74.0,201.1290322580645,27.0,0.3490566037735849,0.5380710659898477,0.4619289340101523,4.804878048780488
"Rogers, Jake",2023,0.195,0.207,0.261,0.402,0.272,0.297,0.229,17.0,87.0,88.5,15.6,-8.1,68.37683044237907,7.1215685,74.0,201.1290322580645,28.0,0.3448275862068966,0.464,0.536,4.310344827586207
"Goodwin, Brian",2020,0.195,0.146,0.28,0.341,0.265,0.255,0.181,8.0,41.0,90.0,27.9,-7.2,68.37683044237907,7.1215685,74.0,201.1290322580645,29.0,0.37662337662337664,0.38308457711442784,0.6169154228855721,4.902439024390244
"Kemp, Tony",2023,0.195,0.039,0.221,0.234,0.215,0.234,0.201,15.0,77.0,82.0,6.6,-13.0,68.37683044237907,7.1215685,74.0,201.1290322580645,31.0,0.19135802469135801,0.5346534653465347,0.46534653465346537,3.935064935064935
"Robles, Victor",2022,0.195,0.046,0.254,0.241,0.204,0.227,0.202,17.0,87.0,76.4,5.8,-6.2,68.37683044237907,7.1215685,74.0,201.1290322580645,25.0,0.2653061224489796,0.5616045845272206,0.4383954154727794,4.011494252873563
"McKenna, Ryan",2021,0.195,0.098,0.304,0.293,0.27,0.265,0.191,8.0,41.0,77.0,7.8,-2.3,68.37683044237907,7.1215685,74.0,201.1290322580645,24.0,0.2967032967032967,0.5141242937853108,0.4858757062146893,4.317073170731708
"De La Cruz, Bryan",2022,0.195,0.207,0.185,0.402,0.287,0.349,0.268,17.0,87.0,90.1,6.8,-5.6,68.37683044237907,7.1215685,74.0,201.1290322580645,25.0,0.27325581395348836,0.43544303797468353,0.5645569620253165,4.540229885057471
"Dozier, Hunter",2020,0.195,0.024,0.286,0.22,0.265,0.285,0.213,8.0,41.0,82.2,12.5,-4.8,68.37683044237907,7.1215685,74.0,201.1290322580645,28.0,0.27906976744186046,0.43434343434343436,0.5656565656565656,4.829268292682927
"Zimmerman, Ryan",2021,0.195,0.22,0.208,0.415,0.282,0.32,0.24,16.0,82.0,91.7,8.7,-8.7,68.37683044237907,7.1215685,75.0,210.0,36.0,0.3356164383561644,0.42441860465116277,0.5755813953488372,4.195121951219512
"Garver, Mitch",2024,0.194,0.204,0.239,0.398,0.301,0.292,0.191,20.0,103.0,90.0,18.9,-3.1,69.162172079,7.258830248,74.0,201.1290322580645,33.0,0.3101851851851852,0.39705882352941174,0.6029411764705882,5.281553398058253
"Abrams, CJ",2023,0.194,0.18,0.204,0.374,0.267,0.268,0.209,27.0,139.0,86.9,12.5,-13.4,68.37683044237907,7.1215685,74.0,201.1290322580645,22.0,0.23508771929824562,0.5438931297709924,0.45610687022900764,3.7697841726618706
"Hedges, Austin",2024,0.194,0.0,0.286,0.194,0.177,0.147,0.138,6.0,31.0,71.8,8.3,-6.2,62.085947612,6.62597597,74.0,201.1290322580645,31.0,0.3375,0.5555555555555556,0.4444444444444444,4.645161290322581
"Schmitt, Casey",2024,0.194,0.065,0.273,0.258,0.218,0.208,0.175,6.0,31.0,89.6,22.1,-4.1,67.14362,7.222856667,74.0,201.1290322580645,25.0,0.34782608695652173,0.5433070866141733,0.4566929133858268,4.096774193548387
"Gonzalez, Marwin",2021,0.194,0.111,0.235,0.306,0.269,0.28,0.206,14.0,72.0,85.6,7.6,-7.1,68.37683044237907,7.1215685,74.0,201.1290322580645,32.0,0.21739130434782608,0.49538461538461537,0.5046153846153846,4.513888888888889
"Tellez, Rowdy",2021,0.194,0.164,0.213,0.358,0.261,0.334,0.251,13.0,67.0,90.2,15.0,-3.5,68.37683044237907,7.1215685,74.0,201.1290322580645,26.0,0.2773722627737226,0.49458483754512633,0.5054151624548736,4.134328358208955
"Bruján, Vidal",2022,0.194,0.083,0.241,0.278,0.229,0.249,0.197,7.0,36.0,85.9,8.0,-3.2,68.37683044237907,7.1215685,74.0,201.1290322580645,24.0,0.16883116883116883,0.5167785234899329,0.48322147651006714,4.138888888888889
"Schoop, Jonathan",2023,0.194,0.065,0.214,0.258,0.225,0.307,0.265,6.0,31.0,87.1,16.8,-7.0,68.37683044237907,7.1215685,74.0,201.1290322580645,31.0,0.21333333333333335,0.5514705882352942,0.4485294117647059,4.387096774193548
"Waters, Drew",2023,0.194,0.125,0.286,0.319,0.281,0.305,0.202,14.0,72.0,85.1,22.3,-7.1,68.37683044237907,7.1215685,74.0,201.1290322580645,24.0,0.39106145251396646,0.5233918128654971,0.4766081871345029,4.75
"Goodrum, Niko",2020,0.194,0.167,0.286,0.361,0.279,0.294,0.2,7.0,36.0,90.2,20.0,-3.4,68.37683044237907,7.1215685,74.0,201.1290322580645,28.0,0.352112676056338,0.41040462427745666,0.5895953757225434,4.805555555555555
"Kelly, Carson",2023,0.194,0.129,0.208,0.323,0.266,0.258,0.179,6.0,31.0,87.5,24.5,-2.3,68.37683044237907,7.1215685,74.0,201.1290322580645,28.0,0.25,0.4878048780487805,0.5121951219512195,3.967741935483871
"Hedges, Austin",2022,0.193,0.06,0.221,0.253,0.215,0.238,0.208,16.0,83.0,77.4,6.6,-11.4,68.37683044237907,7.1215685,74.0,201.1290322580645,29.0,0.26857142857142857,0.5351681957186545,0.4648318042813456,3.9397590361445785
"Carpenter, Matt",2021,0.193,0.193,0.25,0.386,0.286,0.341,0.235,11.0,57.0,87.4,23.3,-2.5,68.37683044237907,7.1215685,74.0,201.1290322580645,35.0,0.3274336283185841,0.4396887159533074,0.5603112840466926,4.508771929824562
"Kelly, Carson",2022,0.193,0.072,0.214,0.265,0.259,0.313,0.224,16.0,83.0,86.0,16.3,-9.2,68.37683044237907,7.1215685,74.0,201.1290322580645,27.0,0.20786516853932585,0.4708994708994709,0.5291005291005291,4.554216867469879
"Schneider, Davis",2024,0.193,0.102,0.286,0.295,0.266,0.299,0.192,17.0,88.0,87.4,20.5,-11.2,67.883859615,6.826994835,74.0,201.1290322580645,25.0,0.336734693877551,0.4049586776859504,0.5950413223140496,5.5
"Espinal, Santiago",2021,0.193,0.088,0.204,0.281,0.249,0.289,0.245,11.0,57.0,83.6,10.7,-3.2,68.37683044237907,7.1215685,74.0,201.1290322580645,26.0,0.12389380530973451,0.4870689655172414,0.5129310344827587,4.0701754385964914
"Carter, Evan",2024,0.192,0.077,0.278,0.269,0.293,0.287,0.19,5.0,26.0,83.8,4.7,-2.1,66.389320286,6.902891429,74.0,201.1290322580645,21.0,0.3148148148148148,0.38848920863309355,0.6115107913669064,5.346153846153846
"Hall, Darick",2022,0.192,0.192,0.313,0.385,0.258,0.266,0.166,5.0,26.0,87.8,11.3,-2.6,68.37683044237907,7.1215685,74.0,201.1290322580645,26.0,0.42105263157894735,0.5533980582524272,0.44660194174757284,3.9615384615384617
"Lewis, Kyle",2020,0.192,0.115,0.235,0.308,0.288,0.337,0.211,10.0,52.0,89.3,6.0,-0.8,68.37683044237907,7.1215685,74.0,201.1290322580645,24.0,0.3333333333333333,0.43956043956043955,0.5604395604395604,5.25
"Jiménez, Eloy",2024,0.192,0.064,0.255,0.256,0.253,0.28,0.215,15.0,78.0,93.7,8.2,-8.7,72.429720208,7.212181181,74.0,201.1290322580645,27.0,0.28104575163398693,0.49514563106796117,0.5048543689320388,3.9615384615384617
"Villar, Jonathan",2021,0.192,0.01,0.299,0.202,0.214,0.222,0.187,20.0,104.0,80.9,2.3,-16.2,68.37683044237907,7.1215685,74.0,201.1290322580645,30.0,0.33064516129032256,0.5299145299145299,0.4700854700854701,4.5
"DeJong, Paul",2021,0.192,0.179,0.186,0.372,0.291,0.329,0.229,15.0,78.0,85.8,13.7,-3.9,68.37683044237907,7.1215685,74.0,201.1290322580645,27.0,0.25287356321839083,0.5178571428571429,0.48214285714285715,4.3076923076923075
"Barnhart, Tucker",2024,0.192,0.0,0.238,0.192,0.239,0.25,0.178,5.0,26.0,78.1,-4.3,-3.7,63.978445849,6.967585849,74.0,201.1290322580645,33.0,0.17543859649122806,0.4672131147540984,0.5327868852459017,4.6923076923076925
"Murphy, Sean",2020,0.192,0.0,0.333,0.192,0.294,0.249,0.103,5.0,26.0,92.9,23.5,-4.2,68.37683044237907,7.1215685,74.0,201.1290322580645,25.0,0.234375,0.4155844155844156,0.5844155844155844,5.923076923076923
"Dingler, Dillon",2024,0.192,0.115,0.294,0.308,0.261,0.278,0.241,5.0,26.0,91.7,2.0,-2.2,69.056643871,7.382805968,74.0,201.1290322580645,25.0,0.3064516129032258,0.5535714285714286,0.44642857142857145,4.3076923076923075
"Duran, Ezequiel",2023,0.192,0.081,0.286,0.273,0.228,0.232,0.183,19.0,99.0,86.4,19.2,-13.5,68.37683044237907,7.1215685,74.0,201.1290322580645,24.0,0.3524229074889868,0.5646766169154229,0.43532338308457713,4.0606060606060606
"Larnach, Trevor",2021,0.192,0.027,0.333,0.219,0.27,0.252,0.159,14.0,73.0,89.6,10.3,-6.7,68.37683044237907,7.1215685,74.0,201.1290322580645,24.0,0.35795454545454547,0.4536082474226804,0.5463917525773195,5.315068493150685
"Trammell, Taylor",2022,0.192,0.077,0.25,0.269,0.241,0.264,0.22,5.0,26.0,85.0,26.3,-4.9,68.37683044237907,7.1215685,74.0,201.1290322580645,24.0,0.3770491803278688,0.5126050420168067,0.48739495798319327,4.576923076923077
"DeJong, Paul",2022,0.192,0.173,0.276,0.365,0.282,0.266,0.179,10.0,52.0,84.4,21.0,-4.6,68.37683044237907,7.1215685,74.0,201.1290322580645,28.0,0.39669421487603307,0.5062761506276151,0.49372384937238495,4.596153846153846
"Hayes, Ke'Bryan",2024,0.192,0.068,0.21,0.26,0.233,0.28,0.23,14.0,73.0,88.2,6.8,-10.1,70.74607945,6.761401743,74.0,201.1290322580645,27.0,0.1897810218978102,0.40294117647058825,0.5970588235294118,4.657534246575342
"Vientos, Mark",2023,0.192,0.077,0.257,0.269,0.242,0.282,0.205,10.0,52.0,90.2,6.3,-5.3,68.37683044237907,7.1215685,74.0,201.1290322580645,23.0,0.3619047619047619,0.5072463768115942,0.4927536231884058,3.980769230769231
"Vogelbach, Daniel",2021,0.191,0.149,0.212,0.34,0.319,0.302,0.187,9.0,47.0,89.2,14.6,0.4,68.37683044237907,7.1215685,74.0,201.1290322580645,28.0,0.1643835616438356,0.2874015748031496,0.7125984251968503,5.404255319148936
"Mitchell, Cal",2022,0.191,0.106,0.276,0.298,0.235,0.221,0.187,9.0,47.0,90.5,8.8,-7.6,68.37683044237907,7.1215685,74.0,201.1290322580645,23.0,0.375,0.5531914893617021,0.44680851063829785,4.0
"Crawford, J.P.",2024,0.191,0.128,0.235,0.319,0.291,0.311,0.221,18.0,94.0,86.7,15.4,-2.2,70.145532394,7.110799787,74.0,201.1290322580645,29.0,0.20297029702970298,0.4139344262295082,0.5840163934426229,5.191489361702128
"Bogaerts, Xander",2023,0.191,0.149,0.206,0.34,0.29,0.31,0.211,27.0,141.0,87.2,4.2,-18.0,68.37683044237907,7.1215685,74.0,201.1290322580645,30.0,0.21140939597315436,0.4363103953147877,0.5636896046852123,4.843971631205674
"Díaz, Elias",2020,0.19,0.143,0.188,0.333,0.262,0.334,0.289,4.0,21.0,86.1,4.9,-2.5,68.37683044237907,7.1215685,74.0,201.1290322580645,29.0,0.27906976744186046,0.5180722891566265,0.4819277108433735,3.9523809523809526
"Walsh, Jared",2022,0.19,0.171,0.242,0.362,0.264,0.283,0.217,20.0,105.0,89.1,10.0,-8.8,68.37683044237907,7.1215685,74.0,201.1290322580645,28.0,0.3031674208144796,0.4878587196467991,0.5121412803532008,4.314285714285714
"Smith, Kevan",2021,0.19,0.0,0.267,0.19,0.268,0.307,0.206,4.0,21.0,85.6,2.3,-2.7,68.37683044237907,7.1215685,74.0,201.1290322580645,33.0,0.2962962962962963,0.4576271186440678,0.5423728813559322,5.619047619047619
"Madris, Bligh",2022,0.19,0.095,0.267,0.286,0.226,0.254,0.211,4.0,21.0,85.9,10.1,-1.8,68.37683044237907,7.1215685,74.0,201.1290322580645,26.0,0.24489795918367346,0.5268817204301075,0.4731182795698925,4.428571428571429
"Kirk, Alejandro",2021,0.19,0.238,0.143,0.429,0.299,0.406,0.298,8.0,42.0,92.1,14.7,-1.6,68.37683044237907,7.1215685,74.0,201.1290322580645,22.0,0.16483516483516483,0.48148148148148145,0.5185185185185185,4.5
"Wallach, Chad",2021,0.19,0.0,0.286,0.19,0.216,0.201,0.096,4.0,21.0,83.3,4.5,-4.1,68.37683044237907,7.1215685,74.0,201.1290322580645,29.0,0.35185185185185186,0.5,0.5,5.142857142857143
"Myers, Dane",2023,0.19,0.0,0.25,0.19,0.16,0.32,0.347,4.0,21.0,94.3,7.8,-3.1,68.37683044237907,7.1215685,74.0,201.1290322580645,27.0,0.225,0.5333333333333333,0.4666666666666667,3.5714285714285716
"Sierra, Magneuris",2022,0.19,0.143,0.25,0.333,0.279,0.271,0.215,4.0,21.0,79.6,4.4,-1.6,68.37683044237907,7.1215685,74.0,201.1290322580645,26.0,0.16,0.5681818181818182,0.4318181818181818,4.190476190476191
"Stowers, Kyle",2022,0.19,0.048,0.308,0.238,0.211,0.283,0.242,4.0,21.0,89.7,3.1,-4.4,68.37683044237907,7.1215685,74.0,201.1290322580645,24.0,0.375,0.6,0.4,3.8095238095238093
"McKinney, Billy",2021,0.19,0.127,0.213,0.317,0.273,0.278,0.195,12.0,63.0,87.4,20.3,-5.7,68.37683044237907,7.1215685,74.0,201.1290322580645,26.0,0.2653061224489796,0.48514851485148514,0.5148514851485149,4.809523809523809
"Arozarena, Randy",2024,0.189,0.133,0.242,0.322,0.275,0.293,0.192,27.0,143.0,89.5,10.4,-14.1,69.816717708,7.251060139,74.0,201.1290322580645,29.0,0.32792207792207795,0.45427728613569324,0.5457227138643068,4.741258741258742
"Clemens, Kody",2024,0.189,0.243,0.2,0.432,0.293,0.28,0.191,7.0,37.0,86.9,21.2,-1.5,69.550242597,7.265227922,74.0,201.1290322580645,28.0,0.2564102564102564,0.5064935064935064,0.4935064935064935,4.162162162162162
"Giménez, Andrés",2021,0.189,0.162,0.24,0.351,0.253,0.176,0.111,7.0,37.0,82.1,11.9,-1.6,68.37683044237907,7.1215685,74.0,201.1290322580645,22.0,0.27450980392156865,0.576271186440678,0.423728813559322,4.783783783783784
"Shaw, Travis",2021,0.189,0.23,0.217,0.419,0.318,0.342,0.234,14.0,74.0,89.7,17.6,2.3,68.37683044237907,7.1215685,74.0,201.1290322580645,31.0,0.2727272727272727,0.47058823529411764,0.5294117647058824,5.054054054054054
"Noda, Ryan",2023,0.189,0.179,0.25,0.368,0.299,0.317,0.207,20.0,106.0,90.1,14.1,-0.8,68.37683044237907,7.1215685,74.0,201.1290322580645,27.0,0.35514018691588783,0.45147679324894513,0.5485232067510548,4.471698113207547
"Suzuki, Kurt",2021,0.189,0.108,0.182,0.297,0.239,0.293,0.245,7.0,37.0,85.4,21.3,-4.5,68.37683044237907,7.1215685,74.0,201.1290322580645,37.0,0.2125,0.5333333333333333,0.4666666666666667,4.054054054054054
"Villar, Jonathan",2020,0.189,0.019,0.238,0.208,0.234,0.222,0.155,10.0,53.0,81.6,5.8,-8.0,68.37683044237907,7.1215685,74.0,201.1290322580645,29.0,0.2846153846153846,0.5220883534136547,0.4779116465863454,4.69811320754717
"Báez, Javier",2020,0.189,0.132,0.211,0.321,0.241,0.266,0.189,10.0,53.0,86.4,5.4,-8.6,68.37683044237907,7.1215685,74.0,201.1290322580645,27.0,0.3482142857142857,0.5258215962441315,0.47417840375586856,4.018867924528302
"Kirilloff, Alex",2024,0.189,0.108,0.231,0.297,0.258,0.297,0.199,7.0,37.0,90.3,4.6,-1.8,70.70013,7.672615125,74.0,201.1290322580645,26.0,0.38095238095238093,0.5,0.5,4.54054054054054
"Astudillo, Willians",2021,0.189,0.057,0.208,0.245,0.201,0.263,0.234,10.0,53.0,88.1,12.9,-10.0,68.37683044237907,7.1215685,74.0,201.1290322580645,29.0,0.11711711711711711,0.6416184971098265,0.3583815028901734,3.2641509433962264
"Gurriel, Yuli",2023,0.189,0.095,0.22,0.284,0.244,0.288,0.241,14.0,74.0,85.9,14.0,-9.5,68.37683044237907,7.1215685,74.0,201.1290322580645,39.0,0.24203821656050956,0.48307692307692307,0.5169230769230769,4.391891891891892
"LeMahieu, DJ",2022,0.188,0.05,0.209,0.237,0.277,0.314,0.237,15.0,80.0,83.7,2.1,2.2,68.37683044237907,7.1215685,74.0,201.1290322580645,33.0,0.18633540372670807,0.4304812834224599,0.56951871657754,4.675
"Williams, Luke",2022,0.188,0.031,0.375,0.219,0.208,0.226,0.198,6.0,32.0,79.4,15.3,-5.3,68.37683044237907,7.1215685,74.0,201.1290322580645,25.0,0.3013698630136986,0.5328467153284672,0.46715328467153283,4.28125
"Rosario, Eguy",2024,0.188,0.0,0.375,0.188,0.165,0.162,0.167,3.0,16.0,84.0,3.9,-3.7,64.593067778,7.316725185,74.0,201.1290322580645,27.0,0.4857142857142857,0.5223880597014925,0.47761194029850745,4.1875
"Thaiss, Matt",2022,0.188,0.0,0.273,0.188,0.186,0.183,0.168,3.0,16.0,90.0,1.4,-3.0,68.37683044237907,7.1215685,74.0,201.1290322580645,27.0,0.3055555555555556,0.47368421052631576,0.5263157894736842,4.75
"Luciano, Marco",2024,0.188,0.063,0.25,0.25,0.218,0.324,0.292,3.0,16.0,88.3,22.8,-2.8,71.026842667,7.153728,74.0,201.1290322580645,22.0,0.3,0.5084745762711864,0.4915254237288136,3.6875
"Zunino, Mike",2021,0.188,0.294,0.214,0.482,0.32,0.298,0.175,16.0,85.0,89.3,26.3,0.0,68.37683044237907,7.1215685,74.0,201.1290322580645,30.0,0.43333333333333335,0.4699738903394256,0.5300261096605744,4.5058823529411764
"Brosseau, Mike",2020,0.188,0.313,0.2,0.5,0.308,0.29,0.202,3.0,16.0,92.0,22.2,-2.6,68.37683044237907,7.1215685,74.0,201.1290322580645,26.0,0.3235294117647059,0.4788732394366197,0.5211267605633803,4.4375
"Craig, Will",2021,0.188,0.0,0.273,0.188,0.196,0.125,0.091,3.0,16.0,75.6,6.7,-2.9,68.37683044237907,7.1215685,74.0,201.1290322580645,26.0,0.3333333333333333,0.6,0.4,4.0625
"Burnes, Corbin",2021,0.188,0.0,0.3,0.188,0.196,0.203,0.189,3.0,16.0,77.7,-1.8,-3.6,68.37683044237907,7.1215685,74.0,201.1290322580645,27.0,0.22580645161290322,0.484375,0.515625,4.0
"Wiemer, Joey",2023,0.188,0.167,0.215,0.354,0.278,0.272,0.187,18.0,96.0,87.4,13.7,-6.3,68.37683044237907,7.1215685,74.0,201.1290322580645,24.0,0.34977578475336324,0.5284360189573459,0.471563981042654,4.395833333333333
"Bouchard, Sean",2022,0.188,0.063,0.333,0.25,0.294,0.265,0.101,3.0,16.0,84.5,12.6,0.2,68.37683044237907,7.1215685,74.0,201.1290322580645,26.0,0.34375,0.3368421052631579,0.6631578947368421,5.9375
"Nuñez, Dom",2021,0.188,0.208,0.259,0.396,0.301,0.289,0.173,9.0,48.0,82.8,20.9,-2.5,68.37683044237907,7.1215685,74.0,201.1290322580645,26.0,0.32222222222222224,0.391304347826087,0.6086956521739131,4.791666666666667
"Eaton, Nate",2022,0.188,0.094,0.25,0.281,0.225,0.222,0.174,6.0,32.0,86.0,18.6,-2.3,68.37683044237907,7.1215685,74.0,201.1290322580645,25.0,0.3194444444444444,0.5106382978723404,0.48936170212765956,4.40625
"Pollock, AJ",2023,0.188,0.031,0.231,0.219,0.209,0.23,0.171,6.0,32.0,90.2,12.0,-3.8,68.37683044237907,7.1215685,74.0,201.1290322580645,35.0,0.2727272727272727,0.5196850393700787,0.48031496062992124,3.96875
"McGuire, Reese",2024,0.188,0.125,0.172,0.313,0.222,0.269,0.225,6.0,32.0,78.5,18.1,-0.9,66.63422127,7.996070476,74.0,201.1290322580645,29.0,0.21333333333333335,0.5514705882352942,0.4485294117647059,4.25
"Miley, Wade",2021,0.188,0.125,0.25,0.313,0.21,0.281,0.3,3.0,16.0,85.6,5.8,-3.1,68.37683044237907,7.1215685,74.0,201.1290322580645,27.0,0.35294117647058826,0.7555555555555555,0.24444444444444444,2.8125
"Torkelson, Spencer",2024,0.187,0.088,0.246,0.275,0.244,0.262,0.204,17.0,91.0,88.6,16.9,-11.3,71.308231828,7.417075914,74.0,201.1290322580645,24.0,0.27638190954773867,0.4693396226415094,0.5306603773584906,4.65934065934066
"Santander, Anthony",2021,0.187,0.14,0.227,0.327,0.241,0.285,0.227,20.0,107.0,91.2,10.8,-11.3,68.37683044237907,7.1215685,74.0,201.1290322580645,26.0,0.25793650793650796,0.5384615384615384,0.46153846153846156,4.373831775700935
"Guillorme, Luis",2022,0.186,0.035,0.225,0.221,0.221,0.235,0.19,16.0,86.0,82.4,0.9,-11.5,68.37683044237907,7.1215685,74.0,201.1290322580645,27.0,0.17791411042944785,0.42118863049095606,0.5788113695090439,4.5
"Clement, Ernie",2022,0.186,0.0,0.205,0.186,0.194,0.252,0.237,8.0,43.0,76.7,4.0,-8.2,68.37683044237907,7.1215685,74.0,201.1290322580645,26.0,0.11627906976744186,0.49142857142857144,0.5085714285714286,4.069767441860465
"Vargas, Miguel",2023,0.186,0.171,0.226,0.357,0.29,0.298,0.2,13.0,70.0,86.4,14.3,-6.4,68.37683044237907,7.1215685,74.0,201.1290322580645,23.0,0.25477707006369427,0.45244956772334294,0.547550432276657,4.957142857142857
"Olivares, Edward",2024,0.186,0.07,0.184,0.256,0.224,0.327,0.276,8.0,43.0,85.0,9.5,-4.9,69.144916203,7.083535063,74.0,201.1290322580645,28.0,0.2268041237113402,0.4898989898989899,0.51010101010101,4.604651162790698
"Dickerson, Corey",2020,0.186,0.0,0.222,0.186,0.22,0.228,0.178,8.0,43.0,83.3,3.4,-5.7,68.37683044237907,7.1215685,74.0,201.1290322580645,31.0,0.23076923076923078,0.5333333333333333,0.4666666666666667,4.534883720930233
"Raleigh, Cal",2023,0.186,0.214,0.209,0.4,0.28,0.304,0.209,26.0,140.0,88.3,19.9,-7.9,68.37683044237907,7.1215685,74.0,201.1290322580645,26.0,0.28703703703703703,0.500772797527048,0.4992272024729521,4.621428571428571
"Ford, Mike",2022,0.185,0.037,0.313,0.222,0.271,0.285,0.187,5.0,27.0,88.4,10.2,-1.7,68.37683044237907,7.1215685,74.0,201.1290322580645,29.0,0.2708333333333333,0.3404255319148936,0.6595744680851063,5.222222222222222
"Robert Jr., Luis",2024,0.185,0.123,0.255,0.309,0.246,0.327,0.227,15.0,81.0,91.3,12.2,-10.7,71.987415581,7.719770349,74.0,201.1290322580645,26.0,0.3473684210526316,0.5428571428571428,0.45714285714285713,4.320987654320987
"Bart, Joey",2020,0.185,0.074,0.278,0.259,0.241,0.241,0.188,5.0,27.0,87.8,7.9,-4.4,68.37683044237907,7.1215685,74.0,201.1290322580645,23.0,0.3018867924528302,0.5196078431372549,0.4803921568627451,3.7777777777777777
"Higashioka, Kyle",2022,0.185,0.074,0.2,0.259,0.213,0.215,0.18,10.0,54.0,84.3,8.7,-6.7,68.37683044237907,7.1215685,74.0,201.1290322580645,32.0,0.3333333333333333,0.5260663507109005,0.47393364928909953,3.9074074074074074
"Mercer, Jordy",2021,0.185,0.037,0.263,0.222,0.257,0.265,0.181,5.0,27.0,84.7,0.3,-2.3,68.37683044237907,7.1215685,74.0,201.1290322580645,34.0,0.26,0.373134328358209,0.6268656716417911,4.962962962962963
"Nevin, Tyler",2023,0.185,0.259,0.176,0.444,0.251,0.28,0.24,5.0,27.0,88.8,18.5,-5.8,68.37683044237907,7.1215685,74.0,201.1290322580645,26.0,0.18055555555555555,0.5714285714285714,0.42857142857142855,4.666666666666667
"Cain, Lorenzo",2022,0.184,0.026,0.233,0.211,0.194,0.21,0.194,7.0,38.0,88.3,1.8,-7.6,68.37683044237907,7.1215685,74.0,201.1290322580645,36.0,0.2604166666666667,0.588957055214724,0.4110429447852761,4.2894736842105265
"Tauchman, Mike",2021,0.184,0.237,0.182,0.421,0.311,0.334,0.234,7.0,38.0,86.8,6.1,-0.5,68.37683044237907,7.1215685,74.0,201.1290322580645,30.0,0.3883495145631068,0.4951923076923077,0.5048076923076923,5.473684210526316
"Norby, Connor",2024,0.184,0.184,0.294,0.368,0.306,0.302,0.173,7.0,38.0,84.7,3.6,-4.4,67.476000095,7.014917333,74.0,201.1290322580645,24.0,0.36936936936936937,0.5495049504950495,0.4504950495049505,5.315789473684211
"Barnes, Austin",2022,0.184,0.102,0.205,0.286,0.287,0.28,0.178,9.0,49.0,81.8,7.3,-2.8,68.37683044237907,7.1215685,74.0,201.1290322580645,32.0,0.19130434782608696,0.47520661157024796,0.5247933884297521,4.938775510204081
"Polanco, Gregory",2021,0.184,0.053,0.22,0.237,0.22,0.317,0.226,14.0,76.0,88.8,15.9,-17.0,68.37683044237907,7.1215685,74.0,201.1290322580645,29.0,0.2864583333333333,0.5013054830287206,0.49869451697127937,5.0394736842105265
"Lowrie, Jed",2022,0.184,0.105,0.194,0.289,0.206,0.222,0.192,7.0,38.0,84.4,11.3,-6.3,68.37683044237907,7.1215685,74.0,201.1290322580645,38.0,0.24050632911392406,0.5337837837837838,0.46621621621621623,3.8947368421052633
"Marsh, Brandon",2021,0.184,0.122,0.258,0.306,0.255,0.309,0.238,9.0,49.0,86.7,11.3,-8.0,68.37683044237907,7.1215685,74.0,201.1290322580645,23.0,0.3333333333333333,0.5211864406779662,0.4788135593220339,4.816326530612245
"Díaz, Aledmys",2023,0.184,0.079,0.209,0.263,0.212,0.228,0.198,14.0,76.0,86.0,7.2,-12.6,68.37683044237907,7.1215685,74.0,201.1290322580645,32.0,0.1935483870967742,0.549645390070922,0.450354609929078,3.710526315789474
"Bell, Josh",2020,0.184,0.184,0.172,0.368,0.27,0.32,0.209,7.0,38.0,92.5,17.1,-7.5,68.37683044237907,7.1215685,74.0,201.1290322580645,27.0,0.3181818181818182,0.47058823529411764,0.5294117647058824,4.921052631578948
"Villar, David",2022,0.184,0.105,0.368,0.289,0.29,0.247,0.14,7.0,38.0,82.1,21.4,-3.2,68.37683044237907,7.1215685,74.0,201.1290322580645,25.0,0.47297297297297297,0.4228571428571429,0.5771428571428572,4.605263157894737
"Ozuna, Marcell",2022,0.183,0.119,0.2,0.302,0.227,0.297,0.237,23.0,126.0,89.0,19.7,-18.0,68.37683044237907,7.1215685,74.0,201.1290322580645,31.0,0.2644927536231884,0.5338491295938105,0.4661508704061896,4.103174603174603
"Thomas, Alek",2022,0.183,0.108,0.219,0.29,0.238,0.27,0.221,17.0,93.0,88.4,1.9,-10.3,68.37683044237907,7.1215685,74.0,201.1290322580645,22.0,0.27835051546391754,0.5025906735751295,0.49740932642487046,4.150537634408602
"Morel, Christopher",2022,0.183,0.118,0.238,0.301,0.266,0.272,0.185,17.0,93.0,85.4,11.6,-7.6,68.37683044237907,7.1215685,74.0,201.1290322580645,23.0,0.3382352941176471,0.5087281795511222,0.4912718204488778,4.311827956989247
"Bader, Harrison",2020,0.182,0.136,0.25,0.318,0.331,0.292,0.099,4.0,22.0,81.1,29.3,-0.5,68.37683044237907,7.1215685,74.0,201.1290322580645,26.0,0.32142857142857145,0.45161290322580644,0.5483870967741935,5.636363636363637
"Gutiérrez, Kelvin",2021,0.182,0.055,0.25,0.236,0.246,0.239,0.17,10.0,55.0,87.9,1.7,-8.1,68.37683044237907,7.1215685,74.0,201.1290322580645,26.0,0.34545454545454546,0.44715447154471544,0.5528455284552846,4.472727272727273
"Cameron, Daz",2020,0.182,0.0,0.5,0.182,0.16,0.135,0.142,2.0,11.0,84.8,23.0,-2.0,68.37683044237907,7.1215685,74.0,201.1290322580645,23.0,0.3448275862068966,0.5272727272727272,0.4727272727272727,5.0
"Dubón, Mauricio",2022,0.182,0.073,0.2,0.255,0.198,0.185,0.149,10.0,55.0,82.2,20.0,-9.0,68.37683044237907,7.1215685,74.0,201.1290322580645,27.0,0.23846153846153847,0.6132075471698113,0.3867924528301887,3.8545454545454545
"Rendon, Anthony",2024,0.182,0.0,0.2,0.182,0.217,0.269,0.188,8.0,44.0,86.3,10.9,-2.1,65.320252568,6.616431892,74.0,201.1290322580645,34.0,0.1744186046511628,0.4195121951219512,0.5804878048780487,4.659090909090909
"Smith, Mallex",2020,0.182,0.091,0.25,0.273,0.193,0.18,0.191,2.0,11.0,81.8,1.5,-1.0,68.37683044237907,7.1215685,74.0,201.1290322580645,27.0,0.2631578947368421,0.6129032258064516,0.3870967741935484,2.8181818181818183
"Walls, Taylor",2024,0.182,0.036,0.238,0.218,0.266,0.307,0.208,10.0,55.0,85.1,20.3,-6.6,64.426772368,7.002768509,74.0,201.1290322580645,27.0,0.3025210084033613,0.4559386973180077,0.5440613026819924,4.745454545454545
"Marlowe, Cade",2023,0.182,0.136,0.273,0.318,0.301,0.3,0.195,4.0,22.0,89.7,27.1,-1.2,68.37683044237907,7.1215685,74.0,201.1290322580645,26.0,0.34375,0.49230769230769234,0.5076923076923077,5.909090909090909
"Castillo, Diego A.",2022,0.182,0.227,0.161,0.409,0.256,0.263,0.165,8.0,44.0,88.6,18.2,-4.9,68.37683044237907,7.1215685,74.0,201.1290322580645,24.0,0.24761904761904763,0.4794520547945205,0.5205479452054794,4.9772727272727275
"Rooker, Brent",2022,0.182,0.091,0.286,0.273,0.273,0.341,0.206,2.0,11.0,91.7,12.6,-2.1,68.37683044237907,7.1215685,74.0,201.1290322580645,27.0,0.35714285714285715,0.5185185185185185,0.48148148148148145,4.909090909090909
"Domínguez, Jasson",2024,0.182,0.0,0.25,0.182,0.347,0.401,0.239,2.0,11.0,90.6,19.4,-1.4,74.734404444,7.594724815,74.0,201.1290322580645,21.0,0.2857142857142857,0.42424242424242425,0.5757575757575758,6.0
"Araúz, Jonathan",2021,0.182,0.182,0.2,0.364,0.248,0.211,0.189,4.0,22.0,80.1,18.6,-3.2,68.37683044237907,7.1215685,74.0,201.1290322580645,22.0,0.2653061224489796,0.48514851485148514,0.5148514851485149,4.590909090909091
"Bouchard, Sean",2023,0.182,0.091,0.286,0.273,0.217,0.257,0.123,2.0,11.0,90.0,11.9,-2.1,68.37683044237907,7.1215685,74.0,201.1290322580645,27.0,0.3157894736842105,0.4222222222222222,0.5777777777777777,4.090909090909091
"Alford, Anthony",2020,0.182,0.182,0.222,0.364,0.222,0.241,0.254,2.0,11.0,76.4,-9.0,0.0,68.37683044237907,7.1215685,74.0,201.1290322580645,25.0,0.42857142857142855,0.5,0.5,3.8181818181818183
"Mercedes, Yermín",2022,0.182,0.045,0.25,0.227,0.24,0.252,0.196,4.0,22.0,83.5,24.0,-4.0,68.37683044237907,7.1215685,74.0,201.1290322580645,29.0,0.24,0.47619047619047616,0.5238095238095238,4.7727272727272725
"Hernández, Yonny",2021,0.182,0.061,0.231,0.242,0.245,0.287,0.246,6.0,33.0,74.8,8.8,-4.2,68.37683044237907,7.1215685,74.0,201.1290322580645,23.0,0.0945945945945946,0.49333333333333335,0.5066666666666667,4.545454545454546
"Cowser, Colton",2023,0.182,0.091,0.25,0.273,0.283,0.263,0.175,2.0,11.0,90.0,18.5,-0.5,68.37683044237907,7.1215685,74.0,201.1290322580645,23.0,0.3103448275862069,0.4461538461538462,0.5538461538461539,5.909090909090909
"Araúz, Jonathan",2022,0.182,0.0,0.222,0.182,0.147,0.2,0.224,2.0,11.0,87.4,8.8,-0.5,68.37683044237907,7.1215685,74.0,201.1290322580645,23.0,0.2,0.5405405405405406,0.4594594594594595,3.3636363636363638
"Shenton, Austin",2024,0.182,0.091,0.333,0.273,0.3,0.305,0.215,2.0,11.0,79.3,16.8,-0.3,67.237714348,7.147713913,74.0,201.1290322580645,26.0,0.5,0.4225352112676056,0.5774647887323944,6.454545454545454
"Serven, Brian",2024,0.182,0.0,0.286,0.182,0.204,0.272,0.253,2.0,11.0,61.8,-7.5,-0.1,64.837717143,7.022740952,74.0,201.1290322580645,29.0,0.2916666666666667,0.5,0.5,4.363636363636363
"Arozarena, Randy",2020,0.182,0.273,0.2,0.455,0.238,0.11,0.086,2.0,11.0,89.1,18.5,-2.0,68.37683044237907,7.1215685,74.0,201.1290322580645,27.0,0.6153846153846154,0.5416666666666666,0.4583333333333333,4.363636363636363
"Haseley, Adam",2023,0.182,0.0,0.286,0.182,0.16,0.205,0.216,2.0,11.0,88.8,-0.9,-1.4,68.37683044237907,7.1215685,74.0,201.1290322580645,27.0,0.3333333333333333,0.5106382978723404,0.48936170212765956,4.2727272727272725
"Hurtubise, Jacob",2024,0.182,0.0,0.222,0.182,0.227,0.254,0.182,2.0,11.0,66.9,9.2,-1.2,59.1657296,6.3669836,74.0,201.1290322580645,26.0,0.18518518518518517,0.4909090909090909,0.509090909090909,5.0
"Naylor, Josh",2021,0.182,0.036,0.25,0.218,0.208,0.248,0.198,10.0,55.0,87.4,3.9,-8.7,68.37683044237907,7.1215685,74.0,201.1290322580645,24.0,0.2631578947368421,0.5352112676056338,0.4647887323943662,3.8727272727272726
"Olivares, Edward",2020,0.182,0.0,0.25,0.182,0.176,0.227,0.213,4.0,22.0,81.5,18.1,-4.8,68.37683044237907,7.1215685,74.0,201.1290322580645,24.0,0.25,0.48484848484848486,0.5151515151515151,4.5
"White, Eli",2020,0.182,0.091,0.4,0.273,0.177,0.144,0.121,2.0,11.0,86.0,21.2,-2.6,68.37683044237907,7.1215685,74.0,201.1290322580645,26.0,0.44,0.4716981132075472,0.5283018867924528,4.818181818181818
"Rafaela, Ceddanne",2023,0.182,0.045,0.267,0.227,0.169,0.205,0.192,4.0,22.0,81.8,-0.7,-4.6,68.37683044237907,7.1215685,74.0,201.1290322580645,22.0,0.2830188679245283,0.5955056179775281,0.39325842696629215,4.045454545454546
"Bote, David",2021,0.181,0.069,0.203,0.25,0.221,0.346,0.271,13.0,72.0,89.5,5.5,-12.6,68.37683044237907,7.1215685,74.0,201.1290322580645,28.0,0.2597402597402597,0.47530864197530864,0.5246913580246914,4.5
"Dalbec, Bobby",2022,0.181,0.074,0.258,0.255,0.223,0.247,0.176,17.0,94.0,89.4,17.4,-13.4,68.37683044237907,7.1215685,74.0,201.1290322580645,27.0,0.3397129186602871,0.4793577981651376,0.5206422018348624,4.638297872340425
"Ahmed, Nick",2023,0.18,0.1,0.237,0.28,0.214,0.194,0.162,9.0,50.0,83.5,17.3,-4.9,68.37683044237907,7.1215685,74.0,201.1290322580645,33.0,0.29292929292929293,0.526595744680851,0.4734042553191489,3.76
"Morel, Christopher",2024,0.18,0.213,0.177,0.393,0.3,0.326,0.21,22.0,122.0,88.0,11.7,-7.5,73.303557828,7.919303607,74.0,201.1290322580645,25.0,0.3473282442748092,0.46953405017921146,0.5304659498207885,4.573770491803279
"Newman, Kevin",2021,0.179,0.033,0.195,0.211,0.2,0.259,0.228,22.0,123.0,82.3,12.7,-18.1,68.37683044237907,7.1215685,74.0,201.1290322580645,27.0,0.13953488372093023,0.4405737704918033,0.5573770491803278,3.967479674796748
"Quinn, Roman",2020,0.179,0.0,0.294,0.179,0.176,0.188,0.177,5.0,28.0,81.8,4.0,-7.6,68.37683044237907,7.1215685,74.0,201.1290322580645,27.0,0.3333333333333333,0.575,0.425,4.285714285714286
"Tom, Ka'ai",2021,0.179,0.071,0.238,0.25,0.239,0.328,0.252,5.0,28.0,83.0,12.2,-4.6,68.37683044237907,7.1215685,74.0,201.1290322580645,27.0,0.3582089552238806,0.4855072463768116,0.5144927536231884,4.928571428571429
"Bleday, JJ",2023,0.179,0.134,0.188,0.313,0.267,0.275,0.182,12.0,67.0,88.3,19.9,-6.6,68.37683044237907,7.1215685,74.0,201.1290322580645,25.0,0.26865671641791045,0.42138364779874216,0.5786163522012578,4.746268656716418
"Julien, Edouard",2024,0.179,0.103,0.261,0.282,0.298,0.303,0.147,7.0,39.0,83.4,8.1,-1.5,69.362743077,6.999407949,74.0,201.1290322580645,25.0,0.29069767441860467,0.39814814814814814,0.6018518518518519,5.538461538461538
"Wisdom, Patrick",2024,0.179,0.205,0.261,0.385,0.282,0.308,0.19,7.0,39.0,89.0,34.7,-1.2,71.077212857,7.668505595,74.0,201.1290322580645,32.0,0.32558139534883723,0.5,0.5,4.410256410256411
"Fitzgerald, Tyler",2024,0.179,0.045,0.316,0.224,0.201,0.188,0.165,12.0,67.0,80.8,19.6,-8.1,65.071231397,6.976463088,74.0,201.1290322580645,26.0,0.35766423357664234,0.4840989399293286,0.5159010600706714,4.223880597014926
"Gyorko, Jedd",2020,0.179,0.107,0.211,0.286,0.244,0.276,0.203,5.0,28.0,85.9,9.8,-4.6,68.37683044237907,7.1215685,74.0,201.1290322580645,31.0,0.3787878787878788,0.4429530201342282,0.5570469798657718,5.321428571428571
"Guillorme, Luis",2024,0.179,0.077,0.233,0.256,0.243,0.241,0.18,7.0,39.0,80.5,4.0,-4.6,60.203641852,7.223540617,74.0,201.1290322580645,29.0,0.2857142857142857,0.45161290322580644,0.5483870967741935,4.769230769230769
"Giménez, Andrés",2020,0.179,0.036,0.208,0.214,0.246,0.268,0.196,5.0,28.0,84.6,17.3,-3.8,68.37683044237907,7.1215685,74.0,201.1290322580645,21.0,0.24615384615384617,0.5118110236220472,0.4881889763779528,4.535714285714286
"Lopez, Nicky",2020,0.179,0.077,0.233,0.256,0.255,0.265,0.202,7.0,39.0,79.9,-3.9,-4.1,68.37683044237907,7.1215685,74.0,201.1290322580645,25.0,0.2702702702702703,0.43023255813953487,0.5697674418604651,4.410256410256411
"Luplow, Jordan",2022,0.179,0.054,0.243,0.232,0.266,0.308,0.222,10.0,56.0,83.7,13.8,-3.6,68.37683044237907,7.1215685,74.0,201.1290322580645,28.0,0.28846153846153844,0.5064935064935064,0.4935064935064935,5.5
"Wendle, Joey",2023,0.178,0.123,0.203,0.301,0.225,0.291,0.247,13.0,73.0,87.1,5.6,-8.9,68.37683044237907,7.1215685,74.0,201.1290322580645,33.0,0.272108843537415,0.5464684014869888,0.45353159851301117,3.684931506849315
"Taylor, Chris",2022,0.178,0.109,0.281,0.287,0.26,0.265,0.173,18.0,101.0,85.7,17.7,-8.8,68.37683044237907,7.1215685,74.0,201.1290322580645,31.0,0.42,0.4844961240310077,0.5155038759689923,5.108910891089109
"Hilliard, Sam",2022,0.178,0.089,0.25,0.267,0.223,0.259,0.198,8.0,45.0,93.2,10.9,-7.0,68.37683044237907,7.1215685,74.0,201.1290322580645,28.0,0.3917525773195876,0.4532710280373832,0.5467289719626168,4.7555555555555555
"Flores, Wilmer",2023,0.178,0.069,0.184,0.248,0.247,0.274,0.201,18.0,101.0,82.9,24.0,-10.7,68.37683044237907,7.1215685,74.0,201.1290322580645,31.0,0.13901345291479822,0.4704641350210971,0.5295358649789029,4.693069306930693
"Castro, Willi",2021,0.177,0.135,0.216,0.313,0.231,0.251,0.211,17.0,96.0,83.0,10.5,-17.3,68.37683044237907,7.1215685,74.0,201.1290322580645,24.0,0.27232142857142855,0.5803108808290155,0.41968911917098445,4.020833333333333
"Langeliers, Shea",2024,0.177,0.215,0.183,0.392,0.283,0.326,0.228,23.0,130.0,91.3,17.5,-8.5,72.82204076,7.2146173,74.0,201.1290322580645,26.0,0.2949640287769784,0.46959459459459457,0.5304054054054054,4.553846153846154
"Reyes, Pablo",2021,0.176,0.059,0.231,0.235,0.205,0.176,0.135,3.0,17.0,85.9,14.8,-2.6,68.37683044237907,7.1215685,74.0,201.1290322580645,27.0,0.2692307692307692,0.3561643835616438,0.6438356164383562,4.294117647058823
"Freeman, Mike",2021,0.176,0.0,0.25,0.176,0.185,0.213,0.197,3.0,17.0,75.2,5.8,-2.7,68.37683044237907,7.1215685,74.0,201.1290322580645,33.0,0.3235294117647059,0.4657534246575342,0.5342465753424658,4.294117647058823
"Duffy, Matt",2023,0.176,0.039,0.237,0.216,0.21,0.258,0.21,9.0,51.0,84.2,12.4,-7.7,68.37683044237907,7.1215685,74.0,201.1290322580645,32.0,0.2857142857142857,0.481651376146789,0.518348623853211,4.2745098039215685
"Baty, Brett",2022,0.176,0.176,0.154,0.353,0.226,0.304,0.297,3.0,17.0,91.0,3.9,-2.3,68.37683044237907,7.1215685,74.0,201.1290322580645,22.0,0.23333333333333334,0.5084745762711864,0.4915254237288136,3.4705882352941178
"Carpenter, Matt",2024,0.176,0.0,0.316,0.176,0.224,0.212,0.137,6.0,34.0,84.7,27.8,-5.0,67.908890143,8.049078429,74.0,201.1290322580645,38.0,0.2891566265060241,0.44385026737967914,0.5561497326203209,5.5
"Velázquez, Nelson",2023,0.176,0.206,0.182,0.382,0.323,0.337,0.221,6.0,34.0,86.3,10.2,2.1,68.37683044237907,7.1215685,74.0,201.1290322580645,24.0,0.3902439024390244,0.4685714285714286,0.5314285714285715,5.147058823529412
"Melendez, MJ",2024,0.176,0.286,0.157,0.462,0.3,0.276,0.178,16.0,91.0,89.2,20.3,-4.4,70.903383935,7.694750046,74.0,201.1290322580645,25.0,0.3185840707964602,0.5721518987341773,0.4278481012658228,4.34065934065934
"Higashioka, Kyle",2024,0.176,0.243,0.196,0.419,0.272,0.271,0.203,13.0,74.0,82.2,26.6,-2.9,67.494224306,7.213750069,74.0,201.1290322580645,34.0,0.25,0.5016949152542373,0.49830508474576274,3.9864864864864864
"O'Neill, Tyler",2020,0.176,0.029,0.273,0.206,0.229,0.254,0.165,6.0,34.0,87.9,16.2,-3.4,68.37683044237907,7.1215685,74.0,201.1290322580645,25.0,0.37681159420289856,0.42073170731707316,0.5792682926829268,4.823529411764706
"Torrens, Luis",2020,0.176,0.176,0.231,0.353,0.269,0.27,0.197,3.0,17.0,86.2,5.4,-2.0,68.37683044237907,7.1215685,74.0,201.1290322580645,24.0,0.16,0.373134328358209,0.6268656716417911,3.9411764705882355
"Wainwright, Adam",2021,0.176,0.0,0.273,0.176,0.185,0.208,0.191,3.0,17.0,56.7,-29.2,-1.6,68.37683044237907,7.1215685,79.0,205.0,27.0,0.3148148148148148,0.627906976744186,0.37209302325581395,5.0588235294117645
"Williams, Alika",2024,0.176,0.176,0.2,0.353,0.247,0.267,0.24,3.0,17.0,72.3,4.4,-1.8,61.432134815,6.32118037,74.0,201.1290322580645,25.0,0.17647058823529413,0.4722222222222222,0.5277777777777778,4.235294117647059
"Trammell, Taylor",2021,0.176,0.147,0.313,0.324,0.273,0.247,0.143,6.0,34.0,81.7,0.2,-3.6,68.37683044237907,7.1215685,74.0,201.1290322580645,23.0,0.3804347826086957,0.5822784810126582,0.4177215189873418,4.647058823529412
"Joe, Connor",2022,0.176,0.082,0.238,0.259,0.264,0.272,0.195,15.0,85.0,83.0,10.8,-9.2,68.37683044237907,7.1215685,74.0,201.1290322580645,29.0,0.2840909090909091,0.4607329842931937,0.5392670157068062,4.4941176470588236
"Tapia, Raimel",2023,0.176,0.176,0.2,0.353,0.284,0.347,0.203,6.0,34.0,84.5,-3.7,-4.2,68.37683044237907,7.1215685,74.0,201.1290322580645,29.0,0.3246753246753247,0.5273972602739726,0.4726027397260274,4.294117647058823
"Meadows, Parker",2023,0.176,0.147,0.208,0.324,0.23,0.332,0.269,6.0,34.0,88.3,17.9,-3.0,68.37683044237907,7.1215685,74.0,201.1290322580645,23.0,0.208955223880597,0.43790849673202614,0.5620915032679739,4.5
"Velázquez, Nelson",2022,0.176,0.176,0.242,0.353,0.249,0.262,0.204,9.0,51.0,89.3,5.7,-1.1,68.37683044237907,7.1215685,74.0,201.1290322580645,23.0,0.4077669902912621,0.4975845410628019,0.5024154589371981,4.0588235294117645
"Reyes, Franmil",2023,0.176,0.0,0.25,0.176,0.167,0.271,0.188,3.0,17.0,92.8,4.2,-4.0,68.37683044237907,7.1215685,74.0,201.1290322580645,27.0,0.2857142857142857,0.47191011235955055,0.5280898876404494,5.235294117647059
"Gausman, Kevin",2021,0.176,0.0,0.375,0.176,0.147,0.059,0.061,3.0,17.0,55.0,-33.1,-3.7,68.37683044237907,7.1215685,74.0,201.1290322580645,27.0,0.3,0.5633802816901409,0.43661971830985913,4.176470588235294
"Pérez, Roberto",2022,0.176,0.0,0.375,0.176,0.186,0.174,0.134,3.0,17.0,87.6,-6.9,-2.8,68.37683044237907,7.1215685,74.0,201.1290322580645,33.0,0.41025641025641024,0.5064935064935064,0.4935064935064935,4.529411764705882
"Mitchell, Garrett",2023,0.176,0.0,0.231,0.176,0.202,0.264,0.225,3.0,17.0,90.5,3.2,-2.4,68.37683044237907,7.1215685,74.0,201.1290322580645,24.0,0.34210526315789475,0.5846153846153846,0.4153846153846154,3.823529411764706
"Mead, Curtis",2024,0.176,0.059,0.24,0.235,0.201,0.302,0.246,6.0,34.0,89.4,17.4,-6.5,70.89183,7.18506463,74.0,201.1290322580645,23.0,0.23809523809523808,0.5206611570247934,0.47107438016528924,3.5588235294117645
"Stassi, Max",2022,0.176,0.118,0.227,0.294,0.272,0.257,0.16,12.0,68.0,87.1,10.4,-9.4,68.37683044237907,7.1215685,74.0,201.1290322580645,31.0,0.29770992366412213,0.3981762917933131,0.601823708206687,4.838235294117647
"Dubón, Mauricio",2021,0.176,0.078,0.19,0.255,0.187,0.233,0.194,9.0,51.0,82.6,13.6,-9.3,68.37683044237907,7.1215685,74.0,201.1290322580645,26.0,0.19607843137254902,0.5828571428571429,0.41714285714285715,3.4313725490196076
"Arenado, Nolan",2020,0.175,0.123,0.17,0.298,0.225,0.246,0.208,10.0,57.0,85.5,16.2,-10.0,68.37683044237907,7.1215685,74.0,201.1290322580645,29.0,0.1650485436893204,0.4858490566037736,0.5141509433962265,3.719298245614035
"Paredes, Isaac",2022,0.175,0.15,0.167,0.325,0.299,0.316,0.214,14.0,80.0,87.7,10.7,-6.5,68.37683044237907,7.1215685,74.0,201.1290322580645,23.0,0.2033898305084746,0.4116279069767442,0.5883720930232558,5.375
"Galvis, Freddy",2021,0.175,0.1,0.185,0.275,0.229,0.284,0.223,14.0,80.0,85.8,13.1,-12.8,68.37683044237907,7.1215685,74.0,201.1290322580645,31.0,0.21264367816091953,0.516320474777448,0.4836795252225519,4.2125
"Hicks, Aaron",2022,0.175,0.134,0.222,0.309,0.256,0.276,0.207,17.0,97.0,88.9,19.0,-8.9,68.37683044237907,7.1215685,74.0,201.1290322580645,32.0,0.29901960784313725,0.4276729559748428,0.5723270440251572,4.917525773195877
"Smith, Dominic",2023,0.175,0.042,0.211,0.217,0.243,0.302,0.205,21.0,120.0,85.9,11.4,-20.2,68.37683044237907,7.1215685,74.0,201.1290322580645,28.0,0.20553359683794467,0.4990138067061144,0.5009861932938856,4.225
"Stallings, Jacob",2023,0.175,0.032,0.22,0.206,0.192,0.212,0.192,11.0,63.0,85.8,3.5,-9.7,68.37683044237907,7.1215685,74.0,201.1290322580645,33.0,0.22641509433962265,0.4061302681992337,0.5938697318007663,4.142857142857143
"Encarnacion-Strand, Christian",2024,0.175,0.075,0.233,0.25,0.174,0.258,0.222,7.0,40.0,88.8,12.9,-5.3,70.218097903,7.202984677,74.0,201.1290322580645,24.0,0.23655913978494625,0.636986301369863,0.363013698630137,3.65
"Rosario, Eddie",2024,0.175,0.095,0.222,0.27,0.201,0.223,0.188,11.0,63.0,88.0,8.2,-13.1,67.705665736,7.113246434,74.0,201.1290322580645,32.0,0.27972027972027974,0.5437262357414449,0.45627376425855515,4.174603174603175
"Mead, Curtis",2023,0.174,0.043,0.267,0.217,0.231,0.257,0.196,4.0,23.0,85.4,12.9,-3.7,68.37683044237907,7.1215685,74.0,201.1290322580645,22.0,0.2391304347826087,0.46,0.54,4.3478260869565215
"Meadows, Austin",2020,0.174,0.087,0.222,0.261,0.272,0.317,0.214,4.0,23.0,92.2,33.6,-1.1,68.37683044237907,7.1215685,74.0,201.1290322580645,25.0,0.2641509433962264,0.4140625,0.5859375,5.565217391304348
"Sandoval, Pablo",2020,0.174,0.043,0.2,0.217,0.185,0.27,0.27,4.0,23.0,89.4,9.5,-5.2,68.37683044237907,7.1215685,74.0,201.1290322580645,33.0,0.24528301886792453,0.6794871794871795,0.32051282051282054,3.391304347826087
"Choi, Ji Man",2023,0.174,0.087,0.25,0.261,0.209,0.366,0.307,4.0,23.0,99.3,9.2,-4.7,68.37683044237907,7.1215685,74.0,201.1290322580645,32.0,0.3559322033898305,0.4796747967479675,0.5203252032520326,5.3478260869565215
"Wisely, Brett",2023,0.174,0.13,0.188,0.304,0.214,0.222,0.164,4.0,23.0,79.6,10.0,-4.9,68.37683044237907,7.1215685,74.0,201.1290322580645,24.0,0.3333333333333333,0.5217391304347826,0.4782608695652174,4.0
"Martin, Richie",2021,0.174,0.043,0.235,0.217,0.183,0.198,0.189,4.0,23.0,77.8,8.6,-6.5,68.37683044237907,7.1215685,74.0,201.1290322580645,26.0,0.3050847457627119,0.5412844036697247,0.45871559633027525,4.739130434782608
"Casali, Curt",2024,0.174,0.043,0.235,0.217,0.248,0.291,0.232,4.0,23.0,78.3,21.2,-1.5,58.54454275,6.8861725,74.0,201.1290322580645,35.0,0.22727272727272727,0.44,0.56,4.3478260869565215
"Paredes, Isaac",2020,0.174,0.13,0.158,0.304,0.259,0.294,0.233,4.0,23.0,81.7,8.8,-2.4,68.37683044237907,7.1215685,74.0,201.1290322580645,21.0,0.11363636363636363,0.41509433962264153,0.5849056603773585,4.608695652173913
"Wells, Austin",2023,0.174,0.304,0.118,0.478,0.289,0.358,0.266,4.0,23.0,90.9,15.1,-3.1,68.37683044237907,7.1215685,74.0,201.1290322580645,23.0,0.3230769230769231,0.6018518518518519,0.39814814814814814,4.695652173913044
"Knizner, Andrew",2022,0.174,0.058,0.216,0.232,0.248,0.244,0.17,12.0,69.0,84.1,14.4,-5.8,68.37683044237907,7.1215685,74.0,201.1290322580645,27.0,0.23225806451612904,0.5016181229773463,0.49838187702265374,4.478260869565218
"Peraza, Oswald",2023,0.174,0.043,0.229,0.217,0.221,0.295,0.24,8.0,46.0,84.9,5.3,-3.1,68.37683044237907,7.1215685,74.0,201.1290322580645,23.0,0.3614457831325301,0.453551912568306,0.546448087431694,3.9782608695652173
"Short, Zack",2024,0.174,0.087,0.222,0.261,0.26,0.274,0.195,4.0,23.0,80.9,1.7,-2.3,64.344557692,6.5435275,74.0,201.1290322580645,29.0,0.25,0.5042016806722689,0.4957983193277311,5.173913043478261
"Hays, Austin",2020,0.174,0.13,0.188,0.304,0.205,0.199,0.181,4.0,23.0,88.4,18.6,-4.8,68.37683044237907,7.1215685,74.0,201.1290322580645,24.0,0.24561403508771928,0.5327102803738317,0.4672897196261682,4.6521739130434785
"Pham, Tommy",2021,0.173,0.045,0.224,0.218,0.225,0.295,0.221,19.0,110.0,87.0,0.8,-13.1,68.37683044237907,7.1215685,74.0,201.1290322580645,33.0,0.2610619469026549,0.4124087591240876,0.5875912408759124,4.9818181818181815
"Acuña Jr., Ronald",2021,0.173,0.096,0.205,0.269,0.274,0.366,0.236,9.0,52.0,93.6,16.3,-6.6,68.37683044237907,7.1215685,74.0,201.1290322580645,23.0,0.34375,0.42105263157894735,0.5789473684210527,5.846153846153846
"Torkelson, Spencer",2022,0.173,0.136,0.216,0.309,0.245,0.3,0.21,14.0,81.0,91.1,14.6,-8.9,68.37683044237907,7.1215685,74.0,201.1290322580645,22.0,0.3045977011494253,0.5194029850746269,0.48059701492537316,4.135802469135802
"Anderson, Brian",2022,0.173,0.053,0.236,0.227,0.252,0.291,0.21,13.0,75.0,84.3,7.4,-7.3,68.37683044237907,7.1215685,74.0,201.1290322580645,29.0,0.281767955801105,0.5261627906976745,0.4738372093023256,4.586666666666667
"Adams, Riley",2021,0.172,0.138,0.235,0.31,0.309,0.297,0.156,5.0,29.0,86.0,18.4,-2.5,68.37683044237907,7.1215685,74.0,201.1290322580645,25.0,0.352112676056338,0.4176470588235294,0.5823529411764706,5.862068965517241
"Lowe, Josh",2024,0.172,0.115,0.271,0.287,0.228,0.258,0.19,15.0,87.0,88.2,14.7,-13.0,70.579927664,6.934735327,74.0,201.1290322580645,26.0,0.3640552995391705,0.5105882352941177,0.4894117647058824,4.885057471264368
"Longoria, Evan",2023,0.172,0.138,0.222,0.31,0.224,0.268,0.209,10.0,58.0,92.3,10.1,-10.4,68.37683044237907,7.1215685,74.0,201.1290322580645,37.0,0.3023255813953488,0.4849624060150376,0.5150375939849624,4.586206896551724
"Torrens, Luis",2024,0.172,0.103,0.217,0.276,0.268,0.354,0.269,5.0,29.0,90.7,13.6,1.2,71.905321321,7.338508868,74.0,201.1290322580645,28.0,0.2786885245901639,0.46564885496183206,0.5343511450381679,4.517241379310345
"Bruján, Vidal",2024,0.172,0.078,0.25,0.25,0.217,0.216,0.187,11.0,64.0,84.5,10.8,-8.3,65.422612794,6.926732647,74.0,201.1290322580645,26.0,0.2907801418439716,0.5529411764705883,0.4470588235294118,3.984375
"Carpenter, Matt",2023,0.172,0.138,0.22,0.31,0.231,0.26,0.159,10.0,58.0,86.4,19.0,-9.1,68.37683044237907,7.1215685,74.0,201.1290322580645,37.0,0.30708661417322836,0.47388059701492535,0.5261194029850746,4.620689655172414
"Suzuki, Kurt",2020,0.171,0.086,0.194,0.257,0.252,0.302,0.198,6.0,35.0,80.6,14.4,-4.0,68.37683044237907,7.1215685,74.0,201.1290322580645,36.0,0.14814814814814814,0.44751381215469616,0.5524861878453039,5.171428571428572
"Rice, Ben",2024,0.171,0.268,0.138,0.439,0.264,0.354,0.246,7.0,41.0,92.0,23.9,-6.0,70.325687527,7.455803763,74.0,201.1290322580645,25.0,0.24468085106382978,0.5,0.5,4.585365853658536
"O'Hoppe, Logan",2023,0.171,0.244,0.182,0.415,0.285,0.325,0.22,7.0,41.0,91.4,25.6,-5.0,68.37683044237907,7.1215685,74.0,201.1290322580645,23.0,0.4367816091954023,0.49714285714285716,0.5028571428571429,4.2682926829268295
"d'Arnaud, Travis",2023,0.171,0.11,0.203,0.28,0.229,0.293,0.234,14.0,82.0,89.3,11.3,-13.5,68.37683044237907,7.1215685,74.0,201.1290322580645,34.0,0.2903225806451613,0.5519287833827893,0.44807121661721067,4.109756097560975
"Frazier, Clint",2021,0.171,0.122,0.207,0.293,0.316,0.36,0.223,7.0,41.0,86.3,13.3,-3.9,68.37683044237907,7.1215685,74.0,201.1290322580645,26.0,0.26373626373626374,0.3922413793103448,0.6077586206896551,5.658536585365853
"Almonte, Abraham",2021,0.171,0.086,0.207,0.257,0.25,0.317,0.249,6.0,35.0,88.4,9.1,-3.4,68.37683044237907,7.1215685,74.0,201.1290322580645,32.0,0.14864864864864866,0.4378698224852071,0.5621301775147929,4.828571428571428
"Mercado, Óscar",2022,0.171,0.2,0.16,0.371,0.26,0.246,0.165,6.0,35.0,85.1,20.5,-2.3,68.37683044237907,7.1215685,74.0,201.1290322580645,27.0,0.3,0.5031446540880503,0.4968553459119497,4.542857142857143
"Renfroe, Hunter",2023,0.171,0.132,0.216,0.302,0.233,0.236,0.193,22.0,129.0,86.1,14.5,-19.5,68.37683044237907,7.1215685,74.0,201.1290322580645,31.0,0.30743243243243246,0.5372050816696915,0.4627949183303085,4.271317829457364
"Bauers, Jake",2021,0.171,0.026,0.245,0.197,0.211,0.313,0.236,13.0,76.0,89.6,18.5,-11.0,68.37683044237907,7.1215685,74.0,201.1290322580645,25.0,0.25316455696202533,0.5,0.5,4.157894736842105
"Dickerson, Corey",2021,0.171,0.114,0.207,0.286,0.222,0.251,0.213,12.0,70.0,86.5,10.1,-7.9,68.37683044237907,7.1215685,74.0,201.1290322580645,32.0,0.21935483870967742,0.5326460481099656,0.46735395189003437,4.1571428571428575
"Beck, Jordan",2024,0.171,0.049,0.25,0.22,0.221,0.242,0.186,7.0,41.0,81.6,12.1,-5.4,67.898839342,7.662554605,74.0,201.1290322580645,23.0,0.35064935064935066,0.5099337748344371,0.4900662251655629,3.682926829268293
"Herrera, Odúbel",2022,0.171,0.049,0.226,0.22,0.189,0.192,0.173,7.0,41.0,82.3,6.0,-8.7,68.37683044237907,7.1215685,74.0,201.1290322580645,30.0,0.22916666666666666,0.5614035087719298,0.43859649122807015,4.170731707317073
"Grandal, Yasmani",2023,0.17,0.021,0.242,0.191,0.228,0.22,0.141,16.0,94.0,86.4,8.7,-11.4,68.37683044237907,7.1215685,74.0,201.1290322580645,34.0,0.30392156862745096,0.45739910313901344,0.5426008968609866,4.74468085106383
"McNeil, Jeff",2021,0.17,0.043,0.205,0.213,0.204,0.282,0.247,16.0,94.0,84.4,6.7,-17.3,68.37683044237907,7.1215685,74.0,201.1290322580645,29.0,0.20388349514563106,0.5819209039548022,0.4180790960451977,3.765957446808511
"Bauers, Jake",2023,0.17,0.255,0.161,0.426,0.28,0.417,0.281,8.0,47.0,90.2,16.8,-5.7,68.37683044237907,7.1215685,74.0,201.1290322580645,27.0,0.2894736842105263,0.4730290456431535,0.5269709543568465,5.127659574468085
"Matos, Luis",2023,0.17,0.043,0.222,0.213,0.197,0.25,0.226,8.0,47.0,81.9,7.1,-8.4,68.37683044237907,7.1215685,74.0,201.1290322580645,21.0,0.2111111111111111,0.45685279187817257,0.5431472081218274,4.191489361702128
"Schoop, Jonathan",2022,0.17,0.07,0.195,0.24,0.209,0.237,0.19,17.0,100.0,85.3,10.7,-16.1,68.37683044237907,7.1215685,74.0,201.1290322580645,30.0,0.2764976958525346,0.5592783505154639,0.44072164948453607,3.88
"Profar, Jurickson",2023,0.17,0.117,0.177,0.287,0.263,0.321,0.23,16.0,94.0,87.0,10.9,-6.5,68.37683044237907,7.1215685,74.0,201.1290322580645,30.0,0.19230769230769232,0.46952595936794583,0.5304740406320542,4.712765957446808
"Stewart, DJ",2021,0.169,0.085,0.239,0.254,0.259,0.298,0.193,12.0,71.0,86.5,19.5,-8.8,68.37683044237907,7.1215685,74.0,201.1290322580645,27.0,0.310126582278481,0.4579710144927536,0.5420289855072464,4.859154929577465
"DeJong, Paul",2024,0.168,0.121,0.219,0.29,0.204,0.229,0.181,18.0,107.0,86.7,23.8,-16.2,70.727565433,6.760166496,74.0,201.1290322580645,30.0,0.40304182509505704,0.6087962962962963,0.3912037037037037,4.037383177570093
"Urías, Luis",2022,0.168,0.168,0.162,0.337,0.265,0.291,0.214,16.0,95.0,85.8,19.0,-10.9,68.37683044237907,7.1215685,74.0,201.1290322580645,25.0,0.20754716981132076,0.4669603524229075,0.5330396475770925,4.778947368421052
"Walls, Taylor",2022,0.168,0.079,0.229,0.248,0.244,0.258,0.184,17.0,101.0,82.6,8.0,-7.7,68.37683044237907,7.1215685,74.0,201.1290322580645,25.0,0.26666666666666666,0.44776119402985076,0.5522388059701493,4.643564356435643
"DeLuca, Jonny",2024,0.168,0.063,0.235,0.232,0.197,0.242,0.221,16.0,95.0,80.0,11.2,-14.3,66.674170603,7.410309483,74.0,201.1290322580645,25.0,0.2584745762711864,0.5798525798525799,0.4201474201474201,4.28421052631579
"Casali, Curt",2023,0.167,0.056,0.3,0.222,0.299,0.333,0.203,3.0,18.0,77.7,16.1,-0.3,68.37683044237907,7.1215685,74.0,201.1290322580645,34.0,0.38235294117647056,0.4,0.6,4.722222222222222
"Garlick, Kyle",2021,0.167,0.208,0.176,0.375,0.234,0.363,0.248,4.0,24.0,90.9,23.8,-3.8,68.37683044237907,7.1215685,74.0,201.1290322580645,29.0,0.3076923076923077,0.48598130841121495,0.514018691588785,4.458333333333333
"Vogelbach, Daniel",2020,0.167,0.167,0.222,0.333,0.289,0.304,0.19,5.0,30.0,85.9,6.8,-4.0,68.37683044237907,7.1215685,74.0,201.1290322580645,27.0,0.23333333333333334,0.3409090909090909,0.6590909090909091,5.866666666666666
"Millas, Drew",2024,0.167,0.0,0.5,0.167,0.224,0.183,0.106,1.0,6.0,97.9,-8.5,-1.3,66.921524615,7.238996154,74.0,201.1290322580645,26.0,0.5384615384615384,0.52,0.48,4.166666666666667
"Souza Jr., Steven",2021,0.167,0.167,0.2,0.333,0.276,0.269,0.206,1.0,6.0,85.6,-2.6,-1.7,68.37683044237907,7.1215685,74.0,201.1290322580645,27.0,0.0,0.375,0.625,4.0
"Sisco, Chance",2021,0.167,0.111,0.25,0.278,0.239,0.224,0.163,3.0,18.0,78.5,1.0,-4.3,68.37683044237907,7.1215685,74.0,201.1290322580645,26.0,0.40540540540540543,0.5211267605633803,0.4788732394366197,3.9444444444444446
"Dunn, Oliver",2024,0.167,0.0,0.333,0.167,0.19,0.255,0.184,4.0,24.0,94.5,5.8,-3.1,73.115708085,7.542484681,74.0,201.1290322580645,26.0,0.37735849056603776,0.45689655172413796,0.5431034482758621,4.833333333333333
"Lindor, Francisco",2020,0.167,0.133,0.191,0.3,0.254,0.285,0.202,10.0,60.0,89.6,12.7,-10.4,68.37683044237907,7.1215685,74.0,201.1290322580645,26.0,0.2753623188405797,0.5018181818181818,0.49818181818181817,4.583333333333333
"Bruce, Jay",2021,0.167,0.0,0.333,0.167,0.147,0.257,0.279,1.0,6.0,76.9,19.0,-0.9,68.37683044237907,7.1215685,74.0,201.1290322580645,34.0,0.6666666666666666,0.6818181818181818,0.3181818181818182,3.6666666666666665
"Andrus, Elvis",2020,0.167,0.0,0.211,0.167,0.19,0.211,0.182,4.0,24.0,82.1,3.6,-4.5,68.37683044237907,7.1215685,74.0,201.1290322580645,31.0,0.17777777777777778,0.5294117647058824,0.47058823529411764,3.5416666666666665
"Walsh, Jared",2023,0.167,0.083,0.308,0.25,0.281,0.242,0.135,4.0,24.0,74.2,10.7,-2.2,68.37683044237907,7.1215685,74.0,201.1290322580645,29.0,0.5263157894736842,0.4830508474576271,0.5169491525423728,4.916666666666667
"Rooker, Brent",2023,0.167,0.211,0.185,0.377,0.275,0.322,0.223,19.0,114.0,90.0,17.4,-11.6,68.37683044237907,7.1215685,74.0,201.1290322580645,28.0,0.4128787878787879,0.48,0.52,4.824561403508772
"Frazier, Todd",2020,0.167,0.1,0.167,0.267,0.258,0.344,0.249,5.0,30.0,88.1,24.2,-3.7,68.37683044237907,7.1215685,74.0,201.1290322580645,34.0,0.22950819672131148,0.46923076923076923,0.5307692307692308,4.333333333333333
"O'Keefe, Brian",2023,0.167,0.167,0.25,0.333,0.329,0.323,0.211,1.0,6.0,98.2,11.3,0.6,68.37683044237907,7.1215685,74.0,201.1290322580645,29.0,0.4166666666666667,0.46153846153846156,0.5384615384615384,4.333333333333333
"Millas, Drew",2023,0.167,0.0,0.222,0.167,0.225,0.291,0.233,2.0,12.0,79.1,1.3,-0.7,68.37683044237907,7.1215685,74.0,201.1290322580645,25.0,0.21739130434782608,0.46,0.54,4.166666666666667
"Pache, Cristian",2021,0.167,0.25,0.2,0.417,0.307,0.28,0.176,2.0,12.0,56.3,2.1,-1.6,68.37683044237907,7.1215685,74.0,201.1290322580645,22.0,0.2857142857142857,0.6140350877192983,0.38596491228070173,4.75
"Tromp, Chadwick",2020,0.167,0.25,0.111,0.417,0.204,0.209,0.139,2.0,12.0,87.2,4.8,-3.0,68.37683044237907,7.1215685,74.0,201.1290322580645,25.0,0.2608695652173913,0.5,0.5,3.8333333333333335
"Walton, Donovan",2024,0.167,0.0,0.2,0.167,0.331,0.419,0.3,1.0,6.0,78.5,24.4,-0.1,61.47417,6.025888,74.0,201.1290322580645,30.0,0.25,0.5,0.5,5.333333333333333
"Raley, Luke",2022,0.167,0.0,0.286,0.167,0.242,0.298,0.123,2.0,12.0,87.7,6.7,-2.3,68.37683044237907,7.1215685,74.0,201.1290322580645,27.0,0.45161290322580644,0.5344827586206896,0.46551724137931033,4.833333333333333
"Williams, Luke",2024,0.167,0.167,0.222,0.333,0.209,0.12,0.119,2.0,12.0,80.0,9.6,-1.7,67.196956316,7.258505263,74.0,201.1290322580645,27.0,0.18181818181818182,0.5945945945945946,0.40540540540540543,3.0833333333333335
"Schunk, Aaron",2024,0.167,0.0,0.2,0.167,0.147,0.191,0.201,4.0,24.0,79.9,1.9,-3.9,62.6910275,6.156289545,74.0,201.1290322580645,26.0,0.15555555555555556,0.569620253164557,0.43037974683544306,3.2916666666666665
"Duggar, Steven",2020,0.167,0.083,0.2,0.25,0.177,0.289,0.262,2.0,12.0,85.9,7.7,-1.7,68.37683044237907,7.1215685,74.0,201.1290322580645,26.0,0.047619047619047616,0.5833333333333334,0.4166666666666667,3.0
"Lauer, Eric",2021,0.167,0.0,0.333,0.167,0.255,0.184,0.024,1.0,6.0,52.5,4.2,-1.5,68.37683044237907,7.1215685,74.0,201.1290322580645,27.0,0.25,0.35555555555555557,0.6444444444444445,7.5
"Díaz, Isan",2020,0.167,0.0,0.2,0.167,0.147,0.345,0.368,1.0,6.0,77.0,-11.8,-1.9,68.37683044237907,7.1215685,74.0,201.1290322580645,24.0,0.125,0.2962962962962963,0.7037037037037037,4.5
"Serven, Brian",2023,0.167,0.167,0.25,0.333,0.207,0.105,0.103,1.0,6.0,89.3,28.3,-1.4,68.37683044237907,7.1215685,74.0,201.1290322580645,27.0,0.2857142857142857,0.3684210526315789,0.631578947368421,3.1666666666666665
"Fox, Lucius",2022,0.167,0.0,0.5,0.167,0.147,0.022,0.022,1.0,6.0,59.1,-29.0,-0.3,68.37683044237907,7.1215685,74.0,201.1290322580645,27.0,0.46153846153846156,0.48148148148148145,0.5185185185185185,4.5
"Muñoz, Yairo",2022,0.167,0.333,0.143,0.5,0.309,0.274,0.191,2.0,12.0,86.7,9.8,-1.3,68.37683044237907,7.1215685,74.0,201.1290322580645,27.0,0.38461538461538464,0.5652173913043478,0.43478260869565216,3.8333333333333335
"Huff, Sam",2023,0.167,0.333,0.2,0.5,0.303,0.329,0.211,2.0,12.0,89.0,-1.7,-1.9,68.37683044237907,7.1215685,74.0,201.1290322580645,25.0,0.43333333333333335,0.6,0.4,4.166666666666667
"Starling, Bubba",2020,0.167,0.083,0.222,0.25,0.235,0.288,0.246,2.0,12.0,89.4,8.9,-1.7,68.37683044237907,7.1215685,74.0,201.1290322580645,27.0,0.25925925925925924,0.46551724137931033,0.5344827586206896,4.833333333333333
"Vargas, Ildemaro",2021,0.167,0.042,0.25,0.208,0.162,0.172,0.179,4.0,24.0,84.8,-4.9,-4.4,68.37683044237907,7.1215685,74.0,201.1290322580645,29.0,0.3,0.5747126436781609,0.42528735632183906,3.625
"Vientos, Mark",2022,0.167,0.0,0.25,0.167,0.147,0.13,0.127,2.0,12.0,88.5,13.5,-3.0,68.37683044237907,7.1215685,74.0,201.1290322580645,22.0,0.27586206896551724,0.5686274509803921,0.43137254901960786,4.25
"Phillips, Brett",2022,0.167,0.194,0.19,0.361,0.275,0.269,0.179,6.0,36.0,78.8,9.5,-4.0,68.37683044237907,7.1215685,74.0,201.1290322580645,28.0,0.375,0.4489795918367347,0.5510204081632653,5.444444444444445
"Gelof, Zack",2024,0.167,0.167,0.265,0.333,0.256,0.271,0.158,18.0,108.0,87.5,14.1,-16.4,68.596867489,7.084319692,74.0,201.1290322580645,24.0,0.475,0.48879837067209775,0.5112016293279023,4.546296296296297
"Kelenic, Jarred",2021,0.167,0.09,0.245,0.256,0.208,0.254,0.19,13.0,78.0,88.4,15.0,-14.1,68.37683044237907,7.1215685,74.0,201.1290322580645,21.0,0.2670807453416149,0.47214076246334313,0.5278592375366569,4.371794871794871
"Fitzgerald, Tyler",2023,0.167,0.0,0.333,0.167,0.225,0.236,0.168,1.0,6.0,86.3,21.3,-0.3,68.37683044237907,7.1215685,74.0,201.1290322580645,25.0,0.375,0.5925925925925926,0.4074074074074074,4.5
"Suárez, Eugenio",2021,0.167,0.152,0.209,0.318,0.239,0.289,0.197,22.0,132.0,89.1,19.5,-18.2,68.37683044237907,7.1215685,74.0,201.1290322580645,29.0,0.3,0.4753521126760563,0.5246478873239436,4.303030303030303
"Wallach, Chad",2022,0.167,0.5,0.0,0.667,0.431,0.47,0.241,1.0,6.0,75.3,25.4,1.2,68.37683044237907,7.1215685,74.0,201.1290322580645,27.0,0.29411764705882354,0.5483870967741935,0.45161290322580644,5.166666666666667
"Young, Jared",2022,0.167,0.0,0.25,0.167,0.225,0.33,0.257,1.0,6.0,92.2,2.2,-1.1,68.37683044237907,7.1215685,74.0,201.1290322580645,26.0,0.5,0.5384615384615384,0.46153846153846156,4.333333333333333
"Bemboom, Anthony",2021,0.167,0.0,0.333,0.167,0.147,0.17,0.179,2.0,12.0,71.2,6.2,-3.4,68.37683044237907,7.1215685,74.0,201.1290322580645,31.0,0.4,0.5,0.5,3.3333333333333335
"Deichmann, Greg",2021,0.167,0.0,0.25,0.167,0.147,0.178,0.177,1.0,6.0,85.7,39.0,-2.1,68.37683044237907,7.1215685,74.0,201.1290322580645,26.0,0.3,0.625,0.375,5.333333333333333
"Hudson, Joe",2020,0.167,0.0,0.2,0.167,0.147,0.038,0.04,1.0,6.0,71.6,32.0,-1.1,68.37683044237907,7.1215685,74.0,201.1290322580645,27.0,0.2727272727272727,0.4230769230769231,0.5769230769230769,4.333333333333333
"Arias, Gabriel",2022,0.167,0.167,0.25,0.333,0.207,0.132,0.13,2.0,12.0,77.4,-15.1,0.0,68.37683044237907,7.1215685,74.0,201.1290322580645,22.0,0.3333333333333333,0.4897959183673469,0.5102040816326531,4.083333333333333
"Brinson, Lewis",2021,0.167,0.208,0.182,0.375,0.24,0.234,0.178,12.0,72.0,85.3,19.7,-5.7,68.37683044237907,7.1215685,74.0,201.1290322580645,27.0,0.35542168674698793,0.5743944636678201,0.42560553633217996,4.013888888888889
"Davis, J.D.",2020,0.167,0.167,0.185,0.333,0.264,0.332,0.239,7.0,42.0,93.4,6.2,-4.5,68.37683044237907,7.1215685,74.0,201.1290322580645,27.0,0.3,0.47368421052631576,0.5263157894736842,4.523809523809524
"Ramos, Heliot",2023,0.167,0.083,0.222,0.25,0.281,0.282,0.16,2.0,12.0,88.0,16.3,-1.7,68.37683044237907,7.1215685,74.0,201.1290322580645,23.0,0.4,0.45454545454545453,0.5454545454545454,4.583333333333333
"Celestino, Gilberto",2021,0.167,0.0,0.182,0.167,0.188,0.255,0.229,2.0,12.0,83.8,-7.0,-3.5,68.37683044237907,7.1215685,74.0,201.1290322580645,22.0,0.25,0.5614035087719298,0.43859649122807015,4.75
"Blankenhorn, Travis",2024,0.167,0.083,0.25,0.25,0.178,0.161,0.154,2.0,12.0,84.4,-12.1,-2.6,71.823494,7.4417808,74.0,201.1290322580645,27.0,0.4,0.5813953488372093,0.4186046511627907,3.5833333333333335
"Wolters, Tony",2021,0.167,0.0,1.0,0.167,0.283,0.26,0.125,1.0,6.0,50.7,4.5,-1.6,68.37683044237907,7.1215685,74.0,201.1290322580645,29.0,0.4166666666666667,0.35294117647058826,0.6470588235294118,5.666666666666667
"Kessinger, Grae",2023,0.167,0.0,0.25,0.167,0.225,0.278,0.225,1.0,6.0,83.9,0.5,-1.6,68.37683044237907,7.1215685,74.0,201.1290322580645,25.0,0.36363636363636365,0.5238095238095238,0.47619047619047616,3.5
"Camargo, Johan",2023,0.167,0.0,0.2,0.167,0.23,0.365,0.327,1.0,6.0,84.8,-2.0,-1.4,68.37683044237907,7.1215685,74.0,201.1290322580645,27.0,0.21428571428571427,0.5833333333333334,0.4166666666666667,4.0
"Murphy, Tom",2024,0.167,0.167,1.0,0.333,0.278,0.213,0.138,1.0,6.0,109.3,13.0,-1.2,72.699268889,7.682492222,74.0,201.1290322580645,27.0,0.45454545454545453,0.34375,0.65625,5.333333333333333
"Pérez, Roberto",2021,0.167,0.167,0.211,0.333,0.235,0.255,0.186,6.0,36.0,82.8,4.0,-4.4,68.37683044237907,7.1215685,74.0,201.1290322580645,32.0,0.4625,0.47904191616766467,0.5209580838323353,4.638888888888889
"Gonzalez, Marwin",2022,0.167,0.093,0.205,0.259,0.227,0.222,0.16,9.0,54.0,82.1,20.6,-8.0,68.37683044237907,7.1215685,74.0,201.1290322580645,33.0,0.16923076923076924,0.5416666666666666,0.4583333333333333,4.444444444444445
"Gallo, Joey",2022,0.165,0.188,0.244,0.353,0.287,0.313,0.187,14.0,85.0,88.0,18.5,-7.5,68.37683044237907,7.1215685,74.0,201.1290322580645,28.0,0.39805825242718446,0.48243559718969553,0.5175644028103045,5.023529411764706
"Joe, Connor",2023,0.165,0.126,0.214,0.291,0.266,0.317,0.221,17.0,103.0,88.0,19.0,-10.7,68.37683044237907,7.1215685,74.0,201.1290322580645,30.0,0.25118483412322273,0.4161735700197239,0.5838264299802761,4.922330097087379
"Alcántara, Sergio",2022,0.164,0.213,0.159,0.377,0.241,0.221,0.173,10.0,61.0,85.3,18.0,-8.3,68.37683044237907,7.1215685,74.0,201.1290322580645,25.0,0.2601626016260163,0.44565217391304346,0.5543478260869565,4.524590163934426
"Castro, Rodolfo",2023,0.164,0.06,0.238,0.224,0.201,0.194,0.147,11.0,67.0,87.6,6.6,-14.9,68.37683044237907,7.1215685,74.0,201.1290322580645,24.0,0.3695652173913043,0.49110320284697506,0.5088967971530249,4.1940298507462686
"Murphy, Sean",2024,0.164,0.182,0.171,0.345,0.265,0.346,0.24,9.0,55.0,88.0,3.7,-8.0,69.421735702,7.713180439,74.0,201.1290322580645,29.0,0.2782608695652174,0.44921875,0.55078125,4.654545454545454
"Smith, Josh",2023,0.164,0.055,0.205,0.218,0.249,0.32,0.232,9.0,55.0,86.2,9.6,-8.2,68.37683044237907,7.1215685,74.0,201.1290322580645,25.0,0.16666666666666666,0.45161290322580644,0.5483870967741935,5.072727272727272
"Anderson, Tim",2024,0.164,0.018,0.25,0.182,0.17,0.215,0.202,9.0,55.0,87.0,-1.9,-13.2,67.9399941,7.1215685,74.0,201.1290322580645,31.0,0.3333333333333333,0.5318181818181819,0.4681818181818182,4.0
"Siri, Jose",2022,0.164,0.096,0.244,0.26,0.206,0.204,0.17,12.0,73.0,83.8,12.7,-11.6,68.37683044237907,7.1215685,74.0,201.1290322580645,26.0,0.3125,0.54421768707483,0.4557823129251701,4.027397260273973
"Muncy, Max",2020,0.163,0.233,0.133,0.395,0.345,0.397,0.205,7.0,43.0,86.8,21.9,1.0,68.37683044237907,7.1215685,74.0,201.1290322580645,29.0,0.2976190476190476,0.302158273381295,0.697841726618705,6.465116279069767
"Díaz, Elias",2021,0.163,0.141,0.169,0.304,0.243,0.235,0.165,15.0,92.0,85.9,11.1,-10.1,68.37683044237907,7.1215685,74.0,201.1290322580645,30.0,0.2761904761904762,0.5384615384615384,0.46153846153846156,4.239130434782608
"Sierra, Magneuris",2021,0.163,0.023,0.241,0.186,0.164,0.218,0.219,7.0,43.0,79.4,-5.4,-9.2,68.37683044237907,7.1215685,74.0,201.1290322580645,25.0,0.25225225225225223,0.6166666666666667,0.38333333333333336,4.186046511627907
"Lipscomb, Trey",2024,0.163,0.02,0.216,0.184,0.223,0.258,0.195,8.0,49.0,86.1,-4.3,-6.3,66.023964052,7.473746034,74.0,201.1290322580645,24.0,0.25806451612903225,0.5560538116591929,0.4439461883408072,4.551020408163265
"Davis, Henry",2023,0.162,0.044,0.222,0.206,0.194,0.242,0.214,11.0,68.0,85.2,11.6,-10.6,68.37683044237907,7.1215685,74.0,201.1290322580645,23.0,0.28169014084507044,0.4797297297297297,0.5202702702702703,4.352941176470588
"Massey, Michael",2022,0.162,0.054,0.214,0.216,0.217,0.298,0.214,6.0,37.0,83.3,16.4,-6.0,68.37683044237907,7.1215685,74.0,201.1290322580645,24.0,0.36363636363636365,0.5827814569536424,0.41721854304635764,4.081081081081081
"Gallo, Joey",2021,0.162,0.243,0.184,0.405,0.329,0.335,0.165,18.0,111.0,89.1,23.5,-4.8,68.37683044237907,7.1215685,74.0,201.1290322580645,27.0,0.4375,0.4231404958677686,0.5768595041322314,5.45045045045045
"Cabrera, Oswaldo",2022,0.162,0.135,0.167,0.297,0.238,0.291,0.234,6.0,37.0,84.6,12.0,-1.6,68.37683044237907,7.1215685,74.0,201.1290322580645,23.0,0.2,0.5491329479768786,0.4508670520231214,4.675675675675675
"Zavala, Seby",2023,0.162,0.081,0.238,0.243,0.192,0.23,0.184,6.0,37.0,81.7,10.1,-7.5,68.37683044237907,7.1215685,74.0,201.1290322580645,29.0,0.30851063829787234,0.6025641025641025,0.3974358974358974,4.216216216216216
"Castro, Willi",2022,0.162,0.041,0.197,0.203,0.172,0.243,0.227,12.0,74.0,79.8,14.6,-14.0,68.37683044237907,7.1215685,74.0,201.1290322580645,25.0,0.3103448275862069,0.6192170818505338,0.3807829181494662,3.7972972972972974
"Lopez, Nicky",2022,0.162,0.029,0.198,0.19,0.203,0.261,0.222,17.0,105.0,77.8,-0.7,-18.9,68.37683044237907,7.1215685,74.0,201.1290322580645,27.0,0.19282511210762332,0.48903508771929827,0.5109649122807017,4.3428571428571425
"White, Eli",2022,0.161,0.032,0.263,0.194,0.223,0.253,0.172,5.0,31.0,74.0,15.9,-3.6,68.37683044237907,7.1215685,74.0,201.1290322580645,28.0,0.4838709677419355,0.47692307692307695,0.5230769230769231,4.193548387096774
"Adams, Riley",2022,0.161,0.226,0.231,0.387,0.306,0.251,0.143,5.0,31.0,86.6,12.9,-3.7,68.37683044237907,7.1215685,74.0,201.1290322580645,26.0,0.39705882352941174,0.4473684210526316,0.5526315789473685,4.903225806451613
"Aranda, Jonathan",2024,0.161,0.194,0.136,0.355,0.264,0.298,0.217,5.0,31.0,87.4,11.0,-4.9,67.949361714,7.219995571,74.0,201.1290322580645,26.0,0.2054794520547945,0.5,0.5,4.709677419354839
"Votto, Joey",2020,0.161,0.065,0.217,0.226,0.264,0.28,0.177,5.0,31.0,83.2,16.0,-1.4,68.37683044237907,7.1215685,75.0,200.0,36.0,0.2,0.4012345679012346,0.5987654320987654,5.225806451612903
"Gallo, Joey",2023,0.161,0.355,0.13,0.516,0.357,0.358,0.164,10.0,62.0,94.6,27.8,-1.2,68.37683044237907,7.1215685,74.0,201.1290322580645,29.0,0.4567901234567901,0.4807121661721068,0.5192878338278932,5.435483870967742
"Evans, Phillip",2021,0.16,0.04,0.267,0.2,0.246,0.228,0.134,8.0,50.0,87.1,-0.9,-5.0,68.37683044237907,7.1215685,74.0,201.1290322580645,28.0,0.32558139534883723,0.40375586854460094,0.596244131455399,4.26
"Bellinger, Cody",2021,0.16,0.111,0.186,0.272,0.226,0.243,0.168,13.0,81.0,88.5,25.6,-13.0,68.37683044237907,7.1215685,74.0,201.1290322580645,25.0,0.3027027027027027,0.5255681818181818,0.4744318181818182,4.345679012345679
"Maldonado, Martín",2024,0.16,0.12,0.25,0.28,0.225,0.201,0.127,4.0,25.0,76.8,6.3,-4.5,69.117664906,7.449314717,74.0,201.1290322580645,37.0,0.38181818181818183,0.46218487394957986,0.5378151260504201,4.76
"Soderstrom, Tyler",2024,0.16,0.08,0.258,0.24,0.187,0.198,0.144,8.0,50.0,93.4,9.1,-6.9,72.047340891,7.594711782,74.0,201.1290322580645,22.0,0.38317757009345793,0.5752688172043011,0.42473118279569894,3.72
"Aquino, Aristides",2021,0.159,0.182,0.25,0.341,0.279,0.286,0.164,7.0,44.0,86.1,22.9,-4.9,68.37683044237907,7.1215685,74.0,201.1290322580645,27.0,0.43137254901960786,0.4594594594594595,0.5405405405405406,5.045454545454546
"Gorman, Nolan",2024,0.159,0.122,0.244,0.28,0.226,0.263,0.183,13.0,82.0,87.4,23.2,-17.2,71.237978141,7.386737628,74.0,201.1290322580645,24.0,0.4153846153846154,0.5327868852459017,0.4672131147540984,4.463414634146342
"Suwinski, Jack",2022,0.159,0.232,0.146,0.391,0.297,0.307,0.178,11.0,69.0,88.1,19.6,-6.9,68.37683044237907,7.1215685,74.0,201.1290322580645,23.0,0.2948717948717949,0.4482758620689655,0.5517241379310345,5.043478260869565
"Hummel, Cooper",2022,0.159,0.159,0.214,0.318,0.28,0.267,0.157,7.0,44.0,85.2,0.3,-4.0,68.37683044237907,7.1215685,74.0,201.1290322580645,27.0,0.25555555555555554,0.4166666666666667,0.5833333333333334,4.909090909090909
"Serven, Brian",2022,0.159,0.023,0.2,0.182,0.21,0.247,0.188,7.0,44.0,82.2,10.3,-9.5,68.37683044237907,7.1215685,74.0,201.1290322580645,27.0,0.2079207920792079,0.5372340425531915,0.4627659574468085,4.2727272727272725
"Gregorius, Didi",2021,0.159,0.168,0.15,0.327,0.216,0.234,0.199,17.0,107.0,85.3,15.6,-14.9,68.37683044237907,7.1215685,74.0,201.1290322580645,31.0,0.30313588850174217,0.6335540838852097,0.36644591611479027,4.233644859813084
"Crawford, Brandon",2024,0.158,0.105,0.25,0.263,0.178,0.151,0.154,3.0,19.0,94.0,13.6,-5.3,68.954228108,7.347228108,74.0,201.1290322580645,37.0,0.3,0.5555555555555556,0.4444444444444444,3.789473684210526
"Raley, Luke",2021,0.158,0.158,0.2,0.316,0.224,0.302,0.2,3.0,19.0,91.7,-2.5,-4.6,68.37683044237907,7.1215685,74.0,201.1290322580645,27.0,0.4318181818181818,0.5365853658536586,0.4634146341463415,4.315789473684211
"Zunino, Mike",2020,0.158,0.316,0.1,0.474,0.333,0.438,0.229,3.0,19.0,88.4,29.7,-0.8,68.37683044237907,7.1215685,74.0,201.1290322580645,29.0,0.3023255813953488,0.4673913043478261,0.532608695652174,4.842105263157895
"Reyes, Pablo",2024,0.158,0.0,0.231,0.158,0.168,0.229,0.216,3.0,19.0,88.2,6.3,-3.7,63.648248636,6.859078636,74.0,201.1290322580645,30.0,0.11428571428571428,0.44871794871794873,0.5512820512820513,4.105263157894737
"Heyward, Jason",2022,0.158,0.053,0.207,0.211,0.222,0.271,0.197,6.0,38.0,87.3,13.9,-6.5,68.37683044237907,7.1215685,74.0,201.1290322580645,32.0,0.275,0.49382716049382713,0.5061728395061729,4.2631578947368425
"Tejeda, Anderson",2020,0.158,0.053,0.25,0.211,0.185,0.152,0.13,3.0,19.0,86.0,6.0,-5.4,68.37683044237907,7.1215685,74.0,201.1290322580645,22.0,0.4375,0.4507042253521127,0.5492957746478874,3.736842105263158
"Maldonado, Martín",2023,0.156,0.115,0.203,0.271,0.238,0.24,0.163,15.0,96.0,78.6,17.4,-15.6,68.37683044237907,7.1215685,74.0,201.1290322580645,36.0,0.3378995433789954,0.5177304964539007,0.48226950354609927,4.40625
"Toglia, Michael",2024,0.156,0.256,0.157,0.411,0.288,0.335,0.207,14.0,90.0,89.8,15.5,-4.5,71.045739095,7.453475762,74.0,201.1290322580645,25.0,0.3953488372093023,0.4574468085106383,0.5425531914893617,5.222222222222222
"Arcia, Orlando",2024,0.155,0.017,0.209,0.172,0.185,0.222,0.168,18.0,116.0,86.3,9.5,-25.6,68.410841949,7.819254025,74.0,201.1290322580645,29.0,0.3281853281853282,0.5009671179883946,0.4990328820116054,4.456896551724138
"Moore, Dylan",2020,0.154,0.154,0.2,0.308,0.313,0.348,0.207,4.0,26.0,82.4,25.8,-1.3,68.37683044237907,7.1215685,74.0,201.1290322580645,27.0,0.3111111111111111,0.32608695652173914,0.6739130434782609,5.3076923076923075
"Castro, Starlin",2020,0.154,0.231,0.1,0.385,0.254,0.388,0.313,2.0,13.0,87.0,22.6,-2.3,68.37683044237907,7.1215685,74.0,201.1290322580645,27.0,0.2692307692307692,0.4642857142857143,0.5357142857142857,4.3076923076923075
"Barrera, Tres",2022,0.154,0.077,0.2,0.231,0.165,0.223,0.226,2.0,13.0,87.3,33.0,-1.5,68.37683044237907,7.1215685,74.0,201.1290322580645,27.0,0.1724137931034483,0.5576923076923077,0.4423076923076923,4.0
"Palacios, Joshua",2022,0.154,0.0,0.222,0.154,0.175,0.16,0.129,2.0,13.0,71.2,-3.0,-3.0,68.37683044237907,7.1215685,74.0,201.1290322580645,26.0,0.225,0.6060606060606061,0.3939393939393939,5.076923076923077
"Mastrobuoni, Miles",2023,0.154,0.0,0.211,0.154,0.176,0.2,0.174,4.0,26.0,74.9,1.9,-5.1,68.37683044237907,7.1215685,74.0,201.1290322580645,27.0,0.21739130434782608,0.39655172413793105,0.603448275862069,4.461538461538462
"Toro, Abraham",2020,0.154,0.115,0.176,0.269,0.249,0.33,0.254,4.0,26.0,82.1,12.5,-3.9,68.37683044237907,7.1215685,74.0,201.1290322580645,23.0,0.25396825396825395,0.5575221238938053,0.4424778761061947,4.346153846153846
"Rizzo, Anthony",2020,0.154,0.026,0.2,0.179,0.176,0.254,0.178,6.0,39.0,87.9,14.8,-8.0,68.37683044237907,7.1215685,74.0,201.1290322580645,30.0,0.2391304347826087,0.4717948717948718,0.5282051282051282,5.0
"Ramos, Wilson",2021,0.154,0.026,0.2,0.179,0.167,0.288,0.234,6.0,39.0,86.1,8.6,-7.6,68.37683044237907,7.1215685,74.0,201.1290322580645,33.0,0.23809523809523808,0.56,0.44,3.8461538461538463
"Gordon, Alex",2020,0.154,0.051,0.207,0.205,0.227,0.288,0.186,6.0,39.0,78.5,9.5,-6.8,68.37683044237907,7.1215685,74.0,201.1290322580645,36.0,0.2631578947368421,0.5241379310344828,0.47586206896551725,3.717948717948718
"Demeritte, Travis",2022,0.154,0.0,0.2,0.154,0.164,0.222,0.179,2.0,13.0,87.2,-1.4,-3.3,68.37683044237907,7.1215685,74.0,201.1290322580645,27.0,0.4482758620689655,0.5272727272727272,0.4727272727272727,4.230769230769231
"Bolt, Skye",2021,0.154,0.077,0.25,0.231,0.201,0.24,0.188,2.0,13.0,79.9,-1.1,-2.5,68.37683044237907,7.1215685,74.0,201.1290322580645,27.0,0.3076923076923077,0.49056603773584906,0.5094339622641509,4.076923076923077
"Bouchard, Sean",2024,0.154,0.077,0.2,0.231,0.258,0.284,0.17,2.0,13.0,82.1,13.2,-0.3,66.731816765,7.044602941,74.0,201.1290322580645,28.0,0.2777777777777778,0.4090909090909091,0.5909090909090909,6.769230769230769
"McKinney, Billy",2023,0.154,0.231,0.125,0.385,0.262,0.311,0.193,4.0,26.0,86.7,11.8,-4.0,68.37683044237907,7.1215685,74.0,201.1290322580645,28.0,0.3793103448275862,0.5132743362831859,0.48672566371681414,4.346153846153846
"Bumgarner, Madison",2021,0.154,0.0,0.4,0.154,0.196,0.194,0.139,2.0,13.0,88.9,27.0,-3.9,68.37683044237907,7.1215685,74.0,201.1290322580645,31.0,0.42857142857142855,0.3684210526315789,0.631578947368421,5.846153846153846
"Siani, Michael",2024,0.154,0.038,0.22,0.192,0.187,0.21,0.165,12.0,78.0,73.4,-4.5,-17.1,64.048806708,7.007051242,74.0,201.1290322580645,24.0,0.384180790960452,0.5496894409937888,0.4503105590062112,4.128205128205129
"Gomes, Yan",2020,0.154,0.077,0.167,0.231,0.181,0.292,0.279,4.0,26.0,87.7,12.0,-5.9,68.37683044237907,7.1215685,74.0,201.1290322580645,32.0,0.25862068965517243,0.5178571428571429,0.48214285714285715,4.3076923076923075
"García, Robel",2021,0.154,0.038,0.267,0.192,0.181,0.211,0.186,4.0,26.0,82.4,11.7,-5.1,68.37683044237907,7.1215685,74.0,201.1290322580645,28.0,0.5714285714285714,0.47058823529411764,0.5294117647058824,4.576923076923077
"Thompson, Trayce",2023,0.154,0.179,0.286,0.333,0.268,0.269,0.152,6.0,39.0,93.5,19.6,-2.3,68.37683044237907,7.1215685,74.0,201.1290322580645,32.0,0.45454545454545453,0.4489795918367347,0.5510204081632653,5.0256410256410255
"Nuñez, Nasim",2024,0.154,0.0,0.182,0.154,0.209,0.284,0.233,2.0,13.0,63.7,-6.4,-1.5,57.874876667,5.964921429,74.0,201.1290322580645,23.0,0.14285714285714285,0.42424242424242425,0.5757575757575758,5.076923076923077
"Maldonado, Martín",2021,0.153,0.153,0.158,0.306,0.277,0.262,0.157,13.0,85.0,83.9,18.1,-5.3,68.37683044237907,7.1215685,74.0,201.1290322580645,34.0,0.2789473684210526,0.46228710462287104,0.537712895377129,4.8352941176470585
"Brown, Seth",2021,0.153,0.097,0.188,0.25,0.218,0.257,0.182,11.0,72.0,86.4,17.2,-13.3,68.37683044237907,7.1215685,74.0,201.1290322580645,28.0,0.35664335664335667,0.45110410094637227,0.5488958990536278,4.402777777777778
"Rooker, Brent",2021,0.152,0.091,0.294,0.242,0.236,0.232,0.156,5.0,33.0,89.7,2.9,-4.6,68.37683044237907,7.1215685,74.0,201.1290322580645,26.0,0.3717948717948718,0.4968152866242038,0.5031847133757962,4.757575757575758
"Wallach, Chad",2023,0.152,0.152,0.222,0.303,0.256,0.289,0.176,5.0,33.0,80.9,6.9,-5.8,68.37683044237907,7.1215685,74.0,201.1290322580645,31.0,0.3253012048192771,0.50920245398773,0.49079754601226994,4.9393939393939394
"Kelenic, Jarred",2022,0.152,0.121,0.278,0.273,0.228,0.175,0.096,5.0,33.0,84.9,27.4,-7.8,68.37683044237907,7.1215685,74.0,201.1290322580645,22.0,0.4266666666666667,0.5,0.5,4.545454545454546
"Senzel, Nick",2024,0.152,0.261,0.138,0.413,0.303,0.322,0.217,7.0,46.0,80.5,18.4,-4.1,65.203975417,7.350524688,74.0,201.1290322580645,29.0,0.21428571428571427,0.46226415094339623,0.5377358490566038,4.608695652173913
"Malloy, Justyn-Henry",2024,0.15,0.275,0.15,0.425,0.301,0.3,0.173,6.0,40.0,89.4,20.9,-3.5,66.124467262,6.939516786,74.0,201.1290322580645,24.0,0.4166666666666667,0.39622641509433965,0.6037735849056604,5.3
"Allen, Nick",2022,0.15,0.05,0.22,0.2,0.182,0.196,0.166,9.0,60.0,79.3,6.0,-9.6,68.37683044237907,7.1215685,74.0,201.1290322580645,23.0,0.26153846153846155,0.5118110236220472,0.4881889763779528,4.233333333333333
"Mercado, Óscar",2020,0.15,0.0,0.231,0.15,0.176,0.187,0.153,3.0,20.0,85.0,-6.1,-4.4,68.37683044237907,7.1215685,74.0,201.1290322580645,25.0,0.3333333333333333,0.47368421052631576,0.5263157894736842,4.75
"Stewart, Christin",2020,0.15,0.05,0.231,0.2,0.193,0.235,0.165,3.0,20.0,86.9,29.5,-6.3,68.37683044237907,7.1215685,74.0,201.1290322580645,26.0,0.358974358974359,0.4875,0.5125,4.0
"Kingery, Scott",2020,0.15,0.15,0.125,0.3,0.255,0.286,0.188,3.0,20.0,80.4,25.6,-2.5,68.37683044237907,7.1215685,74.0,201.1290322580645,26.0,0.21428571428571427,0.5316455696202531,0.46835443037974683,3.95
"White, Eli",2021,0.149,0.106,0.231,0.255,0.22,0.235,0.18,7.0,47.0,77.2,12.6,-7.9,68.37683044237907,7.1215685,74.0,201.1290322580645,27.0,0.35353535353535354,0.48058252427184467,0.5194174757281553,4.382978723404255
"Altuve, Jose",2020,0.149,0.106,0.176,0.255,0.211,0.239,0.187,7.0,47.0,85.6,3.5,-7.9,68.37683044237907,7.1215685,74.0,201.1290322580645,30.0,0.25842696629213485,0.4472361809045226,0.5527638190954773,4.23404255319149
"Kieboom, Carter",2021,0.149,0.0,0.227,0.149,0.186,0.254,0.205,10.0,67.0,82.9,4.2,-18.5,68.37683044237907,7.1215685,74.0,201.1290322580645,23.0,0.34532374100719426,0.5036231884057971,0.4963768115942029,4.119402985074627
"Vázquez, Christian",2024,0.149,0.054,0.183,0.203,0.157,0.212,0.191,11.0,74.0,82.3,16.2,-11.2,65.443130753,6.77302726,74.0,201.1290322580645,33.0,0.25625,0.5776173285198556,0.4223826714801444,3.7432432432432434
"Pratto, Nick",2022,0.148,0.111,0.286,0.259,0.279,0.254,0.08,4.0,27.0,90.3,24.5,-2.3,68.37683044237907,7.1215685,74.0,201.1290322580645,23.0,0.37662337662337664,0.4350282485875706,0.5649717514124294,6.555555555555555
"Calhoun, Kole",2023,0.148,0.204,0.116,0.352,0.224,0.3,0.24,8.0,54.0,86.3,19.7,-7.0,68.37683044237907,7.1215685,74.0,201.1290322580645,35.0,0.21621621621621623,0.5414634146341464,0.4585365853658537,3.7962962962962963
"Smoak, Justin",2020,0.148,0.074,0.235,0.222,0.204,0.225,0.181,4.0,27.0,85.8,5.1,-4.7,68.37683044237907,7.1215685,74.0,201.1290322580645,33.0,0.3492063492063492,0.4701492537313433,0.5298507462686567,4.962962962962963
"Belt, Brandon",2022,0.148,0.037,0.216,0.185,0.22,0.247,0.155,8.0,54.0,88.1,31.2,-9.4,68.37683044237907,7.1215685,74.0,201.1290322580645,34.0,0.2782608695652174,0.444015444015444,0.555984555984556,4.796296296296297
"Nido, Tomás",2024,0.147,0.0,0.2,0.147,0.152,0.193,0.149,5.0,34.0,86.2,9.8,-7.7,69.770760698,7.968877209,74.0,201.1290322580645,30.0,0.33707865168539325,0.664179104477612,0.3358208955223881,3.9411764705882355
"Marcano, Tucupita",2022,0.147,0.118,0.167,0.265,0.212,0.188,0.135,5.0,34.0,81.5,9.5,-3.3,68.37683044237907,7.1215685,74.0,201.1290322580645,22.0,0.2222222222222222,0.4186046511627907,0.5813953488372093,3.7941176470588234
"Gallo, Joey",2024,0.147,0.25,0.152,0.397,0.277,0.252,0.153,10.0,68.0,89.4,23.6,-5.5,70.269117752,7.136547984,74.0,201.1290322580645,30.0,0.3673469387755102,0.4819672131147541,0.5180327868852459,4.485294117647059
"Raleigh, Cal",2021,0.147,0.059,0.238,0.206,0.161,0.155,0.131,5.0,34.0,91.2,27.1,-6.5,68.37683044237907,7.1215685,74.0,201.1290322580645,24.0,0.39080459770114945,0.6492537313432836,0.35074626865671643,3.9411764705882355
"Azocar, José",2022,0.146,0.021,0.189,0.167,0.156,0.244,0.21,7.0,48.0,80.2,13.6,-9.7,68.37683044237907,7.1215685,74.0,201.1290322580645,26.0,0.21621621621621623,0.6453488372093024,0.3546511627906977,3.5833333333333335
"Siri, Jose",2024,0.146,0.058,0.246,0.204,0.204,0.254,0.173,15.0,103.0,79.2,10.2,-20.9,69.154490857,7.641865714,74.0,201.1290322580645,28.0,0.4622222222222222,0.5011135857461024,0.49888641425389757,4.359223300970874
"Duvall, Adam",2020,0.145,0.2,0.125,0.345,0.247,0.319,0.206,8.0,55.0,86.0,20.5,-6.1,68.37683044237907,7.1215685,74.0,201.1290322580645,31.0,0.29914529914529914,0.5318181818181819,0.4681818181818182,4.0
"Buxton, Byron",2022,0.145,0.21,0.154,0.355,0.285,0.278,0.168,9.0,62.0,87.8,19.7,-8.6,68.37683044237907,7.1215685,74.0,201.1290322580645,28.0,0.3383458646616541,0.4634146341463415,0.5365853658536586,4.629032258064516
"Hensley, David",2024,0.143,0.0,0.25,0.143,0.196,0.172,0.107,2.0,14.0,90.2,-6.5,-2.8,69.452067692,6.762665769,74.0,201.1290322580645,28.0,0.4230769230769231,0.32098765432098764,0.6790123456790124,5.785714285714286
"Lewis, Kyle",2022,0.143,0.0,0.143,0.143,0.251,0.444,0.399,1.0,7.0,85.6,12.1,-0.4,68.37683044237907,7.1215685,74.0,201.1290322580645,26.0,0.4117647058823529,0.425,0.575,5.714285714285714
"Ohtani, Shohei",2020,0.143,0.238,0.13,0.381,0.265,0.312,0.216,6.0,42.0,89.7,9.5,-7.8,68.37683044237907,7.1215685,74.0,201.1290322580645,25.0,0.2872340425531915,0.46534653465346537,0.5346534653465347,4.809523809523809
"Velasquez, Vince",2021,0.143,0.0,0.333,0.143,0.196,0.229,0.167,1.0,7.0,70.8,-18.0,-1.9,68.37683044237907,7.1215685,74.0,201.1290322580645,27.0,0.26666666666666666,0.6521739130434783,0.34782608695652173,3.2857142857142856
"Brooks, Trenton",2024,0.143,0.0,0.25,0.143,0.126,0.278,0.218,1.0,7.0,95.7,29.5,-2.2,59.749279167,7.437298333,74.0,201.1290322580645,28.0,0.3333333333333333,0.5714285714285714,0.42857142857142855,3.0
"Ornelas, Jonathan",2024,0.143,0.0,0.2,0.143,0.126,0.097,0.105,1.0,7.0,73.9,-12.5,-1.2,66.984970556,6.741741111,74.0,201.1290322580645,24.0,0.3333333333333333,0.5454545454545454,0.45454545454545453,4.714285714285714
"Beaty, Matt",2022,0.143,0.071,0.2,0.214,0.251,0.329,0.246,2.0,14.0,83.7,20.7,-2.6,68.37683044237907,7.1215685,74.0,201.1290322580645,29.0,0.23076923076923078,0.4482758620689655,0.5517241379310345,4.142857142857143
"Allen, Austin",2020,0.143,0.0,0.25,0.143,0.126,0.151,0.166,1.0,7.0,81.7,21.3,-1.8,68.37683044237907,7.1215685,74.0,201.1290322580645,27.0,0.3333333333333333,0.4838709677419355,0.5161290322580645,4.428571428571429
"Refsnyder, Rob",2020,0.143,0.0,0.25,0.143,0.176,0.216,0.11,1.0,7.0,92.9,24.0,-3.0,68.37683044237907,7.1215685,74.0,201.1290322580645,29.0,0.4090909090909091,0.4782608695652174,0.5217391304347826,6.571428571428571
"Astudillo, Willians",2020,0.143,0.0,0.167,0.143,0.126,0.214,0.233,1.0,7.0,80.1,32.2,-1.9,68.37683044237907,7.1215685,74.0,201.1290322580645,28.0,0.08333333333333333,0.6,0.4,2.857142857142857
"Plummer, Nick",2022,0.143,0.429,0.0,0.571,0.296,0.322,0.285,1.0,7.0,88.9,11.6,-0.5,68.37683044237907,7.1215685,74.0,201.1290322580645,25.0,0.1111111111111111,0.5625,0.4375,2.2857142857142856
"Wong, Kean",2021,0.143,0.0,0.2,0.143,0.196,0.289,0.245,2.0,14.0,65.4,-7.6,-0.8,68.37683044237907,7.1215685,74.0,201.1290322580645,26.0,0.3333333333333333,0.5555555555555556,0.4444444444444444,3.857142857142857
"Groshans, Jordan",2022,0.143,0.0,0.182,0.143,0.126,0.161,0.164,2.0,14.0,85.3,13.2,-3.2,68.37683044237907,7.1215685,74.0,201.1290322580645,22.0,0.2222222222222222,0.48214285714285715,0.5178571428571429,4.0
"Haseley, Adam",2022,0.143,0.0,0.25,0.143,0.126,0.123,0.133,1.0,7.0,70.6,-16.8,1.2,68.37683044237907,7.1215685,74.0,201.1290322580645,26.0,0.2222222222222222,0.6,0.4,4.285714285714286
"Young, Jared",2023,0.143,0.286,0.25,0.429,0.256,0.279,0.242,2.0,14.0,95.1,13.4,-2.9,68.37683044237907,7.1215685,74.0,201.1290322580645,27.0,0.42105263157894735,0.5846153846153846,0.4153846153846154,4.642857142857143
"Taveras, Leody",2021,0.143,0.086,0.263,0.229,0.199,0.202,0.164,5.0,35.0,71.7,1.4,-7.8,68.37683044237907,7.1215685,74.0,201.1290322580645,22.0,0.2328767123287671,0.48344370860927155,0.5165562913907285,4.314285714285714
"Dozier, Hunter",2023,0.143,0.095,0.214,0.238,0.197,0.195,0.154,3.0,21.0,84.6,14.9,-2.6,68.37683044237907,7.1215685,74.0,201.1290322580645,31.0,0.4,0.47619047619047616,0.5238095238095238,4.0
"Bart, Joey",2023,0.143,0.0,0.182,0.143,0.214,0.22,0.096,2.0,14.0,80.7,20.5,-3.2,68.37683044237907,7.1215685,74.0,201.1290322580645,26.0,0.26666666666666666,0.379746835443038,0.620253164556962,5.642857142857143
"Weaver, Luke",2021,0.143,0.0,0.333,0.143,0.126,0.085,0.09,1.0,7.0,83.0,-4.0,-1.1,68.37683044237907,7.1215685,74.0,201.1290322580645,27.0,0.45454545454545453,0.5238095238095238,0.47619047619047616,3.0
"Marrero, Deven",2021,0.143,0.0,0.167,0.143,0.196,0.184,0.112,1.0,7.0,76.0,23.0,-1.7,68.37683044237907,7.1215685,74.0,201.1290322580645,30.0,0.3333333333333333,0.5217391304347826,0.4782608695652174,3.2857142857142856
"Maile, Luke",2022,0.143,0.0,0.171,0.143,0.214,0.227,0.124,6.0,42.0,84.7,15.4,-7.3,68.37683044237907,7.1215685,74.0,201.1290322580645,31.0,0.20408163265306123,0.46445497630331756,0.5355450236966824,5.023809523809524
"Alcántara, Sergio",2021,0.143,0.061,0.219,0.204,0.216,0.229,0.151,7.0,49.0,84.6,10.3,-8.5,68.37683044237907,7.1215685,74.0,201.1290322580645,24.0,0.26785714285714285,0.4426877470355731,0.5573122529644269,5.163265306122449
"Blankenhorn, Travis",2021,0.143,0.429,0.0,0.571,0.287,0.336,0.209,1.0,7.0,100.3,5.4,-0.8,68.37683044237907,7.1215685,74.0,201.1290322580645,24.0,0.16666666666666666,0.5217391304347826,0.4782608695652174,3.2857142857142856
"Holaday, Bryan",2021,0.143,0.0,0.333,0.143,0.2,0.183,0.112,1.0,7.0,77.5,34.0,-1.8,68.37683044237907,7.1215685,74.0,201.1290322580645,33.0,0.47058823529411764,0.5666666666666667,0.43333333333333335,4.285714285714286
"Garlick, Kyle",2020,0.143,0.143,0.167,0.286,0.177,0.23,0.249,1.0,7.0,92.0,7.3,-0.7,68.37683044237907,7.1215685,74.0,201.1290322580645,27.0,0.25,0.4,0.6,2.857142857142857
"Canario, Alexander",2024,0.143,0.143,0.333,0.286,0.179,0.166,0.145,1.0,7.0,97.4,28.0,-2.0,79.353791818,7.832787273,74.0,201.1290322580645,24.0,0.5454545454545454,0.5238095238095238,0.47619047619047616,3.0
"Martini, Nick",2021,0.143,0.0,0.143,0.143,0.098,0.196,0.23,1.0,7.0,82.7,20.3,-3.0,68.37683044237907,7.1215685,74.0,201.1290322580645,31.0,0.045454545454545456,0.5641025641025641,0.4358974358974359,5.571428571428571
"Allen, Greg",2022,0.143,0.071,0.267,0.214,0.166,0.184,0.156,4.0,28.0,82.8,9.1,-6.7,68.37683044237907,7.1215685,74.0,201.1290322580645,29.0,0.3220338983050847,0.45038167938931295,0.549618320610687,4.678571428571429
"VanMeter, Josh",2020,0.143,0.143,0.182,0.286,0.224,0.257,0.189,3.0,21.0,86.7,12.3,-2.9,68.37683044237907,7.1215685,74.0,201.1290322580645,25.0,0.37209302325581395,0.41346153846153844,0.5865384615384616,4.9523809523809526
"Paris, Kyren",2023,0.143,0.0,0.25,0.143,0.253,0.323,0.199,1.0,7.0,91.3,28.5,-0.9,68.37683044237907,7.1215685,74.0,201.1290322580645,21.0,0.2777777777777778,0.5454545454545454,0.45454545454545453,4.714285714285714
"Ruf, Darin",2023,0.143,0.0,0.25,0.143,0.253,0.257,0.125,1.0,7.0,99.5,17.8,-1.1,68.37683044237907,7.1215685,74.0,201.1290322580645,27.0,0.14285714285714285,0.3181818181818182,0.6818181818181818,6.285714285714286
"Payton, Mark",2022,0.143,0.0,0.2,0.143,0.197,0.242,0.185,1.0,7.0,88.9,26.8,-1.4,68.37683044237907,7.1215685,74.0,201.1290322580645,27.0,0.2857142857142857,0.5,0.5,4.0
"Stephenson, Tyler",2020,0.143,0.0,0.333,0.143,0.301,0.285,0.113,1.0,7.0,83.5,20.0,0.0,68.37683044237907,7.1215685,74.0,201.1290322580645,27.0,0.23529411764705882,0.3541666666666667,0.6458333333333334,6.857142857142857
"Querecuto, Juniel",2023,0.143,0.0,0.167,0.143,0.126,0.214,0.234,1.0,7.0,59.0,-8.8,-2.1,68.37683044237907,7.1215685,74.0,201.1290322580645,30.0,0.35714285714285715,0.6363636363636364,0.36363636363636365,3.142857142857143
"Jung, Jace",2024,0.143,0.0,0.375,0.143,0.175,0.19,0.154,3.0,21.0,78.0,3.6,-5.5,67.491746786,7.29301125,74.0,201.1290322580645,23.0,0.38596491228070173,0.5428571428571428,0.45714285714285713,5.0
"De Los Santos, Luis",2024,0.143,0.143,0.2,0.286,0.179,0.176,0.178,1.0,7.0,77.2,-17.0,-1.8,69.202841667,7.0690075,74.0,201.1290322580645,26.0,0.3333333333333333,0.5217391304347826,0.4782608695652174,3.2857142857142856
"Hamilton, Billy",2021,0.143,0.029,0.227,0.171,0.162,0.183,0.16,5.0,35.0,81.1,19.4,-9.2,68.37683044237907,7.1215685,74.0,201.1290322580645,30.0,0.3448275862068966,0.5506329113924051,0.44936708860759494,4.514285714285714
"Chisholm Jr., Jazz",2020,0.143,0.071,0.25,0.214,0.188,0.233,0.163,2.0,14.0,77.5,22.3,-3.8,68.37683044237907,7.1215685,74.0,201.1290322580645,22.0,0.34615384615384615,0.45614035087719296,0.543859649122807,4.071428571428571
"Walker, Neil",2020,0.143,0.0,0.2,0.143,0.11,0.135,0.151,1.0,7.0,80.2,34.2,-2.2,68.37683044237907,7.1215685,74.0,201.1290322580645,27.0,0.42857142857142855,0.5185185185185185,0.48148148148148145,3.857142857142857
"Mendick, Danny",2024,0.143,0.2,0.125,0.343,0.203,0.193,0.149,5.0,35.0,76.6,20.3,-5.1,64.454070172,7.04662431,74.0,201.1290322580645,30.0,0.2786885245901639,0.4765625,0.5234375,3.657142857142857
"Yorke, Nick",2024,0.143,0.0,0.167,0.143,0.175,0.263,0.168,1.0,7.0,81.9,27.0,-2.3,66.684277647,7.037963529,74.0,201.1290322580645,22.0,0.3684210526315789,0.5757575757575758,0.42424242424242425,4.714285714285714
"Wall, Forrest",2024,0.143,0.0,0.2,0.143,0.196,0.21,0.1,1.0,7.0,87.5,20.0,-1.1,62.6325255,6.4581875,74.0,201.1290322580645,28.0,0.4,0.6060606060606061,0.3939393939393939,4.714285714285714
"Vilade, Ryan",2024,0.143,0.0,0.2,0.143,0.118,0.173,0.202,2.0,14.0,84.8,8.0,-3.7,73.698988056,7.241240833,74.0,201.1290322580645,25.0,0.25,0.6101694915254238,0.3898305084745763,4.214285714285714
"Davies, Zach",2021,0.143,0.0,0.25,0.143,0.126,0.077,0.082,1.0,7.0,60.1,-12.8,-2.6,68.37683044237907,7.1215685,74.0,201.1290322580645,28.0,0.21428571428571427,0.4117647058823529,0.5882352941176471,4.857142857142857
"LaMarre, Ryan",2021,0.143,0.0,0.167,0.143,0.255,0.28,0.145,1.0,7.0,88.2,9.7,-1.6,68.37683044237907,7.1215685,74.0,201.1290322580645,27.0,0.2857142857142857,0.4827586206896552,0.5172413793103449,4.142857142857143
"Buxton, Byron",2023,0.141,0.313,0.086,0.453,0.271,0.351,0.208,9.0,64.0,88.2,10.5,-6.0,68.37683044237907,7.1215685,74.0,201.1290322580645,29.0,0.3829787234042553,0.5071942446043165,0.49280575539568344,4.34375
"McGuire, Reese",2021,0.14,0.07,0.231,0.209,0.18,0.189,0.15,6.0,43.0,86.1,11.5,-8.3,68.37683044237907,7.1215685,74.0,201.1290322580645,26.0,0.3068181818181818,0.4861878453038674,0.5138121546961326,4.209302325581396
"Díaz, Isan",2021,0.14,0.1,0.171,0.24,0.203,0.229,0.155,7.0,50.0,87.5,14.6,-10.2,68.37683044237907,7.1215685,74.0,201.1290322580645,25.0,0.38317757009345793,0.481981981981982,0.5180180180180181,4.44
"Mitchell, Garrett",2024,0.14,0.18,0.25,0.32,0.289,0.27,0.141,7.0,50.0,84.2,0.1,-7.2,71.3096945,7.135265333,74.0,201.1290322580645,25.0,0.4634146341463415,0.4241379310344828,0.5758620689655173,5.8
"Calhoun, Kole",2021,0.14,0.02,0.194,0.16,0.178,0.219,0.166,7.0,50.0,84.2,17.3,-10.0,68.37683044237907,7.1215685,74.0,201.1290322580645,33.0,0.33962264150943394,0.5380710659898477,0.4619289340101523,3.94
"Bradley Jr., Jackie",2021,0.139,0.111,0.192,0.25,0.229,0.267,0.18,15.0,108.0,89.2,11.9,-23.1,68.37683044237907,7.1215685,74.0,201.1290322580645,31.0,0.3392857142857143,0.4250474383301708,0.5749525616698292,4.87962962962963
"Ramos, Wilson",2020,0.139,0.028,0.172,0.167,0.145,0.249,0.224,5.0,36.0,87.5,3.3,-11.4,68.37683044237907,7.1215685,74.0,201.1290322580645,32.0,0.2328767123287671,0.5658914728682171,0.43410852713178294,3.5833333333333335
"Hampson, Garrett",2020,0.139,0.056,0.217,0.194,0.18,0.222,0.159,5.0,36.0,81.1,17.6,-10.7,68.37683044237907,7.1215685,74.0,201.1290322580645,25.0,0.3150684931506849,0.44785276073619634,0.5521472392638037,4.527777777777778
"Herrera, Jose",2023,0.138,0.034,0.2,0.172,0.165,0.182,0.146,4.0,29.0,74.6,2.1,-6.9,68.37683044237907,7.1215685,74.0,201.1290322580645,26.0,0.1774193548387097,0.4732824427480916,0.5267175572519084,4.517241379310345
"Murphy, Tom",2023,0.138,0.138,0.15,0.276,0.178,0.278,0.196,4.0,29.0,88.3,20.3,-6.3,68.37683044237907,7.1215685,74.0,201.1290322580645,32.0,0.3,0.5454545454545454,0.45454545454545453,3.793103448275862
"Butler, Lawrence",2023,0.138,0.103,0.167,0.241,0.189,0.255,0.18,4.0,29.0,87.3,11.0,-5.8,68.37683044237907,7.1215685,74.0,201.1290322580645,22.0,0.41509433962264153,0.48623853211009177,0.5137614678899083,3.7586206896551726
"Marte, Noelvi",2024,0.137,0.078,0.2,0.216,0.195,0.205,0.157,7.0,51.0,85.6,16.8,-6.7,70.622800377,7.325084057,74.0,201.1290322580645,22.0,0.2777777777777778,0.4931506849315068,0.5068493150684932,4.294117647058823
"Soderstrom, Tyler",2023,0.136,0.0,0.214,0.136,0.162,0.228,0.199,3.0,22.0,88.9,11.6,-5.1,68.37683044237907,7.1215685,74.0,201.1290322580645,21.0,0.32653061224489793,0.5051546391752577,0.4948453608247423,4.409090909090909
"Arias, Gabriel",2023,0.136,0.136,0.16,0.272,0.22,0.295,0.206,11.0,81.0,87.5,-0.8,-13.6,68.37683044237907,7.1215685,74.0,201.1290322580645,23.0,0.3951219512195122,0.5726256983240223,0.4273743016759777,4.419753086419753
"Hilliard, Sam",2020,0.136,0.136,0.182,0.273,0.214,0.188,0.131,3.0,22.0,91.7,9.5,-4.8,68.37683044237907,7.1215685,74.0,201.1290322580645,26.0,0.38461538461538464,0.48598130841121495,0.514018691588785,4.863636363636363
"Garver, Mitch",2022,0.135,0.189,0.097,0.324,0.261,0.324,0.206,5.0,37.0,88.1,17.7,0.2,68.37683044237907,7.1215685,74.0,201.1290322580645,31.0,0.20987654320987653,0.44021739130434784,0.5597826086956522,4.972972972972973
"Brosseau, Mike",2021,0.135,0.135,0.182,0.27,0.242,0.23,0.12,5.0,37.0,84.2,16.7,-5.9,68.37683044237907,7.1215685,74.0,201.1290322580645,27.0,0.37894736842105264,0.48223350253807107,0.5177664974619289,5.324324324324325
"McKinstry, Zach",2022,0.135,0.162,0.125,0.297,0.222,0.252,0.197,5.0,37.0,86.4,15.8,-4.4,68.37683044237907,7.1215685,74.0,201.1290322580645,27.0,0.18681318681318682,0.5055555555555555,0.49444444444444446,4.864864864864865
"Myers, Wil",2023,0.135,0.108,0.19,0.243,0.195,0.228,0.184,5.0,37.0,88.1,14.5,-7.9,68.37683044237907,7.1215685,74.0,201.1290322580645,32.0,0.4393939393939394,0.46808510638297873,0.5319148936170213,3.810810810810811
"Jackson, Alex",2024,0.135,0.216,0.167,0.351,0.234,0.207,0.105,5.0,37.0,85.7,26.7,-5.8,71.627518876,7.205406067,74.0,201.1290322580645,28.0,0.5054945054945055,0.5290697674418605,0.47093023255813954,4.648648648648648
"Díaz, Aledmys",2020,0.133,0.2,0.1,0.333,0.191,0.218,0.192,2.0,15.0,87.4,14.5,-3.2,68.37683044237907,7.1215685,74.0,201.1290322580645,29.0,0.3333333333333333,0.532258064516129,0.46774193548387094,4.133333333333334
"Padlo, Kevin",2022,0.133,0.067,0.222,0.2,0.177,0.152,0.128,2.0,15.0,94.5,4.0,-3.1,68.37683044237907,7.1215685,74.0,201.1290322580645,25.0,0.4,0.46153846153846156,0.5384615384615384,4.333333333333333
"Adams, Matt",2021,0.133,0.0,0.182,0.133,0.153,0.178,0.117,2.0,15.0,78.9,8.4,-4.7,68.37683044237907,7.1215685,74.0,201.1290322580645,32.0,0.24242424242424243,0.5409836065573771,0.45901639344262296,4.066666666666666
"Paredes, Isaac",2021,0.133,0.067,0.118,0.2,0.211,0.268,0.207,2.0,15.0,89.3,23.3,-3.7,68.37683044237907,7.1215685,74.0,201.1290322580645,22.0,0.1111111111111111,0.43373493975903615,0.5662650602409639,5.533333333333333
"Grissom, Vaughn",2024,0.133,0.033,0.16,0.167,0.175,0.28,0.224,4.0,30.0,85.3,13.0,-4.5,66.389925263,7.269219474,74.0,201.1290322580645,23.0,0.2786885245901639,0.5041322314049587,0.49586776859504134,4.033333333333333
"Astudillo, Willians",2022,0.133,0.0,0.154,0.133,0.154,0.192,0.167,2.0,15.0,74.4,10.5,-3.3,68.37683044237907,7.1215685,74.0,201.1290322580645,30.0,0.23333333333333334,0.625,0.375,3.2
"Carpenter, Kerry",2022,0.133,0.2,0.125,0.333,0.306,0.33,0.172,2.0,15.0,85.6,23.4,-1.6,68.37683044237907,7.1215685,74.0,201.1290322580645,24.0,0.23684210526315788,0.4418604651162791,0.5581395348837209,5.733333333333333
"Hedges, Austin",2020,0.133,0.0,0.182,0.133,0.11,0.364,0.343,2.0,15.0,79.8,-0.5,-4.5,68.37683044237907,7.1215685,74.0,201.1290322580645,27.0,0.2571428571428571,0.546875,0.453125,4.266666666666667
"Taveras, Leody",2020,0.133,0.0,0.25,0.133,0.215,0.243,0.157,2.0,15.0,91.8,21.5,-3.1,68.37683044237907,7.1215685,74.0,201.1290322580645,21.0,0.34285714285714286,0.43209876543209874,0.5679012345679012,5.4
"Gallagher, Cam",2023,0.132,0.026,0.217,0.158,0.163,0.158,0.11,5.0,38.0,77.9,20.7,-7.6,68.37683044237907,7.1215685,74.0,201.1290322580645,30.0,0.2804878048780488,0.5394736842105263,0.4605263157894737,4.0
"Yelich, Christian",2020,0.132,0.184,0.167,0.316,0.273,0.271,0.157,5.0,38.0,87.4,0.8,-5.8,68.37683044237907,7.1215685,74.0,201.1290322580645,28.0,0.4025974025974026,0.3615023474178404,0.6384976525821596,5.605263157894737
"Ellis, Drew",2021,0.13,0.13,0.154,0.261,0.261,0.26,0.147,3.0,23.0,82.2,25.4,-3.3,68.37683044237907,7.1215685,74.0,201.1290322580645,25.0,0.3018867924528302,0.4732142857142857,0.5267857142857143,4.869565217391305
"Rengifo, Luis",2021,0.13,0.0,0.162,0.13,0.166,0.233,0.186,6.0,46.0,81.1,14.1,-10.1,68.37683044237907,7.1215685,74.0,201.1290322580645,24.0,0.27884615384615385,0.5123152709359606,0.4876847290640394,4.413043478260869
"Ibáñez, Andy",2022,0.13,0.0,0.15,0.13,0.181,0.277,0.185,3.0,23.0,89.8,19.1,-2.9,68.37683044237907,7.1215685,74.0,201.1290322580645,29.0,0.175,0.4819277108433735,0.5180722891566265,3.608695652173913
"Donaldson, Josh",2023,0.13,0.109,0.167,0.239,0.227,0.258,0.159,6.0,46.0,88.5,16.2,-7.1,68.37683044237907,7.1215685,74.0,201.1290322580645,37.0,0.3541666666666667,0.4444444444444444,0.5555555555555556,4.695652173913044
"Gordon, Nick",2023,0.13,0.087,0.158,0.217,0.147,0.2,0.18,3.0,23.0,77.2,8.1,-3.9,68.37683044237907,7.1215685,74.0,201.1290322580645,27.0,0.2391304347826087,0.6052631578947368,0.39473684210526316,3.3043478260869565
"Avila, Alex",2021,0.13,0.087,0.231,0.217,0.274,0.279,0.141,3.0,23.0,83.3,4.4,-2.5,68.37683044237907,7.1215685,74.0,201.1290322580645,34.0,0.42,0.3816793893129771,0.6183206106870229,5.695652173913044
"Miller, Owen",2021,0.13,0.087,0.179,0.217,0.166,0.231,0.204,6.0,46.0,88.8,-0.8,-8.3,68.37683044237907,7.1215685,74.0,201.1290322580645,24.0,0.26136363636363635,0.5057471264367817,0.4942528735632184,3.782608695652174
"McCray, Grant",2024,0.129,0.194,0.143,0.323,0.205,0.232,0.168,4.0,31.0,80.9,2.9,-2.1,67.383173833,6.912390667,74.0,201.1290322580645,23.0,0.45454545454545453,0.584070796460177,0.415929203539823,3.6451612903225805
"Merrifield, Whit",2024,0.127,0.056,0.138,0.183,0.196,0.257,0.206,9.0,71.0,81.9,8.2,-15.4,60.671330966,6.621620828,74.0,201.1290322580645,35.0,0.17391304347826086,0.5,0.5,4.535211267605634
"Nevin, Tyler",2024,0.127,0.018,0.184,0.145,0.199,0.259,0.17,7.0,55.0,91.2,14.1,-9.4,65.626554224,6.729438362,74.0,201.1290322580645,27.0,0.2833333333333333,0.4838709677419355,0.5161290322580645,4.509090909090909
"Adrianza, Ehire",2024,0.125,0.0,0.25,0.125,0.175,0.209,0.154,1.0,8.0,85.6,10.8,-2.3,64.154895,7.226139375,74.0,201.1290322580645,27.0,0.4375,0.41025641025641024,0.5897435897435898,4.875
"Almora Jr., Albert",2020,0.125,0.0,0.25,0.125,0.274,0.25,0.085,1.0,8.0,77.3,16.8,-2.3,68.37683044237907,7.1215685,74.0,201.1290322580645,27.0,0.3333333333333333,0.42857142857142855,0.5714285714285714,7.0
"Díaz, Isan",2023,0.125,0.0,0.167,0.125,0.175,0.191,0.129,1.0,8.0,88.4,8.7,-2.7,68.37683044237907,7.1215685,74.0,201.1290322580645,27.0,0.3125,0.47058823529411764,0.5294117647058824,4.25
"Schrock, Max",2022,0.125,0.0,0.143,0.125,0.11,0.207,0.2,1.0,8.0,84.6,20.4,-2.0,68.37683044237907,7.1215685,74.0,201.1290322580645,27.0,0.17647058823529413,0.68,0.32,3.125
"Rodgers, Brendan",2020,0.125,0.0,0.125,0.125,0.11,0.139,0.15,1.0,8.0,85.3,-10.6,-1.6,68.37683044237907,7.1215685,74.0,201.1290322580645,23.0,0.15789473684210525,0.6129032258064516,0.3870967741935484,3.875
"Wilkerson, Stevie",2021,0.125,0.0,0.222,0.125,0.176,0.226,0.17,2.0,16.0,77.2,-7.6,-3.6,68.37683044237907,7.1215685,74.0,201.1290322580645,29.0,0.4146341463414634,0.6119402985074627,0.3880597014925373,4.1875
"Cespedes, Yoenis",2020,0.125,0.125,0.333,0.25,0.215,0.224,0.177,1.0,8.0,82.2,5.0,-0.9,68.37683044237907,7.1215685,74.0,201.1290322580645,34.0,0.42857142857142855,0.6,0.4,4.375
"Upton, Justin",2022,0.125,0.0,0.2,0.125,0.228,0.323,0.214,2.0,16.0,97.3,25.2,-2.4,68.37683044237907,7.1215685,74.0,201.1290322580645,34.0,0.15789473684210525,0.4691358024691358,0.5308641975308642,5.0625
"Díaz, Aledmys",2024,0.125,0.0,0.143,0.125,0.175,0.318,0.276,1.0,8.0,86.5,31.9,-1.7,68.02057,7.52575,74.0,201.1290322580645,27.0,0.23076923076923078,0.5,0.5,3.25
"Fermín, José",2024,0.125,0.0,0.133,0.125,0.175,0.245,0.182,2.0,16.0,82.8,10.5,-2.3,59.218690345,6.594559655,74.0,201.1290322580645,25.0,0.03225806451612903,0.4189189189189189,0.581081081081081,4.625
"Gibson, Kyle",2021,0.125,0.0,0.167,0.125,0.11,0.145,0.151,1.0,8.0,69.2,-20.6,-3.5,68.37683044237907,7.1215685,74.0,201.1290322580645,27.0,0.16666666666666666,0.5,0.5,3.0
"Garrett, Stone",2022,0.125,0.0,0.222,0.125,0.104,0.127,0.119,2.0,16.0,88.8,19.0,-2.8,68.37683044237907,7.1215685,74.0,201.1290322580645,26.0,0.3333333333333333,0.5833333333333334,0.4166666666666667,4.5
"Pence, Hunter",2020,0.125,0.375,0.0,0.5,0.247,0.418,0.31,2.0,16.0,86.9,11.2,-1.2,68.37683044237907,7.1215685,74.0,201.1290322580645,37.0,0.25,0.6363636363636364,0.36363636363636365,2.75
"Rogers, Trevor",2021,0.125,0.0,0.333,0.125,0.175,0.111,0.036,1.0,8.0,78.4,-8.7,-1.5,68.37683044237907,7.1215685,74.0,201.1290322580645,27.0,0.3333333333333333,0.5625,0.4375,4.0
"Kreidler, Ryan",2024,0.125,0.375,0.0,0.5,0.304,0.363,0.237,1.0,8.0,77.3,6.9,-0.6,56.195916923,6.314596923,74.0,201.1290322580645,26.0,0.07692307692307693,0.52,0.48,3.125
"Knizner, Andrew",2021,0.125,0.05,0.172,0.175,0.223,0.287,0.191,5.0,40.0,88.1,3.3,-10.0,68.37683044237907,7.1215685,74.0,201.1290322580645,26.0,0.21333333333333335,0.44642857142857145,0.5535714285714286,4.2
"Smith-Njigba, Canaan",2023,0.125,0.125,0.2,0.25,0.194,0.272,0.175,1.0,8.0,91.4,9.2,-1.9,68.37683044237907,7.1215685,74.0,201.1290322580645,27.0,0.3333333333333333,0.4772727272727273,0.5227272727272727,5.5
"Davidson, Matt",2022,0.125,0.0,0.333,0.125,0.226,0.219,0.104,1.0,8.0,89.3,8.7,-1.5,68.37683044237907,7.1215685,74.0,201.1290322580645,31.0,0.42857142857142855,0.3333333333333333,0.6666666666666666,5.25
"Williams, Trevor",2021,0.125,0.0,0.25,0.125,0.11,0.09,0.097,1.0,8.0,78.1,-17.3,-2.3,68.37683044237907,7.1215685,74.0,201.1290322580645,27.0,0.25,0.36363636363636365,0.6363636363636364,4.125
"Pérez, Michael",2022,0.125,0.0,0.167,0.125,0.155,0.253,0.187,3.0,24.0,83.7,10.5,-4.6,68.37683044237907,7.1215685,74.0,201.1290322580645,29.0,0.3877551020408163,0.5444444444444444,0.45555555555555555,3.75
"Montes, Coco",2023,0.125,0.0,0.2,0.125,0.11,0.16,0.163,1.0,8.0,78.8,21.8,-3.1,68.37683044237907,7.1215685,74.0,201.1290322580645,26.0,0.34782608695652173,0.696969696969697,0.30303030303030304,4.125
"Pérez, Roberto",2020,0.125,0.0,0.286,0.125,0.231,0.252,0.141,2.0,16.0,91.8,-4.6,-4.6,68.37683044237907,7.1215685,74.0,201.1290322580645,31.0,0.3939393939393939,0.3402061855670103,0.6597938144329897,6.0625
"Varsho, Daulton",2020,0.125,0.083,0.2,0.208,0.161,0.195,0.154,3.0,24.0,83.4,13.0,-4.5,68.37683044237907,7.1215685,74.0,201.1290322580645,23.0,0.42857142857142855,0.46153846153846156,0.5384615384615384,3.7916666666666665
"Andujar, Miguel",2020,0.125,0.063,0.167,0.188,0.166,0.227,0.165,2.0,16.0,84.0,12.8,-4.7,68.37683044237907,7.1215685,74.0,201.1290322580645,25.0,0.25806451612903225,0.4626865671641791,0.5373134328358209,4.1875
"Ruiz, Rio",2021,0.125,0.083,0.176,0.208,0.204,0.268,0.176,3.0,24.0,87.3,11.1,-6.7,68.37683044237907,7.1215685,74.0,201.1290322580645,27.0,0.2727272727272727,0.5116279069767442,0.4883720930232558,5.375
"Locastro, Tim",2022,0.125,0.0,0.125,0.125,0.11,0.279,0.301,1.0,8.0,88.8,-6.5,-1.1,68.37683044237907,7.1215685,74.0,201.1290322580645,27.0,0.14285714285714285,0.5384615384615384,0.46153846153846156,3.25
"Ravelo, Rangel",2020,0.125,0.0,0.125,0.125,0.144,0.231,0.161,1.0,8.0,86.1,7.3,-3.0,68.37683044237907,7.1215685,74.0,201.1290322580645,27.0,0.45454545454545453,0.5,0.5,5.5
"La Stella, Tommy",2023,0.125,0.0,0.2,0.125,0.11,0.114,0.119,1.0,8.0,82.2,21.6,-1.8,68.37683044237907,7.1215685,74.0,201.1290322580645,34.0,0.4166666666666667,0.41379310344827586,0.5862068965517241,3.625
"Moniak, Mickey",2021,0.125,0.375,0.28582851309969376,0.5,0.251,0.185,0.106,1.0,8.0,103.9,23.0,-1.3,68.37683044237907,7.1215685,74.0,201.1290322580645,23.0,0.7142857142857143,0.6,0.4,4.375
"Clase, Jonatan",2024,0.125,0.0,0.143,0.125,0.11,0.134,0.123,2.0,16.0,87.8,15.9,-5.1,66.259461212,6.35419,74.0,201.1290322580645,22.0,0.16666666666666666,0.5294117647058824,0.47058823529411764,4.25
"Allen, Greg",2020,0.125,0.375,0.0,0.5,0.307,0.365,0.185,1.0,8.0,80.9,11.7,-0.8,68.37683044237907,7.1215685,74.0,201.1290322580645,27.0,0.6111111111111112,0.43902439024390244,0.5609756097560976,5.125
"O'Neill, Tyler",2023,0.123,0.14,0.135,0.263,0.24,0.296,0.173,7.0,57.0,84.5,17.3,-11.2,68.37683044237907,7.1215685,74.0,201.1290322580645,28.0,0.3360655737704918,0.4860557768924303,0.5139442231075697,4.4035087719298245
"Sánchez, Gary",2020,0.122,0.265,0.091,0.388,0.29,0.349,0.181,6.0,49.0,93.1,16.1,-5.8,68.37683044237907,7.1215685,74.0,201.1290322580645,27.0,0.325,0.4878048780487805,0.5121951219512195,5.020408163265306
"Pérez, Michael",2021,0.121,0.069,0.182,0.19,0.201,0.221,0.147,7.0,58.0,86.5,11.6,-11.5,68.37683044237907,7.1215685,74.0,201.1290322580645,28.0,0.3233082706766917,0.4907749077490775,0.5092250922509225,4.672413793103448
"Maile, Luke",2024,0.121,0.0,0.2,0.121,0.153,0.191,0.154,4.0,33.0,83.6,14.8,-5.9,63.806785574,6.497297541,74.0,201.1290322580645,33.0,0.3235294117647059,0.4927536231884058,0.5072463768115942,4.181818181818182
"Toglia, Michael",2023,0.121,0.03,0.211,0.152,0.208,0.258,0.181,4.0,33.0,91.4,20.9,-6.5,68.37683044237907,7.1215685,74.0,201.1290322580645,24.0,0.36486486486486486,0.4774193548387097,0.5225806451612903,4.696969696969697
"Lamb, Jake",2022,0.12,0.08,0.3,0.2,0.215,0.229,0.135,3.0,25.0,86.2,17.1,-6.2,68.37683044237907,7.1215685,74.0,201.1290322580645,31.0,0.45454545454545453,0.4435483870967742,0.5564516129032258,4.96
"Trout, Mike",2024,0.12,0.12,0.118,0.24,0.242,0.349,0.207,3.0,25.0,86.7,21.6,-4.1,73.664299615,7.383043846,74.0,201.1290322580645,32.0,0.24561403508771928,0.4523809523809524,0.5476190476190477,5.04
"Sandoval, Pablo",2021,0.12,0.24,0.067,0.36,0.293,0.347,0.207,3.0,25.0,87.8,18.8,-1.1,68.37683044237907,7.1215685,74.0,201.1290322580645,34.0,0.29577464788732394,0.5378787878787878,0.4621212121212121,5.28
"Clemens, Kody",2023,0.12,0.16,0.125,0.28,0.281,0.31,0.18,3.0,25.0,84.9,14.9,-4.4,68.37683044237907,7.1215685,74.0,201.1290322580645,27.0,0.3157894736842105,0.41304347826086957,0.5869565217391305,5.52
"Taylor, Michael A.",2024,0.119,0.051,0.171,0.169,0.188,0.277,0.179,7.0,59.0,85.6,6.7,-10.7,69.630377813,6.910397422,74.0,201.1290322580645,33.0,0.44966442953020136,0.5016835016835017,0.4983164983164983,5.033898305084746
"Velazquez, Andrew",2020,0.118,0.0,0.182,0.118,0.239,0.284,0.127,2.0,17.0,76.2,0.2,-3.2,68.37683044237907,7.1215685,74.0,201.1290322580645,25.0,0.3409090909090909,0.4536082474226804,0.5463917525773195,5.705882352941177
"Oliva, Jared",2021,0.118,0.0,0.167,0.118,0.136,0.224,0.21,2.0,17.0,75.5,0.7,-3.5,68.37683044237907,7.1215685,74.0,201.1290322580645,25.0,0.375,0.547945205479452,0.4520547945205479,4.294117647058823
"Beaty, Matt",2023,0.118,0.059,0.167,0.176,0.188,0.258,0.209,2.0,17.0,81.2,12.0,-4.4,68.37683044237907,7.1215685,74.0,201.1290322580645,30.0,0.2631578947368421,0.6333333333333333,0.36666666666666664,3.5294117647058822
"Velazquez, Andrew",2023,0.118,0.0,0.222,0.118,0.166,0.146,0.088,2.0,17.0,67.4,-15.4,-5.3,68.37683044237907,7.1215685,74.0,201.1290322580645,28.0,0.4318181818181818,0.6376811594202898,0.36231884057971014,4.0588235294117645
"Ford, Mike",2024,0.118,0.0,0.222,0.118,0.136,0.143,0.118,2.0,17.0,79.3,28.3,-5.4,66.880069655,6.85964069,74.0,201.1290322580645,31.0,0.43333333333333335,0.46153846153846156,0.5384615384615384,3.823529411764706
"Polanco, Gregory",2020,0.118,0.206,0.1,0.324,0.239,0.321,0.205,4.0,34.0,91.8,22.8,-6.6,68.37683044237907,7.1215685,74.0,201.1290322580645,28.0,0.4666666666666667,0.5113636363636364,0.48863636363636365,5.176470588235294
"Mazeika, Patrick",2021,0.118,0.0,0.167,0.118,0.159,0.215,0.156,2.0,17.0,74.5,-8.4,-1.0,68.37683044237907,7.1215685,74.0,201.1290322580645,27.0,0.21951219512195122,0.5189873417721519,0.4810126582278481,4.647058823529412
"Davis, Jonathan",2021,0.118,0.0,0.154,0.118,0.207,0.352,0.246,2.0,17.0,90.5,23.8,-3.9,68.37683044237907,7.1215685,74.0,201.1290322580645,29.0,0.2972972972972973,0.3978494623655914,0.6021505376344086,5.470588235294118
"Pérez, Carlos",2023,0.118,0.118,0.143,0.235,0.229,0.228,0.138,2.0,17.0,89.3,20.7,-0.4,68.37683044237907,7.1215685,74.0,201.1290322580645,26.0,0.2,0.47297297297297297,0.527027027027027,4.352941176470588
"Pérez, Carlos",2023,0.118,0.118,0.143,0.235,0.229,0.228,0.138,2.0,17.0,89.3,20.7,-0.4,68.37683044237907,7.1215685,74.0,201.1290322580645,32.0,0.2,0.47297297297297297,0.527027027027027,4.352941176470588
"Luplow, Jordan",2023,0.118,0.0,0.222,0.118,0.166,0.198,0.145,2.0,17.0,80.7,14.4,-4.7,68.37683044237907,7.1215685,74.0,201.1290322580645,29.0,0.38095238095238093,0.5,0.5,4.9411764705882355
"Barrero, Jose",2022,0.116,0.0,0.227,0.116,0.141,0.141,0.104,5.0,43.0,86.6,17.2,-12.2,68.37683044237907,7.1215685,74.0,201.1290322580645,24.0,0.4563106796116505,0.5722222222222222,0.42777777777777776,4.186046511627907
"Camargo, Johan",2020,0.115,0.077,0.214,0.192,0.15,0.167,0.121,3.0,26.0,79.1,16.5,-7.6,68.37683044237907,7.1215685,74.0,201.1290322580645,26.0,0.41935483870967744,0.5794392523364486,0.411214953271028,4.115384615384615
"Lamb, Jake",2021,0.114,0.114,0.136,0.229,0.225,0.234,0.14,4.0,35.0,84.9,19.1,-7.8,68.37683044237907,7.1215685,74.0,201.1290322580645,30.0,0.29213483146067415,0.46842105263157896,0.531578947368421,5.428571428571429
"Short, Zack",2021,0.114,0.159,0.088,0.273,0.232,0.269,0.153,5.0,44.0,84.0,22.2,-8.2,68.37683044237907,7.1215685,74.0,201.1290322580645,26.0,0.2962962962962963,0.4302788844621514,0.5697211155378487,5.704545454545454
"Smith, Kevin",2023,0.114,0.171,0.105,0.286,0.194,0.161,0.1,4.0,35.0,79.6,12.0,-8.6,68.37683044237907,7.1215685,74.0,201.1290322580645,26.0,0.30434782608695654,0.5348837209302325,0.46511627906976744,3.6857142857142855
"McKinney, Billy",2022,0.111,0.0,0.167,0.111,0.088,0.084,0.077,1.0,9.0,90.5,23.8,-3.5,68.37683044237907,7.1215685,74.0,201.1290322580645,27.0,0.47619047619047616,0.42857142857142855,0.5714285714285714,5.444444444444445
"Gallagher, Cam",2022,0.111,0.111,0.143,0.222,0.195,0.207,0.156,1.0,9.0,70.5,11.6,0.8,68.37683044237907,7.1215685,74.0,201.1290322580645,29.0,0.15789473684210525,0.4634146341463415,0.5365853658536586,4.555555555555555
"Burdick, Peyton",2023,0.111,0.0,0.167,0.111,0.098,0.241,0.166,1.0,9.0,97.9,34.3,-2.9,68.37683044237907,7.1215685,74.0,201.1290322580645,26.0,0.3684210526315789,0.5588235294117647,0.4411764705882353,3.7777777777777777
"Kavadas, Niko",2024,0.111,0.222,0.1,0.333,0.257,0.289,0.16,2.0,18.0,93.7,37.0,-1.5,66.978555676,6.947401892,74.0,201.1290322580645,27.0,0.38095238095238093,0.47191011235955055,0.5280898876404494,4.944444444444445
"Smith, Pavin",2020,0.111,0.0,0.111,0.111,0.175,0.308,0.221,1.0,9.0,91.1,6.0,-3.1,68.37683044237907,7.1215685,74.0,201.1290322580645,24.0,0.2222222222222222,0.4,0.6,5.0
"Tucker, Cole",2024,0.111,0.0,0.167,0.111,0.227,0.268,0.122,1.0,9.0,87.1,4.0,-0.8,63.242477222,6.775628889,74.0,201.1290322580645,27.0,0.4444444444444444,0.3157894736842105,0.6842105263157895,6.333333333333333
"McKinney, Billy",2024,0.111,0.111,0.333,0.222,0.194,0.189,0.104,1.0,9.0,89.3,5.3,-1.2,65.953043684,6.758055789,74.0,201.1290322580645,29.0,0.6842105263157895,0.5757575757575758,0.42424242424242425,3.6666666666666665
"Tovar, Ezequiel",2022,0.111,0.0,0.167,0.111,0.157,0.202,0.156,1.0,9.0,81.7,-4.3,-2.8,68.37683044237907,7.1215685,74.0,201.1290322580645,20.0,0.36363636363636365,0.5789473684210527,0.42105263157894735,4.222222222222222
"Butera, Drew",2020,0.111,0.111,0.167,0.222,0.124,0.125,0.146,1.0,9.0,80.6,5.4,-1.9,68.37683044237907,7.1215685,74.0,201.1290322580645,36.0,0.34615384615384615,0.5652173913043478,0.43478260869565216,5.111111111111111
"Wendzel, Davis",2024,0.111,0.333,0.0,0.444,0.228,0.254,0.186,1.0,9.0,86.5,16.6,-2.0,72.290965625,7.262909375,74.0,201.1290322580645,27.0,0.375,0.48484848484848486,0.5151515151515151,3.6666666666666665
"Nola, Aaron",2021,0.111,0.0,0.2,0.111,0.189,0.253,0.1,1.0,9.0,52.8,-43.9,-2.6,68.37683044237907,7.1215685,74.0,201.1290322580645,28.0,0.058823529411764705,0.30357142857142855,0.6964285714285714,6.222222222222222
"González, Chi Chi",2021,0.111,0.0,0.25,0.111,0.098,0.08,0.086,1.0,9.0,59.3,-21.0,-2.5,68.37683044237907,7.1215685,74.0,201.1290322580645,29.0,0.42857142857142855,0.5185185185185185,0.48148148148148145,3.0
"León, Sandy",2022,0.111,0.056,0.143,0.167,0.201,0.197,0.121,2.0,18.0,75.1,-0.9,-3.6,68.37683044237907,7.1215685,74.0,201.1290322580645,33.0,0.2777777777777778,0.3956043956043956,0.6043956043956044,5.055555555555555
"Terry, Curtis",2021,0.111,0.0,0.167,0.111,0.098,0.174,0.161,1.0,9.0,82.3,22.5,-2.4,68.37683044237907,7.1215685,74.0,201.1290322580645,27.0,0.25,0.36363636363636365,0.6363636363636364,3.6666666666666665
"Rortvedt, Ben",2021,0.111,0.037,0.2,0.148,0.203,0.205,0.1,3.0,27.0,75.1,10.7,-4.9,68.37683044237907,7.1215685,74.0,201.1290322580645,23.0,0.36619718309859156,0.4863013698630137,0.5136986301369864,5.407407407407407
"Locastro, Tim",2023,0.111,0.0,0.167,0.111,0.209,0.285,0.198,1.0,9.0,67.9,34.7,-3.1,68.37683044237907,7.1215685,74.0,201.1290322580645,30.0,0.21428571428571427,0.5833333333333334,0.4166666666666667,5.333333333333333
"Wilson, Jacob",2024,0.111,0.111,0.118,0.222,0.208,0.217,0.152,2.0,18.0,80.9,-1.7,-5.2,59.061460571,5.719793429,74.0,201.1290322580645,22.0,0.1111111111111111,0.4931506849315068,0.5068493150684932,4.055555555555555
"Hiura, Keston",2024,0.111,0.0,0.143,0.111,0.098,0.268,0.271,1.0,9.0,81.8,13.7,-2.4,70.920013846,7.08284,74.0,201.1290322580645,27.0,0.3076923076923077,0.5909090909090909,0.4090909090909091,2.4444444444444446
"Dahl, David",2024,0.111,0.056,0.167,0.167,0.112,0.156,0.148,2.0,18.0,86.5,10.0,-3.3,65.515257447,6.957537872,74.0,201.1290322580645,30.0,0.3404255319148936,0.573170731707317,0.4268292682926829,4.555555555555555
"Quinn, Roman",2021,0.111,0.222,0.333,0.333,0.336,0.309,0.088,1.0,9.0,87.6,23.3,-0.5,68.37683044237907,7.1215685,74.0,201.1290322580645,28.0,0.4166666666666667,0.3870967741935484,0.6129032258064516,6.888888888888889
"Garlick, Kyle",2022,0.111,0.028,0.174,0.139,0.15,0.203,0.149,4.0,36.0,89.3,12.6,-8.1,68.37683044237907,7.1215685,74.0,201.1290322580645,30.0,0.42857142857142855,0.525,0.475,4.444444444444445
"Snell, Blake",2021,0.111,0.0,0.2,0.111,0.098,0.1,0.107,1.0,9.0,66.0,-36.5,-2.8,68.37683044237907,7.1215685,74.0,201.1290322580645,27.0,0.4666666666666667,0.4838709677419355,0.5161290322580645,3.4444444444444446
"McGuire, Reese",2020,0.111,0.0,0.143,0.111,0.098,0.144,0.151,1.0,9.0,72.1,4.3,-2.8,68.37683044237907,7.1215685,74.0,201.1290322580645,27.0,0.1111111111111111,0.5625,0.4375,3.5555555555555554
"Heineman, Tyler",2020,0.111,0.0,0.143,0.111,0.207,0.21,0.109,1.0,9.0,66.3,35.9,-2.0,68.37683044237907,7.1215685,74.0,201.1290322580645,29.0,0.3157894736842105,0.5277777777777778,0.4722222222222222,4.0
"Stevenson, Andrew",2023,0.111,0.0,0.143,0.111,0.158,0.183,0.137,1.0,9.0,86.7,1.1,-2.4,68.37683044237907,7.1215685,74.0,201.1290322580645,29.0,0.2727272727272727,0.4583333333333333,0.5416666666666666,2.6666666666666665
"Adams, Riley",2024,0.107,0.036,0.167,0.143,0.171,0.182,0.103,3.0,28.0,92.8,16.9,-8.0,72.766885625,7.970715469,74.0,201.1290322580645,28.0,0.29577464788732394,0.5378787878787878,0.4621212121212121,4.714285714285714
"Davis, Khris",2020,0.107,0.0,0.158,0.107,0.182,0.236,0.143,3.0,28.0,83.6,15.5,-7.1,68.37683044237907,7.1215685,74.0,201.1290322580645,32.0,0.34615384615384615,0.5342465753424658,0.4657534246575342,5.214285714285714
"Sosa, Lenyn",2023,0.107,0.107,0.111,0.214,0.166,0.254,0.224,3.0,28.0,82.7,17.1,-4.5,68.37683044237907,7.1215685,74.0,201.1290322580645,23.0,0.3050847457627119,0.5315315315315315,0.46846846846846846,3.9642857142857144
"Andujar, Miguel",2021,0.107,0.036,0.136,0.143,0.123,0.194,0.194,3.0,28.0,87.4,1.7,-7.0,68.37683044237907,7.1215685,74.0,201.1290322580645,26.0,0.3225806451612903,0.5794392523364486,0.4205607476635514,3.8214285714285716
"Solak, Nick",2022,0.105,0.158,0.083,0.263,0.23,0.354,0.218,2.0,19.0,92.5,4.0,-4.5,68.37683044237907,7.1215685,74.0,201.1290322580645,27.0,0.12903225806451613,0.38271604938271603,0.6172839506172839,4.2631578947368425
"Capel, Conner",2023,0.105,0.0,0.2,0.105,0.15,0.173,0.125,2.0,19.0,83.7,-2.3,-5.0,68.37683044237907,7.1215685,74.0,201.1290322580645,26.0,0.4090909090909091,0.5176470588235295,0.4823529411764706,4.473684210526316
"Gosselin, Phil",2022,0.105,0.105,0.133,0.211,0.159,0.199,0.154,2.0,19.0,85.5,14.3,-4.6,68.37683044237907,7.1215685,74.0,201.1290322580645,33.0,0.12195121951219512,0.5125,0.4875,4.2105263157894735
"Flowers, Tyler",2020,0.105,0.105,0.2,0.211,0.159,0.14,0.114,2.0,19.0,87.6,18.6,-4.7,68.37683044237907,7.1215685,74.0,201.1290322580645,34.0,0.46511627906976744,0.5308641975308642,0.4691358024691358,4.2631578947368425
"Ford, Mike",2020,0.105,0.053,0.118,0.158,0.262,0.317,0.182,2.0,19.0,82.9,10.5,-4.4,68.37683044237907,7.1215685,74.0,201.1290322580645,27.0,0.16216216216216217,0.29365079365079366,0.7063492063492064,6.631578947368421
"Guillorme, Luis",2021,0.105,0.158,0.067,0.263,0.312,0.34,0.19,2.0,19.0,85.7,16.8,-2.7,68.37683044237907,7.1215685,74.0,201.1290322580645,26.0,0.11627906976744186,0.3644067796610169,0.635593220338983,6.2105263157894735
"Haggerty, Sam",2021,0.105,0.053,0.167,0.158,0.141,0.176,0.147,2.0,19.0,77.0,-0.4,-6.0,68.37683044237907,7.1215685,74.0,201.1290322580645,27.0,0.2978723404255319,0.5949367088607594,0.4050632911392405,4.157894736842105
"Scott II, Victor",2024,0.103,0.069,0.15,0.172,0.161,0.23,0.16,3.0,29.0,83.8,20.6,-6.3,66.13818119,6.301083333,74.0,201.1290322580645,23.0,0.3157894736842105,0.456,0.544,4.310344827586207
"Shewmake, Braden",2024,0.1,0.0,0.091,0.1,0.073,0.101,0.096,1.0,10.0,85.5,21.5,-2.9,62.89182913,6.382506522,74.0,201.1290322580645,26.0,0.08,0.7142857142857143,0.2857142857142857,3.5
"Hopkins, TJ",2023,0.1,0.0,0.2,0.1,0.192,0.208,0.117,1.0,10.0,75.5,-15.2,-2.2,68.37683044237907,7.1215685,74.0,201.1290322580645,26.0,0.38095238095238093,0.39622641509433965,0.6037735849056604,5.3
"Hensley, David",2023,0.1,0.0,0.167,0.1,0.21,0.281,0.183,2.0,20.0,91.9,6.4,-4.9,68.37683044237907,7.1215685,74.0,201.1290322580645,27.0,0.4,0.3883495145631068,0.6116504854368932,5.15
"Zimmer, Bradley",2020,0.1,0.0,0.143,0.1,0.302,0.324,0.129,1.0,10.0,81.3,11.3,-1.4,68.37683044237907,7.1215685,74.0,201.1290322580645,27.0,0.28,0.35714285714285715,0.6428571428571429,7.0
"Phillips, Brett",2020,0.1,0.0,0.125,0.1,0.229,0.277,0.146,1.0,10.0,81.2,23.8,-1.0,68.37683044237907,7.1215685,74.0,201.1290322580645,26.0,0.42105263157894735,0.3333333333333333,0.6666666666666666,5.7
"Crews, Dylan",2024,0.1,0.033,0.13,0.133,0.165,0.31,0.227,3.0,30.0,89.9,15.1,-7.5,70.115738923,7.255692462,74.0,201.1290322580645,22.0,0.2153846153846154,0.4452054794520548,0.5547945205479452,4.866666666666666
"Paddack, Chris",2021,0.1,0.0,0.333,0.1,0.088,0.143,0.137,1.0,10.0,63.8,-14.5,-4.0,68.37683044237907,7.1215685,74.0,201.1290322580645,25.0,0.2,0.3488372093023256,0.6511627906976745,4.3
"Aguilar, Jesús",2023,0.1,0.15,0.077,0.25,0.186,0.168,0.088,2.0,20.0,82.3,10.1,-4.6,68.37683044237907,7.1215685,74.0,201.1290322580645,33.0,0.2727272727272727,0.4731182795698925,0.5268817204301075,4.65
"Fowler, Dustin",2021,0.1,0.1,0.2,0.2,0.239,0.27,0.157,1.0,10.0,82.1,22.2,-0.9,68.37683044237907,7.1215685,74.0,201.1290322580645,26.0,0.5,0.46808510638297873,0.5319148936170213,4.7
"Stevenson, Cal",2022,0.1,0.0,0.2,0.1,0.211,0.255,0.139,1.0,10.0,72.4,-6.1,-3.0,68.37683044237907,7.1215685,74.0,201.1290322580645,27.0,0.25925925925925924,0.4090909090909091,0.5909090909090909,6.6
"Gittens, Chris",2021,0.1,0.0,0.2,0.1,0.131,0.144,0.103,1.0,10.0,86.4,-13.6,-2.6,68.37683044237907,7.1215685,74.0,201.1290322580645,27.0,0.45,0.39215686274509803,0.6078431372549019,5.1
"Espino, Paolo",2021,0.1,0.0,0.333,0.1,0.088,0.096,0.103,1.0,10.0,57.0,-31.0,-3.9,68.37683044237907,7.1215685,74.0,201.1290322580645,27.0,0.47619047619047616,0.6176470588235294,0.38235294117647056,3.4
"Joyce, Matt",2021,0.1,0.3,0.0,0.4,0.342,0.272,0.049,1.0,10.0,83.8,30.5,0.5,68.37683044237907,7.1215685,74.0,201.1290322580645,36.0,0.4,0.35714285714285715,0.6428571428571429,8.4
"Avila, Alex",2020,0.1,0.0,0.2,0.1,0.229,0.244,0.114,1.0,10.0,72.7,17.0,-1.3,68.37683044237907,7.1215685,74.0,201.1290322580645,33.0,0.3157894736842105,0.3333333333333333,0.6666666666666666,5.7
"Bryant, Kris",2022,0.1,0.05,0.125,0.15,0.165,0.289,0.22,4.0,40.0,83.6,12.7,-9.3,68.37683044237907,7.1215685,74.0,201.1290322580645,30.0,0.21621621621621623,0.47435897435897434,0.5256410256410257,3.9
"Hechavarría, Adeiny",2020,0.1,0.0,0.133,0.1,0.144,0.181,0.132,2.0,20.0,84.6,24.1,-4.2,68.37683044237907,7.1215685,74.0,201.1290322580645,31.0,0.23076923076923078,0.6190476190476191,0.38095238095238093,4.2
"Abreu, José",2024,0.097,0.0,0.136,0.097,0.101,0.145,0.126,3.0,31.0,87.6,6.8,-10.2,69.805699412,6.921622745,74.0,201.1290322580645,37.0,0.3924050632911392,0.5642857142857143,0.4357142857142857,4.516129032258065
"Drury, Brandon",2024,0.097,0.014,0.123,0.111,0.165,0.28,0.18,7.0,72.0,88.9,4.9,-16.9,69.40221726,7.204913014,74.0,201.1290322580645,31.0,0.2721518987341772,0.5031847133757962,0.4968152866242038,4.361111111111111
"Davis, J.D.",2024,0.097,0.032,0.15,0.129,0.116,0.155,0.134,3.0,31.0,82.5,1.1,-10.4,71.216129492,7.173416949,74.0,201.1290322580645,31.0,0.43283582089552236,0.5826086956521739,0.41739130434782606,3.7096774193548385
"Locastro, Tim",2021,0.097,0.0,0.136,0.097,0.137,0.223,0.188,3.0,31.0,77.1,11.7,-8.7,68.37683044237907,7.1215685,74.0,201.1290322580645,28.0,0.25,0.5423728813559322,0.4576271186440678,3.806451612903226
"Madrigal, Nick",2022,0.095,0.0,0.125,0.095,0.138,0.199,0.156,4.0,42.0,82.2,-9.1,-9.9,68.37683044237907,7.1215685,74.0,201.1290322580645,25.0,0.14457831325301204,0.46111111111111114,0.5388888888888889,4.285714285714286
"Canzone, Dominic",2024,0.095,0.071,0.103,0.167,0.155,0.219,0.152,4.0,42.0,88.4,8.9,-12.1,69.955858415,7.640438293,74.0,201.1290322580645,26.0,0.3763440860215054,0.5195530726256983,0.48044692737430167,4.261904761904762
"Barnes, Austin",2023,0.095,0.0,0.129,0.095,0.176,0.239,0.142,4.0,42.0,78.1,-3.4,-9.0,68.37683044237907,7.1215685,74.0,201.1290322580645,33.0,0.27722772277227725,0.452914798206278,0.547085201793722,5.309523809523809
"Outman, James",2024,0.095,0.095,0.136,0.19,0.147,0.19,0.147,4.0,42.0,83.3,14.7,-11.1,68.563330441,7.504460735,74.0,201.1290322580645,27.0,0.4175824175824176,0.5652173913043478,0.43478260869565216,3.8333333333333335
"Clement, Ernie",2021,0.095,0.048,0.118,0.143,0.196,0.298,0.218,2.0,21.0,73.1,9.7,-4.1,68.37683044237907,7.1215685,74.0,201.1290322580645,25.0,0.13953488372093023,0.4387755102040816,0.5612244897959183,4.666666666666667
"Duggar, Steven",2022,0.095,0.0,0.25,0.095,0.131,0.187,0.122,2.0,21.0,93.4,20.8,-6.4,68.37683044237907,7.1215685,74.0,201.1290322580645,28.0,0.4222222222222222,0.47368421052631576,0.5263157894736842,4.523809523809524
"Bride, Jonah",2022,0.094,0.0,0.13,0.094,0.199,0.295,0.2,3.0,32.0,79.9,12.3,-9.2,68.37683044237907,7.1215685,74.0,201.1290322580645,26.0,0.2222222222222222,0.36627906976744184,0.6337209302325582,5.375
"Villar, David",2023,0.094,0.219,0.053,0.313,0.204,0.309,0.202,3.0,32.0,86.5,21.8,-6.3,68.37683044237907,7.1215685,74.0,201.1290322580645,26.0,0.45,0.4411764705882353,0.5588235294117647,4.25
"Alford, Anthony",2021,0.094,0.094,0.143,0.188,0.211,0.204,0.073,3.0,32.0,80.3,9.6,-6.8,68.37683044237907,7.1215685,74.0,201.1290322580645,26.0,0.3333333333333333,0.5033557046979866,0.4966442953020134,4.65625
"Encarnación, Edwin",2020,0.093,0.07,0.103,0.163,0.216,0.312,0.157,4.0,43.0,82.4,16.6,-7.9,68.37683044237907,7.1215685,74.0,201.1290322580645,37.0,0.31932773109243695,0.4779116465863454,0.5220883534136547,5.790697674418604
"DeShields, Delino",2021,0.091,0.0,0.125,0.091,0.131,0.165,0.128,1.0,11.0,78.2,16.0,-2.2,68.37683044237907,7.1215685,74.0,201.1290322580645,27.0,0.2727272727272727,0.4230769230769231,0.5769230769230769,4.7272727272727275
"Viloria, Meibrys",2022,0.091,0.0,0.143,0.091,0.32,0.338,0.102,1.0,11.0,81.0,-14.1,-0.9,68.37683044237907,7.1215685,74.0,201.1290322580645,25.0,0.375,0.3137254901960784,0.6862745098039216,9.272727272727273
"Heineman, Scott",2021,0.091,0.273,0.0,0.364,0.225,0.24,0.135,1.0,11.0,80.8,8.5,-3.0,68.37683044237907,7.1215685,74.0,201.1290322580645,27.0,0.4074074074074074,0.47368421052631576,0.5263157894736842,5.181818181818182
"Azocar, José",2024,0.091,0.0,0.125,0.091,0.174,0.268,0.182,1.0,11.0,85.1,13.3,-1.1,65.5049425,6.619055625,74.0,201.1290322580645,28.0,0.2692307692307692,0.6341463414634146,0.36585365853658536,3.727272727272727
"Marcano, Tucupita",2021,0.091,0.091,0.125,0.182,0.237,0.24,0.121,1.0,11.0,79.6,-6.0,-4.0,68.37683044237907,7.1215685,74.0,201.1290322580645,21.0,0.15384615384615385,0.45614035087719296,0.543859649122807,5.181818181818182
"Sanó, Miguel",2024,0.091,0.045,0.182,0.136,0.163,0.191,0.131,2.0,22.0,88.4,4.5,-4.9,72.724238333,7.753908095,74.0,201.1290322580645,31.0,0.3673469387755102,0.5,0.5,4.454545454545454
"Mendick, Danny",2023,0.091,0.273,0.0,0.364,0.182,0.211,0.173,1.0,11.0,92.4,4.5,-2.1,68.37683044237907,7.1215685,74.0,201.1290322580645,27.0,0.23076923076923078,0.5,0.5,4.7272727272727275
"Barreto, Franklin",2020,0.091,0.0,0.25,0.091,0.08,0.081,0.088,1.0,11.0,89.7,13.3,-4.3,68.37683044237907,7.1215685,74.0,201.1290322580645,27.0,0.75,0.45714285714285713,0.5428571428571428,3.1818181818181817
"Hilliard, Sam",2023,0.091,0.0,0.25,0.091,0.08,0.144,0.128,1.0,11.0,93.5,23.5,-4.0,68.37683044237907,7.1215685,74.0,201.1290322580645,29.0,0.6190476190476191,0.4883720930232558,0.5116279069767442,3.909090909090909
"Winn, Masyn",2023,0.091,0.0,0.125,0.091,0.09,0.197,0.186,3.0,33.0,83.8,13.4,-8.9,68.37683044237907,7.1215685,74.0,201.1290322580645,21.0,0.28125,0.45390070921985815,0.5460992907801419,4.2727272727272725
"Paris, Kyren",2024,0.091,0.0,0.167,0.091,0.131,0.213,0.167,1.0,11.0,85.0,8.0,-2.8,71.727689048,6.80453,74.0,201.1290322580645,22.0,0.4090909090909091,0.4583333333333333,0.5416666666666666,4.363636363636363
"Gallen, Zac",2021,0.091,0.091,0.2,0.182,0.161,0.153,0.109,1.0,11.0,61.1,-13.9,-3.1,68.37683044237907,7.1215685,74.0,201.1290322580645,25.0,0.3,0.47619047619047616,0.5238095238095238,5.7272727272727275
"Frazier, Todd",2021,0.091,0.091,0.1,0.182,0.161,0.186,0.136,1.0,11.0,89.8,7.5,-0.5,68.37683044237907,7.1215685,74.0,201.1290322580645,27.0,0.125,0.46153846153846156,0.5384615384615384,4.7272727272727275
"Narváez, Omar",2023,0.091,0.0,0.125,0.091,0.192,0.266,0.16,2.0,22.0,78.8,26.9,-5.6,68.37683044237907,7.1215685,74.0,201.1290322580645,31.0,0.24489795918367346,0.4016393442622951,0.5983606557377049,5.545454545454546
"Chirinos, Robinson",2020,0.091,0.0,0.133,0.091,0.127,0.18,0.115,2.0,22.0,82.3,13.5,-6.0,68.37683044237907,7.1215685,74.0,201.1290322580645,36.0,0.34782608695652173,0.48936170212765956,0.5106382978723404,4.2727272727272725
"Peraza, Oswald",2022,0.091,0.0,0.111,0.091,0.131,0.233,0.205,1.0,11.0,74.2,-2.3,-3.0,68.37683044237907,7.1215685,74.0,201.1290322580645,22.0,0.1111111111111111,0.5454545454545454,0.45454545454545453,3.0
"Freeman, Tyler",2022,0.091,0.0,0.105,0.091,0.127,0.209,0.174,2.0,22.0,82.1,17.4,-5.1,68.37683044237907,7.1215685,74.0,201.1290322580645,23.0,0.1896551724137931,0.5576923076923077,0.4423076923076923,4.7272727272727275
"Hendricks, Kyle",2021,0.091,0.0,0.143,0.091,0.174,0.158,0.063,1.0,11.0,69.5,-14.6,-1.9,68.37683044237907,7.1215685,74.0,201.1290322580645,27.0,0.3181818181818182,0.46808510638297873,0.5319148936170213,4.2727272727272725
"Garver, Mitch",2020,0.091,0.0,0.2,0.091,0.23,0.212,0.057,1.0,11.0,94.2,27.0,-3.2,68.37683044237907,7.1215685,74.0,201.1290322580645,29.0,0.4827586206896552,0.3411764705882353,0.6588235294117647,7.7272727272727275
"Dixon, Brandon",2023,0.091,0.0,0.118,0.091,0.074,0.147,0.145,2.0,22.0,81.3,7.7,-9.0,68.37683044237907,7.1215685,74.0,201.1290322580645,31.0,0.34782608695652173,0.5542168674698795,0.4457831325301205,3.772727272727273
"Mastrobuoni, Miles",2024,0.091,0.0,0.111,0.091,0.147,0.307,0.267,2.0,22.0,84.5,10.9,-6.2,66.952258718,6.560527949,74.0,201.1290322580645,28.0,0.2857142857142857,0.42857142857142855,0.5714285714285714,4.454545454545454
"Canó, Robinson",2022,0.091,0.0,0.111,0.091,0.107,0.258,0.208,2.0,22.0,89.8,2.7,-6.3,68.37683044237907,7.1215685,74.0,201.1290322580645,39.0,0.23255813953488372,0.6056338028169014,0.39436619718309857,3.227272727272727
"Romine, Austin",2022,0.088,0.059,0.158,0.147,0.134,0.145,0.111,3.0,34.0,82.2,10.8,-9.2,68.37683044237907,7.1215685,74.0,201.1290322580645,33.0,0.3253012048192771,0.515527950310559,0.484472049689441,4.735294117647059
"Sisco, Chance",2020,0.087,0.13,0.077,0.217,0.23,0.291,0.171,2.0,23.0,89.4,28.2,-2.5,68.37683044237907,7.1215685,74.0,201.1290322580645,25.0,0.38333333333333336,0.47619047619047616,0.5238095238095238,5.478260869565218
"Marmolejos, José",2021,0.086,0.086,0.091,0.171,0.135,0.184,0.136,3.0,35.0,85.6,23.1,-8.9,68.37683044237907,7.1215685,74.0,201.1290322580645,28.0,0.2638888888888889,0.45569620253164556,0.5443037974683544,4.514285714285714
"Estrada, Thairo",2020,0.083,0.0,0.2,0.083,0.124,0.147,0.109,1.0,12.0,79.7,13.8,-4.2,68.37683044237907,7.1215685,74.0,201.1290322580645,27.0,0.3448275862068966,0.6170212765957447,0.3829787234042553,3.9166666666666665
"Ford, Mike",2021,0.083,0.0,0.143,0.083,0.279,0.348,0.178,1.0,12.0,91.2,14.3,-1.4,68.37683044237907,7.1215685,74.0,201.1290322580645,28.0,0.3333333333333333,0.28378378378378377,0.7162162162162162,6.166666666666667
"Morton, Charlie",2021,0.083,0.0,0.167,0.083,0.073,0.112,0.113,1.0,12.0,72.2,-10.4,-5.4,68.37683044237907,7.1215685,74.0,201.1290322580645,37.0,0.4,0.5319148936170213,0.46808510638297873,3.9166666666666665
"Rojas, Josh",2020,0.083,0.0,0.1,0.083,0.143,0.309,0.186,1.0,12.0,85.2,18.0,-2.4,68.37683044237907,7.1215685,74.0,201.1290322580645,26.0,0.2972972972972973,0.5068493150684932,0.4931506849315068,6.083333333333333
"Porter, Logan",2023,0.083,0.0,0.2,0.083,0.198,0.183,0.05,1.0,12.0,80.5,29.2,-2.8,68.37683044237907,7.1215685,74.0,201.1290322580645,27.0,0.3235294117647059,0.5230769230769231,0.47692307692307695,5.416666666666667
"Nido, Tomás",2023,0.083,0.0,0.1,0.083,0.152,0.194,0.132,1.0,12.0,79.4,-4.3,-3.4,68.37683044237907,7.1215685,74.0,201.1290322580645,29.0,0.375,0.5581395348837209,0.4418604651162791,3.5833333333333335
"Campusano, Luis",2021,0.083,0.0,0.2,0.083,0.121,0.175,0.137,1.0,12.0,87.4,28.2,-4.4,68.37683044237907,7.1215685,74.0,201.1290322580645,22.0,0.4827586206896552,0.5576923076923077,0.4423076923076923,4.333333333333333
"Rortvedt, Ben",2023,0.083,0.0,0.143,0.083,0.162,0.229,0.152,1.0,12.0,87.3,8.4,-3.6,68.37683044237907,7.1215685,74.0,201.1290322580645,25.0,0.3333333333333333,0.4090909090909091,0.5909090909090909,5.5
"Leyba, Domingo",2021,0.083,0.0,0.118,0.083,0.121,0.222,0.192,2.0,24.0,79.8,8.4,-7.3,68.37683044237907,7.1215685,74.0,201.1290322580645,25.0,0.3333333333333333,0.5647058823529412,0.43529411764705883,3.5416666666666665
"Mayfield, Jack",2020,0.083,0.0,0.125,0.083,0.068,0.221,0.207,1.0,12.0,83.2,4.3,-4.2,68.37683044237907,7.1215685,74.0,201.1290322580645,29.0,0.25,0.6222222222222222,0.37777777777777777,3.75
"Almora Jr., Albert",2021,0.083,0.0,0.143,0.083,0.121,0.127,0.086,1.0,12.0,86.0,-3.1,-4.3,68.37683044237907,7.1215685,74.0,201.1290322580645,27.0,0.4230769230769231,0.5531914893617021,0.44680851063829785,3.9166666666666665
"Johnson, Daniel",2021,0.083,0.25,0.0,0.333,0.167,0.315,0.217,1.0,12.0,89.4,20.9,-2.9,68.37683044237907,7.1215685,74.0,201.1290322580645,25.0,0.48,0.625,0.375,3.3333333333333335
"Vargas, Ildemaro",2020,0.083,0.0,0.091,0.083,0.068,0.21,0.228,1.0,12.0,82.4,1.7,-5.1,68.37683044237907,7.1215685,74.0,201.1290322580645,28.0,0.14285714285714285,0.42,0.58,4.166666666666667
"Anderson, Tyler",2021,0.083,0.0,0.25,0.083,0.073,0.061,0.067,1.0,12.0,55.9,11.8,-5.0,68.37683044237907,7.1215685,74.0,201.1290322580645,27.0,0.5925925925925926,0.6923076923076923,0.3076923076923077,3.25
"Foscue, Justin",2024,0.083,0.0,0.143,0.083,0.073,0.12,0.099,1.0,12.0,87.6,16.4,-3.8,67.462515,6.805685455,74.0,201.1290322580645,25.0,0.13636363636363635,0.5238095238095238,0.47619047619047616,3.5
"Riddle, JT",2020,0.083,0.0,0.1,0.083,0.074,0.177,0.179,1.0,12.0,88.4,-1.2,-4.3,68.37683044237907,7.1215685,74.0,201.1290322580645,27.0,0.22727272727272727,0.5,0.5,3.6666666666666665
"Lee, Korey",2023,0.083,0.25,0.0,0.333,0.208,0.388,0.296,1.0,12.0,86.2,1.5,-2.3,68.37683044237907,7.1215685,74.0,201.1290322580645,24.0,0.16,0.5,0.5,4.166666666666667
"Bradley Jr., Jackie",2023,0.08,0.16,0.071,0.24,0.13,0.128,0.1,2.0,25.0,87.2,11.3,-7.9,68.37683044237907,7.1215685,74.0,201.1290322580645,33.0,0.42857142857142855,0.5436893203883495,0.4563106796116505,4.12
"Woodruff, Brandon",2021,0.077,0.0,0.125,0.077,0.112,0.14,0.099,1.0,13.0,64.8,-4.8,-5.7,68.37683044237907,7.1215685,74.0,201.1290322580645,28.0,0.37037037037037035,0.4576271186440678,0.5423728813559322,4.538461538461538
"Díaz, Lewin",2022,0.077,0.038,0.095,0.115,0.077,0.101,0.087,2.0,26.0,83.0,34.0,-9.8,68.37683044237907,7.1215685,74.0,201.1290322580645,25.0,0.21153846153846154,0.47706422018348627,0.5229357798165137,4.1923076923076925
"Saggese, Thomas",2024,0.077,0.0,0.125,0.077,0.112,0.158,0.123,1.0,13.0,78.4,-3.8,-4.5,68.648214828,7.087925172,74.0,201.1290322580645,22.0,0.3,0.6,0.4,3.8461538461538463
"Sanó, Miguel",2022,0.077,0.0,0.111,0.077,0.175,0.348,0.136,1.0,13.0,95.8,44.7,-3.9,68.37683044237907,7.1215685,74.0,201.1290322580645,29.0,0.42857142857142855,0.45901639344262296,0.5409836065573771,4.6923076923076925
"Rivero, Sebastián",2021,0.077,0.0,0.111,0.077,0.153,0.204,0.126,1.0,13.0,83.2,7.9,-2.1,68.37683044237907,7.1215685,74.0,201.1290322580645,22.0,0.3103448275862069,0.5576923076923077,0.4423076923076923,4.0
"Robertson, Daniel",2021,0.077,0.0,0.2,0.077,0.177,0.21,0.089,1.0,13.0,83.2,23.6,-3.3,68.37683044237907,7.1215685,74.0,201.1290322580645,27.0,0.42424242424242425,0.4230769230769231,0.5769230769230769,6.0
"Thomas, Lane",2020,0.077,0.231,0.0,0.308,0.191,0.169,0.112,1.0,13.0,83.0,0.1,-4.8,68.37683044237907,7.1215685,74.0,201.1290322580645,24.0,0.4,0.39215686274509803,0.6078431372549019,3.923076923076923
"Murphy, John Ryan",2020,0.077,0.0,0.125,0.077,0.113,0.315,0.254,1.0,13.0,71.2,1.3,-5.3,68.37683044237907,7.1215685,74.0,201.1290322580645,29.0,0.4117647058823529,0.53125,0.46875,4.923076923076923
"Tucker, Cole",2022,0.077,0.0,0.111,0.077,0.068,0.12,0.119,1.0,13.0,80.2,17.8,-5.2,68.37683044237907,7.1215685,74.0,201.1290322580645,27.0,0.25806451612903225,0.5254237288135594,0.4745762711864407,4.538461538461538
"León, Sandy",2021,0.074,0.093,0.081,0.167,0.137,0.161,0.111,4.0,54.0,84.5,23.1,-14.9,68.37683044237907,7.1215685,74.0,201.1290322580645,32.0,0.2830188679245283,0.48847926267281105,0.511520737327189,4.018518518518518
"Gomes, Yan",2024,0.074,0.0,0.125,0.074,0.085,0.209,0.184,2.0,27.0,83.6,17.4,-9.6,67.935507451,7.471717255,74.0,201.1290322580645,36.0,0.38333333333333336,0.5504587155963303,0.44954128440366975,4.037037037037037
"Díaz, Lewin",2021,0.074,0.111,0.053,0.185,0.147,0.195,0.146,2.0,27.0,87.2,23.1,-9.4,68.37683044237907,7.1215685,74.0,201.1290322580645,24.0,0.25757575757575757,0.6226415094339622,0.37735849056603776,3.925925925925926
"Zimmer, Bradley",2022,0.071,0.107,0.1,0.179,0.18,0.256,0.126,2.0,28.0,86.0,-3.7,-6.6,68.37683044237907,7.1215685,74.0,201.1290322580645,29.0,0.4666666666666667,0.5217391304347826,0.4782608695652174,4.107142857142857
"McCarthy, Jake",2021,0.071,0.071,0.167,0.143,0.166,0.137,0.057,1.0,14.0,72.7,13.1,-3.9,68.37683044237907,7.1215685,74.0,201.1290322580645,27.0,0.53125,0.4507042253521127,0.5492957746478874,5.071428571428571
"Brubaker, JT",2021,0.071,0.0,0.091,0.071,0.174,0.259,0.167,1.0,14.0,76.2,-15.9,-4.4,68.37683044237907,7.1215685,74.0,201.1290322580645,27.0,0.23529411764705882,0.288135593220339,0.711864406779661,4.214285714285714
"Lester, Jon",2021,0.071,0.0,0.143,0.071,0.141,0.151,0.078,1.0,14.0,59.7,-12.9,-4.2,68.37683044237907,7.1215685,74.0,190.0,37.0,0.41935483870967744,0.43661971830985913,0.5633802816901409,5.071428571428571
"Marchán, Rafael",2021,0.071,0.143,0.091,0.214,0.214,0.233,0.138,1.0,14.0,80.7,10.5,-4.2,68.37683044237907,7.1215685,74.0,201.1290322580645,22.0,0.07407407407407407,0.5294117647058824,0.47058823529411764,3.642857142857143
"Rojas, Jose",2022,0.071,0.071,0.143,0.143,0.132,0.177,0.126,1.0,14.0,83.2,35.6,-4.0,68.37683044237907,7.1215685,74.0,201.1290322580645,29.0,0.26666666666666666,0.5844155844155844,0.4155844155844156,5.5
"Adell, Jo",2020,0.071,0.036,0.167,0.107,0.186,0.195,0.076,2.0,28.0,89.4,19.9,-9.8,68.37683044237907,7.1215685,74.0,201.1290322580645,21.0,0.44,0.4658385093167702,0.5341614906832298,5.75
"Zavala, Seby",2024,0.071,0.0,0.143,0.071,0.105,0.311,0.187,1.0,14.0,84.7,11.9,-3.9,67.541686842,7.289479474,74.0,201.1290322580645,30.0,0.4074074074074074,0.5094339622641509,0.49056603773584906,3.7857142857142856
"Garneau, Dustin",2021,0.071,0.214,0.0,0.286,0.216,0.298,0.141,1.0,14.0,87.4,20.1,-4.1,68.37683044237907,7.1215685,74.0,201.1290322580645,33.0,0.46808510638297873,0.5465116279069767,0.45348837209302323,6.142857142857143
"Barrero, Jose",2020,0.071,0.0,0.2,0.071,0.063,0.099,0.104,1.0,14.0,81.3,14.2,-4.6,68.37683044237907,7.1215685,74.0,201.1290322580645,27.0,0.5714285714285714,0.49122807017543857,0.5087719298245614,4.071428571428571
"Herrera, Jose",2022,0.069,0.034,0.091,0.103,0.114,0.119,0.084,2.0,29.0,78.9,-6.5,-8.7,68.37683044237907,7.1215685,74.0,201.1290322580645,25.0,0.17543859649122806,0.4672131147540984,0.5327868852459017,4.206896551724138
"Allen, Nick",2024,0.067,0.0,0.091,0.067,0.098,0.166,0.137,1.0,15.0,65.2,10.2,-5.3,52.806996667,5.559241667,74.0,201.1290322580645,25.0,0.17647058823529413,0.5666666666666667,0.43333333333333335,4.0
"Calhoun, Willie",2022,0.067,0.0,0.077,0.067,0.135,0.235,0.156,1.0,15.0,87.6,26.0,-4.8,68.37683044237907,7.1215685,74.0,201.1290322580645,27.0,0.09523809523809523,0.39622641509433965,0.6037735849056604,3.533333333333333
"Darvish, Yu",2021,0.067,0.0,0.111,0.067,0.059,0.113,0.118,1.0,15.0,81.1,-25.3,-6.3,68.37683044237907,7.1215685,74.0,201.1290322580645,27.0,0.1724137931034483,0.5,0.5,3.8666666666666667
"Rivas, Webster",2021,0.067,0.2,0.0,0.267,0.134,0.258,0.22,1.0,15.0,82.7,8.8,-3.7,68.37683044237907,7.1215685,74.0,201.1290322580645,30.0,0.13333333333333333,0.5769230769230769,0.4230769230769231,3.466666666666667
"Castro, Rodolfo",2021,0.067,0.067,0.1,0.133,0.121,0.163,0.125,1.0,15.0,76.9,5.9,-4.5,68.37683044237907,7.1215685,74.0,201.1290322580645,27.0,0.2894736842105263,0.5428571428571428,0.45714285714285713,4.666666666666667
"Hall, Darick",2023,0.067,0.0,0.1,0.067,0.134,0.262,0.209,1.0,15.0,97.1,8.9,-5.0,68.37683044237907,7.1215685,74.0,201.1290322580645,27.0,0.21621621621621623,0.5873015873015873,0.4126984126984127,4.2
"Stefanic, Michael",2022,0.067,0.0,0.077,0.067,0.098,0.238,0.217,1.0,15.0,90.4,1.8,-5.2,68.37683044237907,7.1215685,74.0,201.1290322580645,27.0,0.13043478260869565,0.48936170212765956,0.5106382978723404,3.1333333333333333
"Black, Tyler",2024,0.063,0.0,0.125,0.063,0.092,0.102,0.067,1.0,16.0,85.1,8.8,-5.0,65.749744839,6.902496774,74.0,201.1290322580645,23.0,0.375,0.4507042253521127,0.5492957746478874,4.4375
"Jay, Jon",2020,0.063,0.0,0.063,0.063,0.046,0.252,0.211,1.0,16.0,84.7,18.6,-7.8,68.37683044237907,7.1215685,74.0,201.1290322580645,35.0,0.13157894736842105,0.5277777777777778,0.4722222222222222,4.5
"León, Sandy",2020,0.063,0.0,0.067,0.063,0.157,0.265,0.194,1.0,16.0,78.1,16.2,-6.2,68.37683044237907,7.1215685,74.0,201.1290322580645,27.0,0.23529411764705882,0.4788732394366197,0.5211267605633803,4.4375
"O'Grady, Brian",2021,0.063,0.0,0.091,0.063,0.119,0.208,0.146,1.0,16.0,82.4,12.3,-5.3,68.37683044237907,7.1215685,74.0,201.1290322580645,29.0,0.2857142857142857,0.49295774647887325,0.5070422535211268,4.4375
"Harrison, Monte",2020,0.063,0.0,0.167,0.063,0.055,0.042,0.044,1.0,16.0,79.9,-0.5,-6.2,68.37683044237907,7.1215685,74.0,201.1290322580645,24.0,0.4838709677419355,0.4696969696969697,0.5303030303030303,4.125
"Hill, Derek",2023,0.063,0.0,0.083,0.063,0.126,0.17,0.111,1.0,16.0,77.8,-2.7,-5.4,68.37683044237907,7.1215685,74.0,201.1290322580645,27.0,0.16666666666666666,0.46153846153846156,0.5384615384615384,4.0625
"Buehler, Walker",2021,0.059,0.059,0.143,0.118,0.073,0.048,0.052,1.0,17.0,60.2,-24.3,-4.7,68.37683044237907,7.1215685,74.0,201.1290322580645,27.0,0.3235294117647059,0.4358974358974359,0.5641025641025641,4.588235294117647
"Kemp, Tony",2020,0.059,0.059,0.083,0.118,0.218,0.274,0.116,1.0,17.0,80.4,29.5,-5.2,68.37683044237907,7.1215685,74.0,201.1290322580645,28.0,0.23255813953488372,0.3944954128440367,0.6055045871559633,6.411764705882353
"Corbin, Patrick",2021,0.059,0.0,0.111,0.059,0.052,0.114,0.12,1.0,17.0,69.2,-22.8,-6.3,68.37683044237907,7.1215685,74.0,201.1290322580645,31.0,0.32558139534883723,0.6323529411764706,0.36764705882352944,4.0
"Vargas, Miguel",2024,0.056,0.028,0.069,0.083,0.139,0.212,0.099,2.0,36.0,83.1,22.6,-12.5,67.993019881,7.554439286,74.0,201.1290322580645,24.0,0.16666666666666666,0.4397905759162304,0.5602094240837696,5.305555555555555
"Kelly, Merrill",2021,0.056,0.0,0.111,0.056,0.083,0.082,0.051,1.0,18.0,62.3,-9.9,-7.4,68.37683044237907,7.1215685,74.0,201.1290322580645,27.0,0.3157894736842105,0.48717948717948717,0.5128205128205128,4.333333333333333
"Neuse, Sheldon",2021,0.056,0.0,0.1,0.056,0.049,0.099,0.097,1.0,18.0,87.5,15.7,-6.7,68.37683044237907,7.1215685,74.0,201.1290322580645,26.0,0.3953488372093023,0.524390243902439,0.47560975609756095,4.555555555555555
"Palacios, Jermaine",2022,0.056,0.0,0.077,0.056,0.044,0.155,0.169,1.0,18.0,84.8,4.8,-7.3,68.37683044237907,7.1215685,74.0,201.1290322580645,25.0,0.41304347826086957,0.6388888888888888,0.3611111111111111,4.0
"Sánchez, Ali",2024,0.053,0.0,0.077,0.053,0.103,0.167,0.091,1.0,19.0,75.2,3.1,-5.4,61.567268378,6.707034865,74.0,201.1290322580645,27.0,0.275,0.47058823529411764,0.5294117647058824,4.473684210526316
"Nola, Austin",2023,0.05,0.0,0.061,0.05,0.153,0.265,0.185,2.0,40.0,75.4,4.4,-12.4,68.37683044237907,7.1215685,74.0,201.1290322580645,33.0,0.1282051282051282,0.38613861386138615,0.6138613861386139,5.05
"Adrianza, Ehire",2020,0.05,0.0,0.067,0.05,0.131,0.223,0.157,1.0,20.0,80.1,14.5,-9.0,68.37683044237907,7.1215685,74.0,201.1290322580645,30.0,0.15789473684210525,0.4,0.6,4.75
"Mendick, Danny",2020,0.048,0.0,0.056,0.048,0.069,0.177,0.151,1.0,21.0,83.1,14.6,-5.8,68.37683044237907,7.1215685,74.0,201.1290322580645,26.0,0.2558139534883721,0.4673913043478261,0.532608695652174,4.380952380952381
"Rengifo, Luis",2020,0.048,0.0,0.083,0.048,0.124,0.198,0.132,1.0,21.0,79.3,-5.9,-7.2,68.37683044237907,7.1215685,74.0,201.1290322580645,23.0,0.25,0.48598130841121495,0.514018691588785,5.095238095238095
"Davis, Henry",2024,0.045,0.0,0.071,0.045,0.131,0.201,0.128,1.0,22.0,83.5,17.5,-7.3,69.783668974,7.168381026,74.0,201.1290322580645,24.0,0.2459016393442623,0.46564885496183206,0.5343511450381679,5.954545454545454
"Madris, Bligh",2023,0.0,0.0,0.0,0.0,0.116,0.164,0.062,0.0,10.0,82.1,21.8,-4.0,68.37683044237907,7.1215685,74.0,201.1290322580645,27.0,0.3333333333333333,0.5263157894736842,0.47368421052631576,5.7
"Sosa, Lenyn",2022,0.0,0.0,0.0,0.0,0.057,0.144,0.095,0.0,11.0,80.8,20.5,-4.6,68.37683044237907,7.1215685,74.0,201.1290322580645,22.0,0.23333333333333334,0.625,0.375,4.363636363636363
"Allen, Greg",2021,0.0,0.0,0.0,0.0,0.283,0.29,0.003,0.0,5.0,90.3,38.5,-1.8,68.37683044237907,7.1215685,74.0,201.1290322580645,28.0,0.21428571428571427,0.3333333333333333,0.6666666666666666,8.4
"Nottingham, Jacob",2021,0.0,0.0,0.0,0.0,0.088,0.142,0.054,0.0,13.0,87.1,37.4,-5.4,68.37683044237907,7.1215685,74.0,201.1290322580645,26.0,0.47368421052631576,0.5507246376811594,0.4492753623188406,5.3076923076923075
"Williams, Luke",2023,0.0,0.0,0.0,0.0,0.0,0.018,0.018,0.0,6.0,81.1,21.3,-2.9,68.37683044237907,7.1215685,74.0,201.1290322580645,27.0,0.42857142857142855,0.6666666666666666,0.3333333333333333,3.5
"Kreidler, Ryan",2023,0.0,0.0,0.0,0.0,0.0,0.091,0.092,0.0,6.0,89.1,6.8,-2.3,68.37683044237907,7.1215685,74.0,201.1290322580645,25.0,0.3333333333333333,0.42857142857142855,0.5714285714285714,3.5
"Yepez, Juan",2023,0.0,0.0,0.0,0.0,0.0,0.082,0.087,0.0,12.0,71.6,43.4,-6.1,68.37683044237907,7.1215685,74.0,201.1290322580645,25.0,0.3448275862068966,0.48333333333333334,0.5166666666666667,5.0
"Fairchild, Stuart",2022,0.0,0.0,0.0,0.0,0.11,0.166,0.059,0.0,16.0,86.3,-0.2,-7.3,68.37683044237907,7.1215685,74.0,201.1290322580645,26.0,0.5116279069767442,0.43,0.57,6.25
"Collins, Isaac",2024,0.0,0.0,0.0,0.0,0.115,0.169,0.055,0.0,5.0,80.2,21.5,-2.5,72.56878,7.007425,74.0,201.1290322580645,26.0,0.5,0.3076923076923077,0.6923076923076923,5.2
"Gomber, Austin",2021,0.0,0.0,0.0,0.0,0.0,0.061,0.063,0.0,10.0,61.4,-7.4,-4.3,68.37683044237907,7.1215685,74.0,201.1290322580645,27.0,0.20833333333333334,0.8,0.2,3.0
"Florial, Estevan",2021,0.0,0.0,0.0,0.0,0.115,0.235,0.109,0.0,5.0,92.2,18.0,-1.6,68.37683044237907,7.1215685,74.0,201.1290322580645,23.0,0.2857142857142857,0.4666666666666667,0.5333333333333333,6.0
"Hamilton, Billy",2020,0.0,0.0,0.0,0.0,0.078,0.215,0.15,0.0,7.0,78.7,16.1,-3.5,68.37683044237907,7.1215685,74.0,201.1290322580645,27.0,0.18181818181818182,0.6666666666666666,0.3333333333333333,4.714285714285714
"Forsythe, Logan",2020,0.0,0.0,0.0,0.0,0.262,0.281,0.031,0.0,5.0,76.8,5.0,1.6,68.37683044237907,7.1215685,74.0,201.1290322580645,33.0,0.2857142857142857,0.21212121212121213,0.7878787878787878,6.6
"Anderson, Ian",2021,0.0,0.0,0.0,0.0,0.0,0.026,0.028,0.0,10.0,43.7,-6.0,-5.3,68.37683044237907,7.1215685,74.0,201.1290322580645,27.0,0.6,0.625,0.375,4.0
"Fraley, Jake",2020,0.0,0.0,0.0,0.0,0.178,0.217,0.055,0.0,6.0,88.0,37.3,-1.9,68.37683044237907,7.1215685,74.0,201.1290322580645,27.0,0.4,0.35714285714285715,0.6428571428571429,4.666666666666667
"Castillo, Luis",2021,0.0,0.0,0.0,0.0,0.0,0.084,0.091,0.0,12.0,67.2,-16.2,-6.1,68.37683044237907,7.1215685,71.0,190.0,28.0,0.52,0.78125,0.21875,2.6666666666666665
"Peralta, Freddy",2021,0.0,0.0,0.0,0.0,0.0,0.033,0.036,0.0,5.0,21.2,-22.0,-2.0,68.37683044237907,7.1215685,74.0,201.1290322580645,25.0,0.36363636363636365,0.6111111111111112,0.3888888888888889,3.6
"Eflin, Zach",2021,0.0,0.0,0.0,0.0,0.09,0.112,0.025,0.0,7.0,57.7,-16.0,-2.5,68.37683044237907,7.1215685,74.0,201.1290322580645,27.0,0.2857142857142857,0.7777777777777778,0.2222222222222222,3.857142857142857
"García, Avisaíl",2024,0.0,0.0,0.0,0.0,0.0,0.054,0.059,0.0,6.0,80.8,-3.5,-2.9,68.325788571,7.372035714,74.0,201.1290322580645,33.0,0.46153846153846156,0.7222222222222222,0.2777777777777778,3.0
"Contreras, Mark",2022,0.0,0.0,0.0,0.0,0.0,0.178,0.117,0.0,21.0,87.3,-0.2,-9.5,68.37683044237907,7.1215685,74.0,201.1290322580645,27.0,0.38181818181818183,0.7534246575342466,0.2465753424657534,3.4761904761904763
"Gray, Josiah",2021,0.0,0.0,0.0,0.0,0.0,0.108,0.107,0.0,6.0,79.7,-20.0,-3.5,68.37683044237907,7.1215685,74.0,201.1290322580645,23.0,0.5384615384615384,0.5652173913043478,0.43478260869565216,3.8333333333333335
"Beckham, Tim",2022,0.0,0.0,0.0,0.0,0.0,0.056,0.057,0.0,7.0,91.8,-7.0,-1.8,68.37683044237907,7.1215685,74.0,201.1290322580645,32.0,0.4375,0.5333333333333333,0.4666666666666667,4.285714285714286
"Goodrum, Niko",2024,0.0,0.0,0.0,0.0,0.069,0.187,0.143,0.0,9.0,74.6,-23.3,-3.6,72.366082222,7.856247778,74.0,201.1290322580645,32.0,0.4090909090909091,0.4489795918367347,0.5510204081632653,5.444444444444445
"Perdomo, Geraldo",2021,0.0,0.0,0.0,0.0,0.173,0.233,0.078,0.0,9.0,76.7,-6.8,-2.4,68.37683044237907,7.1215685,74.0,201.1290322580645,21.0,0.5333333333333333,0.3191489361702128,0.6808510638297872,5.222222222222222
"Megill, Tylor",2021,0.0,0.0,0.0,0.0,0.099,0.105,0.006,0.0,6.0,50.0,-53.5,-2.7,68.37683044237907,7.1215685,74.0,201.1290322580645,25.0,0.47368421052631576,0.5588235294117647,0.4411764705882353,5.666666666666667
"Davis, Chris",2020,0.0,0.0,0.0,0.0,0.0,0.091,0.093,0.0,14.0,92.1,18.6,-7.6,68.37683044237907,7.1215685,74.0,201.1290322580645,27.0,0.38461538461538464,0.6,0.4,4.642857142857143
"Fedde, Erick",2021,0.0,0.0,0.0,0.0,0.0,0.157,0.183,0.0,8.0,72.3,-9.6,-3.7,68.37683044237907,7.1215685,74.0,201.1290322580645,28.0,0.13636363636363635,0.5641025641025641,0.4358974358974359,4.875
"Thomas, Cody",2023,0.0,0.0,0.0,0.0,0.063,0.157,0.11,0.0,10.0,76.1,0.3,-4.1,68.37683044237907,7.1215685,74.0,201.1290322580645,28.0,0.32,0.5434782608695652,0.45652173913043476,4.6
"Machín, Vimael",2020,0.0,0.0,0.0,0.0,0.0,0.185,0.189,0.0,17.0,81.2,3.7,-7.9,68.37683044237907,7.1215685,74.0,201.1290322580645,26.0,0.09375,0.5714285714285714,0.42857142857142855,3.2941176470588234
"Lopez, Irving",2023,0.0,0.0,0.0,0.0,0.0,0.053,0.059,0.0,5.0,84.1,23.0,-3.4,68.37683044237907,7.1215685,74.0,201.1290322580645,28.0,0.35294117647058826,0.6071428571428571,0.39285714285714285,5.6
"Bauer, Trevor",2021,0.0,0.0,0.0,0.0,0.0,0.187,0.198,0.0,7.0,70.3,-24.4,-4.0,68.37683044237907,7.1215685,74.0,201.1290322580645,30.0,0.1,0.29411764705882354,0.7058823529411765,4.857142857142857
"Alzolay, Adbert",2021,0.0,0.0,0.0,0.0,0.0,0.043,0.046,0.0,8.0,78.0,-36.1,-3.0,68.37683044237907,7.1215685,74.0,201.1290322580645,26.0,0.3125,0.5925925925925926,0.4074074074074074,3.375
"Stroman, Marcus",2021,0.0,0.0,0.0,0.0,0.086,0.096,0.01,0.0,7.0,57.9,-25.3,-4.0,68.37683044237907,7.1215685,74.0,201.1290322580645,30.0,0.3333333333333333,0.5675675675675675,0.43243243243243246,5.285714285714286
"Mahle, Tyler",2021,0.0,0.0,0.0,0.0,0.115,0.269,0.153,0.0,15.0,71.1,-22.4,-6.0,68.37683044237907,7.1215685,74.0,201.1290322580645,26.0,0.25,0.5294117647058824,0.47058823529411764,4.533333333333333
"Drury, Brandon",2020,0.0,0.0,0.0,0.0,0.054,0.16,0.126,0.0,11.0,71.4,7.3,-4.4,68.37683044237907,7.1215685,74.0,201.1290322580645,27.0,0.25,0.5333333333333333,0.4666666666666667,5.454545454545454
"Morrison, Logan",2020,0.0,0.0,0.0,0.0,0.116,0.147,0.034,0.0,5.0,88.2,25.5,-0.7,68.37683044237907,7.1215685,74.0,201.1290322580645,32.0,0.1,0.3125,0.6875,6.4
"Ramos, Heliot",2022,0.0,0.0,0.0,0.0,0.0,0.399,0.247,0.0,6.0,87.9,-8.4,-2.2,68.37683044237907,7.1215685,74.0,201.1290322580645,27.0,0.3,0.5882352941176471,0.4117647058823529,2.8333333333333335
"Guthrie, Dalton",2023,0.0,0.0,0.0,0.0,0.116,0.177,0.08,0.0,5.0,78.5,2.7,-1.3,68.37683044237907,7.1215685,74.0,201.1290322580645,27.0,0.25,0.48,0.52,5.0
"Arrieta, Jake",2021,0.0,0.0,0.0,0.0,0.0,0.016,0.016,0.0,6.0,43.8,-30.3,-2.6,68.37683044237907,7.1215685,74.0,201.1290322580645,27.0,0.45454545454545453,0.39285714285714285,0.6071428571428571,4.666666666666667
"Knapp, Andrew",2022,0.0,0.0,0.0,0.0,0.125,0.211,0.092,0.0,8.0,86.6,0.3,-4.0,68.37683044237907,7.1215685,74.0,201.1290322580645,30.0,0.45,0.45454545454545453,0.5454545454545454,5.5
"Scherzer, Max",2021,0.0,0.0,0.0,0.0,0.0,0.103,0.102,0.0,16.0,71.7,-12.3,-6.9,68.37683044237907,7.1215685,74.0,201.1290322580645,36.0,0.3333333333333333,0.6,0.4,4.375
"Kennedy, Buddy",2023,0.0,0.0,0.0,0.0,0.099,0.335,0.293,0.0,6.0,80.8,9.8,-2.0,68.37683044237907,7.1215685,74.0,201.1290322580645,27.0,0.25,0.3333333333333333,0.6666666666666666,6.0
"Lavastida, Bryan",2022,0.0,0.0,0.0,0.0,0.115,0.209,0.122,0.0,5.0,90.8,21.5,-1.8,68.37683044237907,7.1215685,74.0,201.1290322580645,23.0,0.2,0.23809523809523808,0.7619047619047619,4.2
"Gutierrez, Vladimir",2021,0.0,0.0,0.0,0.0,0.086,0.197,0.131,0.0,7.0,56.4,-33.3,-1.8,68.37683044237907,7.1215685,74.0,201.1290322580645,25.0,0.3333333333333333,0.5454545454545454,0.45454545454545453,3.142857142857143
"Hernández, Yonny",2022,0.0,0.0,0.0,0.0,0.0,0.169,0.184,0.0,10.0,77.0,-25.7,-3.2,68.37683044237907,7.1215685,74.0,201.1290322580645,24.0,0.037037037037037035,0.574468085106383,0.425531914893617,4.7
"Schrock, Max",2020,0.0,0.0,0.0,0.0,0.0,0.098,0.106,0.0,6.0,80.1,18.0,-2.9,68.37683044237907,7.1215685,74.0,201.1290322580645,25.0,0.23529411764705882,0.7727272727272727,0.22727272727272727,3.6666666666666665
"Phegley, Josh",2020,0.0,0.0,0.0,0.0,0.0,0.101,0.1,0.0,5.0,76.6,28.3,-1.8,68.37683044237907,7.1215685,74.0,201.1290322580645,27.0,0.3333333333333333,0.391304347826087,0.6086956521739131,4.6
"Siani, Michael",2022,0.0,0.0,0.0,0.0,0.0,0.035,0.036,0.0,6.0,59.2,61.4,-2.9,68.37683044237907,7.1215685,74.0,201.1290322580645,22.0,0.25,0.46153846153846156,0.5384615384615384,4.333333333333333
"Dickerson, Alex",2022,0.0,0.0,0.0,0.0,0.098,0.315,0.212,0.0,6.0,100.7,11.7,-2.6,68.37683044237907,7.1215685,74.0,201.1290322580645,32.0,0.45454545454545453,0.4230769230769231,0.5769230769230769,4.333333333333333
"Thaiss, Matt",2020,0.0,0.0,0.0,0.0,0.1,0.177,0.073,0.0,6.0,83.5,21.8,-2.3,68.37683044237907,7.1215685,74.0,201.1290322580645,25.0,0.21428571428571427,0.4666666666666667,0.5333333333333333,5.0
"Owings, Chris",2022,0.0,0.0,0.0,0.0,0.131,0.242,0.149,0.0,13.0,62.3,6.3,-5.6,68.37683044237907,7.1215685,74.0,201.1290322580645,30.0,0.36363636363636365,0.4074074074074074,0.5925925925925926,4.153846153846154
"Brantly, Rob",2021,0.0,0.0,0.0,0.0,0.0,0.128,0.125,0.0,9.0,77.4,48.5,-3.4,68.37683044237907,7.1215685,74.0,201.1290322580645,27.0,0.3157894736842105,0.5428571428571428,0.45714285714285713,3.888888888888889
"Heath, Nick",2021,0.0,0.0,0.0,0.0,0.063,0.125,0.068,0.0,10.0,73.2,-3.4,-3.7,68.37683044237907,7.1215685,74.0,201.1290322580645,27.0,0.5384615384615384,0.5,0.5,5.2
"Robinson, Chuckie",2024,0.0,0.0,0.0,0.0,0.049,0.163,0.133,0.0,13.0,75.0,-1.1,-5.2,69.039195517,6.710505862,74.0,201.1290322580645,29.0,0.4827586206896552,0.5576923076923077,0.4423076923076923,4.0
"Weathers, Ryan",2021,0.0,0.0,0.0,0.0,0.0,0.073,0.066,0.0,9.0,76.6,-26.1,-4.1,68.37683044237907,7.1215685,74.0,201.1290322580645,21.0,0.2222222222222222,0.5806451612903226,0.41935483870967744,3.4444444444444446
"Mills, Alec",2021,0.0,0.0,0.0,0.0,0.0,0.039,0.044,0.0,7.0,55.8,-8.5,-3.3,68.37683044237907,7.1215685,74.0,201.1290322580645,27.0,0.3333333333333333,0.4838709677419355,0.5161290322580645,4.428571428571429
"Gray, Sonny",2021,0.0,0.0,0.0,0.0,0.0,0.074,0.07,0.0,10.0,68.0,-7.6,-5.2,68.37683044237907,7.1215685,74.0,201.1290322580645,27.0,0.1875,0.48484848484848486,0.5151515151515151,3.3
"Batten, Matthew",2022,0.0,0.0,0.0,0.0,0.0,0.064,0.068,0.0,7.0,92.1,-14.0,-3.0,68.37683044237907,7.1215685,74.0,201.1290322580645,27.0,0.6,0.5,0.5,4.285714285714286
"Anderson, Brett",2021,0.0,0.0,0.0,0.0,0.077,0.148,0.088,0.0,8.0,65.6,-32.2,-1.9,68.37683044237907,7.1215685,74.0,201.1290322580645,33.0,0.17647058823529413,0.425,0.575,5.0
"Lawlar, Jordan",2023,0.0,0.0,0.0,0.0,0.142,0.158,0.021,0.0,8.0,77.3,27.7,-2.5,68.37683044237907,7.1215685,74.0,201.1290322580645,20.0,0.4,0.4444444444444444,0.5555555555555556,5.625
"Gallagher, Cam",2020,0.0,0.0,0.0,0.0,0.14,0.227,0.119,0.0,12.0,73.7,13.6,-4.9,68.37683044237907,7.1215685,74.0,201.1290322580645,27.0,0.25,0.36923076923076925,0.6307692307692307,5.416666666666667
"DeSclafani, Anthony",2021,0.0,0.0,0.0,0.0,0.046,0.11,0.074,0.0,14.0,49.8,-27.0,-7.3,68.37683044237907,7.1215685,74.0,201.1290322580645,31.0,0.5172413793103449,0.48333333333333334,0.5166666666666667,4.285714285714286
"Luciano, Marco",2023,0.0,0.0,0.0,0.0,0.0,0.043,0.046,0.0,7.0,83.7,-23.7,-3.4,68.37683044237907,7.1215685,74.0,201.1290322580645,27.0,0.36363636363636365,0.4230769230769231,0.5769230769230769,3.7142857142857144
"Adams, Jordyn",2023,0.0,0.0,0.0,0.0,0.0,0.16,0.185,0.0,6.0,90.9,-2.6,-2.0,68.37683044237907,7.1215685,74.0,201.1290322580645,23.0,0.375,0.7619047619047619,0.23809523809523808,3.5
"Mejía, Francisco",2020,0.0,0.0,0.0,0.0,0.081,0.208,0.136,0.0,8.0,78.3,27.0,-3.0,68.37683044237907,7.1215685,74.0,201.1290322580645,24.0,0.2631578947368421,0.7916666666666666,0.20833333333333334,3.0
"Alcantara, Sandy",2021,0.0,0.0,0.0,0.0,0.04,0.084,0.047,0.0,17.0,60.2,-49.5,-8.0,68.37683044237907,7.1215685,74.0,201.1290322580645,27.0,0.48148148148148145,0.3698630136986301,0.6301369863013698,4.294117647058823
"Goins, Ryan",2020,0.0,0.0,0.0,0.0,0.0,0.173,0.128,0.0,5.0,87.8,26.2,-2.1,68.37683044237907,7.1215685,74.0,201.1290322580645,27.0,0.14285714285714285,0.5384615384615384,0.46153846153846156,2.6
"Thompson, Bubba",2024,0.0,0.0,0.0,0.0,0.0,0.086,0.094,0.0,5.0,79.0,-38.0,-2.7,52.485224167,5.632259167,74.0,201.1290322580645,27.0,0.5,0.6666666666666666,0.3333333333333333,3.6
"López, Pablo",2021,0.0,0.0,0.0,0.0,0.0,0.009,0.007,0.0,7.0,40.1,-51.3,-4.0,68.37683044237907,7.1215685,74.0,201.1290322580645,25.0,0.75,0.5714285714285714,0.42857142857142855,5.0
"Ríos, Edwin",2023,0.0,0.0,0.0,0.0,0.099,0.129,0.038,0.0,6.0,80.8,-7.5,-2.2,68.37683044237907,7.1215685,74.0,201.1290322580645,29.0,0.4375,0.5161290322580645,0.4838709677419355,5.166666666666667
"Godoy, José",2022,0.0,0.0,0.0,0.0,0.077,0.111,0.042,0.0,8.0,63.1,-12.8,-3.9,68.37683044237907,7.1215685,74.0,201.1290322580645,27.0,0.47368421052631576,0.59375,0.40625,4.0
"Dunn, Blake",2024,0.0,0.0,0.0,0.0,0.115,0.186,0.094,0.0,5.0,75.8,17.7,-1.6,71.492073,6.651479,74.0,201.1290322580645,25.0,0.4,0.4166666666666667,0.5833333333333334,4.8
"Remillard, Zach",2024,0.0,0.0,0.0,0.0,0.0,0.147,0.161,0.0,6.0,100.0,-7.3,-2.6,53.012998,5.470983,74.0,201.1290322580645,30.0,0.18181818181818182,0.4782608695652174,0.5217391304347826,3.8333333333333335
"Owings, Chris",2023,0.0,0.0,0.0,0.0,0.0,0.103,0.111,0.0,7.0,56.8,45.3,-1.9,68.37683044237907,7.1215685,74.0,201.1290322580645,27.0,0.25,0.5161290322580645,0.4838709677419355,4.428571428571429
"Friedl, TJ",2021,0.0,0.0,0.0,0.0,0.173,0.251,0.127,0.0,5.0,82.5,26.5,-2.7,68.37683044237907,7.1215685,74.0,201.1290322580645,25.0,0.08333333333333333,0.375,0.625,6.4
"Wilson, Bryse",2021,0.0,0.0,0.0,0.0,0.0,0.177,0.185,0.0,6.0,57.9,-14.9,-2.9,68.37683044237907,7.1215685,74.0,201.1290322580645,23.0,0.07692307692307693,0.5,0.5,4.333333333333333
"Lopez, Alejo",2021,0.0,0.0,0.0,0.0,0.0,0.222,0.231,0.0,6.0,83.1,13.0,-2.9,68.37683044237907,7.1215685,74.0,201.1290322580645,25.0,0.26666666666666666,0.75,0.25,3.3333333333333335
"Sánchez, Jesús",2020,0.0,0.0,0.0,0.0,0.2,0.221,0.016,0.0,5.0,84.5,55.0,-1.4,68.37683044237907,7.1215685,74.0,201.1290322580645,22.0,0.5333333333333333,0.4838709677419355,0.5161290322580645,6.2
"Moncada, Yoán",2024,0.0,0.0,0.0,0.0,0.0,0.117,0.124,0.0,5.0,98.0,-6.5,-3.0,64.551432857,7.086867143,74.0,201.1290322580645,27.0,0.5555555555555556,0.375,0.625,4.8
"Houser, Adrian",2021,0.0,0.0,0.0,0.0,0.0,0.017,0.018,0.0,11.0,36.9,-12.7,-5.9,68.37683044237907,7.1215685,74.0,201.1290322580645,27.0,0.52,0.4807692307692308,0.5192307692307693,4.7272727272727275
"Ríos, Edwin",2021,0.0,0.0,0.0,0.0,0.194,0.228,0.052,0.0,13.0,86.1,-18.4,-5.2,68.37683044237907,7.1215685,74.0,201.1290322580645,27.0,0.4230769230769231,0.37681159420289856,0.6231884057971014,5.3076923076923075
"Anderson, Chase",2021,0.0,0.0,0.0,0.0,0.0,0.202,0.214,0.0,5.0,53.1,-1.2,-0.9,68.37683044237907,7.1215685,74.0,201.1290322580645,27.0,0.35714285714285715,0.7,0.3,4.0
"Locklear, Tyler",2024,0.0,0.0,0.0,0.0,0.051,0.099,0.055,0.0,13.0,80.3,26.9,-5.1,70.81966,7.397554167,74.0,201.1290322580645,23.0,0.24,0.49019607843137253,0.5098039215686274,3.923076923076923
"Eaton, Nate",2023,0.0,0.0,0.0,0.0,0.041,0.11,0.074,0.0,16.0,76.2,-8.2,-8.0,68.37683044237907,7.1215685,74.0,201.1290322580645,26.0,0.4594594594594595,0.47435897435897434,0.5256410256410257,4.875
"Garneau, Dustin",2020,0.0,0.0,0.0,0.0,0.262,0.291,0.045,0.0,5.0,52.5,0.3,-0.6,68.37683044237907,7.1215685,74.0,201.1290322580645,27.0,0.3333333333333333,0.3,0.7,6.0
"Lagares, Juan",2022,0.0,0.0,0.0,0.0,0.086,0.238,0.152,0.0,14.0,90.4,6.7,-5.4,68.37683044237907,7.1215685,74.0,201.1290322580645,33.0,0.2,0.46153846153846156,0.5384615384615384,4.642857142857143
"Wiemer, Joey",2024,0.0,0.0,0.0,0.0,0.0,0.157,0.092,0.0,13.0,80.3,28.5,-5.1,68.304982,7.437827,74.0,201.1290322580645,25.0,0.38095238095238093,0.38181818181818183,0.6181818181818182,4.230769230769231
"Kessinger, Grae",2024,0.0,0.0,0.0,0.0,0.063,0.159,0.1,0.0,10.0,84.6,0.2,-3.8,66.570305238,7.017949524,74.0,201.1290322580645,26.0,0.4782608695652174,0.5111111111111111,0.4888888888888889,4.5
"Motter, Taylor",2021,0.0,0.0,0.0,0.0,0.0,0.084,0.092,0.0,6.0,80.1,33.5,-3.2,68.37683044237907,7.1215685,74.0,201.1290322580645,27.0,0.25,0.7142857142857143,0.2857142857142857,4.666666666666667
"Trejo, Alan",2021,0.0,0.0,0.0,0.0,0.063,0.104,0.041,0.0,9.0,89.2,27.3,-3.0,68.37683044237907,7.1215685,74.0,201.1290322580645,27.0,0.47619047619047616,0.4666666666666667,0.5333333333333333,5.0
"Crowe, Wil",2021,0.0,0.0,0.0,0.0,0.0,0.085,0.09,0.0,11.0,69.3,-0.2,-4.8,68.37683044237907,7.1215685,74.0,201.1290322580645,27.0,0.21739130434782608,0.6052631578947368,0.39473684210526316,3.4545454545454546
"Stowers, Kyle",2023,0.0,0.0,0.0,0.0,0.0,0.102,0.112,0.0,10.0,85.2,26.6,-4.1,68.37683044237907,7.1215685,74.0,201.1290322580645,25.0,0.3333333333333333,0.6176470588235294,0.38235294117647056,3.4
"Hill, Rich",2021,0.0,0.0,0.0,0.0,0.0,0.021,0.024,0.0,5.0,51.0,-26.8,-2.6,68.37683044237907,7.1215685,77.0,190.0,27.0,0.5294117647058824,0.6538461538461539,0.34615384615384615,5.2
"Musgrove, Joe",2021,0.0,0.0,0.0,0.0,0.0,0.078,0.084,0.0,8.0,77.6,-5.6,-5.4,68.37683044237907,7.1215685,74.0,201.1290322580645,28.0,0.29411764705882354,0.5483870967741935,0.45161290322580644,3.875
"Bemboom, Anthony",2020,0.0,0.0,0.0,0.0,0.175,0.273,0.121,0.0,8.0,69.8,14.5,-2.1,68.37683044237907,7.1215685,74.0,201.1290322580645,30.0,0.22727272727272727,0.3793103448275862,0.6206896551724138,7.25
"Herrera, Iván",2022,0.0,0.0,0.0,0.0,0.0,0.056,0.062,0.0,5.0,76.1,7.5,-2.5,68.37683044237907,7.1215685,74.0,201.1290322580645,22.0,0.14285714285714285,0.5,0.5,5.6
"Dalbec, Bobby",2023,0.0,0.0,0.0,0.0,0.107,0.122,0.017,0.0,11.0,80.7,-11.7,-3.8,68.37683044237907,7.1215685,74.0,201.1290322580645,28.0,0.65,0.43478260869565216,0.5652173913043478,4.181818181818182
"Cueto, Johnny",2021,0.0,0.0,0.0,0.0,0.0,0.097,0.101,0.0,7.0,77.8,-24.2,-2.6,68.37683044237907,7.1215685,74.0,201.1290322580645,27.0,0.1,0.5263157894736842,0.47368421052631576,2.7142857142857144
"Keller, Mitch",2021,0.0,0.0,0.0,0.0,0.0,0.138,0.143,0.0,7.0,70.1,-49.5,-2.8,68.37683044237907,7.1215685,74.0,201.1290322580645,27.0,0.09090909090909091,0.4782608695652174,0.5217391304347826,3.2857142857142856
"Woodford, Jake",2021,0.0,0.0,0.0,0.0,0.0,0.027,0.029,0.0,6.0,77.6,2.0,-3.6,68.37683044237907,7.1215685,74.0,201.1290322580645,24.0,0.6666666666666666,0.5454545454545454,0.45454545454545453,3.6666666666666665
"Amador, Adael",2024,0.0,0.0,0.0,0.0,0.0,0.181,0.196,0.0,6.0,100.1,-4.5,-2.7,62.603944615,6.574307692,74.0,201.1290322580645,21.0,0.26666666666666666,0.6818181818181818,0.3181818181818182,3.6666666666666665
"Wood, Alex",2021,0.0,0.0,0.0,0.0,0.043,0.073,0.034,0.0,15.0,65.8,-44.9,-8.4,68.37683044237907,7.1215685,74.0,201.1290322580645,30.0,0.41379310344827586,0.3670886075949367,0.6329113924050633,5.266666666666667
"Kuhl, Chad",2021,0.0,0.0,0.0,0.0,0.0,0.041,0.044,0.0,8.0,78.8,-28.5,-4.1,68.37683044237907,7.1215685,74.0,201.1290322580645,28.0,0.42857142857142855,0.5,0.5,3.5
"Benintendi, Andrew",2020,0.0,0.0,0.0,0.0,0.28,0.303,0.04,0.0,9.0,68.0,-14.0,-2.3,68.37683044237907,7.1215685,74.0,201.1290322580645,25.0,0.28,0.390625,0.609375,7.111111111111111
"Robinson, Chuckie",2022,0.0,0.0,0.0,0.0,0.0,0.145,0.156,0.0,11.0,73.7,-14.6,-5.0,68.37683044237907,7.1215685,74.0,201.1290322580645,27.0,0.14285714285714285,0.5675675675675675,0.43243243243243246,3.3636363636363638
"Gray, Tristan",2024,0.0,0.0,0.0,0.0,0.086,0.158,0.088,0.0,7.0,102.7,29.0,-2.7,73.620950667,7.609539333,74.0,201.1290322580645,28.0,0.5333333333333333,0.45454545454545453,0.5454545454545454,4.714285714285714
"Camargo, Johan",2021,0.0,0.0,0.0,0.0,0.0,0.169,0.147,0.0,5.0,91.2,-0.2,-2.5,68.37683044237907,7.1215685,74.0,201.1290322580645,27.0,0.125,0.42105263157894735,0.5789473684210527,3.8
"Mayo, Coby",2024,0.0,0.0,0.0,0.0,0.0,0.114,0.119,0.0,10.0,85.0,2.0,-4.8,75.011978182,6.733227273,74.0,201.1290322580645,27.0,0.4782608695652174,0.5476190476190477,0.4523809523809524,4.2
"Sánchez, Ali",2020,0.0,0.0,0.0,0.0,0.116,0.142,0.024,0.0,5.0,88.2,15.8,-3.1,68.37683044237907,7.1215685,74.0,201.1290322580645,27.0,0.4117647058823529,0.5862068965517241,0.41379310344827586,5.8
"Castro, Jason",2022,0.0,0.0,0.0,0.0,0.063,0.127,0.077,0.0,19.0,71.7,-0.1,-8.8,68.37683044237907,7.1215685,74.0,201.1290322580645,35.0,0.40476190476190477,0.4666666666666667,0.5333333333333333,4.7368421052631575
"Smith, Kevin",2021,0.0,0.0,0.0,0.0,0.069,0.131,0.044,0.0,9.0,86.5,56.6,-4.3,68.37683044237907,7.1215685,74.0,201.1290322580645,24.0,0.4375,0.5333333333333333,0.4666666666666667,3.3333333333333335
"Jankowski, Travis",2022,0.0,0.0,0.0,0.0,0.233,0.345,0.182,0.0,6.0,88.8,-3.0,-1.6,68.37683044237907,7.1215685,74.0,201.1290322580645,31.0,0.14285714285714285,0.21875,0.78125,5.333333333333333
"Johnson, Bryce",2023,0.0,0.0,0.0,0.0,0.054,0.144,0.101,0.0,11.0,83.6,18.0,-4.6,68.37683044237907,7.1215685,74.0,201.1290322580645,27.0,0.4782608695652174,0.5,0.5,4.181818181818182
"Senzatela, Antonio",2021,0.0,0.0,0.0,0.0,0.0,0.123,0.117,0.0,10.0,49.8,-6.0,-5.9,68.37683044237907,7.1215685,74.0,201.1290322580645,26.0,0.23076923076923078,0.6666666666666666,0.3333333333333333,3.9
"Bemboom, Anthony",2022,0.0,0.0,0.0,0.0,0.138,0.395,0.27,0.0,8.0,74.2,-4.0,-1.9,68.37683044237907,7.1215685,74.0,201.1290322580645,27.0,0.23076923076923078,0.3333333333333333,0.6666666666666666,4.875
"Schebler, Scott",2021,0.0,0.0,0.0,0.0,0.0,0.054,0.06,0.0,5.0,65.2,14.0,-2.3,68.37683044237907,7.1215685,74.0,201.1290322580645,27.0,0.5,0.5217391304347826,0.4782608695652174,4.6
"Young, Andrew",2020,0.0,0.0,0.0,0.0,0.104,0.155,0.058,0.0,6.0,67.7,-19.3,-2.8,68.37683044237907,7.1215685,74.0,201.1290322580645,27.0,0.46153846153846156,0.40625,0.59375,5.333333333333333
"Williams, Mason",2020,0.0,0.0,0.0,0.0,0.0,0.159,0.171,0.0,5.0,85.5,-23.3,-3.2,68.37683044237907,7.1215685,74.0,201.1290322580645,28.0,0.3,0.5882352941176471,0.4117647058823529,3.4
