Name,Team,PA,IP,Bat WAR,Pit WAR,Total WAR,PlayerId
"Aaron Judge","NYY",704,,11.329109191894531,,11.329109191894531,15640
"Bobby Witt Jr.","KCR",709,,10.479079246520996,,10.479079246520996,25764
"Shohei Ohtani","LAD",731,,8.952518463134766,,8.952518463134766,19755
"Juan Soto","NYY",713,,8.28502082824707,,8.28502082824707,20123
"Gunnar Henderson","BAL",719,,7.940532207489014,,7.940532207489014,26289
"Francisco Lindor","NYM",689,,7.7211503982543945,,7.7211503982543945,12916
"Jarren Duran","BOS",735,,6.837731838226318,,6.837731838226318,24617
"Elly De La Cruz","CIN",696,,6.536375045776367,,6.536375045776367,26668
"José Ramírez","CLE",682,,6.4516377449035645,,6.4516377449035645,13510
"Chris Sale","ATL",,177.6666,0,6.4162445068359375,6.4162445068359375,10603
"Ketel Marte","ARI",583,,6.306755542755127,,6.306755542755127,13613
"Tarik Skubal","DET",,192,0,5.9462504386901855,5.9462504386901855,22267
"William Contreras","MIL",679,,5.485439300537109,,5.485439300537109,20503
"Matt Chapman","SFG",647,,5.4499030113220215,,5.4499030113220215,16505
"Cal Raleigh","SEA",628,,5.410284042358398,,5.410284042358398,21534
"Zack Wheeler","PHI",,200,0,5.39801025390625,5.39801025390625,10310
"Jackson Merrill","SDP",593,,5.3464741706848145,,5.3464741706848145,29490
"Vladimir Guerrero Jr.","TOR",697,,5.31416654586792,,5.31416654586792,19611
"Yordan Alvarez","HOU",635,,5.209086894989014,,5.209086894989014,19556
"Brent Rooker","OAK",614,,5.110919952392578,,5.110919952392578,19627
"Bryce Harper","PHI",631,,5.0753655433654785,,5.0753655433654785,11579
"Cole Ragans","KCR",,186.3333,0,4.852488040924072,4.852488040924072,21846
"Willy Adames","MIL",688,,4.833972454071045,,4.833972454071045,15986
"Dylan Cease","SDP",,189.3333,0,4.740838527679443,4.740838527679443,18525
"Marcell Ozuna","ATL",688,,4.708987712860107,,4.708987712860107,10324
"Seth Lugo","KCR",,206.6666,0,4.673687934875488,4.673687934875488,12447
"Cristopher Sánchez","PHI",,181.6666,0,4.658987045288086,4.658987045288086,20778
"Garrett Crochet","CHW",,146,0,4.632190227508545,4.632190227508545,27463
"Corey Seager","TEX",533,,4.628148555755615,,4.628148555755615,13624
"Logan Webb","SFG",,204.6666,0,4.431629657745361,4.431629657745361,17995
"Jurickson Profar","SDP",668,,4.340822696685791,,4.340822696685791,10815
"Corbin Carroll","ARI",684,,4.331597328186035,,4.331597328186035,25878
"Patrick Bailey","SFG",448,,4.325701713562012,,4.325701713562012,27478
"Mookie Betts","LAD",516,,4.298859596252441,,4.298859596252441,13611
"Marcus Semien","TEX",718,,4.267914772033691,,4.267914772033691,12533
"Paul Skenes","PIT",,133,0,4.262990951538086,4.262990951538086,33677
"Rafael Devers","BOS",601,,4.230942726135254,,4.230942726135254,17350
"Carlos Correa","MIN",367,,4.22816801071167,,4.22816801071167,14162
"Dansby Swanson","CHC",593,,4.2205705642700195,,4.2205705642700195,18314
"Kyle Tucker","HOU",339,,4.210905075073242,,4.210905075073242,18345
"Steven Kwan","CLE",540,,4.187155246734619,,4.187155246734619,24610
"Alex Bregman","HOU",634,,4.1553850173950195,,4.1553850173950195,17678
"George Kirby","SEA",,191,0,4.15343713760376,4.15343713760376,25436
"Logan Gilbert","SEA",,208.6666,0,4.020153045654297,4.020153045654297,22250
"Jazz Chisholm Jr.","- - -",621,,3.9963836669921875,,3.9963836669921875,20454
"Freddie Freeman","LAD",638,,3.9533941745758057,,3.9533941745758057,5361
"Riley Greene","DET",584,,3.949645519256592,,3.949645519256592,25976
"Julio Rodríguez","SEA",613,,3.9488508701324463,,3.9488508701324463,23697
"Jackson Chourio","MIL",573,,3.92471981048584,,3.92471981048584,28806
"Michael King","SDP",,173.6666,0,3.896942138671875,3.896942138671875,19853
"Nico Hoerner","CHC",641,,3.896395683288574,,3.896395683288574,21479
"Tanner Houck","BOS",,178.6666,0,3.8942861557006836,3.8942861557006836,19879
"Tyler Glasnow","LAD",,134,0,3.890658378601074,3.890658378601074,14374
"Jose Altuve","HOU",682,,3.8611814975738525,,3.8611814975738525,5417
"Corbin Burnes","BAL",,194.3333,0,3.850552558898926,3.850552558898926,19361
"Colton Cowser","BAL",561,,3.839794397354126,,3.839794397354126,29591
"Trea Turner","PHI",539,,3.837374210357666,,3.837374210357666,16252
"Eugenio Suárez","ARI",640,,3.829530954360962,,3.829530954360962,12552
"Sonny Gray","STL",,166.3333,0,3.8100342750549316,3.8100342750549316,12768
"Byron Buxton","MIN",388,,3.7010796070098877,,3.7010796070098877,14161
"Hunter Greene","CIN",,150.3333,0,3.697216510772705,3.697216510772705,22182
"Ezequiel Tovar","COL",695,,3.6566171646118164,,3.6566171646118164,24064
"Framber Valdez","HOU",,176.3333,0,3.654385805130005,3.654385805130005,17295
"Yusei Kikuchi","- - -",,175.66660000000002,0,3.6452101469039917,3.6452101469039917,20633
"Oneil Cruz","PIT",599,,3.601846218109131,,3.601846218109131,21711
"Masyn Winn","STL",637,,3.5952959060668945,,3.5952959060668945,27479
"Brenton Doyle","COL",603,,3.5672523975372314,,3.5672523975372314,25479
"Ian Happ","CHC",657,,3.564976692199707,,3.564976692199707,17919
"Zach Neto","LAA",602,,3.534926652908325,,3.534926652908325,31347
"Manny Machado","SDP",643,,3.5302014350891113,,3.5302014350891113,11493
"Reynaldo López","ATL",,135.6666,0,3.525441884994507,3.525441884994507,16400
"Anthony Volpe","NYY",689,,3.4805870056152344,,3.4805870056152344,27647
"Austin Wells","NYY",414,,3.471250295639038,,3.471250295639038,27562
"Seiya Suzuki","CHC",585,,3.460672616958618,,3.460672616958618,30116
"Ranger Suárez","PHI",,150.6666,0,3.4403798580169678,3.4403798580169678,17277
"Teoscar Hernández","LAD",652,,3.419100284576416,,3.419100284576416,13066
"Alec Bohm","PHI",606,,3.413435220718384,,3.413435220718384,21618
"Erick Fedde","- - -",,177.3332,0,3.4131476879119873,3.4131476879119873,17425
"Nick Martinez","CIN",,142.3333,0,3.4027700424194336,3.4027700424194336,12730
"Isaac Paredes","- - -",641,,3.363269031047821,,3.363269031047821,20036
"Max Fried","ATL",,174.3333,0,3.359398365020752,3.359398365020752,13743
"Michael Wacha","KCR",,166.6666,0,3.3173112869262695,3.3173112869262695,14078
"Kyle Schwarber","PHI",692,,3.3157832622528076,,3.3157832622528076,16478
"Jack Flaherty","- - -",,161.9999,0,3.3082876801490784,3.3082876801490784,17479
"Tanner Bibee","CLE",,173.6666,0,3.3056142330169678,3.3056142330169678,30134
"Salvador Perez","KCR",652,,3.277982234954834,,3.277982234954834,7304
"Fernando Tatis Jr.","SDP",438,,3.266908645629883,,3.266908645629883,19709
"MacKenzie Gore","WSN",,166.3333,0,3.229234457015991,3.229234457015991,22201
"Anthony Santander","BAL",665,,3.216750383377075,,3.216750383377075,14551
"Pablo López","MIN",,185.3333,0,3.2060768604278564,3.2060768604278564,17085
"JJ Bleday","OAK",642,,3.203277826309204,,3.203277826309204,26368
"Joey Ortiz","MIL",511,,3.183652400970459,,3.183652400970459,25493
"Nolan Arenado","STL",635,,3.1729648113250732,,3.1729648113250732,9777
"Hunter Brown","HOU",,170,0,3.1721506118774414,3.1721506118774414,25880
"Brendan Donovan","STL",652,,3.165168523788452,,3.165168523788452,24679
"Daulton Varsho","TOR",513,,3.1423239707946777,,3.1423239707946777,19918
"Lawrence Butler","OAK",451,,3.1319074630737305,,3.1319074630737305,22542
"Victor Robles","- - -",295,,3.1313595175743103,,3.1313595175743103,18363
"Joe Ryan","MIN",,135,0,3.1254658699035645,3.1254658699035645,21390
"Aaron Nola","PHI",,199.3333,0,3.1247847080230713,3.1247847080230713,16149
"Brandon Pfaadt","ARI",,181.6666,0,3.1247141361236572,3.1247141361236572,27782
"Shota Imanaga","CHC",,173.3333,0,3.087789297103882,3.087789297103882,33829
"Blake Snell","SFG",,104,0,3.0711073875427246,3.0711073875427246,13543
"Wilyer Abreu","BOS",447,,3.067528009414673,,3.067528009414673,23772
"Nestor Cortes","NYY",,174.3333,0,3.066434621810913,3.066434621810913,17874
"Wyatt Langford","TEX",557,,3.060229778289795,,3.060229778289795,33333
"Tyler Stephenson","CIN",515,,3.048964738845825,,3.048964738845825,17988
"Christian Walker","ARI",552,,3.0422260761260986,,3.0422260761260986,13419
"Luis García Jr.","WSN",528,,3.02232027053833,,3.02232027053833,20391
"Christian Yelich","MIL",315,,3.0172839164733887,,3.0172839164733887,11477
"Tyler Fitzgerald","SFG",341,3,2.9905223846435547,0.014117135666310787,3.0046395203098655,26208
"Kevin Gausman","TOR",,181,0,2.9998276233673096,2.9998276233673096,14107
"Justin Steele","CHC",,134.6666,0,2.993988513946533,2.993988513946533,17312
"Joc Pederson","ARI",449,,2.9806137084960938,,2.9806137084960938,11899
"Jake McCarthy","ARI",495,,2.971147298812866,,2.971147298812866,21622
"Yainer Diaz","HOU",619,,2.960423231124878,,2.960423231124878,23003
"Willi Castro","MIN",635,1.3333,2.9424781799316406,0.007362088654190302,2.949840268585831,17338
"Carlos Santana","MIN",594,,2.9449119567871094,,2.9449119567871094,2396
"Bailey Ober","MIN",,178.6666,0,2.9393527507781982,2.9393527507781982,21224
"Nathaniel Lowe","TEX",565,,2.911292791366577,,2.911292791366577,19566
"Jonathan India","CIN",637,,2.902724504470825,,2.902724504470825,21523
"Josh Smith","TEX",592,,2.8982415199279785,,2.8982415199279785,26396
"Mark Vientos","NYM",454,,2.8743467330932617,,2.8743467330932617,22184
"Yoshinobu Yamamoto","LAD",,90,0,2.869719982147217,2.869719982147217,33825
"Zac Gallen","ARI",,148,0,2.8321897983551025,2.8321897983551025,19291
"Taylor Ward","LAA",663,,2.825892686843872,,2.825892686843872,17548
"Zach Eflin","- - -",,165.3333,0,2.8113566637039185,2.8113566637039185,13774
"Sean Manaea","NYM",,181.6666,0,2.783332586288452,2.783332586288452,15873
"Miguel Rojas","LAD",337,1,2.7697505950927734,0.00615799380466342,2.775908588897437,7802
"Brandon Nimmo","NYM",663,,2.766075611114502,,2.766075611114502,12927
"Andrés Giménez","CLE",633,,2.760812997817993,,2.760812997817993,19950
"Bryce Miller","SEA",,180.3333,0,2.7549068927764893,2.7549068927764893,29837
"Alejandro Kirk","TOR",386,,2.7489700317382812,,2.7489700317382812,22581
"Jeremy Peña","HOU",650,,2.7347023487091064,,2.7347023487091064,21636
"Adley Rutschman","BAL",638,,2.725116491317749,,2.725116491317749,26288
"Jordan Westburg","BAL",447,,2.7086172103881836,,2.7086172103881836,27815
"Cade Smith","CLE",,75.3333,0,2.6945912837982178,2.6945912837982178,27867
"Jacob Young","WSN",521,,2.6711628437042236,,2.6711628437042236,29931
"Willson Contreras","STL",358,,2.6550633907318115,,2.6550633907318115,11609
"Spencer Schwellenbach","ATL",,123.6666,0,2.647078275680542,2.647078275680542,31846
"Nathan Eovaldi","TEX",,170.6666,0,2.6322176456451416,2.6322176456451416,9132
"Ha-Seong Kim","SDP",470,,2.626507520675659,,2.626507520675659,27506
"Pete Crow-Armstrong","CHC",410,,2.6181845664978027,,2.6181845664978027,27769
"Will Smith","LAD",544,,2.6125540733337402,,2.6125540733337402,19197
"Matt Olson","ATL",685,,2.5954649448394775,,2.5954649448394775,14344
"Griffin Jax","MIN",,71,0,2.594322919845581,2.594322919845581,20253
"Brice Turang","MIL",619,,2.5499298572540283,,2.5499298572540283,22186
"Tyler O'Neill","BOS",473,,2.549072504043579,,2.549072504043579,15711
"Jose Iglesias","NYM",291,,2.5337588787078857,,2.5337588787078857,10231
"Gabriel Moreno","ARI",351,,2.5240654945373535,,2.5240654945373535,22664
"Otto Lopez","MIA",434,,2.487579584121704,,2.487579584121704,19608
"Reese Olson","DET",,112.3333,0,2.481337308883667,2.481337308883667,24968
"Ryan Feltner","COL",,162.3333,0,2.465531587600708,2.465531587600708,21446
"Brady Singer","KCR",,179.6666,0,2.449761152267456,2.449761152267456,25377
"Mitchell Parker","WSN",,151,0,2.4365954399108887,2.4365954399108887,27636
"Dylan Moore","SEA",441,,2.4043407440185547,,2.4043407440185547,18042
"Kerry Carpenter","DET",296,,2.390350818634033,,2.390350818634033,25961
"Austin Riley","ATL",469,,2.3897979259490967,,2.3897979259490967,18360
"Matt Vierling","DET",567,,2.3528568744659424,,2.3528568744659424,21558
"Jameson Taillon","CHC",,165.3333,0,2.3392889499664307,2.3392889499664307,11674
"Mason Miller","OAK",,65,0,2.3365585803985596,2.3365585803985596,31757
"Chris Bassitt","TOR",,171,0,2.323552370071411,2.323552370071411,12304
"Heliot Ramos","SFG",518,,2.3151416778564453,,2.3151416778564453,22515
"Max Muncy","LAD",293,,2.302271842956543,,2.302271842956543,13301
"Luis Castillo","SEA",1,175.3333,0.0013431254774332047,2.2912845611572266,2.2926276866346598,15689
"Brandon Marsh","PHI",476,,2.2813684940338135,,2.2813684940338135,20202
"Freddy Peralta","MIL",,173.6666,0,2.2735259532928467,2.2735259532928467,18679
"Zack Littell","TBR",,156.3333,0,2.2677218914031982,2.2677218914031982,15823
"Luke Raley","SEA",455,,2.266601800918579,,2.266601800918579,19354
"Josh Naylor","CLE",633,,2.265638828277588,,2.265638828277588,18839
"Ryan Helsley","STL",,66.3333,0,2.2532999515533447,2.2532999515533447,18138
"Emmanuel Clase","CLE",,74.3333,0,2.246030330657959,2.246030330657959,21032
"Brandon Lowe","TBR",425,,2.241490364074707,,2.241490364074707,18882
"Bryan Woo","SEA",,121.3333,0,2.238584518432617,2.238584518432617,30279
"Xavier Edwards","MIA",303,,2.2207162380218506,,2.2207162380218506,22266
"Michael Busch","CHC",567,,2.2039759159088135,,2.2039759159088135,26319
"Ronel Blanco","HOU",,167.3333,0,2.191744089126587,2.191744089126587,19407
"Bryan Reynolds","PIT",692,,2.178309440612793,,2.178309440612793,19326
"Andrew Heaney","TEX",,160,0,2.1777703762054443,2.1777703762054443,15423
"Parker Meadows","DET",298,,2.166205644607544,,2.166205644607544,23800
"Ryne Nelson","ARI",,150.6666,0,2.159919500350952,2.159919500350952,26253
"Jake Rogers","DET",337,,2.1596202850341797,,2.1596202850341797,19452
"Mitch Keller","PIT",,178,0,2.151656150817871,2.151656150817871,17594
"Logan O'Hoppe","LAA",522,,2.141996383666992,,2.141996383666992,24729
"Gavin Stone","LAD",,140.3333,0,2.1389217376708984,2.1389217376708984,27792
"Tobias Myers","MIL",,138,0,2.13615345954895,2.13615345954895,22191
"Cedric Mullins","BAL",499,,2.1326005458831787,,2.1326005458831787,17929
"Ernie Clement","TOR",452,1,2.12393856048584,0.006418394856154919,2.1303569553419948,20352
"Iván Herrera","STL",259,,2.120122194290161,,2.120122194290161,20599
"Lourdes Gurriel Jr.","ARI",553,,2.1192281246185303,,2.1192281246185303,19238
"Luis Severino","NYM",,182,0,2.108961820602417,2.108961820602417,15890
"Luis Gil","NYY",,151.6666,0,2.0926601886749268,2.0926601886749268,21052
"Cody Bellinger","CHC",569,,2.0880374908447266,,2.0880374908447266,15998
"Matt Wallner","MIN",261,1.3333,2.058741331100464,0.007382728159427643,2.0661240592598915,26466
"Jake Cronenworth","SDP",656,,2.063434600830078,,2.063434600830078,18036
"Matt Strahm","PHI",,62.6666,0,2.054978847503662,2.054978847503662,13799
"Pete Alonso","NYM",695,,2.0497705936431885,,2.0497705936431885,19251
"Jeff Hoffman","PHI",,66.3333,0,2.0328688621520996,2.0328688621520996,17432
"Isiah Kiner-Falefa","- - -",496,2,2.051755964756012,-0.02220182865858078,2.029554136097431,16512
"Grayson Rodriguez","BAL",,116.6666,0,2.0281779766082764,2.0281779766082764,24492
"Nick Pivetta","BOS",,145.6666,0,2.019563674926758,2.019563674926758,15454
"Xander Bogaerts","SDP",463,,2.0172312259674072,,2.0172312259674072,12161
"Geraldo Perdomo","ARI",388,,2.0150063037872314,,2.0150063037872314,22799
"Nick Lodolo","CIN",,115.3333,0,2.0115809440612793,2.0115809440612793,26378
"Brayan Bello","BOS",,162.3333,0,1.991753101348877,1.991753101348877,23920
"Michael Harris II","ATL",470,,1.9867593050003052,,1.9867593050003052,25931
"Yasmani Grandal","PIT",243,,1.980359673500061,,1.980359673500061,11368
"Randy Arozarena","- - -",648,,1.9798789620399475,,1.9798789620399475,19290
"Trevor Williams","WSN",,66.6666,0,1.978381872177124,1.978381872177124,16977
"Shea Langeliers","OAK",534,,1.9569919109344482,,1.9569919109344482,25816
"Jake Meyers","HOU",513,,1.949326515197754,,1.949326515197754,20308
"J.T. Realmuto","PHI",413,,1.9459978342056274,,1.9459978342056274,11739
"Miles Mikolas","STL",,171.6666,0,1.937782645225525,1.937782645225525,9803
"Freddy Fermin","KCR",368,,1.9297102689743042,,1.9297102689743042,21840
"Yandy Díaz","TBR",621,,1.923631191253662,,1.923631191253662,16578
"José Caballero","TBR",483,,1.9150116443634033,,1.9150116443634033,23401
"Ryan McMahon","COL",645,,1.906158208847046,,1.906158208847046,15112
"Kirby Yates","TEX",,61.6666,0,1.896966576576233,1.896966576576233,9073
"Ryan Pepiot","TBR",,130,0,1.8914369344711304,1.8914369344711304,26221
"Victor Caratini","HOU",274,,1.8894126415252686,,1.8894126415252686,14968
"David Peterson","NYM",,121,0,1.8791999816894531,1.8791999816894531,20302
"Francisco Alvarez","NYM",342,,1.8738559484481812,,1.8738559484481812,26121
"Garrett Mitchell","MIL",224,,1.8631823062896729,,1.8631823062896729,27555
"CJ Abrams","WSN",602,,1.8628027439117432,,1.8628027439117432,25768
"Edmundo Sosa","PHI",274,,1.8586219549179077,,1.8586219549179077,17022
"Spencer Horwitz","TOR",381,,1.8537155389785767,,1.8537155389785767,26477
"Kutter Crawford","BOS",,183.6666,0,1.8487969636917114,1.8487969636917114,20531
"David Robertson","TEX",,72,0,1.8471709489822388,1.8471709489822388,8241
"Travis d'Arnaud","ATL",341,,1.8421076536178589,,1.8421076536178589,7739
"Simeon Woods Richardson","MIN",,133.6666,0,1.8277207612991333,1.8277207612991333,24494
"Jose Siri","TBR",448,,1.826134443283081,,1.826134443283081,17452
"Joe Jiménez","ATL",,68.6666,0,1.8208379745483398,1.8208379745483398,15761
"Jake Irvin","WSN",,187.6666,0,1.8186147212982178,1.8186147212982178,21504
"Gleyber Torres","NYY",665,,1.814910888671875,,1.814910888671875,16997
"Jon Gray","TEX",,102.6666,0,1.8035790920257568,1.8035790920257568,14916
"Josh Rojas","SEA",476,2,1.8898497819900513,-0.08654480427503586,1.8033049777150154,19734
"Andre Pallante","STL",,121.3333,0,1.7806262969970703,1.7806262969970703,26108
"Gerrit Cole","NYY",,95,0,1.7743898630142212,1.7743898630142212,13125
"Carson Kelly","- - -",313,,1.7694351077079773,,1.7694351077079773,13620
"Paul DeJong","- - -",482,,1.7674654722213745,,1.7674654722213745,18015
"Matt Waldron","SDP",,146.6666,0,1.7629011869430542,1.7629011869430542,25550
"Bryson Stott","PHI",571,,1.757611632347107,,1.757611632347107,26294
"Jared Jones","PIT",,121.6666,0,1.7548658847808838,1.7548658847808838,27863
"Patrick Corbin","WSN",,174.6666,0,1.7427030801773071,1.7427030801773071,9323
"Colt Keith","DET",556,,1.7354211807250977,,1.7354211807250977,27899
"David Fry","CLE",392,,1.7322349548339844,,1.7322349548339844,24934
"Lars Nootbaar","STL",405,,1.7082258462905884,,1.7082258462905884,21454
"A.J. Puk","- - -",,71.33330000000001,0,1.7067736387252808,1.7067736387252808,19343
"David Hamilton","BOS",317,,1.699691653251648,,1.699691653251648,27531
"Ryan Walker","SFG",,80,0,1.6989182233810425,1.6989182233810425,20423
"Lucas Erceg","- - -",,61.6666,0,1.6741215586662292,1.6741215586662292,19360
"José Soriano","LAA",,113,0,1.6695536375045776,1.6695536375045776,22100
"Clarke Schmidt","NYY",,85.3333,0,1.6693155765533447,1.6693155765533447,19899
"Bailey Falter","PIT",,142.3333,0,1.6654523611068726,1.6654523611068726,20070
"Mike Yastrzemski","SFG",474,1,1.7098029851913452,-0.04540647938847542,1.6643965058028698,14854
"Spencer Arrighetti","HOU",,145,0,1.663246750831604,1.663246750831604,29921
"DJ Herz","WSN",,88.6666,0,1.6576653718948364,1.6576653718948364,26389
"Edwin Uceta","TBR",,41.6666,0,1.6568962335586548,1.6568962335586548,20539
"Jose Trevino","NYY",234,2,1.66334867477417,-0.022446168586611748,1.6409025061875582,16725
"Tanner Scott","- - -",,71.9999,0,1.640446662902832,1.640446662902832,17586
"Hunter Gaddis","CLE",,74.6666,0,1.630346417427063,1.630346417427063,25636
"Jeremiah Estrada","SDP",,61,0,1.6293543577194214,1.6293543577194214,22210
"J.P. Crawford","SEA",451,,1.629101276397705,,1.629101276397705,15491
"Carlos Rodón","NYY",,175,0,1.6137970685958862,1.6137970685958862,16137
"Jesús Sánchez","MIA",537,,1.5959818363189697,,1.5959818363189697,19913
"Bo Naylor","CLE",389,,1.5929232835769653,,1.5929232835769653,21865
"Randal Grichuk","ARI",279,,1.5899440050125122,,1.5899440050125122,10243
"Ryan Jeffers","MIN",465,,1.5771193504333496,,1.5771193504333496,24618
"Ryan O'Hearn","BAL",494,,1.5762985944747925,,1.5762985944747925,16442
"Raisel Iglesias","ATL",,69.3333,0,1.5730490684509277,1.5730490684509277,17130
"Blake Perkins","MIL",434,,1.5621284246444702,,1.5621284246444702,19921
"Kyle Higashioka","SDP",263,,1.5617210865020752,,1.5617210865020752,5517
"Michael Massey","KCR",356,,1.545475959777832,,1.545475959777832,27684
"Spencer Steer","CIN",656,,1.5394004583358765,,1.5394004583358765,26323
"Cody Bradford","TEX",,76.3333,0,1.5336997509002686,1.5336997509002686,27597
"Robert Garcia","WSN",,59.6666,0,1.5284550189971924,1.5284550189971924,23363
"Sal Frelick","MIL",524,,1.5192803144454956,,1.5192803144454956,29622
"Taj Bradley","TBR",,138,0,1.5180803537368774,1.5180803537368774,22543
"Tyler Anderson","LAA",,179.3333,0,1.515467643737793,1.515467643737793,12880
"Cole Sands","MIN",,71.3333,0,1.5135782957077026,1.5135782957077026,21461
"Vinnie Pasquantino","KCR",554,,1.5048954486846924,,1.5048954486846924,27676
"Albert Suárez","BAL",,133.6666,0,1.5042177438735962,1.5042177438735962,6175
"Kyle Isbel","KCR",426,,1.4962166547775269,,1.4962166547775269,21614
"Luis Rengifo","LAA",304,,1.485032558441162,,1.485032558441162,19858
"Tyler Holton","DET",,94.3333,0,1.481996774673462,1.481996774673462,26231
"Orion Kerkering","PHI",,63,0,1.4725264310836792,1.4725264310836792,31776
"Justin Slaten","BOS",,55.3333,0,1.4699641466140747,1.4699641466140747,25648
"Trevor Larnach","MIN",400,,1.464188814163208,,1.464188814163208,21501
"Dean Kremer","BAL",,129.6666,0,1.4466835260391235,1.4466835260391235,19350
"Gavin Lux","LAD",487,,1.4424631595611572,,1.4424631595611572,19955
"Keegan Akin","BAL",,78.6666,0,1.4401401281356812,1.4401401281356812,19362
"Ryan Mountcastle","BAL",507,,1.4342739582061768,,1.4342739582061768,18373
"Kyle Gibson","STL",,169.6666,0,1.426469087600708,1.426469087600708,10123
"Jake Burger","MIA",579,,1.4244463443756104,,1.4244463443756104,22275
"Kevin Newman","ARI",311,,1.4236472845077515,,1.4236472845077515,17696
"Zack Gelof","OAK",547,,1.4204500913619995,,1.4204500913619995,29766
"Kenley Jansen","BOS",,54.6666,0,1.4179197549819946,1.4179197549819946,3096
"Tylor Megill","NYM",,78,0,1.3983008861541748,1.3983008861541748,21318
"Justin Martinez","ARI",,72.6666,0,1.391637921333313,1.391637921333313,24453
"Jesse Winker","- - -",508,,1.3849383257329464,,1.3849383257329464,13590
"Lane Thomas","- - -",528,,1.378747671842575,,1.378747671842575,16939
"Kyle Bradish","BAL",,39.3333,0,1.377531886100769,1.377531886100769,24586
"Joe Musgrove","SDP",,99.6666,0,1.3749326467514038,1.3749326467514038,12970
"Alec Marsh","KCR",,129,0,1.3635104894638062,1.3635104894638062,27451
"Osvaldo Bido","OAK",,63.3333,0,1.359187364578247,1.359187364578247,23150
"Rob Refsnyder","BOS",307,,1.350568413734436,,1.350568413734436,13770
"Calvin Faucher","MIA",,53.6666,0,1.3381781578063965,1.3381781578063965,20116
"Nick Gonzales","PIT",387,,1.3379801511764526,,1.3379801511764526,27490
"Casey Mize","DET",,102.3333,0,1.335917592048645,1.335917592048645,20492
"Max Schuemann","OAK",459,,1.333268404006958,,1.333268404006958,24488
"Joey Bart","PIT",282,,1.3306667804718018,,1.3306667804718018,21524
"LaMonte Wade Jr.","SFG",401,,1.3262608051300049,,1.3262608051300049,18126
"Declan Cronin","MIA",,70.3333,0,1.3162108659744263,1.3162108659744263,25645
"Chris Flexen","CHW",,160,0,1.3140497207641602,1.3140497207641602,13896
"Michael Conforto","SFG",488,,1.3129557371139526,,1.3129557371139526,16376
"James Wood","WSN",336,,1.3118789196014404,,1.3118789196014404,29518
"Lance Lynn","STL",,117.3333,0,1.3093091249465942,1.3093091249465942,2520
"Ozzie Albies","ATL",435,,1.3029906749725342,,1.3029906749725342,16556
"Richie Palacios","TBR",316,,1.3023223876953125,,1.3023223876953125,24589
"Jason Adam","- - -",,73.6666,0,1.2953466773033142,1.2953466773033142,11861
"Frankie Montas","- - -",,150.6666,0,1.2937644124031067,1.2937644124031067,14309
"Ben Brown","CHC",,55.3333,0,1.2903964519500732,1.2903964519500732,23590
"Ben Rortvedt","TBR",328,2,1.3641053438186646,-0.07853065431118011,1.2855746895074844,20287
"Austin Gomber","COL",,165,0,1.2714475393295288,1.2714475393295288,16561
"Andy Pages","LAD",443,,1.261991262435913,,1.261991262435913,24816
"Gavin Williams","CLE",,76,0,1.2615193128585815,1.2615193128585815,30122
"Kevin Ginkel","ARI",,70,0,1.2594796419143677,1.2594796419143677,19876
"Mitch Spence","OAK",,151.3333,0,1.2522152662277222,1.2522152662277222,27707
"Jeff McNeil","NYM",472,,1.2498785257339478,,1.2498785257339478,15362
"Maikel Garcia","KCR",626,,1.2387962341308594,,1.2387962341308594,22715
"Harrison Bader","NYM",437,,1.2297618389129639,,1.2297618389129639,18030
"Patrick Sandoval","LAA",,79.6666,0,1.199706792831421,1.199706792831421,19447
"Joe Mantiply","ARI",,59.6666,0,1.1933094263076782,1.1933094263076782,14857
"Fernando Cruz","CIN",,66.6666,0,1.1892131567001343,1.1892131567001343,7048
"Jhoan Duran","MIN",,54.3333,0,1.186824917793274,1.186824917793274,21029
"Leody Taveras","TEX",529,,1.182140588760376,,1.182140588760376,18900
"JP Sears","OAK",,180.6666,0,1.180923342704773,1.180923342704773,23429
"Grant Holmes","ATL",,68.3333,0,1.1780204772949219,1.1780204772949219,16944
"Alex Call","WSN",113,,1.1697365045547485,,1.1697365045547485,19296
"Clay Holmes","NYY",,63,0,1.1588994264602661,1.1588994264602661,13649
"Justin Turner","- - -",539,,1.151314526796341,,1.151314526796341,5235
"Dennis Santana","- - -",,71.6666,0,1.1503675505518913,1.1503675505518913,17878
"Will Vest","DET",,70.3333,0,1.1479240655899048,1.1479240655899048,19769
"Royce Lewis","MIN",325,,1.1453255414962769,,1.1453255414962769,20437
"Paul Goldschmidt","STL",654,,1.1446641683578491,,1.1446641683578491,9218
"José Berríos","TOR",,192.3333,0,1.1350769996643066,1.1350769996643066,14168
"Carlos Estévez","- - -",,55,0,1.132059469819069,1.132059469819069,14542
"Mark Leiter Jr.","- - -",,57.9999,0,1.1307262629270554,1.1307262629270554,15551
"Connor Wong","BOS",487,,1.1264703273773193,,1.1264703273773193,19896
"Tanner Banks","- - -",,72.33330000000001,0,1.1242415308952332,1.1242415308952332,16990
"Derek Law","WSN",,90,0,1.1225111484527588,1.1225111484527588,13133
"Adrian Morejon","SDP",,63.6666,0,1.1176587343215942,1.1176587343215942,20039
"Cooper Criswell","BOS",,99.3333,0,1.1155048608779907,1.1155048608779907,24975
"Alex Vesia","LAD",,66.3333,0,1.1140047311782837,1.1140047311782837,25007
"Luis Arraez","- - -",672,,1.1129354387521744,,1.1129354387521744,18568
"Mauricio Dubón","HOU",428,,1.1100529432296753,,1.1100529432296753,16530
"Charlie Morton","ATL",,165.3333,0,1.108304500579834,1.108304500579834,4676
"Ross Stripling","OAK",,85.3333,0,1.1062928438186646,1.1062928438186646,13273
"Johan Rojas","PHI",363,,1.1057859659194946,,1.1057859659194946,24336
"John Schreiber","KCR",,51.6666,0,1.0955424308776855,1.0955424308776855,20020
"Aaron Bummer","ATL",,55.3333,0,1.0954079627990723,1.0954079627990723,16258
"Aroldis Chapman","PIT",,61.6666,0,1.0883071422576904,1.0883071422576904,10233
"Shane Baz","TBR",,79.3333,0,1.0770682096481323,1.0770682096481323,22264
"Edwin Díaz","NYM",,53.6666,0,1.076700210571289,1.076700210571289,14710
"Yariel Rodríguez","TOR",,86.6666,0,1.0760846138000488,1.0760846138000488,33838
"Michael Siani","STL",334,,1.0715277194976807,,1.0715277194976807,22557
"Ryan Weathers","MIA",,86.6666,0,1.071097493171692,1.071097493171692,23796
"Jonathan Cannon","CHW",,124.3333,0,1.0702344179153442,1.0702344179153442,31730
"Yu Darvish","SDP",,81.6666,0,1.0610346794128418,1.0610346794128418,13074
"Jorge Soler","- - -",574,,1.059328019618988,,1.059328019618988,14221
"Jonah Bride","MIA",272,,1.057249665260315,,1.057249665260315,24703
"Jose Quintana","NYM",,170.3333,0,1.055757761001587,1.055757761001587,11423
"Brayan Rocchio","CLE",442,,1.0550657510757446,,1.0550657510757446,23690
"David Festa","MIN",,64.3333,0,1.0529004335403442,1.0529004335403442,30056
"Mike Tauchman","CHC",350,,1.0522772073745728,,1.0522772073745728,15274
"George Springer","TOR",614,,1.0513297319412231,,1.0513297319412231,12856
"Jose Miranda","MIN",429,,1.0505597591400146,,1.0505597591400146,20538
"Chris Paddack","MIN",,88.3333,0,1.047296404838562,1.047296404838562,20099
"Wenceel Pérez","DET",425,,1.043433666229248,,1.043433666229248,22857
"Bowden Francis","TOR",,103.6666,0,1.0422307252883911,1.0422307252883911,20548
"Javier Assad","CHC",,147,0,1.0406749248504639,1.0406749248504639,21741
"Andrew Abbott","CIN",,138,0,1.0259536504745483,1.0259536504745483,29911
"Ceddanne Rafaela","BOS",571,,1.0239717960357666,,1.0239717960357666,24262
"Blake Treinen","LAD",,46.6666,0,1.013098955154419,1.013098955154419,12572
"Tyrone Taylor","NYM",345,,0.9978902339935303,,0.9978902339935303,13675
"Jake Fraley","CIN",382,,0.9902889728546143,,0.9902889728546143,19260
"Trevor Megill","MIL",,46.3333,0,0.9835469126701355,0.9835469126701355,17722
"Josh Lowe","TBR",387,,0.9829946160316467,,0.9829946160316467,19953
"Luke Weaver","NYY",,84,0,0.9801347851753235,0.9801347851753235,16918
"Drew Rasmussen","TBR",,28.6666,0,0.9764122366905212,0.9764122366905212,25385
"Tim Herrin","CLE",,65.6666,0,0.9715614318847656,0.9715614318847656,25139
"José Buttó","NYM",,74,0,0.967884361743927,0.967884361743927,23313
"Max Kepler","MIN",399,,0.9650708436965942,,0.9650708436965942,12144
"Josh Hader","HOU",,71,0,0.949992299079895,0.949992299079895,14212
"Trevor Rogers","- - -",,124.3333,0,0.9435921125113964,0.9435921125113964,22286
"Ronald Acuña Jr.","ATL",222,,0.9410992860794067,,0.9410992860794067,18401
"Kyle Freeland","COL",,113.3333,0,0.9409394264221191,0.9409394264221191,16256
"Zach McKinstry","DET",325,2,1.0161967277526855,-0.08015893399715424,0.9360377937555313,19392
"Dedniel Núñez","NYM",,35,0,0.9356690645217896,0.9356690645217896,23055
"Luis L. Ortiz","PIT",,135.6666,0,0.9290797710418701,0.9290797710418701,27646
"Mike Trout","LAA",126,,0.9230696558952332,,0.9230696558952332,10155
"Jared Koenig","MIL",,62,0,0.9221426844596863,0.9221426844596863,27517
"Oswaldo Cabrera","NYY",326,0.3333,0.951110303401947,-0.031096993014216423,0.9200133103877306,21707
"Kris Bubic","KCR",,30.3333,0,0.9185396432876587,0.9185396432876587,21455
"Marcus Stroman","NYY",,154.6666,0,0.918188214302063,0.918188214302063,13431
"Jacob Stallings","COL",281,,0.9078822731971741,,0.9078822731971741,13723
"Reed Garrett","NYM",,57.3333,0,0.9049530029296875,0.9049530029296875,16866
"Aaron Civale","- - -",,161,0,0.9023058414459229,0.9023058414459229,19479
"Hoby Milner","MIL",,64.6666,0,0.8998695015907288,0.8998695015907288,13346
"Chris Martin","BOS",,44.3333,0,0.8991272449493408,0.8991272449493408,11847
"Ramón Urías","BAL",301,,0.8953409194946289,,0.8953409194946289,18795
"Porter Hodge","CHC",,43,0,0.8945262432098389,0.8945262432098389,26413
"Matthew Boyd","CLE",,39.6666,0,0.8938648700714111,0.8938648700714111,15440
"Pavin Smith","ARI",158,1,0.9227253794670105,-0.02889101766049862,0.8938343618065119,19892
"Joe Ross","MIL",,74,0,0.8933200240135193,0.8933200240135193,12972
"Evan Phillips","LAD",,54.6666,0,0.8918455243110657,0.8918455243110657,17734
"Nicky Lopez","CHW",445,,0.8870583772659302,,0.8870583772659302,19339
"Anthony Bender","MIA",,53,0,0.8855192065238953,0.8855192065238953,19742
"Robert Suarez","SDP",,65,0,0.8853265047073364,0.8853265047073364,30115
"Ryan Thompson","ARI",,66.3333,0,0.8851280808448792,0.8851280808448792,16647
"Ramón Laureano","- - -",309,,0.8818999081850052,,0.8818999081850052,17128
"Bryan Abreu","HOU",,78.3333,0,0.8763996362686157,0.8763996362686157,16609
"Masataka Yoshida","BOS",421,,0.8687600493431091,,0.8687600493431091,31837
"Rhett Lowder","CIN",,30.6666,0,0.8609689474105835,0.8609689474105835,33876
"Ryan Pressly","HOU",,56.6666,0,0.8556092381477356,0.8556092381477356,7005
"Mark Canha","- - -",462,,0.8508717119693756,,0.8508717119693756,11445
"Jakob Junis","- - -",,67,0,0.8436220809817314,0.8436220809817314,13619
"Jonny DeLuca","TBR",362,,0.8434476852416992,,0.8434476852416992,26365
"Jason Heyward","- - -",258,,0.8418451249599457,,0.8418451249599457,4940
"Devin Williams","MIL",,21.6666,0,0.8341591954231262,0.8341591954231262,15816
"Giancarlo Stanton","NYY",459,,0.8323816061019897,,0.8323816061019897,4949
"Sean Murphy","ATL",264,,0.8322309851646423,,0.8322309851646423,19352
"Tommy Edman","LAD",153,,0.8239445686340332,,0.8239445686340332,19470
"Kyle Harrison","SFG",,124.3333,0,0.8104163408279419,0.8104163408279419,27758
"José Leclerc","TEX",,66.6666,0,0.8092056512832642,0.8092056512832642,14524
"Orlando Arcia","ATL",602,,0.8088564276695251,,0.8088564276695251,13185
"Colin Rea","MIL",,167.6666,0,0.8076561689376831,0.8076561689376831,12317
"Ben Lively","CLE",,151,0,0.7980991005897522,0.7980991005897522,14932
"Luis Torrens","NYM",130,0.3333,0.7897853851318359,0.0018031949875876307,0.7915885801194236,15905
"James Paxton","- - -",,100.3333,0,0.7844306826591492,0.7844306826591492,11828
"Dylan Lee","ATL",,59.6666,0,0.7798541784286499,0.7798541784286499,19996
"Donovan Solano","SDP",309,,0.7774659991264343,,0.7774659991264343,8623
"Nick Mears","- - -",,57.6666,0,0.777102530002594,0.777102530002594,25376
"Kevin Kelly","TBR",,70.6666,0,0.770279049873352,0.770279049873352,25679
"Shane Bieber","CLE",,12,0,0.7695143222808838,0.7695143222808838,19427
"Brant Hurter","DET",,45.3333,0,0.7607581615447998,0.7607581615447998,30133
"Tony Santillan","CIN",,30,0,0.7594661712646484,0.7594661712646484,19926
"Jorge Mateo","BAL",208,,0.7574160695075989,,0.7574160695075989,17273
"Beau Brieske","DET",,67.6666,0,0.7564535737037659,0.7564535737037659,26079
"Brendan Rodgers","COL",539,,0.7531821727752686,,0.7531821727752686,17907
"Ryan Fernandez","STL",,66.6666,0,0.7438568472862244,0.7438568472862244,24862
"Adrian Del Castillo","ARI",87,,0.74370276927948,,0.74370276927948,29554
"Christian Vázquez","MIN",315,,0.743518054485321,,0.743518054485321,9774
"Randy Vásquez","SDP",,98,0,0.7430762648582458,0.7430762648582458,24719
"Andy Ibáñez","DET",244,,0.729973316192627,,0.729973316192627,18819
"Bryan Hudson","MIL",,62.3333,0,0.7281908988952637,0.7281908988952637,19924
"Joey Estes","OAK",,127.6666,0,0.7280077934265137,0.7280077934265137,26257
"Cionel Pérez","BAL",,53.6666,0,0.7230806350708008,0.7230806350708008,19614
"Andrew Nardi","MIA",,49.6666,0,0.7130119800567627,0.7130119800567627,25942
"Rece Hinds","CIN",51,,0.7065404653549194,,0.7065404653549194,27493
"Nolan Schanuel","LAA",607,,0.704312801361084,,0.704312801361084,33189
"Jesús Luzardo","MIA",,66.6666,0,0.7020246386528015,0.7020246386528015,19959
"Luisangel Acuña","NYM",40,,0.6997334361076355,,0.6997334361076355,26548
"Abraham Toro","OAK",364,,0.6947087645530701,,0.6947087645530701,19844
"Hunter Harvey","- - -",,50.6666,0,0.6866696029901505,0.6866696029901505,15507
"Michel Otañez","OAK",,34,0,0.6855036020278931,0.6855036020278931,22533
"Shawn Armstrong","- - -",,66.6665,0,0.684743270277977,0.684743270277977,12857
"Jesus Tinoco","- - -",,40.6666,0,0.6845644488930702,0.6845644488930702,16300
"Michael Lorenzen","- - -",,130.3332,0,0.6823490560054779,0.6823490560054779,14843
"Sam Hilliard","COL",158,,0.6792147755622864,,0.6792147755622864,17954
"Justin Verlander","HOU",,90.3333,0,0.6784306764602661,0.6784306764602661,8700
"Gio Urshela","- - -",461,,0.6765466928482056,,0.6765466928482056,10681
"Robert Gasser","MIL",,28,0,0.6718978881835938,0.6718978881835938,29812
"Tyler Ferguson","OAK",,51.3333,0,0.6692882776260376,0.6692882776260376,19481
"Nathan Lukes","TOR",91,,0.6688492298126221,,0.6688492298126221,18123
"Jacob Webb","BAL",,56.6666,0,0.668389618396759,0.668389618396759,19274
"Dane Myers","MIA",108,,0.662841260433197,,0.662841260433197,22054
"Junior Caminero","TBR",177,,0.6605184078216553,,0.6605184078216553,28163
"Spencer Turnbull","PHI",,54.3333,0,0.6586876511573792,0.6586876511573792,16207
"Trevor Story","BOS",106,,0.6583918333053589,,0.6583918333053589,12564
"Clayton Kershaw","LAD",,30,0,0.6577897071838379,0.6577897071838379,2036
"Hunter Stratton","PIT",,37.6666,0,0.6558604836463928,0.6558604836463928,23455
"Enrique Hernández","LAD",393,4.3333,0.6149775981903076,0.038072988390922546,0.6530505865812302,10472
"Alec Burleson","STL",595,,0.6500122547149658,,0.6500122547149658,27615
"Kevin Pillar","- - -",314,,0.6478332579135895,,0.6478332579135895,12434
"Huascar Brazobán","- - -",,51.6666,0,0.6475076265633106,0.6475076265633106,6107
"Merrill Kelly","ARI",,73.6666,0,0.6459802389144897,0.6459802389144897,11156
"Reid Detmers","LAA",,87.3333,0,0.642966628074646,0.642966628074646,27468
"Triston Casas","BOS",243,,0.6425460577011108,,0.6425460577011108,22514
"Jose A. Ferrer","WSN",,32,0,0.6369278430938721,0.6369278430938721,24017
"Ian Hamilton","NYY",,37.6666,0,0.6327728033065796,0.6327728033065796,19261
"Jalen Beeks","- - -",,69.9999,0,0.6293074786663055,0.6293074786663055,17192
"Andrés Muñoz","SEA",,59.3333,0,0.6273003220558167,0.6273003220558167,20373
"Ben Joyce","LAA",,34.6666,0,0.6254245638847351,0.6254245638847351,31461
"Davis Martin","CHW",,50,0,0.6253243684768677,0.6253243684768677,21448
"Michael McGreevy","STL",,23,0,0.6207084059715271,0.6207084059715271,29869
"Michael Tonkin","- - -",,79.33330000000001,0,0.6187445670366287,0.6187445670366287,10315
"Jhonkensy Noel","CLE",198,,0.6157168745994568,,0.6157168745994568,24257
"Yennier Cano","BAL",,60,0,0.6113036274909973,0.6113036274909973,25911
"Max Scherzer","TEX",,43.3333,0,0.6072606444358826,0.6072606444358826,3137
"Jordan Montgomery","ARI",,117,0,0.6066024899482727,0.6066024899482727,16511
"Miguel Amaya","CHC",363,,0.6045520901679993,,0.6045520901679993,21693
"Aaron Ashby","MIL",,28.3333,0,0.6037957072257996,0.6037957072257996,23550
"Carmen Mlodzinski","PIT",,50.6666,0,0.6027409434318542,0.6027409434318542,27572
"José Alvarado","PHI",,61.6666,0,0.6019526720046997,0.6019526720046997,17780
"Dylan Floro","- - -",,68.6666,0,0.5998277068138123,0.5998277068138123,13394
"Braxton Garrett","MIA",,37,0,0.599272608757019,0.599272608757019,21844
"Will Wagner","TOR",86,,0.5962031483650208,,0.5962031483650208,29634
"Alex Verdugo","NYY",621,,0.5939505696296692,,0.5939505696296692,17027
"Starling Marte","NYM",370,,0.5916892290115356,,0.5916892290115356,9241
"Pete Fairbanks","TBR",,45.3333,0,0.5884363651275635,0.5884363651275635,17998
"J.D. Martinez","NYM",495,,0.5859302282333374,,0.5859302282333374,6184
"Rafael Marchán","PHI",56,,0.5834235548973083,,0.5834235548973083,21646
"Bryan Hoeing","- - -",,53.6666,0,0.5819785445928574,0.5819785445928574,26304
"Tyler Rogers","SFG",,70.3333,0,0.5800562500953674,0.5800562500953674,15541
"Edward Cabrera","MIA",,96.3333,0,0.5758850574493408,0.5758850574493408,21690
"Anthony Banda","LAD",,49.6666,0,0.5753930807113647,0.5753930807113647,14706
"Jack Kochanowicz","LAA",,65.3333,0,0.5712145566940308,0.5712145566940308,27688
"Nick Fortes","MIA",335,,0.5690755248069763,,0.5690755248069763,21538
"Trent Thornton","SEA",,72.3333,0,0.5670249462127686,0.5670249462127686,17948
"Brett Wisely","SFG",272,,0.5546867847442627,,0.5546867847442627,27735
"Luis Robert Jr.","CHW",425,,0.5498063564300537,,0.5498063564300537,20043
"Buck Farmer","CIN",,71,0,0.5434437990188599,0.5434437990188599,14814
"Tyson Miller","- - -",,61.999900000000004,0,0.5422137640416622,0.5422137640416622,19976
"Kyle Farmer","MIN",242,4,0.5241408348083496,0.016325879842042923,0.5404667146503925,14813
"Landen Roupp","SFG",,50.3333,0,0.538948118686676,0.538948118686676,30076
"Graham Ashcraft","CIN",,77.3333,0,0.5387240648269653,0.5387240648269653,27552
"Danny Coulombe","BAL",,29.6666,0,0.5382513999938965,0.5382513999938965,13293
"Cal Quantrill","COL",,148.3333,0,0.5374253988265991,0.5374253988265991,19312
"Randy Rodríguez","SFG",,52.3333,0,0.5373002290725708,0.5373002290725708,23974
"Joel Payamps","MIL",,59,0,0.5358261466026306,0.5358261466026306,14332
"Greg Weissert","BOS",,63.3333,0,0.5333799123764038,0.5333799123764038,20375
"Danny Jansen","- - -",328,,0.5302039878442883,,0.5302039878442883,16535
"Landon Knack","LAD",,69,0,0.5262740254402161,0.5262740254402161,27487
"Jarred Kelenic","ATL",449,,0.5243868231773376,,0.5243868231773376,22558
"Connor Joe","PIT",416,,0.5242114663124084,,0.5242114663124084,16572
"Trent Grisham","NYY",209,,0.521236002445221,,0.521236002445221,18564
"Leo Jiménez","TOR",210,,0.5203956961631775,,0.5203956961631775,23782
"Andrew McCutchen","PIT",515,,0.5145418047904968,,0.5145418047904968,9847
"Brenan Hanifee","DET",,29.3333,0,0.5128464698791504,0.5128464698791504,22304
"Cade Povich","BAL",,79.6666,0,0.5117720365524292,0.5117720365524292,30055
"Hogan Harris","OAK",,72.3333,0,0.505757212638855,0.505757212638855,21520
"Dairon Blanco","KCR",132,,0.5053199529647827,,0.5053199529647827,19779
"Austin Barnes","LAD",156,,0.500256359577179,,0.500256359577179,12158
"Daysbel Hernández","ATL",,18,0,0.500034749507904,0.500034749507904,20271
"Martín Pérez","- - -",,135,0,0.4919058531522751,0.4919058531522751,6902
"Nick Ahmed","- - -",228,,0.49109599366784096,,0.49109599366784096,12147
"Garrett Hampson","KCR",231,1,0.4851743280887604,-0.0002691492554731667,0.4849051788332872,19262
"John Means","BAL",,20.6666,0,0.4820963442325592,0.4820963442325592,16269
"Jordan Hicks","SFG",,109.6666,0,0.4808040261268616,0.4808040261268616,19618
"Elias Díaz","- - -",351,,0.47710321098566055,,0.47710321098566055,11680
"Emilio Pagán","CIN",,38,0,0.4769696295261383,0.4769696295261383,14771
"Pedro Pagés","STL",218,,0.47473418712615967,,0.47473418712615967,25782
"Tim Hill","- - -",,67,0,0.4742137938737869,0.4742137938737869,16814
"Brett Baty","NYM",171,,0.47329944372177124,,0.47329944372177124,26123
"Will Brennan","CLE",353,,0.46549320220947266,,0.46549320220947266,25660
"Ryan Burr","TOR",,32.6666,0,0.46384480595588684,0.46384480595588684,17536
"Collin Snider","SEA",,41.6666,0,0.4626480042934418,0.4626480042934418,23307
"Richard Fitts","BOS",,20.6666,0,0.46151477098464966,0.46151477098464966,30160
"David Peralta","SDP",260,,0.46146202087402344,,0.46146202087402344,2136
"Adam Ottavino","NYM",,56,0,0.45988109707832336,0.45988109707832336,1247
"Gregory Soto","- - -",,52.9999,0,0.459545262157917,0.459545262157917,19677
"Pierce Johnson","ATL",,56.3333,0,0.4570797085762024,0.4570797085762024,13435
"Dylan Crews","WSN",132,,0.45464134216308594,,0.45464134216308594,33541
"Paul Blackburn","- - -",,75.33330000000001,0,0.4515132009983063,0.4515132009983063,14739
"Whit Merrifield","- - -",335,,0.4467264711856842,,0.4467264711856842,11281
"Christian Scott","NYM",,47.3333,0,0.44596099853515625,0.44596099853515625,30107
"Joey Cantillo","CLE",,38.6666,0,0.4444752037525177,0.4444752037525177,23335
"Davis Daniel","LAA",,30.3333,0,0.44268864393234253,0.44268864393234253,27582
"Sam Moll","CIN",,37.6666,0,0.4345347583293915,0.4345347583293915,14874
"Miguel Andujar","OAK",319,,0.4335775077342987,,0.4335775077342987,15878
"Ryan Bliss","SEA",71,,0.43040886521339417,,0.43040886521339417,29547
"Erik Miller","SFG",,67.3333,0,0.4282844066619873,0.4282844066619873,26252
"Michael A. Taylor","PIT",300,,0.42709583044052124,,0.42709583044052124,11489
"Andrew Chafin","- - -",,56.3333,0,0.42611628770828247,0.42611628770828247,12988
"Gus Varland","- - -",,26.3333,0,0.42294763028621674,0.42294763028621674,24737
"Eguy Rosario","SDP",57,,0.42206692695617676,,0.42206692695617676,19964
"J.T. Ginn","OAK",,34,0,0.4219944179058075,0.4219944179058075,27889
"Sean Burke","CHW",,19,0,0.4169940650463104,0.4169940650463104,29878
"Jared Triolo","PIT",446,,0.4165307283401489,,0.4165307283401489,25807
"César Salazar","HOU",32,,0.41614800691604614,,0.41614800691604614,21587
"Garrett Whitlock","BOS",,18.3333,0,0.4159832298755646,0.4159832298755646,20191
"Trey Sweeney","DET",119,,0.41589418053627014,,0.41589418053627014,29575
"River Ryan","LAD",,20.3333,0,0.4119705557823181,0.4119705557823181,29514
"Bryan King","HOU",,26.3333,0,0.40980255603790283,0.40980255603790283,25890
"Luis Medina","OAK",,40,0,0.40582728385925293,0.40582728385925293,21649
"Yimi García","- - -",,39,0,0.40494123101234436,0.40494123101234436,12095
"Kyle Hendricks","CHC",,130.6666,0,0.40428295731544495,0.40428295731544495,12049
"Michael Kopech","- - -",,67.6666,0,0.4010876715183258,0.4010876715183258,17282
"Sean Reid-Foley","NYM",,21.6666,0,0.4000222980976105,0.4000222980976105,17034
"Jeffrey Springs","TBR",,33,0,0.39865484833717346,0.39865484833717346,17677
"Austin Hedges","CLE",146,2,0.40543434023857117,-0.007642253302037716,0.39779208693653345,12976
"Casey Schmitt","SFG",113,,0.3974812626838684,,0.3974812626838684,27577
"Sean Guenther","DET",,21,0,0.3959466516971588,0.3959466516971588,20045
"Jonathan Aranda","TBR",143,,0.3956166207790375,,0.3956166207790375,21837
"Thairo Estrada","SFG",381,,0.3946909010410309,,0.3946909010410309,16426
"Michael Grove","LAD",,51,0,0.3941516876220703,0.3941516876220703,23221
"Jacob deGrom","TEX",,10.6666,0,0.3933735489845276,0.3933735489845276,10954
"Erik Sabrowski","CLE",,12.6666,0,0.3923227787017822,0.3923227787017822,24978
"Juan Yepez","WSN",249,,0.39056262373924255,,0.39056262373924255,18400
"Steward Berroa","TOR",45,,0.39002636075019836,,0.39002636075019836,22766
"Matt Festa","- - -",,23.6666,0,0.3843137980438769,0.3843137980438769,19330
"Michael Toglia","COL",458,,0.3824269473552704,,0.3824269473552704,25845
"Ryan Brasier","LAD",,28,0,0.3817686438560486,0.3817686438560486,5615
"Brock Burke","- - -",,33.999900000000004,0,0.38151708245277405,0.38151708245277405,17968
"Ryan Zeferjahn","LAA",,17,0,0.37837427854537964,0.37837427854537964,25420
"Griffin Conine","MIA",89,,0.3731193542480469,,0.3731193542480469,21626
"Gary Sánchez","MIL",280,,0.37186822295188904,,0.37186822295188904,11442
"Tyler Freeman","CLE",383,,0.3718080222606659,,0.3718080222606659,22532
"Michael Soroka","CHW",,79.6666,0,0.3680521249771118,0.3680521249771118,18383
"Josh Sborz","TEX",,16.3333,0,0.3642599582672119,0.3642599582672119,18323
"Cole Irvin","- - -",,110.9999,0,0.36408980190753937,0.36408980190753937,19244
"Austin Wynns","CIN",20,,0.36380329728126526,,0.36380329728126526,15271
"Davis Schneider","TOR",454,,0.36042505502700806,,0.36042505502700806,23565
"Burch Smith","- - -",,56.3332,0,0.35545818507671356,0.35545818507671356,12784
"Nasim Nuñez","WSN",78,,0.35318201780319214,,0.35318201780319214,25979
"Matthew Liberatore","STL",,86,0,0.35266026854515076,0.35266026854515076,22294
"Victor Vodnik","COL",,73.6666,0,0.3511301577091217,0.3511301577091217,24614
"Paul Sewald","ARI",,39.6666,0,0.34665247797966003,0.34665247797966003,13892
"Kyle Leahy","STL",,48.6666,0,0.3424002230167389,0.3424002230167389,24763
"Brady Basso","OAK",,22.3333,0,0.3421754240989685,0.3421754240989685,25582
"T.J. McFarland","OAK",,56.6666,0,0.3408048152923584,0.3408048152923584,3237
"Josh Jung","TEX",188,,0.33952009677886963,,0.33952009677886963,26299
"Yuki Matsui","SDP",,62.6666,0,0.3321862816810608,0.3321862816810608,33826
"Weston Wilson","PHI",98,1,0.3212544023990631,0.0059593915939331055,0.3272137939929962,19358
"Nick Sogard","BOS",86,,0.3219592869281769,,0.3219592869281769,25483
"Bligh Madris","DET",75,,0.32130083441734314,,0.32130083441734314,20054
"Eli Morgan","CLE",,42,0,0.32016801834106445,0.32016801834106445,20203
"Jorge Polanco","SEA",469,,0.3201635777950287,,0.3201635777950287,13152
"Mason Montgomery","TBR",,9.6666,0,0.3168284595012665,0.3168284595012665,29770
"Shawn Dubin","HOU",,45.3333,0,0.3153827488422394,0.3153827488422394,24977
"Luis Guerrero","BOS",,10,0,0.31484755873680115,0.31484755873680115,31184
"Nolan Gorman","STL",402,,0.3103415369987488,,0.3103415369987488,22263
"Joe Boyle","OAK",,47.6666,0,0.30609023571014404,0.30609023571014404,29608
"Billy Cook","PIT",49,,0.3060627579689026,,0.3060627579689026,29573
"Jorge Alcala","MIN",,58.3333,0,0.30244407057762146,0.30244407057762146,19459
"Sean Hjelle","SFG",,80.6666,0,0.30101045966148376,0.30101045966148376,21481
"Brooks Raley","NYM",,7,0,0.3009062111377716,0.3009062111377716,10061
"Tyler Soderstrom","OAK",213,,0.2985100746154785,,0.2985100746154785,27467
"Daniel Schneemann","CLE",221,,0.29497942328453064,,0.29497942328453064,25180
"Andrew Kittredge","STL",,70.6666,0,0.29481661319732666,0.29481661319732666,12828
"Jhony Brito","SDP",,43.6666,0,0.29389050602912903,0.29389050602912903,25386
"Colten Brewer","CHC",,20.6666,0,0.29059451818466187,0.29059451818466187,12997
"Luis Peralta","COL",,12.3333,0,0.2898482382297516,0.2898482382297516,24203
"Eduardo Rodriguez","ARI",,50,0,0.2883049249649048,0.2883049249649048,13164
"Heston Kjerstad","BAL",114,,0.28813639283180237,,0.28813639283180237,31166
"Cam Booser","BOS",,42.6666,0,0.28653839230537415,0.28653839230537415,16061
"Bo Bichette","TOR",336,,0.28521278500556946,,0.28521278500556946,19612
"Eduard Bazardo","SEA",,27.6666,0,0.28460660576820374,0.28460660576820374,20997
"Jason Foley","DET",,60,0,0.2842315137386322,0.2842315137386322,19531
"Hunter Bigge","- - -",,17.3333,0,0.28113945946097374,0.28113945946097374,26259
"David Bote","CHC",48,1,0.2900158762931824,-0.012083943001925945,0.27793193329125643,14593
"Emmanuel Rivera","- - -",302,4,0.3232746422290802,-0.0454755574464798,0.2777990847826004,19890
"Chadwick Tromp","ATL",54,,0.2764401435852051,,0.2764401435852051,16953
"Alex Cobb","CLE",,16.3333,0,0.2752508521080017,0.2752508521080017,6562
"Chad Kuhl","CHW",,53.3333,0,0.2752421498298645,0.2752421498298645,14975
"Yoán Moncada","CHW",45,,0.2749134600162506,,0.2749134600162506,17232
"Caleb Ferguson","- - -",,54.3333,0,0.2715444630011916,0.2715444630011916,19349
"Eli White","ATL",42,,0.27011606097221375,,0.27011606097221375,19346
"Cristian Javier","HOU",,34.6666,0,0.26917824149131775,0.26917824149131775,17606
"Luis García","- - -",,58.999900000000004,0,0.266802042722702,0.266802042722702,6984
"Stone Garrett","WSN",6,,0.26678407192230225,,0.26678407192230225,19273
"Jon Berti","NYY",74,,0.2660355865955353,,0.2660355865955353,12037
"Stephen Kolek","SDP",,46.6666,0,0.2658853530883789,0.2658853530883789,21487
"Austin Shenton","TBR",50,,0.2636856436729431,,0.2636856436729431,25425
"Sam Hentges","CLE",,23.6666,0,0.2624986171722412,0.2624986171722412,18548
"Daniel Hudson","LAD",,63,0,0.2609557807445526,0.2609557807445526,7146
"Zach Remillard","CHW",39,,0.25657790899276733,,0.25657790899276733,19788
"TJ Friedl","CIN",341,,0.2565614581108093,,0.2565614581108093,19522
"John King","STL",,60,0,0.255041241645813,0.255041241645813,22051
"Ben Casparius","LAD",,8.3333,0,0.2538834810256958,0.2538834810256958,30085
"Drew Millas","WSN",62,,0.25194251537323,,0.25194251537323,25643
"Sean Reynolds","SDP",,11,0,0.24851788580417633,0.24851788580417633,22253
"Enoli Paredes","- - -",,21.6666,0,0.24825125187635422,0.24825125187635422,20447
"Alek Jacob","SDP",,14.6666,0,0.2479896992444992,0.2479896992444992,29628
"Stuart Fairchild","CIN",233,,0.24795888364315033,,0.24795888364315033,20321
"Bryce Elder","ATL",,49.6666,0,0.24420848488807678,0.24420848488807678,27779
"Matt Manning","DET",,27.6666,0,0.24363119900226593,0.24363119900226593,20369
"Alexander Canario","CHC",28,,0.24190251529216766,,0.24190251529216766,22842
"Eric Haase","MIL",69,,0.23535031080245972,,0.23535031080245972,14111
"Josh Winckowski","BOS",,76,0,0.2329183667898178,0.2329183667898178,22387
"Kevin Kiermaier","- - -",281,,0.23106523603200912,,0.23106523603200912,11038
"Romy Gonzalez","BOS",216,,0.23075388371944427,,0.23075388371944427,21562
"Dillon Tate","- - -",,36.6666,0,0.2306157499551773,0.2306157499551773,17796
"Derek Hill","- - -",172,,0.22653109766542912,,0.22653109766542912,16947
"Anthony Molina","COL",,59.6666,0,0.22259129583835602,0.22259129583835602,26952
"Ty Madden","DET",,23,0,0.22213181853294373,0.22213181853294373,30140
"Hans Crouse","LAA",,25.3333,0,0.22210082411766052,0.22210082411766052,22192
"Manuel Rodríguez","TBR",,37.6666,0,0.22158855199813843,0.22158855199813843,20794
"Nick Castellanos","PHI",659,,0.22139449417591095,,0.22139449417591095,11737
"Drew Smith","NYM",,17.6666,0,0.22102968394756317,0.22102968394756317,17755
"Blake Sabol","SFG",38,,0.21980717778205872,,0.21980717778205872,25805
"Alexis Díaz","CIN",,56.3333,0,0.21936474740505219,0.21936474740505219,21132
"Josh Staumont","MIN",,24.3333,0,0.2181558459997177,0.2181558459997177,18335
"Cody Poteet","NYY",,24.3333,0,0.21749700605869293,0.21749700605869293,18769
"Pedro Avila","- - -",,82.6666,0,0.21747631952166557,0.21747631952166557,18864
"Rob Zastryzny","MIL",,7.6666,0,0.21694381535053253,0.21694381535053253,15094
"Amed Rosario","- - -",346,,0.21634747833013535,,0.21634747833013535,15518
"Yency Almonte","CHC",,15.6666,0,0.2151344120502472,0.2151344120502472,15068
"Carson Fulmer","LAA",,86.6666,0,0.2148047834634781,0.2148047834634781,18311
"Marco Gonzales","PIT",,33.6666,0,0.213997021317482,0.213997021317482,15467
"Anthony Maldonado","MIA",,19,0,0.21251344680786133,0.21251344680786133,26034
"Justin Anderson","CHW",,53.3333,0,0.21180817484855652,0.21180817484855652,16201
"Hunter Strickland","LAA",,73.3333,0,0.2111104279756546,0.2111104279756546,7836
"Carlos Hernández","KCR",,30,0,0.21087025105953217,0.21087025105953217,22713
"Christian Bethancourt","- - -",147,,0.2091573178768158,,0.2091573178768158,10028
"Peter Lambert","COL",,61.3333,0,0.20831339061260223,0.20831339061260223,17969
"Dominic Smith","- - -",307,3,0.20384997129440308,-0.00015788864402566105,0.20369208265037742,15653
"Jorge López","- - -",,52.9999,0,0.20267833769321442,0.20267833769321442,14527
"Tayler Saucedo","SEA",,38.6666,0,0.20245613157749176,0.20245613157749176,17888
"Brennan Bernardino","BOS",,51,0,0.2004512995481491,0.2004512995481491,16835
"Josh Winder","MIN",,9,0,0.19998806715011597,0.19998806715011597,24606
"Buddy Kennedy","- - -",26,,0.1973022297024727,,0.1973022297024727,22505
"Rhys Hoskins","MIL",517,,0.19618293642997742,,0.19618293642997742,16472
"Luis Urías","SEA",109,,0.19496716558933258,,0.19496716558933258,16622
"Angel Zerpa","KCR",,53.6666,0,0.1947343349456787,0.1947343349456787,22717
"Gregory Santos","SEA",,7.3333,0,0.19372877478599548,0.19372877478599548,21894
"Gabe Speier","SEA",,23.6666,0,0.19202181696891785,0.19202181696891785,17170
"Tayler Scott","HOU",,68.6666,0,0.19200359284877777,0.19200359284877777,13652
"Caleb Thielbar","MIN",,47.3333,0,0.18832147121429443,0.18832147121429443,10078
"DL Hall","MIL",,43,0,0.18761102855205536,0.18761102855205536,22207
"Seth Halvorsen","COL",,12.3333,0,0.18456107378005981,0.18456107378005981,33294
"Craig Kimbrel","BAL",,52.3333,0,0.18328310549259186,0.18328310549259186,6655
"Tyler Mahle","TEX",,12.6666,0,0.18246252834796906,0.18246252834796906,16358
"Ezequiel Duran","TEX",285,,0.18082767724990845,,0.18082767724990845,23733
"Brent Suter","CIN",,65.6666,0,0.17970332503318787,0.17970332503318787,13942
"Mason McCoy","SDP",57,,0.17872193455696106,,0.17872193455696106,22232
"Kumar Rocker","TEX",,11.6666,0,0.17864865064620972,0.17864865064620972,31843
"Reese McGuire","BOS",158,,0.17829717695713043,,0.17829717695713043,15674
"Hayden Wesneski","CHC",,67.6666,0,0.17620611190795898,0.17620611190795898,27581
"Garrett Cleavinger","TBR",,60,0,0.1761491447687149,0.1761491447687149,17897
"Jared Shuster","CHW",,73.3333,0,0.1757642924785614,0.1757642924785614,27472
"Eduardo Salazar","- - -",,29.3333,0,0.17498978786170483,0.17498978786170483,23135
"Kyle McCann","OAK",157,,0.17361924052238464,,0.17361924052238464,25575
"Sam Long","KCR",,42.6666,0,0.17216213047504425,0.17216213047504425,25379
"Slade Cecconi","ARI",,77,0,0.17129002511501312,0.17129002511501312,27500
"Tyler Wells","BAL",,15.3333,0,0.16885314881801605,0.16885314881801605,20000
"Jose Herrera","ARI",114,,0.16821807622909546,,0.16821807622909546,17040
"Darren Baker","WSN",14,,0.16648225486278534,,0.16648225486278534,29912
"Austin Hays","- - -",255,,0.16377409547567368,,0.16377409547567368,19363
"Taylor Rogers","SFG",,60,0,0.16289019584655762,0.16289019584655762,13449
"Garrett Stubbs","PHI",187,4,0.3098844289779663,-0.14716486632823944,0.16271956264972687,18067
"AJ Smith-Shawver","ATL",,4.3333,0,0.1625215858221054,0.1625215858221054,29960
"Edgardo Henriquez","LAD",,3.3333,0,0.15853959321975708,0.15853959321975708,26944
"Danny Young","NYM",,37.6666,0,0.15693147480487823,0.15693147480487823,18439
"Anthony Veneziano","- - -",,13.3333,0,0.15591154620051384,0.15591154620051384,27453
"Bryan Baker","BAL",,23.3333,0,0.1554756611585617,0.1554756611585617,19804
"Dustin Harris","TEX",7,,0.15510880947113037,,0.15510880947113037,25705
"Joey Wentz","- - -",,67.33330000000001,0,0.15249742567539215,0.15249742567539215,19962
"Brusdar Graterol","LAD",,7.3333,0,0.151912659406662,0.151912659406662,20367
"Keegan Thompson","CHC",,30.3333,0,0.15135787427425385,0.15135787427425385,19795
"Diego Castillo","MIN",8,,0.1485479176044464,,0.1485479176044464,19906
"Matt Duffy","TEX",10,,0.14853167533874512,,0.14853167533874512,13836
"Jonathan Loáisiga","NYY",,4,0,0.14704789221286774,0.14704789221286774,19753
"Kodai Senga","NYM",,5.3333,0,0.14585869014263153,0.14585869014263153,31838
"Quinn Priester","- - -",,49.6666,0,0.14152935333549976,0.14152935333549976,25977
"Oliver Dunn","MIL",104,,0.14082907140254974,,0.14082907140254974,26295
"Matthew Batten","SDP",3,,0.1406649649143219,,0.1406649649143219,20157
"Carlos Carrasco","CLE",,103.6666,0,0.13855285942554474,0.13855285942554474,6632
"Kyle Hurt","LAD",,6.6666,0,0.13850872218608856,0.13850872218608856,27514
"Connor Gillispie","CLE",,8,0,0.1375676989555359,0.1375676989555359,26171
"Cole Sulser","- - -",,16.3332,0,0.13679497316479683,0.13679497316479683,15256
"Jackson Rutledge","WSN",,8.3333,0,0.13602541387081146,0.13602541387081146,26215
"Yohan Ramírez","- - -",,44.999900000000004,0,0.13482807017862797,0.13482807017862797,19444
"Michael Kelly","OAK",,31.3333,0,0.1344885230064392,0.1344885230064392,12791
"Colin Holderman","PIT",,51.3333,0,0.13407398760318756,0.13407398760318756,22361
"Nate Pearson","- - -",,66.33330000000001,0,0.13268624991178513,0.13268624991178513,20160
"Matt Barnes","WSN",,13.3333,0,0.13252513110637665,0.13252513110637665,12863
"Nick Nelson","PHI",,5.3333,0,0.1283680647611618,0.1283680647611618,20153
"John Brebbia","- - -",,55.333200000000005,0,0.12710103392601013,0.12710103392601013,12777
"Mickey Moniak","LAA",418,,0.12528689205646515,,0.12528689205646515,19956
"Tomás Nido","- - -",140,,0.12458914518356323,,0.12458914518356323,13755
"Chris Roycroft","STL",,34.3333,0,0.12329291552305222,0.12329291552305222,31261
"Justin Wilson","CIN",,46.6666,0,0.1220848336815834,0.1220848336815834,4301
"Ehire Adrianza","LAA",28,,0.12202803045511246,,0.12202803045511246,8418
"David Dahl","PHI",62,,0.12135970592498779,,0.12135970592498779,13744
"Jo Adell","LAA",451,,0.11892619729042053,,0.11892619729042053,20220
"Trevor Richards","- - -",,65.33330000000001,0,0.11886456795036793,0.11886456795036793,19309
"Joshua Palacios","PIT",78,,0.11816398054361343,,0.11816398054361343,19818
"Sixto Sánchez","MIA",,35.6666,0,0.11809912323951721,0.11809912323951721,19680
"Jake Cousins","NYY",,38,0,0.1170087680220604,0.1170087680220604,21620
"Naoyuki Uwasawa","BOS",,4,0,0.11657372862100601,0.11657372862100601,33828
"John McMillon","MIA",,12,0,0.11631648987531662,0.11631648987531662,27942
"Ke'Bryan Hayes","PIT",396,,0.11561114341020584,,0.11561114341020584,18577
"Yilber Díaz","ARI",,28.3333,0,0.11541660130023956,0.11541660130023956,29271
"Ray Kerr","ATL",,22.3333,0,0.11375009268522263,0.11375009268522263,23809
"Kyle Muller","OAK",,49.3333,0,0.11308269947767258,0.11308269947767258,20167
"Tyler Heineman","- - -",16,1,0.09528486058115959,0.017544737085700035,0.11282959766685963,13897
"Brandon Crawford","STL",80,1.3333,0.14398396015167236,-0.03129517287015915,0.11268878728151321,5343
"Evan Carter","TEX",162,,0.10850312560796738,,0.10850312560796738,27790
"Humberto Castellanos","ARI",,10.3333,0,0.10795064270496368,0.10795064270496368,21183
"Phil Maton","- - -",,63.9999,0,0.10696673393249512,0.10696673393249512,18064
"Fraser Ellard","CHW",,24,0,0.10669001936912537,0.10669001936912537,29530
"Prelander Berroa","CHW",,19,0,0.10631278157234192,0.10631278157234192,22932
"Andrew Walters","CLE",,8.6666,0,0.10614203661680222,0.10614203661680222,33834
"Hayden Birdsong","SFG",,72,0,0.10581102967262268,0.10581102967262268,31635
"Cavan Biggio","- - -",224,,0.10430687665939331,,0.10430687665939331,19252
"Jung Hoo Lee","SFG",158,,0.10309609025716782,,0.10309609025716782,33824
"Ethan Roberts","CHC",,26.6666,0,0.10205589979887009,0.10205589979887009,24930
"Jason Delay","PIT",19,,0.10177695751190186,,0.10177695751190186,19806
"Tristan Beck","SFG",,16,0,0.10090956836938858,0.10090956836938858,21584
"Camilo Doval","SFG",,59,0,0.10070480406284332,0.10070480406284332,21992
"Kyle Nicolas","PIT",,54.6666,0,0.09971503913402557,0.09971503913402557,27775
"Julian Merryweather","CHC",,15,0,0.09943832457065582,0.09943832457065582,16703
"Hunter Renfroe","KCR",424,,0.09914310276508331,,0.09914310276508331,15464
"Kevin Herget","MIL",,11.3333,0,0.09763754904270172,0.09763754904270172,15369
"Luis Contreras","HOU",,6,0,0.0974067822098732,0.0974067822098732,25839
"Steven Cruz","KCR",,5.6666,0,0.09639129042625427,0.09639129042625427,23165
"Elvis Peguero","MIL",,51.3333,0,0.09616044163703918,0.09616044163703918,21652
"James McCann","BAL",233,1,0.15800267457962036,-0.06261572241783142,0.09538695216178894,12859
"Griffin Canning","LAA",,171.6666,0,0.09508001059293747,0.09508001059293747,19867
"Brock Stewart","MIN",,15.6666,0,0.09506390988826752,0.09506390988826752,16727
"Lenyn Sosa","CHW",369,,0.09191906452178955,,0.09191906452178955,22896
"Connor Norby","- - -",194,,0.08961381018161774,,0.08961381018161774,29592
"James McArthur","KCR",,56.6666,0,0.08852645754814148,0.08852645754814148,21527
"Clayton Beeter","NYY",,3.6666,0,0.0883629098534584,0.0883629098534584,27494
"Hunter Feduccia","LAD",14,,0.08768312633037567,,0.08768312633037567,23372
"Spencer Torkelson","DET",381,,0.0874214842915535,,0.0874214842915535,27465
"Will Warren","NYY",,22.6666,0,0.08523623645305634,0.08523623645305634,30182
"Ronny Henriquez","MIN",,19.3333,0,0.08520407229661942,0.08520407229661942,24094
"Jake Bauers","MIL",346,4,0.08497148752212524,-0.00006819672125857323,0.08490329080086667,15194
"Greg Jones","COL",6,,0.08450797200202942,,0.08450797200202942,25448
"Chase Shugart","BOS",,8.6666,0,0.0843389481306076,0.0843389481306076,21544
"Chad Green","TOR",,53.3333,0,0.08296889066696167,0.08296889066696167,15552
"Joel Kuhnel","- - -",,10,0,0.08256082888692617,0.08256082888692617,19995
"Brent Honeywell","- - -",,37.6666,0,0.08169583091512322,0.08169583091512322,16466
"Justin Sterner","TBR",,4,0,0.0811997652053833,0.0811997652053833,27694
"Vinny Nittoli","- - -",,12,0,0.07968729734420776,0.07968729734420776,16754
"Daniel Palencia","CHC",,14.6666,0,0.07963923364877701,0.07963923364877701,27914
"Scott Alexander","OAK",,38.6666,0,0.07930566370487213,0.07930566370487213,10591
"Alex Lange","DET",,18.6666,0,0.07798752188682556,0.07798752188682556,19883
"Livan Soto","- - -",16,,0.07785029709339142,,0.07785029709339142,22471
"Leo Rivas","SEA",86,2,0.05617792531847954,0.02144777774810791,0.07762570306658745,21009
"Jimmy Herget","ATL",,12.3333,0,0.07737512141466141,0.07737512141466141,17556
"José Ruiz","PHI",,51,0,0.07691238820552826,0.07691238820552826,14552
"Jahmai Jones","NYY",47,,0.07637104392051697,,0.07637104392051697,18872
"Logan Driscoll","TBR",37,,0.07552652806043625,,0.07552652806043625,25475
"Jonatan Clase","- - -",66,,0.07387617230415344,,0.07387617230415344,26599
"Luke Little","CHC",,26,0,0.07345381379127502,0.07345381379127502,28036
"Michael Helman","MIN",10,,0.0732681155204773,,0.0732681155204773,24605
"Tommy Nance","TOR",,22,0,0.07234302163124084,0.07234302163124084,19178
"Brooks Baldwin","CHW",121,,0.06949838995933533,,0.06949838995933533,31394
"Cal Stevenson","PHI",27,,0.06784380227327347,,0.06784380227327347,22411
"Estevan Florial","CLE",111,,0.06712959706783295,,0.06712959706783295,19151
"Jace Jung","DET",94,,0.06699341535568237,,0.06699341535568237,31437
"Kolby Allard","PHI",,27,0,0.06619478017091751,0.06619478017091751,18694
"Nabil Crismatt","LAD",,7,0,0.06243547797203064,0.06243547797203064,17732
"Grant Holman","OAK",,15.6666,0,0.062416717410087585,0.062416717410087585,30002
"Jake Woodford","- - -",,34.9999,0,0.06189163774251938,0.06189163774251938,18674
"Justin Topa","MIN",,2.3333,0,0.06183015927672386,0.06183015927672386,15145
"José Suarez","LAA",,52.3333,0,0.06114380061626434,0.06114380061626434,19911
"Yosver Zulueta","CIN",,16.3333,0,0.0600416362285614,0.0600416362285614,27765
"Andrés Chaparro","WSN",132,,0.05938073992729187,,0.05938073992729187,21797
"Dominic Canzone","SEA",188,,0.057214971631765366,,0.057214971631765366,26438
"Oswald Peraza","NYY",11,,0.05719655007123947,,0.05719655007123947,22823
"Joey Loperfido","- - -",262,,0.05702194571495056,,0.05702194571495056,29630
"Richard Lovelady","- - -",,34.3332,0,0.055913252755999565,0.055913252755999565,19337
"Tommy Kahnle","NYY",,42.6666,0,0.05539839342236519,0.05539839342236519,11384
"Scott Blewett","MIN",,20.3333,0,0.05476268753409386,0.05476268753409386,16427
"Peter Strzelecki","CLE",,11.6666,0,0.05467746779322624,0.05467746779322624,21367
"Charles Leblanc","LAA",28,,0.05386517941951752,,0.05386517941951752,19813
"Nick Vespi","BAL",,12.3333,0,0.05367469787597656,0.05367469787597656,21093
"Nick Ramirez","LAD",,13.3333,0,0.05308469384908676,0.05308469384908676,12575
"Jordyn Adams","LAA",38,,0.05073653534054756,,0.05073653534054756,23788
"Robbie Ray","SFG",,30.6666,0,0.05027121305465698,0.05027121305465698,11486
"Brett de Geus","- - -",,11.3332,0,0.050173148076282814,0.050173148076282814,23592
"Ricky Vanasco","- - -",,4,0,0.04973225295543671,0.04973225295543671,23391
"Xzavion Curry","- - -",,42.6666,0,0.0486566498875618,0.0486566498875618,25595
"Max Lazar","PHI",,13.6666,0,0.047183360904455185,0.047183360904455185,23426
"José Marte","LAA",,19.3333,0,0.04630441218614578,0.04630441218614578,21761
"Shaun Anderson","- - -",,16.3333,0,0.04555376060307026,0.04555376060307026,19453
"Scott Barlow","CLE",,55,0,0.044521912932395935,0.044521912932395935,14993
"Steven Matz","STL",,44.3333,0,0.044417787343263626,0.044417787343263626,13361
"Kyle Tyler","MIA",,31.6666,0,0.042068760842084885,0.042068760842084885,22092
"Luis Guillorme","- - -",187,3,0.12509353458881378,-0.08322511240839958,0.0418684221804142,16451
"Samad Taylor","SEA",5,,0.04166063293814659,,0.04166063293814659,22274
"Jackson Jobe","DET",,4,0,0.041435789316892624,0.041435789316892624,30203
"Héctor Neris","- - -",,59.3333,0,0.04112263768911362,0.04112263768911362,11804
"Jordan Lyles","KCR",,5,0,0.04107256233692169,0.04107256233692169,7593
"José Ureña","TEX",,109,0,0.040080755949020386,0.040080755949020386,11589
"Colin Selby","- - -",,7,0,0.03984755277633667,0.03984755277633667,24986
"Josh Walker","NYM",,12.3333,0,0.03981328383088112,0.03981328383088112,23617
"Alek Manoah","TOR",,24.3333,0,0.039545703679323196,0.039545703679323196,26410
"Cade Marlowe","SEA",9,,0.038944438099861145,,0.038944438099861145,25505
"José Quijada","LAA",,19.3333,0,0.03809470683336258,0.03809470683336258,19200
"Jacob Wilson","OAK",103,,0.037912189960479736,,0.037912189960479736,33266
"David Buchanan","CIN",,3.3333,0,0.037444040179252625,0.037444040179252625,11176
"Tyler Duffey","KCR",,9,0,0.03635786473751068,0.03635786473751068,13758
"Carson Spiers","CIN",,90.6666,0,0.03407932445406914,0.03407932445406914,27685
"Will Klein","- - -",,7.3332,0,0.03201060742139816,0.03201060742139816,27787
"Charlie Blackmon","COL",499,,0.030850717797875404,,0.030850717797875404,7859
"Dakota Hudson","COL",,89,0,0.030489375814795494,0.030489375814795494,19206
"Nick Pratto","KCR",,1,0,0.029632043093442917,0.029632043093442917,22117
"Austin Davis","SDP",,7,0,0.028739087283611298,0.028739087283611298,17117
"Daniel Lynch IV","KCR",,43.3333,0,0.028015146031975746,0.028015146031975746,21537
"Kyle Manzardo","CLE",156,,0.02648504637181759,,0.02648504637181759,29794
"Nick Avila","SFG",,11.6666,0,0.02635815180838108,0.02635815180838108,25667
"Diego Castillo","MIN",,10,0,0.025413159281015396,0.025413159281015396,17496
"Caleb Boushley","MIN",,4,0,0.024586593732237816,0.024586593732237816,19736
"Kody Clemens","PHI",120,1,0.09890139847993851,-0.07442089170217514,0.024480506777763367,20572
"Dylan Dodd","ATL",,2,0,0.024415209889411926,0.024415209889411926,29928
"José Tena","- - -",168,,0.02356511354446411,,0.02356511354446411,23691
"Aaron Schunk","COL",98,,0.02353513240814209,,0.02353513240814209,25524
"Santiago Espinal","CIN",391,,0.02337619662284851,,0.02337619662284851,19997
"Gavin Hollowell","CHC",,1.3333,0,0.021671302616596222,0.021671302616596222,25427
"Kenta Maeda","DET",,112.3333,0,0.020252389833331108,0.020252389833331108,18498
"Forrest Whitley","HOU",,3.3333,0,0.020114371553063393,0.020114371553063393,19586
"Myles Straw","CLE",4,,0.01858518272638321,,0.01858518272638321,17620
"Marc Church","TEX",,1,0,0.018373223021626472,0.018373223021626472,26353
"Jacob Barnes","WSN",,66,0,0.01825196109712124,0.01825196109712124,12323
"Ian Gibaut","CIN",,2,0,0.016953466460108757,0.016953466460108757,17871
"J.B. Bukauskas","MIL",,6,0,0.016312260180711746,0.016312260180711746,20491
"Adam Kloffenstein","STL",,1,0,0.016185373067855835,0.016185373067855835,24493
"Austin Adams","OAK",,41.3333,0,0.01610165648162365,0.01610165648162365,13801
"Chasen Shreve","COL",,1,0,0.01567704603075981,0.01567704603075981,10855
"Blake Dunn","CIN",29,,0.015466463752090931,,0.015466463752090931,29487
"Adam Oller","MIA",,42.3333,0,0.015419897623360157,0.015419897623360157,20132
"Brandon Lockridge","SDP",12,,0.01465239655226469,,0.01465239655226469,21496
"Orlando Ribalta","WSN",,3.3333,0,0.014455627650022507,0.014455627650022507,26247
"Phil Bickford","NYY",,8.3333,0,0.013927740976214409,0.013927740976214409,18519
"Ben Gamel","- - -",99,,0.013602912425994873,,0.013602912425994873,12160
"Ryan Yarbrough","- - -",,98.66659999999999,0,0.012977182865142822,0.012977182865142822,16502
"Isaac Mattson","PIT",,5.3333,0,0.012921561487019062,0.012921561487019062,20385
"Josh Maciejewski","NYY",,7,0,0.011807849630713463,0.011807849630713463,21310
"Spencer Strider","ATL",,9,0,0.011701970361173153,0.011701970361173153,27498
"Noah Davis","COL",,20.3333,0,0.010163246653974056,0.010163246653974056,25862
"Trevor McDonald","SFG",,3,0,0.009100458584725857,0.009100458584725857,26448
"Gordon Graceffo","STL",,7.6666,0,0.0069922893308103085,0.0069922893308103085,29519
"Evan Kravetz","CIN",,0.6666,0,0.006562798749655485,0.006562798749655485,27536
"Luis F. Ortiz","PHI",,0.6666,0,0.006500494200736284,0.006500494200736284,16942
"Brandon Eisert","TOR",,6.6666,0,0.005948406644165516,0.005948406644165516,27668
"Eddy Alvarez","NYM",11,1,0.0059384689666330814,-0.00036566497874446213,0.005572803987888619,16959
"Miguel Díaz","HOU",,1,0,0.005477257538586855,0.005477257538586855,18815
"Tyler Jay","- - -",,7.6666,0,0.005230580107308924,0.005230580107308924,17952
"Geoff Hartlieb","COL",,9,0,0.005046704318374395,0.005046704318374395,19558
"Jorge Barrosa","ARI",18,,0.0042113047093153,,0.0042113047093153,23968
"Gerardo Reyes","OAK",,4,0,0.00405156658962369,0.00405156658962369,16306
"Casey Kelly","CIN",,5.3333,0,0.003515321994200349,0.003515321994200349,9174
"Tucker Davidson","BAL",,4.6666,0,0.003453677985817194,0.003453677985817194,19871
"Walter Pennington","- - -",,17.9999,0,0.002877475693821907,0.002877475693821907,27624
"Joe Hudson","NYM",,,0.0019523859955370426,,0.0019523859955370426,14412
"Avisaíl García","MIA",51,,0.0015071324305608869,,0.0015071324305608869,5760
"Alex Young","- - -",,15.6666,0,0.0009480342268943787,0.0009480342268943787,18333
"Zach DeLoach","CHW",75,,0.0007400879985652864,,0.0007400879985652864,27471
"Zac Kristofak","LAA",,2,0,0.00039181613828986883,0.00039181613828986883,27585
"José Azocar","SDP",79,,0.00030809632153250277,,0.00030809632153250277,18821
"Dylan Coleman","HOU",,1,0,0.00021488154015969485,0.00021488154015969485,22276
"Carl Edwards Jr.","SDP",,0,0,0,0,13607
"Wander Suero","HOU",,0,0,0,0,15855
"Sam Huff","TEX",4,,-0.00014202938473317772,,-0.00014202938473317772,22209
"Cole Winn","TEX",,17.3333,0,-0.00031338215922005475,-0.00031338215922005475,22113
"Anthony Misiewicz","NYY",,1,0,-0.0011342144571244717,-0.0011342144571244717,18152
"Keaton Winn","SFG",,55.3333,0,-0.0012125710491091013,-0.0012125710491091013,23499
"Raymond Burgos","SFG",,1,0,-0.001475136261433363,-0.001475136261433363,22370
"Amir Garrett","LAA",,5.3333,0,-0.002046976936981082,-0.002046976936981082,14375
"Austin Voth","SEA",,61,0,-0.0030331481248140335,-0.0030331481248140335,15047
"Kirby Snead","SEA",,10.3333,0,-0.0033638940658420324,-0.0033638940658420324,19179
"Evan Justice","COL",,0.3333,0,-0.003504594089463353,-0.003504594089463353,30008
"Jacob Waguespack","TBR",,10,0,-0.0036956174299120903,-0.0036956174299120903,18318
"Zach Logue","LAD",,2,0,-0.0044549619778990746,-0.0044549619778990746,20231
"Carlos Narváez","NYY",15,,-0.004594186786562204,,-0.004594186786562204,19722
"Oscar Colás","CHW",38,,-0.004855609033256769,,-0.004855609033256769,30162
"Troy Taylor","SEA",,19.3333,0,-0.005096763838082552,-0.005096763838082552,31883
"Keider Montero","DET",,98.3333,0,-0.005173725541681051,-0.005173725541681051,22630
"Jeff Criswell","COL",,19.6666,0,-0.005685396492481232,-0.005685396492481232,27608
"Ryan Loutos","STL",,2.3333,0,-0.006142621859908104,-0.006142621859908104,29521
"Logan Allen","ARI",,28,0,-0.006215494591742754,-0.006215494591742754,18555
"Drew Waters","KCR",19,,-0.010012946091592312,,-0.010012946091592312,20505
"Jake Eder","CHW",,2,0,-0.010205196216702461,-0.010205196216702461,27590
"Kevin Smith","NYY",,,-0.011156544089317322,,-0.011156544089317322,20242
"James Meeker","MIL",,1,0,-0.011348508298397064,-0.011348508298397064,29891
"Eric Wagaman","LAA",74,,-0.011461218819022179,,-0.011461218819022179,23395
"Jhonny Pereda","MIA",40,0.3333,-0.013498898595571518,0.0018577802693471313,-0.011641118326224387,19802
"José Devers","MIA",4,,-0.01167712826281786,,-0.01167712826281786,20540
"Ryder Ryan","PIT",,20.6666,0,-0.014330013655126095,-0.014330013655126095,19891
"Alan Busenitz","CIN",,4,0,-0.01490810513496399,-0.01490810513496399,15239
"René Pinto","TBR",49,,-0.014970596879720688,,-0.014970596879720688,19859
"Logan Gillaspie","SDP",,11.3333,0,-0.017491940408945084,-0.017491940408945084,22461
"Bradley Blalock","- - -",,30.6666,0,-0.01843471871688962,-0.01843471871688962,26419
"Kyle Finnegan","WSN",,63.6666,0,-0.018538907170295715,-0.018538907170295715,15009
"Edouard Julien","MIN",301,,-0.02107723243534565,,-0.02107723243534565,27534
"J.P. Martínez","ATL",10,,-0.021414123475551605,,-0.021414123475551605,24451
"Joe Kelly","LAD",,32,0,-0.02165856957435608,-0.02165856957435608,9761
"David Bañuelos","BAL",1,,-0.021925926208496094,,-0.021925926208496094,23250
"Chris Roller","MIL",1,,-0.021961115300655365,,-0.021961115300655365,23557
"Eric Yang","CIN",1,,-0.023166684433817863,,-0.023166684433817863,27698
"Nick Robertson","- - -",,13.3333,0,-0.024072878062725067,-0.024072878062725067,26226
"DaShawn Keirsey Jr.","MIN",14,,-0.025109659880399704,,-0.025109659880399704,24496
"Wes Parsons","- - -",,9,0,-0.026665054261684418,-0.026665054261684418,14764
"Willie Calhoun","LAA",254,,-0.027672147378325462,,-0.027672147378325462,17838
"Carlos Rodriguez","MIL",,12.3333,0,-0.028419168666005135,-0.028419168666005135,30161
"David Fletcher","ATL",9,,-0.028478581458330154,,-0.028478581458330154,17992
"Zach Penrod","BOS",,4,0,-0.02868460863828659,-0.02868460863828659,25368
"Ryne Stanek","- - -",,55.3333,0,-0.028777241706848145,-0.028777241706848145,15947
"Tyler Gilbert","PHI",,8.3333,0,-0.029208974912762642,-0.029208974912762642,17964
"Brent Headrick","MIN",,3,0,-0.03429108113050461,-0.03429108113050461,27702
"Lake Bachar","MIA",,9.3333,0,-0.03467237204313278,-0.03467237204313278,19222
"Emmanuel Ramirez","MIA",,20.6666,0,-0.03499908000230789,-0.03499908000230789,17304
"Angel Martínez","CLE",169,,-0.03594915568828583,,-0.03594915568828583,26540
"Cristian Pache","- - -",183,,-0.0369444265961647,,-0.0369444265961647,19948
"Seby Zavala","SEA",43,,-0.03728063404560089,,-0.03728063404560089,18887
"Billy McKinney","PIT",28,,-0.03869370371103287,,-0.03869370371103287,15654
"Daniel Johnson","BAL",1,,-0.03895721212029457,,-0.03895721212029457,19643
"Joey Lucchesi","NYM",,10.3333,0,-0.03943159058690071,-0.03943159058690071,19320
"Abner Uribe","MIL",,14.3333,0,-0.03967910259962082,-0.03967910259962082,25327
"Janson Junk","- - -",,8,0,-0.039809178560972214,-0.039809178560972214,23301
"Josh Fleming","PIT",,31.3333,0,-0.041142165660858154,-0.041142165660858154,20418
"Jairo Iriarte","CHW",,6,0,-0.04130455479025841,-0.04130455479025841,26907
"Randy Dobnak","MIN",,9.6666,0,-0.04175024479627609,-0.04175024479627609,23798
"Eli Villalobos","MIA",,4.3333,0,-0.04224635660648346,-0.04224635660648346,20408
"Justin Bruihl","PIT",,5.6666,0,-0.04270375147461891,-0.04270375147461891,23779
"Daniel Robert","TEX",,5.6666,0,-0.04352515563368797,-0.04352515563368797,21229
"Sammy Peralta","CHW",,15,0,-0.04369855299592018,-0.04369855299592018,25589
"Daniel Duarte","MIN",,4,0,-0.04511366784572601,-0.04511366784572601,17480
"Yuli Gurriel","KCR",65,,-0.04540236294269562,,-0.04540236294269562,19198
"Jakson Reetz","SFG",15,,-0.04569514840841293,,-0.04569514840841293,17837
"Jackson Holliday","BAL",208,,-0.04597601667046547,,-0.04597601667046547,31781
"Josh Rogers","COL",,11,0,-0.04632924124598503,-0.04632924124598503,18510
"Josiah Gray","WSN",,8.3333,0,-0.04639618098735809,-0.04639618098735809,24580
"Jacob Hurtubise","CIN",68,,-0.047343574464321136,,-0.047343574464321136,27599
"Bryce Johnson","SDP",73,,-0.047536153346300125,,-0.047536153346300125,20002
"Jackson Stephens","ATL",,3.3333,0,-0.047625117003917694,-0.047625117003917694,14420
"Ryan Borucki","PIT",,11,0,-0.0479244738817215,-0.0479244738817215,16350
"Alex Speas","HOU",,2,0,-0.047972310334444046,-0.047972310334444046,21859
"Thomas Saggese","STL",52,,-0.04869486391544342,,-0.04869486391544342,27883
"Austin Warren","SFG",,10.6666,0,-0.04911773279309273,-0.04911773279309273,24937
"Jack O'Loughlin","OAK",,9.6666,0,-0.0498528778553009,-0.0498528778553009,22690
"Tejay Antone","CIN",,2,0,-0.05071820318698883,-0.05071820318698883,16233
"A.J. Minter","ATL",,34.3333,0,-0.05245845392346382,-0.05245845392346382,18655
"Jhonathan Díaz","SEA",,9.6666,0,-0.05436607450246811,-0.05436607450246811,20298
"Amos Willingham","WSN",,1,0,-0.055083636194467545,-0.055083636194467545,26128
"Chayce McDermott","BAL",,4,0,-0.05617225915193558,-0.05617225915193558,29866
"Joe Jacques","- - -",,2.9999,0,-0.05681212246417999,-0.05681212246417999,25178
"J.P. France","HOU",,25.3333,0,-0.05686332657933235,-0.05686332657933235,21212
"Nick Yorke","PIT",42,,-0.056914038956165314,,-0.056914038956165314,27504
"Ildemaro Vargas","WSN",303,2,0.016522662714123726,-0.07483424991369247,-0.05831158719956875,13324
"Matt Krook","BAL",,1,0,-0.05926002562046051,-0.05926002562046051,19315
"Cody Bolton","SEA",,18.6666,0,-0.0599297396838665,-0.0599297396838665,23265
"Tyler Zuber","TBR",,3.3333,0,-0.060317669063806534,-0.060317669063806534,20379
"Joan Adon","WSN",,10.6666,0,-0.061242930591106415,-0.061242930591106415,22925
"Brady Feigl","PIT",,1.6665999999999999,0,-0.061422623693943024,-0.061422623693943024,15968
"Adam Cimber","LAA",,24.3333,0,-0.06178046017885208,-0.06178046017885208,15288
"Vladimir Gutierrez","MIA",,4,0,-0.0622275248169899,-0.0622275248169899,19278
"Austin Kitchen","MIA",,7,0,-0.062285348773002625,-0.062285348773002625,27910
"Casey Legumina","CIN",,9.3333,0,-0.06264954805374146,-0.06264954805374146,25921
"Alex Wood","OAK",,39.3333,0,-0.06289693713188171,-0.06289693713188171,13781
"Caleb Kilian","CHC",,10.6666,0,-0.06441637128591537,-0.06441637128591537,26213
"Conner Capel","CIN",8,,-0.06507168710231781,,-0.06507168710231781,19983
"Jack Neely","CHC",,6,0,-0.06600425392389297,-0.06600425392389297,30106
"Tyler Phillips","PHI",,36.6666,0,-0.06648430973291397,-0.06648430973291397,20629
"Mason Englert","DET",,21.6666,0,-0.0664912611246109,-0.0664912611246109,22288
"Orelvis Martinez","TOR",3,,-0.06665453314781189,,-0.06665453314781189,25967
"Tommy Pham","- - -",478,,-0.06757552549242973,,-0.06757552549242973,2967
"Tyler Black","MIL",57,,-0.06759196519851685,,-0.06759196519851685,29949
"Dillon Dingler","DET",87,,-0.06917987018823624,,-0.06917987018823624,27464
"Anthony Rendon","LAA",238,,-0.0711277648806572,,-0.0711277648806572,12861
"Spencer Howard","- - -",,29,0,-0.07142950594425201,-0.07142950594425201,23252
"Dallas Keuchel","MIL",,16.6666,0,-0.07181590050458908,-0.07181590050458908,9434
"Andrew Wantz","LAA",,1.3333,0,-0.07234066724777222,-0.07234066724777222,24933
"David Villar","SFG",37,,-0.07363808155059814,,-0.07363808155059814,24782
"Germán Márquez","COL",,4,0,-0.07457833737134933,-0.07457833737134933,15038
"Vinny Capra","MIL",9,,-0.07488126307725906,,-0.07488126307725906,25040
"Jonah Heim","TEX",491,,-0.07503876835107803,,-0.07503876835107803,16930
"Ben Heller","PIT",,12,0,-0.07610975205898285,-0.07610975205898285,15100
"Owen White","TEX",,3,0,-0.07698363065719604,-0.07698363065719604,22273
"Miguel Sanó","LAA",95,0.3333,-0.08049604296684265,0.0019437605515122414,-0.07855228241533041,12164
"Blaze Alexander","ARI",185,,-0.07919492572546005,,-0.07919492572546005,23789
"Ryan McKenna","- - -",15,,-0.08004243671894073,,-0.08004243671894073,19928
"Josh Bell","- - -",603,,-0.08371618390083313,,-0.08371618390083313,13145
"Scott Effross","NYY",,3.3333,0,-0.08432324230670929,-0.08432324230670929,18384
"Edwin Ríos","CIN",10,,-0.08462927490472794,,-0.08462927490472794,18316
"Matt Foster","CHW",,6.6666,0,-0.08467395603656769,-0.08467395603656769,19647
"Valente Bellozo","MIA",,68.6666,0,-0.0846896842122078,-0.0846896842122078,23899
"Luis Vázquez","CHC",14,,-0.08476492017507553,,-0.08476492017507553,23442
"Matt Andriese","MIA",,6,0,-0.0850604847073555,-0.0850604847073555,12022
"Julio Teheran","NYM",,2.6666,0,-0.08720523118972778,-0.08720523118972778,6797
"Drew Thorpe","CHW",,44.3333,0,-0.08828648179769516,-0.08828648179769516,31967
"Tyler Kinley","COL",,64,0,-0.09216557443141937,-0.09216557443141937,18297
"Gustavo Campero","LAA",48,,-0.09298330545425415,,-0.09298330545425415,22707
"Dinelson Lamet","LAD",,4.3333,0,-0.09323696047067642,-0.09323696047067642,17186
"JoJo Romero","STL",,59,0,-0.09336253255605698,-0.09336253255605698,19574
"Dan Altavilla","KCR",,3.6666,0,-0.09471707046031952,-0.09471707046031952,16507
"Jerar Encarnacion","SFG",119,,-0.09479201585054398,,-0.09479201585054398,21871
"Lyon Richardson","CIN",,0.6666,0,-0.09487684816122055,-0.09487684816122055,24581
"Grant Hartwig","NYM",,6.6666,0,-0.09516200423240662,-0.09516200423240662,29946
"Easton Lucas","- - -",,11.6665,0,-0.09551769262179732,-0.09551769262179732,26058
"Dane Dunning","TEX",,95,0,-0.09874230623245239,-0.09874230623245239,19409
"Walker Buehler","LAD",,75.3333,0,-0.10047700256109238,-0.10047700256109238,19374
"Kyle Nelson","ARI",,10.6666,0,-0.10083360970020294,-0.10083360970020294,20515
"Sam Aldegheri","LAA",,13,0,-0.10128268599510193,-0.10128268599510193,26443
"Parker Mushinski","HOU",,11,0,-0.1039060428738594,-0.1039060428738594,21324
"Chase Silseth","LAA",,8,0,-0.10474584996700287,-0.10474584996700287,30074
"Ron Marinaccio","NYY",,23.3333,0,-0.10482674837112427,-0.10482674837112427,23488
"Yoendrys Gómez","NYY",,11.3333,0,-0.10553021728992462,-0.10553021728992462,22872
"Brian Anderson","ATL",5,,-0.10566826164722443,,-0.10566826164722443,18289
"Aramis Garcia","PHI",7,,-0.10609737783670425,,-0.10609737783670425,16925
"Kody Funderburk","MIN",,34.6666,0,-0.10649343580007553,-0.10649343580007553,24993
"Jon Singleton","HOU",405,,-0.10712476819753647,,-0.10712476819753647,10441
"Ryan Miller","LAA",,13,0,-0.1082228347659111,-0.1082228347659111,22187
"Rich Hill","BOS",,3.6666,0,-0.10852373391389847,-0.10852373391389847,4806
"Trey Wingenter","- - -",,8.3333,0,-0.10909276455640793,-0.10909276455640793,17793
"Joely Rodríguez","BOS",,13.6666,0,-0.10962672531604767,-0.10962672531604767,11487
"Aaron Brooks","OAK",,26.6666,0,-0.11133722960948944,-0.11133722960948944,12272
"Wade Miley","MIL",,7,0,-0.11144798994064331,-0.11144798994064331,8779
"Jordan Wicks","CHC",,46,0,-0.1116684079170227,-0.1116684079170227,30094
"Sandro Fabian","TEX",5,,-0.11196885257959366,,-0.11196885257959366,19910
"Andrew Saalfrank","ARI",,1,0,-0.11237960308790207,-0.11237960308790207,26203
"Luke Jackson","- - -",,53,0,-0.1124720498919487,-0.1124720498919487,11752
"Nick Maton","BAL",5,,-0.1125388890504837,,-0.1125388890504837,21635
"Deivi García","CHW",,14,0,-0.11342623084783554,-0.11342623084783554,20276
"Seranthony Domínguez","- - -",,58.6666,0,-0.11438712477684021,-0.11438712477684021,19249
"Brett Sullivan","SDP",17,,-0.11453858762979507,,-0.11453858762979507,18217
"Alex Jackson","TBR",155,,-0.11585473269224167,,-0.11585473269224167,17276
"Tyler Gentry","KCR",5,,-0.11603908240795135,,-0.11603908240795135,27784
"Nick Burdi","NYY",,9.6666,0,-0.11616199463605881,-0.11616199463605881,16074
"Anthony Gose","CLE",,4.3333,0,-0.11707188934087753,-0.11707188934087753,5097
"Jair Camargo","MIN",7,,-0.11864230781793594,,-0.11864230781793594,21730
"Mike Clevinger","CHW",,16,0,-0.12014950811862946,-0.12014950811862946,12808
"Blair Henley","HOU",,0.3333,0,-0.12045180052518845,-0.12045180052518845,26190
"Kevin Alcántara","CHC",10,,-0.12052135169506073,,-0.12052135169506073,25971
"Zach Brzykcy","WSN",,5.6666,0,-0.12075594067573547,-0.12075594067573547,27783
"Luken Baker","STL",49,,-0.1209203377366066,,-0.1209203377366066,21497
"Antonio Senzatela","COL",,12.3333,0,-0.12144345790147781,-0.12144345790147781,15488
"Taylor Trammell","- - -",8,,-0.12301015947014093,,-0.12301015947014093,19960
"Grant Koch","PIT",8,,-0.1230102926492691,,-0.1230102926492691,22045
"Luis Frías","- - -",,9.6666,0,-0.1283576413989067,-0.1283576413989067,21997
"Tim Mayza","- - -",,42.6666,0,-0.13004950620234013,-0.13004950620234013,15042
"Duke Ellis","- - -",5,,-0.1304197907447815,,-0.1304197907447815,27543
"Clayton Andrews","NYY",,0.3333,0,-0.13064976036548615,-0.13064976036548615,23631
"Rafael Ortega","CHW",17,,-0.1318269670009613,,-0.1318269670009613,10323
"Ky Bush","CHW",,17.6666,0,-0.13264891505241394,-0.13264891505241394,29823
"Tony Kemp","BAL",10,,-0.13278749585151672,,-0.13278749585151672,14894
"Bubba Thompson","CIN",18,,-0.13476063311100006,,-0.13476063311100006,22261
"Parker Dunshee","ATL",,2.3333,0,-0.13550899922847748,-0.13550899922847748,20018
"Rob Brantly","TBR",9,,-0.13674767315387726,,-0.13674767315387726,10655
"Andrew Knapp","SFG",6,,-0.1372094452381134,,-0.1372094452381134,14942
"Nick Hernandez","HOU",,8,0,-0.1379518061876297,-0.1379518061876297,19281
"Mike Burrows","PIT",,3.3333,0,-0.1382880061864853,-0.1382880061864853,24728
"Lucas Gilbreath","COL",,1,0,-0.13832737505435944,-0.13832737505435944,21290
"Victor Mederos","LAA",,5.3333,0,-0.13858367502689362,-0.13858367502689362,31533
"Jared Walsh","TEX",60,,-0.13878080248832703,,-0.13878080248832703,18607
"Eric Orze","NYM",,1.6665999999999999,0,-0.13926270604133606,-0.13926270604133606,27626
"Ricardo Pinto","PHI",,10.6666,0,-0.1402348279953003,-0.1402348279953003,16318
"Gerson Garabito","TEX",,26.3333,0,-0.1403430551290512,-0.1403430551290512,19835
"Luis De Los Santos","TOR",31,,-0.14038273692131042,,-0.14038273692131042,21682
"Jasson Domínguez","NYY",67,,-0.14038316905498505,,-0.14038316905498505,28080
"Joe La Sorsa","WSN",,17.6666,0,-0.14140741527080536,-0.14140741527080536,25481
"Jacob Lopez","TBR",,10.3333,0,-0.1423197239637375,-0.1423197239637375,25098
"Adrian Houser","NYM",,69.3333,0,-0.1425122618675232,-0.1425122618675232,12718
"Jonathan Ornelas","TEX",40,,-0.14293242990970612,,-0.14293242990970612,24597
"Danny Mendick","CHW",141,1,-0.15023218095302582,0.006729491055011749,-0.14350268989801407,18889
"Liover Peguero","PIT",10,,-0.14354610443115234,,-0.14354610443115234,24273
"Andrew Vaughn","CHW",619,,-0.14525145292282104,,-0.14525145292282104,26197
"Jaden Hill","COL",,10.6666,0,-0.14546102285385132,-0.14546102285385132,30250
"Seth Johnson","PHI",,2.3333,0,-0.14603818953037262,-0.14603818953037262,26020
"Jamie Westbrook","BOS",48,,-0.1465875506401062,,-0.1465875506401062,15504
"Bryan Shaw","CHW",,4,0,-0.14690284430980682,-0.14690284430980682,8110
"Andrew Benintendi","CHW",522,,-0.1469530314207077,,-0.1469530314207077,17901
"Matt Thaiss","LAA",186,,-0.14942416548728943,,-0.14942416548728943,19318
"Brandon Leibrandt","CIN",,6.3333,0,-0.15071076154708862,-0.15071076154708862,16135
"Touki Toussaint","CHW",,23,0,-0.1511688232421875,-0.1511688232421875,16929
"Seth Martinez","HOU",,52.6666,0,-0.15278419852256775,-0.15278419852256775,21045
"Adolis García","TEX",637,,-0.15333767235279083,,-0.15333767235279083,19287
"Darius Vines","ATL",,13.6666,0,-0.15403297543525696,-0.15403297543525696,25928
"Brewer Hicklen","MIL",5,,-0.1562764197587967,,-0.1562764197587967,20450
"Cooper Hummel","HOU",8,,-0.1594841331243515,,-0.1594841331243515,19458
"Matt Carasiti","COL",,8.6666,0,-0.1612974852323532,-0.1612974852323532,13276
"Trenton Brooks","SFG",29,,-0.16184337437152863,,-0.16184337437152863,19384
"Tyler Beede","CLE",,14,0,-0.1634148508310318,-0.1634148508310318,16981
"Shelby Miller","DET",,55.6666,0,-0.16385532915592194,-0.16385532915592194,10197
"Taylor Walls","TBR",252,,-0.16544733941555023,,-0.16544733941555023,22458
"Brian Serven","TOR",71,,-0.1661704033613205,,-0.1661704033613205,19422
"Jason Vosler","SEA",30,,-0.1686180979013443,,-0.1686180979013443,16686
"Yonny Chirinos","MIA",,30,0,-0.16963858902454376,-0.16963858902454376,16401
"Miguel Castro","ARI",,13.6666,0,-0.17003729939460754,-0.17003729939460754,15684
"Kai-Wei Teng","SFG",,11,0,-0.1709192544221878,-0.1709192544221878,24282
"Brandon Williamson","CIN",,14.3333,0,-0.17113766074180603,-0.17113766074180603,25463
"Javier Sanoja","MIA",36,,-0.17193596065044403,,-0.17193596065044403,28253
"Luke Williams","ATL",52,4,-0.1703447550535202,-0.003104431787505746,-0.17344918684102595,19931
"John Curtiss","COL",,2.3333,0,-0.17574642598628998,-0.17574642598628998,16128
"Austin Slater","- - -",212,,-0.17782628536224365,,-0.17782628536224365,16153
"Tyler Locklear","SEA",49,,-0.17855596542358398,,-0.17855596542358398,31396
"Forrest Wall","- - -",35,,-0.1792321321554482,,-0.1792321321554482,16496
"Jonathan Bermúdez","MIA",,6.6666,0,-0.17989476025104523,-0.17989476025104523,21241
"Riley O'Brien","STL",,8,0,-0.18118901550769806,-0.18118901550769806,20348
"Isaac Collins","MIL",19,,-0.18228399753570557,,-0.18228399753570557,25477
"Michael Petersen","- - -",,19.6666,0,-0.18256398662924767,-0.18256398662924767,20827
"Levi Jordan","CIN",11,,-0.18393848836421967,,-0.18393848836421967,25138
"Matt Sauer","KCR",,16.3333,0,-0.18403556942939758,-0.18403556942939758,22284
"Zebby Matthews","MIN",,37.6666,0,-0.18418189883232117,-0.18418189883232117,31827
"Jose E. Hernandez","PIT",,5.3333,0,-0.1844121664762497,-0.1844121664762497,22318
"Tyler Matzek","ATL",,10,0,-0.18603870272636414,-0.18603870272636414,10058
"David Bednar","PIT",,57.6666,0,-0.1863866001367569,-0.1863866001367569,19569
"Elieser Hernández","- - -",,15.6666,0,-0.18663720600306988,-0.18663720600306988,16933
"Trey Cabbage","HOU",91,,-0.18764646351337433,,-0.18764646351337433,21078
"Joey Gallo","WSN",260,,-0.18819403648376465,,-0.18819403648376465,14128
"Alek Thomas","ARI",103,,-0.18871645629405975,,-0.18871645629405975,23792
"J.P. Feyereisen","LAD",,11,0,-0.19256377220153809,-0.19256377220153809,16610
"Anthony Rizzo","NYY",375,,-0.19281208515167236,,-0.19281208515167236,3473
"Blake Walston","ARI",,18.3333,0,-0.19294364750385284,-0.19294364750385284,26270
"Tristan Gray","- - -",31,,-0.1929740123450756,,-0.1929740123450756,19877
"Manuel Margot","MIN",343,,-0.19551987946033478,,-0.19551987946033478,14712
"Tom Cosgrove","SDP",,14.6666,0,-0.1956736445426941,-0.1956736445426941,23443
"Nick Loftin","KCR",171,1,-0.20129692554473877,0.005503381602466106,-0.19579354394227266,27630
"Tanner Rainey","WSN",,51,0,-0.19766870141029358,-0.19766870141029358,17610
"Chris Stratton","KCR",,58.3333,0,-0.19910308718681335,-0.19910308718681335,13761
"JT Chargois","- - -",,36.3332,0,-0.1997126340866089,-0.1997126340866089,13767
"Jesse Chavez","ATL",,63.3333,0,-0.20062802731990814,-0.20062802731990814,5448
"Donovan Walton","SFG",25,1,-0.21743525564670563,0.016422376036643982,-0.20101287961006165,19314
"Kenny Rosenberg","LAA",,24,0,-0.2010296881198883,-0.2010296881198883,20009
"Riley Pint","COL",,3.3333,0,-0.2017667591571808,-0.2017667591571808,21858
"Niko Kavadas","LAA",106,,-0.20215441286563873,,-0.20215441286563873,29782
"Domingo Germán","PIT",,20.6666,0,-0.20374664664268494,-0.20374664664268494,17149
"Matt Carpenter","STL",157,,-0.20619678497314453,,-0.20619678497314453,8090
"DJ Stewart","NYM",194,,-0.21238765120506287,,-0.21238765120506287,17766
"David Hensley","MIA",58,2,-0.19221997261047363,-0.022243216633796692,-0.21446318924427032,25111
"Austin Martin","MIN",257,,-0.21491466462612152,,-0.21491466462612152,27462
"Kaleb Ort","HOU",,24.6666,0,-0.21582134068012238,-0.21582134068012238,20061
"Ali Sánchez","MIA",96,,-0.2177058905363083,,-0.2177058905363083,18551
"Johnny Cueto","LAA",,11.3333,0,-0.22412817180156708,-0.22412817180156708,6893
"Nick Anderson","KCR",,35.6666,0,-0.2249460518360138,-0.2249460518360138,18337
"Sean Newcomb","OAK",,10,0,-0.22590236365795135,-0.22590236365795135,16943
"Chas McCormick","HOU",267,,-0.22602757811546326,,-0.22602757811546326,19599
"Sam Haggerty","SEA",16,,-0.2274674028158188,,-0.2274674028158188,18054
"Tanner Gordon","COL",,34.3333,0,-0.23298998177051544,-0.23298998177051544,27669
"Zach Dezenzo","HOU",65,,-0.23328186571598053,,-0.23328186571598053,31562
"Patrick Wisdom","CHC",174,0.3333,-0.21970762312412262,-0.015413757413625717,-0.23512138053774834,13602
"Joey Wendle","NYM",37,,-0.23645778000354767,,-0.23645778000354767,13853
"Esteury Ruiz","OAK",65,,-0.23679539561271667,,-0.23679539561271667,21780
"Cristian Mena","ARI",,3,0,-0.2376096248626709,-0.2376096248626709,27974
"Kameron Misner","TBR",15,,-0.23857051134109497,,-0.23857051134109497,26374
"Matt Bowman","- - -",,30.6664,0,-0.2398307342082262,-0.2398307342082262,13528
"Johnathan Rodríguez","CLE",40,,-0.24130509793758392,,-0.24130509793758392,22530
"Gabriel Arias","CLE",161,,-0.24157489836215973,,-0.24157489836215973,22563
"Daulton Jefferies","- - -",,14.666599999999999,0,-0.24178365990519524,-0.24178365990519524,19345
"MJ Melendez","KCR",451,,-0.24255242943763733,,-0.24255242943763733,22197
"Jack Leiter","TEX",,35.6666,0,-0.24502015113830566,-0.24502015113830566,30146
"Steven Okert","MIN",,35.3333,0,-0.2450864166021347,-0.2450864166021347,13580
"Matt Koch","COL",,0.3333,0,-0.24657483398914337,-0.24657483398914337,13420
"Andruw Monasterio","MIL",142,,-0.24690359830856323,,-0.24690359830856323,19455
"Jonathan Heasley","BAL",,5.3333,0,-0.24801577627658844,-0.24801577627658844,22224
"Angel Chivilli","COL",,31.6666,0,-0.24845483899116516,-0.24845483899116516,26790
"Travis Jankowski","TEX",207,,-0.25008928775787354,,-0.25008928775787354,13768
"Yunior Marte","PHI",,26,0,-0.2503516376018524,-0.2503516376018524,14416
"José Cisnero","LAA",,15.6666,0,-0.25081667304039,-0.25081667304039,6399
"Armando Alvarez","OAK",39,,-0.25382643938064575,,-0.25382643938064575,19292
"Bryse Wilson","MIL",,104.6666,0,-0.25418826937675476,-0.25418826937675476,19990
"Zack Kelly","BOS",,56.6666,0,-0.2550104856491089,-0.2550104856491089,20349
"Jack López","LAA",71,,-0.25568103790283203,,-0.25568103790283203,13663
"Mason Black","SFG",,36.3333,0,-0.2574383318424225,-0.2574383318424225,30171
"Drew Smyly","CHC",,58.6666,0,-0.2597416639328003,-0.2597416639328003,11760
"Davis Wendzel","TEX",49,,-0.2599421739578247,,-0.2599421739578247,26469
"Ben Rice","NYY",178,,-0.26214322447776794,,-0.26214322447776794,29576
"Jake Bloss","HOU",,11.6666,0,-0.2644488513469696,-0.2644488513469696,33168
"Brett Harris","OAK",123,,-0.2650150954723358,,-0.2650150954723358,29788
"Bryce Teodosio","LAA",12,,-0.2651657164096832,,-0.2651657164096832,29524
"Paolo Espino","TOR",,8.6666,0,-0.26677289605140686,-0.26677289605140686,8246
"Jeimer Candelario","CIN",463,,-0.2675335109233856,,-0.2675335109233856,13621
"Riley Adams","WSN",130,,-0.268338680267334,,-0.268338680267334,19864
"Jay Jackson","MIN",,26.3333,0,-0.2699163258075714,-0.2699163258075714,7432
"Grant McCray","SFG",130,,-0.271597683429718,,-0.271597683429718,25690
"Jacob Latz","TEX",,43.6666,0,-0.2760147154331207,-0.2760147154331207,21306
"Akil Baddoo","DET",82,,-0.2806156575679779,,-0.2806156575679779,22168
"Zach Plesac","LAA",,12,0,-0.2836622893810272,-0.2836622893810272,19979
"Allan Winans","ATL",,7.6666,0,-0.2861388027667999,-0.2861388027667999,21238
"Curtis Mead","TBR",132,,-0.28770336508750916,,-0.28770336508750916,23986
"Zack Thompson","STL",,17,0,-0.28798696398735046,-0.28798696398735046,25918
"Adam Mazur","SDP",,33.6666,0,-0.29129940271377563,-0.29129940271377563,31900
"Jordan Romano","TOR",,13.6666,0,-0.29198741912841797,-0.29198741912841797,16122
"Mickey Gasper","BOS",23,,-0.2926710546016693,,-0.2926710546016693,24759
"Spencer Bivens","SFG",,48.6666,0,-0.2936367392539978,-0.2936367392539978,30226
"Brooks Lee","MIN",185,,-0.29500123858451843,,-0.29500123858451843,31595
"Jonathan Bowlan","KCR",,2.6666,0,-0.2952788174152374,-0.2952788174152374,24607
"CJ Alexander","KCR",8,,-0.29923439025878906,,-0.29923439025878906,20557
"Owen Miller","MIL",27,2,-0.23315265774726868,-0.07115236669778824,-0.3043050244450569,24655
"Keibert Ruiz","WSN",485,,-0.3044750392436981,,-0.3044750392436981,19610
"Brendon Little","TOR",,45.6666,0,-0.30531054735183716,-0.30531054735183716,21574
"Graham Pauley","SDP",32,,-0.30912309885025024,,-0.30912309885025024,31363
"Max Meyer","MIA",,57,0,-0.3094373345375061,-0.3094373345375061,27474
"Alika Williams","PIT",96,,-0.3109128177165985,,-0.3109128177165985,27604
"Julian Aguiar","CIN",,31.6666,0,-0.3163599371910095,-0.3163599371910095,30031
"Colin Poche","TBR",,37.3333,0,-0.31860074400901794,-0.31860074400901794,19403
"Jacob Amaya","- - -",72,,-0.3189443852752447,,-0.3189443852752447,23296
"Lucas Sims","- - -",,49.3333,0,-0.319578617811203,-0.319578617811203,13470
"Tyler Wade","SDP",156,,-0.3205680251121521,,-0.3205680251121521,15730
"Jake Cave","COL",346,,-0.32575511932373047,,-0.32575511932373047,14477
"Ryan Vilade","DET",49,,-0.3258831202983856,,-0.3258831202983856,22165
"Justin Wrobleski","LAD",,36.3333,0,-0.3265555500984192,-0.3265555500984192,31204
"Brandon Bielak","- - -",,29.666600000000003,0,-0.328646257519722,-0.328646257519722,19866
"Alex Kirilloff","MIN",178,,-0.3301090598106384,,-0.3301090598106384,20325
"Daniel Vogelbach","TOR",79,,-0.33070316910743713,,-0.33070316910743713,14130
"Joey Wiemer","- - -",28,,-0.33120300993323326,,-0.33120300993323326,27690
"Addison Barger","TOR",225,,-0.3348608911037445,,-0.3348608911037445,24598
"Jake Bird","COL",,40,0,-0.3441598415374756,-0.3441598415374756,21267
"Seth Brown","OAK",400,,-0.3461497724056244,,-0.3461497724056244,18171
"Cole Tucker","LAA",57,1,-0.33618995547294617,-0.010930615477263927,-0.3471205709502101,17326
"James Outman","LAD",156,,-0.34762877225875854,,-0.34762877225875854,24770
"Shay Whitcomb","HOU",46,,-0.3510986268520355,,-0.3510986268520355,27789
"Austin Pruitt","TEX",,4.3333,0,-0.35535937547683716,-0.35535937547683716,15290
"Mitch White","- - -",,23.666600000000003,0,-0.35729966312646866,-0.35729966312646866,19225
"Michael Stefanic","LAA",124,1,-0.36124104261398315,0.00016116051119752228,-0.36107988210278563,25353
"Garrett Cooper","- - -",116,,-0.3622508943080902,,-0.3622508943080902,15279
"Louis Varland","MIN",,49.6666,0,-0.36871665716171265,-0.36871665716171265,27691
"Bryan Sammons","DET",,27.3333,0,-0.3714469075202942,-0.3714469075202942,20462
"Grae Kessinger","HOU",25,1,-0.37699440121650696,0.004955413285642862,-0.3720389879308641,25813
"Jose Cuas","- - -",,16.3333,0,-0.373190775513649,-0.373190775513649,17701
"Will Smith","KCR",,41.3333,0,-0.3797702193260193,-0.3797702193260193,8048
"Daz Cameron","OAK",186,,-0.38042208552360535,,-0.38042208552360535,18353
"Brad Keller","- - -",,41.3332,0,-0.38220784068107605,-0.38220784068107605,15734
"Korey Lee","CHW",394,,-0.3824840188026428,,-0.3824840188026428,25543
"Emerson Hancock","SEA",,60.6666,0,-0.3870184123516083,-0.3870184123516083,27470
"Mitch Garver","SEA",430,,-0.3876492381095886,,-0.3876492381095886,15161
"Isaiah Campbell","BOS",,6.6666,0,-0.38847672939300537,-0.38847672939300537,25551
"Miles Mastrobuoni","CHC",106,,-0.3885461688041687,,-0.3885461688041687,20017
"Drew Romo","COL",53,,-0.38905948400497437,,-0.38905948400497437,27763
"Jonathan Hernández","- - -",,43.3333,0,-0.39686036482453346,-0.39686036482453346,17464
"Thyago Vieira","- - -",,37.999900000000004,0,-0.4009716883301735,-0.4009716883301735,14510
"Adael Amador","COL",36,,-0.40303319692611694,,-0.40303319692611694,27962
"Mike Baumann","- - -",,58.33310000000001,0,-0.40584116242825985,-0.40584116242825985,20206
"Matt Mervis","CHC",28,0.6666,-0.41415834426879883,0.003963107708841562,-0.41019523655995727,27845
"Curt Casali","SFG",125,,-0.41669130325317383,,-0.41669130325317383,12510
"Hurston Waldrep","ATL",,7,0,-0.416869193315506,-0.416869193315506,33527
"Jordan Leasure","CHW",,31.3333,0,-0.4169381260871887,-0.4169381260871887,29950
"Alex Faedo","DET",,57.3333,0,-0.4190951883792877,-0.4190951883792877,19874
"J.D. Davis","- - -",157,,-0.4209698885679245,,-0.4209698885679245,16219
"Ty Adcock","NYM",,4.3333,0,-0.4218839108943939,-0.4218839108943939,25651
"Zack Short","- - -",88,,-0.42403966188430786,,-0.42403966188430786,19562
"Kent Emanuel","MIA",,17.6666,0,-0.4262317419052124,-0.4262317419052124,15849
"Dominic Leone","CHW",,19,0,-0.4294803738594055,-0.4294803738594055,13763
"Bryan Ramos","CHW",108,,-0.43499425053596497,,-0.43499425053596497,25621
"Darren McCaughan","- - -",,42,0,-0.43525293469429016,-0.43525293469429016,20038
"Jace Peterson","ARI",26,,-0.4355758726596832,,-0.4355758726596832,12325
"Génesis Cabrera","TOR",,62.6666,0,-0.43594983220100403,-0.43594983220100403,17490
"Victor González","NYY",,23.3333,0,-0.43888357281684875,-0.43888357281684875,16408
"Victor Scott II","STL",155,,-0.44372043013572693,,-0.44372043013572693,31349
"Tyler Nevin","OAK",278,,-0.44940850138664246,,-0.44940850138664246,17893
"Vidal Bruján","MIA",278,1.6665999999999999,-0.30290135741233826,-0.15381239354610443,-0.4567137509584427,20536
"Wandy Peralta","SDP",,38.3333,0,-0.46240055561065674,-0.46240055561065674,14295
"Caden Dana","LAA",,10.3333,0,-0.4635067880153656,-0.4635067880153656,31508
"Pedro León","HOU",21,,-0.46366769075393677,,-0.46366769075393677,27781
"Rowdy Tellez","PIT",421,2.6666,-0.42882195115089417,-0.036101650446653366,-0.46492360159754753,15679
"DJ LeMahieu","NYY",228,,-0.46556898951530457,,-0.46556898951530457,9874
"Giovanny Gallegos","STL",,20.6666,0,-0.46593695878982544,-0.46593695878982544,14986
"Luis Campusano","SDP",299,,-0.4668281674385071,,-0.4668281674385071,22217
"Roansy Contreras","- - -",,68.33330000000001,0,-0.46719755232334137,-0.46719755232334137,22810
"Nacho Alvarez Jr.","ATL",32,,-0.46882984042167664,,-0.46882984042167664,31765
"Tommy Henry","ARI",,38.3333,0,-0.47117772698402405,-0.47117772698402405,26285
"Darell Hernaiz","OAK",135,,-0.47310182452201843,,-0.47310182452201843,26224
"Nelson Velázquez","KCR",230,,-0.4731583297252655,,-0.4731583297252655,23359
"Kyren Paris","LAA",59,,-0.48034006357192993,,-0.48034006357192993,26420
"Bailey Horn","BOS",,18,0,-0.48120781779289246,-0.48120781779289246,27753
"Jordan Weems","WSN",,41.6666,0,-0.4835713505744934,-0.4835713505744934,13190
"Travis Blankenhorn","WSN",32,,-0.489695280790329,,-0.489695280790329,18395
"Tom Murphy","SFG",38,,-0.4933779835700989,,-0.4933779835700989,13499
"Chase Anderson","- - -",,58.3333,0,-0.49767544120550156,-0.49767544120550156,6895
"Guillo Zuñiga","LAA",,17.6666,0,-0.5008290410041809,-0.5008290410041809,19588
"Nick Martini","CIN",163,,-0.5058067440986633,,-0.5058067440986633,12005
"Tucker Barnhart","ARI",96,1,-0.4480002522468567,-0.06504956632852554,-0.5130498185753822,10200
"Mitch Haniger","SEA",423,,-0.5133697986602783,,-0.5133697986602783,14274
"Keston Hiura","LAA",27,,-0.5169711112976074,,-0.5169711112976074,20003
"Justyn-Henry Malloy","DET",230,,-0.5184486508369446,,-0.5184486508369446,29606
"Adam Frazier","KCR",294,,-0.521303117275238,,-0.521303117275238,15223
"Nick Nastrini","CHW",,35.6666,0,-0.5232110023498535,-0.5232110023498535,29833
"Sean Bouchard","COL",108,,-0.528576672077179,,-0.528576672077179,21270
"Erasmo Ramírez","TBR",,20.6666,0,-0.5322512984275818,-0.5322512984275818,10314
"Aledmys Díaz","- - -",34,,-0.5335792675614357,,-0.5335792675614357,15937
"Ryan Kreidler","DET",65,,-0.5354752540588379,,-0.5354752540588379,25867
"Chuckie Robinson","CHW",76,,-0.5430300235748291,,-0.5430300235748291,19824
"Brandon Hughes","ARI",,17.6666,0,-0.5444232225418091,-0.5444232225418091,23460
"Robbie Grossman","- - -",245,,-0.5451874881982803,,-0.5451874881982803,5254
"George Soriano","MIA",,29.3333,0,-0.5472089052200317,-0.5472089052200317,21863
"Nick Senzel","- - -",267,,-0.5475911595858634,,-0.5475911595858634,19293
"Tyler Alexander","TBR",,107.6666,0,-0.5662973523139954,-0.5662973523139954,17735
"Connor Brogdon","- - -",,3,0,-0.5684702545404434,-0.5684702545404434,21205
"Coby Mayo","BAL",46,,-0.5686243176460266,,-0.5686243176460266,28312
"Ryan Noda","OAK",111,,-0.5766063332557678,,-0.5766063332557678,23312
"Chris Taylor","LAD",246,,-0.5775244832038879,,-0.5775244832038879,13757
"Aaron Hicks","LAA",63,1,-0.512410581111908,-0.07408271729946136,-0.5864932984113693,5297
"Will Benson","CIN",388,,-0.5901060700416565,,-0.5901060700416565,21853
"Nick Allen","OAK",105,,-0.5906546711921692,,-0.5906546711921692,22277
"Bryce Jarvis","ARI",,59.3333,0,-0.5936112403869629,-0.5936112403869629,27477
"Corey Julks","CHW",189,,-0.594910204410553,,-0.594910204410553,20311
"Enmanuel Valdez","BOS",223,,-0.5986851453781128,,-0.5986851453781128,21716
"Harold Ramírez","- - -",246,,-0.6099981367588043,,-0.6099981367588043,14387
"Ty Blach","COL",,71.3333,0,-0.6142909526824951,-0.6142909526824951,14361
"Nick Madrigal","CHC",94,,-0.6251623630523682,,-0.6251623630523682,20521
"Andrew Knizner","TEX",93,3,-0.6090309023857117,-0.016644977033138275,-0.62567587941885,19514
"Zach Pop","TOR",,48.3333,0,-0.6261996626853943,-0.6261996626853943,20185
"Erik Swanson","TOR",,39.3333,0,-0.6278156042098999,-0.6278156042098999,16587
"Mike Ford","CIN",62,,-0.6287079453468323,,-0.6287079453468323,15585
"Christian Encarnacion-Strand","CIN",123,,-0.6487869620323181,,-0.6487869620323181,30011
"Jordan Walker","STL",178,,-0.6494780778884888,,-0.6494780778884888,27475
"Wilmer Flores","SFG",242,,-0.6589394807815552,,-0.6589394807815552,5827
"Scott McGough","ARI",1,32.6666,-0.000033490636269561946,-0.6598542332649231,-0.6598877239011927,12056
"Vaughn Grissom","BOS",114,,-0.6619187593460083,,-0.6619187593460083,26031
"Chris Devenski","TBR",,26.6666,0,-0.667830765247345,-0.667830765247345,12763
"Alan Trejo","COL",67,,-0.6751002669334412,,-0.6751002669334412,20056
"Ji Hwan Bae","PIT",81,,-0.6807490587234497,,-0.6807490587234497,23818
"Nick Gordon","MIA",275,,-0.6818552613258362,,-0.6818552613258362,16337
"Bobby Dalbec","BOS",93,,-0.6823793649673462,,-0.6823793649673462,19966
"Dany Jiménez","OAK",,25.6666,0,-0.6868211030960083,-0.6868211030960083,21170
"Nick Sandlin","CLE",,57.6666,0,-0.6903944611549377,-0.6903944611549377,20517
"Marco Luciano","SFG",81,,-0.6904463768005371,,-0.6904463768005371,25616
"Logan Allen","CLE",,97.3333,0,-0.7013537287712097,-0.7013537287712097,27589
"Henry Davis","PIT",122,,-0.7024375796318054,,-0.7024375796318054,29617
"Braden Shewmake","CHW",67,,-0.7104120254516602,,-0.7104120254516602,25817
"Yerry Rodríguez","- - -",,21.6666,0,-0.7111105769872665,-0.7111105769872665,21955
"Kyle Stowers","- - -",209,,-0.7257081270217896,,-0.7257081270217896,26151
"Luke Maile","CIN",154,3.6666,-0.6928831338882446,-0.035174138844013214,-0.7280572727322578,13355
"José Fermín","STL",79,,-0.7291327118873596,,-0.7291327118873596,21746
"Pablo Reyes","- - -",64,1,-0.7200817316770554,-0.01122402586042881,-0.7313057575374842,16357
"Javier Báez","DET",289,,-0.7341288924217224,,-0.7341288924217224,12979
"Michael Mercado","PHI",,13,0,-0.7465830445289612,-0.7465830445289612,23223
"Steven Wilson","CHW",,34.6666,0,-0.750003457069397,-0.750003457069397,20353
"Matt Moore","LAA",,48.3333,0,-0.7806749939918518,-0.7806749939918518,1890
"Kris Bryant","COL",155,,-0.7818963527679443,,-0.7818963527679443,15429
"Trey Lipscomb","WSN",211,,-0.7933244705200195,,-0.7933244705200195,31567
"Adbert Alzolay","CHC",,17.3333,0,-0.8035297393798828,-0.8035297393798828,17859
"Dominic Fletcher","CHW",241,,-0.8083865642547607,,-0.8083865642547607,26149
"Jake Diekman","NYM",,32,0,-0.8093146681785583,-0.8093146681785583,5003
"Justin Foscue","TEX",44,,-0.8095720410346985,,-0.8095720410346985,27501
"Niko Goodrum","- - -",33,,-0.8122399747371674,,-0.8122399747371674,12092
"Luis Matos","SFG",156,,-0.8172353506088257,,-0.8172353506088257,26467
"Justin Lawrence","COL",,59.6666,0,-0.8264216184616089,-0.8264216184616089,17639
"Gavin Sheets","CHW",501,,-0.8290586471557617,,-0.8290586471557617,19901
"Nolan Jones","COL",297,,-0.8442932367324829,,-0.8442932367324829,20529
"Ty France","- - -",535,,-0.8496870398521423,,-0.8496870398521423,17982
"Bobby Miller","LAD",,56,0,-0.8625494837760925,-0.8625494837760925,27483
"Rafael Montero","HOU",,38.3333,0,-0.8995823860168457,-0.8995823860168457,12760
"Edward Olivares","PIT",196,,-0.9178821444511414,,-0.9178821444511414,19698
"Eloy Jiménez","- - -",349,,-0.93045374751091,,-0.93045374751091,17484
"Grant Anderson","TEX",,26.6666,0,-0.9481831789016724,-0.9481831789016724,20546
"Enyel De Los Santos","- - -",,63.999900000000004,0,-0.9634183645248413,-0.9634183645248413,18403
"Triston McKenzie","CLE",,75.6666,0,-0.9699592590332031,-0.9699592590332031,18000
"Jordan Beck","COL",184,,-0.9817993640899658,,-0.9817993640899658,31431
"Joey Meneses","WSN",313,,-0.9952483773231506,,-0.9952483773231506,14366
"Christopher Morel","- - -",611,,-0.9985838830471039,,-0.9985838830471039,21897
"Miguel Vargas","- - -",237,,-0.9998243153095245,,-0.9998243153095245,20178
"Omar Narváez","NYM",69,,-1.0017192363739014,,-1.0017192363739014,13338
"Adam Duvall","ATL",330,,-1.0246326923370361,,-1.0246326923370361,10950
"Bryan De La Cruz","- - -",622,,-1.085132997483015,,-1.085132997483015,19600
"Dylan Carlson","- - -",265,,-1.095912978053093,,-1.095912978053093,20126
"Jack Suwinski","PIT",277,,-1.1327584981918335,,-1.1327584981918335,22244
"Taijuan Walker","PHI",,83.6666,0,-1.1558109521865845,-1.1558109521865845,11836
"Yan Gomes","CHC",96,,-1.197629451751709,,-1.197629451751709,9627
"Hunter Goodman","COL",224,,-1.2438315153121948,,-1.2438315153121948,29715
"Tim Anderson","MIA",241,,-1.4092761278152466,,-1.4092761278152466,15172
"Noelvi Marte","CIN",242,,-1.4401803016662598,,-1.4401803016662598,26517
"Martín Maldonado","CHW",147,,-1.5076305866241455,,-1.5076305866241455,6887
"José Abreu","HOU",120,,-1.52141535282135,,-1.52141535282135,15676
"Roddery Muñoz","MIA",,82.6666,0,-1.6305698156356812,-1.6305698156356812,25311
"Elehuris Montero","COL",247,,-1.8826746940612793,,-1.8826746940612793,20543
"Eddie Rosario","- - -",319,,-1.985241711139679,,-1.985241711139679,12155
"Brandon Drury","LAA",360,,-2.0561139583587646,,-2.0561139583587646,11615